solid OpenSCAD_Model
  facet normal 0.242536 0.970143 -0
    outer loop
      vertex 41.0151 19.9485 2.6
      vertex 40.9675 19.9604 5.6
      vertex 41.0151 19.9485 5.6
    endloop
  endfacet
  facet normal 0.242536 0.970143 0
    outer loop
      vertex 40.9675 19.9604 5.6
      vertex 41.0151 19.9485 2.6
      vertex 40.9675 19.9604 2.6
    endloop
  endfacet
  facet normal 0 -1 0
    outer loop
      vertex 2.13 1.43001 2.6
      vertex 40.87 1.43001 5.6
      vertex 2.13 1.43001 5.6
    endloop
  endfacet
  facet normal 0 -1 -0
    outer loop
      vertex 40.87 1.43001 5.6
      vertex 2.13 1.43001 2.6
      vertex 40.87 1.43001 2.6
    endloop
  endfacet
  facet normal 0.146844 0.98916 -0
    outer loop
      vertex 40.9675 19.9604 2.6
      vertex 40.919 19.9676 5.6
      vertex 40.9675 19.9604 5.6
    endloop
  endfacet
  facet normal 0.146844 0.98916 0
    outer loop
      vertex 40.919 19.9676 5.6
      vertex 40.9675 19.9604 2.6
      vertex 40.919 19.9676 2.6
    endloop
  endfacet
  facet normal 0.672673 0.73994 -0
    outer loop
      vertex 41.2235 19.8235 2.6
      vertex 41.1872 19.8565 5.6
      vertex 41.2235 19.8235 5.6
    endloop
  endfacet
  facet normal 0.672673 0.73994 0
    outer loop
      vertex 41.1872 19.8565 5.6
      vertex 41.2235 19.8235 2.6
      vertex 41.1872 19.8565 2.6
    endloop
  endfacet
  facet normal 0.515094 0.857133 -0
    outer loop
      vertex 41.1478 19.8857 2.6
      vertex 41.1057 19.911 5.6
      vertex 41.1478 19.8857 5.6
    endloop
  endfacet
  facet normal 0.515094 0.857133 0
    outer loop
      vertex 41.1057 19.911 5.6
      vertex 41.1478 19.8857 2.6
      vertex 41.1057 19.911 2.6
    endloop
  endfacet
  facet normal 0.338142 0.941095 -0
    outer loop
      vertex 41.0613 19.9319 2.6
      vertex 41.0151 19.9485 5.6
      vertex 41.0613 19.9319 5.6
    endloop
  endfacet
  facet normal 0.338142 0.941095 0
    outer loop
      vertex 41.0151 19.9485 5.6
      vertex 41.0613 19.9319 2.6
      vertex 41.0151 19.9485 2.6
    endloop
  endfacet
  facet normal -0.338078 0.941118 0
    outer loop
      vertex 1.98486 19.9485 2.6
      vertex 1.93865 19.9319 5.6
      vertex 1.98486 19.9485 5.6
    endloop
  endfacet
  facet normal -0.338078 0.941118 0
    outer loop
      vertex 1.93865 19.9319 5.6
      vertex 1.98486 19.9485 2.6
      vertex 1.93865 19.9319 2.6
    endloop
  endfacet
  facet normal 0.595423 0.803413 -0
    outer loop
      vertex 41.1872 19.8565 2.6
      vertex 41.1478 19.8857 5.6
      vertex 41.1872 19.8565 5.6
    endloop
  endfacet
  facet normal 0.595423 0.803413 0
    outer loop
      vertex 41.1478 19.8857 5.6
      vertex 41.1872 19.8565 2.6
      vertex 41.1478 19.8857 2.6
    endloop
  endfacet
  facet normal 0 1 -0
    outer loop
      vertex 40.87 19.97 2.6
      vertex 2.13 19.97 5.6
      vertex 40.87 19.97 5.6
    endloop
  endfacet
  facet normal 0 1 0
    outer loop
      vertex 2.13 19.97 5.6
      vertex 40.87 19.97 2.6
      vertex 2.13 19.97 2.6
    endloop
  endfacet
  facet normal -0.998793 0.0491243 0
    outer loop
      vertex 1.63 19.47 2.6
      vertex 1.63241 19.519 5.6
      vertex 1.63241 19.519 2.6
    endloop
  endfacet
  facet normal -0.998793 0.0491243 0
    outer loop
      vertex 1.63241 19.519 5.6
      vertex 1.63 19.47 2.6
      vertex 1.63 19.47 5.6
    endloop
  endfacet
  facet normal -0.80312 0.595817 0
    outer loop
      vertex 1.71426 19.7478 2.6
      vertex 1.74349 19.7872 5.6
      vertex 1.74349 19.7872 2.6
    endloop
  endfacet
  facet normal -0.80312 0.595817 0
    outer loop
      vertex 1.74349 19.7872 5.6
      vertex 1.71426 19.7478 2.6
      vertex 1.71426 19.7478 5.6
    endloop
  endfacet
  facet normal -0.242967 -0.970034 0
    outer loop
      vertex 1.98486 1.45154 2.6
      vertex 2.03245 1.43962 5.6
      vertex 1.98486 1.45154 5.6
    endloop
  endfacet
  facet normal -0.242967 -0.970034 -0
    outer loop
      vertex 2.03245 1.43962 5.6
      vertex 1.98486 1.45154 2.6
      vertex 2.03245 1.43962 2.6
    endloop
  endfacet
  facet normal 1 -0 0
    outer loop
      vertex 41.37 1.93001 5.6
      vertex 41.37 19.47 2.6
      vertex 41.37 19.47 5.6
    endloop
  endfacet
  facet normal 1 0 0
    outer loop
      vertex 41.37 19.47 2.6
      vertex 41.37 1.93001 5.6
      vertex 41.37 1.93001 2.6
    endloop
  endfacet
  facet normal 0.425895 0.904773 -0
    outer loop
      vertex 41.1057 19.911 2.6
      vertex 41.0613 19.9319 5.6
      vertex 41.1057 19.911 5.6
    endloop
  endfacet
  facet normal 0.425895 0.904773 0
    outer loop
      vertex 41.0613 19.9319 5.6
      vertex 41.1057 19.911 2.6
      vertex 41.0613 19.9319 2.6
    endloop
  endfacet
  facet normal 0.0489209 0.998803 -0
    outer loop
      vertex 40.919 19.9676 2.6
      vertex 40.87 19.97 5.6
      vertex 40.919 19.9676 5.6
    endloop
  endfacet
  facet normal 0.0489209 0.998803 0
    outer loop
      vertex 40.87 19.97 5.6
      vertex 40.919 19.9676 2.6
      vertex 40.87 19.97 2.6
    endloop
  endfacet
  facet normal -0.146726 0.989177 0
    outer loop
      vertex 2.08099 19.9676 2.6
      vertex 2.03245 19.9604 5.6
      vertex 2.08099 19.9676 5.6
    endloop
  endfacet
  facet normal -0.146726 0.989177 0
    outer loop
      vertex 2.03245 19.9604 5.6
      vertex 2.08099 19.9676 2.6
      vertex 2.03245 19.9604 2.6
    endloop
  endfacet
  facet normal -0.048911 0.998803 0
    outer loop
      vertex 2.13 19.97 2.6
      vertex 2.08099 19.9676 5.6
      vertex 2.13 19.97 5.6
    endloop
  endfacet
  facet normal -0.048911 0.998803 0
    outer loop
      vertex 2.08099 19.9676 5.6
      vertex 2.13 19.97 2.6
      vertex 2.08099 19.9676 2.6
    endloop
  endfacet
  facet normal -1 0 0
    outer loop
      vertex 1.63 1.93001 2.6
      vertex 1.63 19.47 5.6
      vertex 1.63 19.47 2.6
    endloop
  endfacet
  facet normal -1 -0 0
    outer loop
      vertex 1.63 19.47 5.6
      vertex 1.63 1.93001 2.6
      vertex 1.63 1.93001 5.6
    endloop
  endfacet
  facet normal -0.595325 0.803485 0
    outer loop
      vertex 1.85221 19.8857 2.6
      vertex 1.8128 19.8565 5.6
      vertex 1.85221 19.8857 5.6
    endloop
  endfacet
  facet normal -0.595325 0.803485 0
    outer loop
      vertex 1.8128 19.8565 5.6
      vertex 1.85221 19.8857 2.6
      vertex 1.8128 19.8565 2.6
    endloop
  endfacet
  facet normal -0.427622 -0.903958 0
    outer loop
      vertex 1.8943 1.48904 2.6
      vertex 1.93865 1.46806 5.6
      vertex 1.8943 1.48904 5.6
    endloop
  endfacet
  facet normal -0.427622 -0.903958 -0
    outer loop
      vertex 1.93865 1.46806 5.6
      vertex 1.8943 1.48904 2.6
      vertex 1.93865 1.46806 2.6
    endloop
  endfacet
  facet normal -0.0491143 -0.998793 0
    outer loop
      vertex 2.08099 1.43242 2.6
      vertex 2.13 1.43001 5.6
      vertex 2.08099 1.43242 5.6
    endloop
  endfacet
  facet normal -0.0491143 -0.998793 -0
    outer loop
      vertex 2.13 1.43001 5.6
      vertex 2.08099 1.43242 2.6
      vertex 2.13 1.43001 2.6
    endloop
  endfacet
  facet normal -0.336633 -0.941636 0
    outer loop
      vertex 1.93865 1.46806 2.6
      vertex 1.98486 1.45154 5.6
      vertex 1.93865 1.46806 5.6
    endloop
  endfacet
  facet normal -0.336633 -0.941636 -0
    outer loop
      vertex 1.98486 1.45154 5.6
      vertex 1.93865 1.46806 2.6
      vertex 1.98486 1.45154 2.6
    endloop
  endfacet
  facet normal -0.242584 0.970131 0
    outer loop
      vertex 2.03245 19.9604 2.6
      vertex 1.98486 19.9485 5.6
      vertex 2.03245 19.9604 5.6
    endloop
  endfacet
  facet normal -0.242584 0.970131 0
    outer loop
      vertex 1.98486 19.9485 5.6
      vertex 2.03245 19.9604 2.6
      vertex 1.98486 19.9485 2.6
    endloop
  endfacet
  facet normal -0.998793 -0.0491143 0
    outer loop
      vertex 1.63241 1.881 2.6
      vertex 1.63 1.93001 5.6
      vertex 1.63 1.93001 2.6
    endloop
  endfacet
  facet normal -0.998793 -0.0491143 0
    outer loop
      vertex 1.63 1.93001 5.6
      vertex 1.63241 1.881 2.6
      vertex 1.63241 1.881 5.6
    endloop
  endfacet
  facet normal -0.941548 0.336879 0
    outer loop
      vertex 1.65153 19.6151 2.6
      vertex 1.66806 19.6613 5.6
      vertex 1.66806 19.6613 2.6
    endloop
  endfacet
  facet normal -0.941548 0.336879 0
    outer loop
      vertex 1.66806 19.6613 5.6
      vertex 1.65153 19.6151 2.6
      vertex 1.65153 19.6151 5.6
    endloop
  endfacet
  facet normal -0.857852 0.513896 0
    outer loop
      vertex 1.68904 19.7057 2.6
      vertex 1.71426 19.7478 5.6
      vertex 1.71426 19.7478 2.6
    endloop
  endfacet
  facet normal -0.857852 0.513896 0
    outer loop
      vertex 1.71426 19.7478 5.6
      vertex 1.68904 19.7057 2.6
      vertex 1.68904 19.7057 5.6
    endloop
  endfacet
  facet normal 0 0 1
    outer loop
      vertex 40.87 19.97 5.6
      vertex 41.37 19.47 5.6
      vertex 41.3676 19.519 5.6
    endloop
  endfacet
  facet normal 0 0 1
    outer loop
      vertex 41.37 19.47 5.6
      vertex 39.97 18.27 5.6
      vertex 41.37 1.93001 5.6
    endloop
  endfacet
  facet normal 0 0 1
    outer loop
      vertex 40.87 19.97 5.6
      vertex 41.3676 19.519 5.6
      vertex 41.3604 19.5675 5.6
    endloop
  endfacet
  facet normal -0 0 1
    outer loop
      vertex 39.97 3.13 5.6
      vertex 41.37 1.93001 5.6
      vertex 39.97 18.27 5.6
    endloop
  endfacet
  facet normal 0 0 1
    outer loop
      vertex 40.87 19.97 5.6
      vertex 41.3604 19.5675 5.6
      vertex 41.3485 19.6151 5.6
    endloop
  endfacet
  facet normal -0 0 1
    outer loop
      vertex 39.9685 3.1006 5.6
      vertex 41.37 1.93001 5.6
      vertex 39.97 3.13 5.6
    endloop
  endfacet
  facet normal 0 0 1
    outer loop
      vertex 40.87 19.97 5.6
      vertex 41.3485 19.6151 5.6
      vertex 41.3319 19.6613 5.6
    endloop
  endfacet
  facet normal -0 0 1
    outer loop
      vertex 39.9642 3.07147 5.6
      vertex 41.37 1.93001 5.6
      vertex 39.9685 3.1006 5.6
    endloop
  endfacet
  facet normal 0 0 1
    outer loop
      vertex 40.87 19.97 5.6
      vertex 41.3319 19.6613 5.6
      vertex 41.311 19.7057 5.6
    endloop
  endfacet
  facet normal -0 0 1
    outer loop
      vertex 39.9571 3.04292 5.6
      vertex 41.37 1.93001 5.6
      vertex 39.9642 3.07147 5.6
    endloop
  endfacet
  facet normal 0 0 1
    outer loop
      vertex 40.87 19.97 5.6
      vertex 41.311 19.7057 5.6
      vertex 41.2857 19.7478 5.6
    endloop
  endfacet
  facet normal -0 0 1
    outer loop
      vertex 39.9472 3.01519 5.6
      vertex 41.37 1.93001 5.6
      vertex 39.9571 3.04292 5.6
    endloop
  endfacet
  facet normal 0 0 1
    outer loop
      vertex 40.87 19.97 5.6
      vertex 41.2857 19.7478 5.6
      vertex 41.2565 19.7872 5.6
    endloop
  endfacet
  facet normal -0 0 1
    outer loop
      vertex 39.9346 2.98858 5.6
      vertex 41.37 1.93001 5.6
      vertex 39.9472 3.01519 5.6
    endloop
  endfacet
  facet normal 0 0 1
    outer loop
      vertex 40.87 19.97 5.6
      vertex 41.2565 19.7872 5.6
      vertex 41.2235 19.8235 5.6
    endloop
  endfacet
  facet normal -0 0 1
    outer loop
      vertex 39.9194 2.96333 5.6
      vertex 41.37 1.93001 5.6
      vertex 39.9346 2.98858 5.6
    endloop
  endfacet
  facet normal 0 0 1
    outer loop
      vertex 40.87 19.97 5.6
      vertex 41.2235 19.8235 5.6
      vertex 41.1872 19.8565 5.6
    endloop
  endfacet
  facet normal -0 0 1
    outer loop
      vertex 39.9019 2.93968 5.6
      vertex 41.37 1.93001 5.6
      vertex 39.9194 2.96333 5.6
    endloop
  endfacet
  facet normal 0 0 1
    outer loop
      vertex 40.87 19.97 5.6
      vertex 41.1872 19.8565 5.6
      vertex 41.1478 19.8857 5.6
    endloop
  endfacet
  facet normal -0 0 1
    outer loop
      vertex 39.8821 2.91787 5.6
      vertex 41.37 1.93001 5.6
      vertex 39.9019 2.93968 5.6
    endloop
  endfacet
  facet normal 0 0 1
    outer loop
      vertex 40.87 19.97 5.6
      vertex 41.1478 19.8857 5.6
      vertex 41.1057 19.911 5.6
    endloop
  endfacet
  facet normal 0 -0 1
    outer loop
      vertex 40.87 1.43001 5.6
      vertex 41.37 1.93001 5.6
      vertex 39.8821 2.91787 5.6
    endloop
  endfacet
  facet normal 0 0 1
    outer loop
      vertex 40.87 19.97 5.6
      vertex 41.1057 19.911 5.6
      vertex 41.0613 19.9319 5.6
    endloop
  endfacet
  facet normal 0 0 1
    outer loop
      vertex 41.37 1.93001 5.6
      vertex 40.87 1.43001 5.6
      vertex 41.3676 1.881 5.6
    endloop
  endfacet
  facet normal 0 0 1
    outer loop
      vertex 40.87 19.97 5.6
      vertex 41.0613 19.9319 5.6
      vertex 41.0151 19.9485 5.6
    endloop
  endfacet
  facet normal 0 0 1
    outer loop
      vertex 41.3604 1.83246 5.6
      vertex 40.87 1.43001 5.6
      vertex 41.3485 1.78487 5.6
    endloop
  endfacet
  facet normal 0 0 1
    outer loop
      vertex 40.87 19.97 5.6
      vertex 41.0151 19.9485 5.6
      vertex 40.9675 19.9604 5.6
    endloop
  endfacet
  facet normal 0 0 1
    outer loop
      vertex 41.3485 1.78487 5.6
      vertex 40.87 1.43001 5.6
      vertex 41.3319 1.73866 5.6
    endloop
  endfacet
  facet normal 0 0 1
    outer loop
      vertex 40.87 19.97 5.6
      vertex 40.9675 19.9604 5.6
      vertex 40.919 19.9676 5.6
    endloop
  endfacet
  facet normal 0 0 1
    outer loop
      vertex 41.3319 1.73866 5.6
      vertex 40.87 1.43001 5.6
      vertex 41.311 1.6943 5.6
    endloop
  endfacet
  facet normal 0 0 1
    outer loop
      vertex 41.37 19.47 5.6
      vertex 40.87 19.97 5.6
      vertex 39.8821 18.4821 5.6
    endloop
  endfacet
  facet normal 0 0 1
    outer loop
      vertex 41.311 1.6943 5.6
      vertex 40.87 1.43001 5.6
      vertex 41.2857 1.65222 5.6
    endloop
  endfacet
  facet normal 0 0 1
    outer loop
      vertex 41.2565 1.61281 5.6
      vertex 40.87 1.43001 5.6
      vertex 41.2235 1.57646 5.6
    endloop
  endfacet
  facet normal 0 0 1
    outer loop
      vertex 41.37 19.47 5.6
      vertex 39.9685 18.2994 5.6
      vertex 39.97 18.27 5.6
    endloop
  endfacet
  facet normal 0 0 1
    outer loop
      vertex 41.37 19.47 5.6
      vertex 39.9642 18.3285 5.6
      vertex 39.9685 18.2994 5.6
    endloop
  endfacet
  facet normal 0 0 1
    outer loop
      vertex 41.37 19.47 5.6
      vertex 39.9571 18.3571 5.6
      vertex 39.9642 18.3285 5.6
    endloop
  endfacet
  facet normal 0 0 1
    outer loop
      vertex 41.37 19.47 5.6
      vertex 39.9472 18.3848 5.6
      vertex 39.9571 18.3571 5.6
    endloop
  endfacet
  facet normal 0 0 1
    outer loop
      vertex 41.37 19.47 5.6
      vertex 39.9346 18.4114 5.6
      vertex 39.9472 18.3848 5.6
    endloop
  endfacet
  facet normal 0 0 1
    outer loop
      vertex 41.37 19.47 5.6
      vertex 39.9194 18.4367 5.6
      vertex 39.9346 18.4114 5.6
    endloop
  endfacet
  facet normal 0 0 1
    outer loop
      vertex 41.37 19.47 5.6
      vertex 39.9019 18.4603 5.6
      vertex 39.9194 18.4367 5.6
    endloop
  endfacet
  facet normal 0 0 1
    outer loop
      vertex 41.37 19.47 5.6
      vertex 39.8821 18.4821 5.6
      vertex 39.9019 18.4603 5.6
    endloop
  endfacet
  facet normal 0 0 1
    outer loop
      vertex 40.87 19.97 5.6
      vertex 39.8603 18.5019 5.6
      vertex 39.8821 18.4821 5.6
    endloop
  endfacet
  facet normal 0 0 1
    outer loop
      vertex 40.87 19.97 5.6
      vertex 39.8367 18.5194 5.6
      vertex 39.8603 18.5019 5.6
    endloop
  endfacet
  facet normal 0 0 1
    outer loop
      vertex 40.87 19.97 5.6
      vertex 39.8114 18.5346 5.6
      vertex 39.8367 18.5194 5.6
    endloop
  endfacet
  facet normal 0 0 1
    outer loop
      vertex 40.87 19.97 5.6
      vertex 39.7848 18.5472 5.6
      vertex 39.8114 18.5346 5.6
    endloop
  endfacet
  facet normal 0 0 1
    outer loop
      vertex 40.87 19.97 5.6
      vertex 39.7571 18.5571 5.6
      vertex 39.7848 18.5472 5.6
    endloop
  endfacet
  facet normal 0 0 1
    outer loop
      vertex 40.87 19.97 5.6
      vertex 39.7285 18.5642 5.6
      vertex 39.7571 18.5571 5.6
    endloop
  endfacet
  facet normal 0 0 1
    outer loop
      vertex 40.87 19.97 5.6
      vertex 39.6994 18.5686 5.6
      vertex 39.7285 18.5642 5.6
    endloop
  endfacet
  facet normal 0 0 1
    outer loop
      vertex 40.87 19.97 5.6
      vertex 39.67 18.57 5.6
      vertex 39.6994 18.5686 5.6
    endloop
  endfacet
  facet normal 0 0 1
    outer loop
      vertex 40.87 19.97 5.6
      vertex 3.33 18.57 5.6
      vertex 39.67 18.57 5.6
    endloop
  endfacet
  facet normal 0 0 1
    outer loop
      vertex 3.03145 18.2994 5.6
      vertex 1.63 19.47 5.6
      vertex 3.03 18.27 5.6
    endloop
  endfacet
  facet normal 0 0 1
    outer loop
      vertex 3.03576 18.3285 5.6
      vertex 1.63 19.47 5.6
      vertex 3.03145 18.2994 5.6
    endloop
  endfacet
  facet normal 0 0 1
    outer loop
      vertex 3.04292 18.3571 5.6
      vertex 1.63 19.47 5.6
      vertex 3.03576 18.3285 5.6
    endloop
  endfacet
  facet normal 0 0 1
    outer loop
      vertex 3.05284 18.3848 5.6
      vertex 1.63 19.47 5.6
      vertex 3.04292 18.3571 5.6
    endloop
  endfacet
  facet normal 0 0 1
    outer loop
      vertex 3.06543 18.4114 5.6
      vertex 1.63 19.47 5.6
      vertex 3.05284 18.3848 5.6
    endloop
  endfacet
  facet normal 0 0 1
    outer loop
      vertex 3.08056 18.4367 5.6
      vertex 1.63 19.47 5.6
      vertex 3.06543 18.4114 5.6
    endloop
  endfacet
  facet normal 0 0 1
    outer loop
      vertex 3.0981 18.4603 5.6
      vertex 1.63 19.47 5.6
      vertex 3.08056 18.4367 5.6
    endloop
  endfacet
  facet normal 0 0 1
    outer loop
      vertex 3.11787 18.4821 5.6
      vertex 1.63 19.47 5.6
      vertex 3.0981 18.4603 5.6
    endloop
  endfacet
  facet normal -0 0 1
    outer loop
      vertex 1.63 19.47 5.6
      vertex 3.11787 18.4821 5.6
      vertex 2.13 19.97 5.6
    endloop
  endfacet
  facet normal 0 0 1
    outer loop
      vertex 3.13968 18.5019 5.6
      vertex 2.13 19.97 5.6
      vertex 3.11787 18.4821 5.6
    endloop
  endfacet
  facet normal 0 0 1
    outer loop
      vertex 3.16333 18.5194 5.6
      vertex 2.13 19.97 5.6
      vertex 3.13968 18.5019 5.6
    endloop
  endfacet
  facet normal 0 0 1
    outer loop
      vertex 3.18858 18.5346 5.6
      vertex 2.13 19.97 5.6
      vertex 3.16333 18.5194 5.6
    endloop
  endfacet
  facet normal 0 0 1
    outer loop
      vertex 3.21519 18.5472 5.6
      vertex 2.13 19.97 5.6
      vertex 3.18858 18.5346 5.6
    endloop
  endfacet
  facet normal 0 0 1
    outer loop
      vertex 3.24292 18.5571 5.6
      vertex 2.13 19.97 5.6
      vertex 3.21519 18.5472 5.6
    endloop
  endfacet
  facet normal 0 0 1
    outer loop
      vertex 3.27147 18.5642 5.6
      vertex 2.13 19.97 5.6
      vertex 3.24292 18.5571 5.6
    endloop
  endfacet
  facet normal 0 0 1
    outer loop
      vertex 3.3006 18.5686 5.6
      vertex 2.13 19.97 5.6
      vertex 3.27147 18.5642 5.6
    endloop
  endfacet
  facet normal 0 0 1
    outer loop
      vertex 3.33 18.57 5.6
      vertex 2.13 19.97 5.6
      vertex 3.3006 18.5686 5.6
    endloop
  endfacet
  facet normal -0 0 1
    outer loop
      vertex 2.13 19.97 5.6
      vertex 3.33 18.57 5.6
      vertex 40.87 19.97 5.6
    endloop
  endfacet
  facet normal 0 0 1
    outer loop
      vertex 41.2235 1.57646 5.6
      vertex 40.87 1.43001 5.6
      vertex 41.1872 1.5435 5.6
    endloop
  endfacet
  facet normal 0 0 1
    outer loop
      vertex 41.1872 1.5435 5.6
      vertex 40.87 1.43001 5.6
      vertex 41.1478 1.51427 5.6
    endloop
  endfacet
  facet normal 0 0 1
    outer loop
      vertex 41.1478 1.51427 5.6
      vertex 40.87 1.43001 5.6
      vertex 41.1057 1.48904 5.6
    endloop
  endfacet
  facet normal 0 0 1
    outer loop
      vertex 41.1057 1.48904 5.6
      vertex 40.87 1.43001 5.6
      vertex 41.0613 1.46806 5.6
    endloop
  endfacet
  facet normal 0 0 1
    outer loop
      vertex 41.0151 1.45154 5.6
      vertex 40.87 1.43001 5.6
      vertex 40.9675 1.43962 5.6
    endloop
  endfacet
  facet normal 0 0 1
    outer loop
      vertex 40.9675 1.43962 5.6
      vertex 40.87 1.43001 5.6
      vertex 40.919 1.43242 5.6
    endloop
  endfacet
  facet normal 0 0 1
    outer loop
      vertex 41.0613 1.46806 5.6
      vertex 40.87 1.43001 5.6
      vertex 41.0151 1.45154 5.6
    endloop
  endfacet
  facet normal 0 0 1
    outer loop
      vertex 41.2857 1.65222 5.6
      vertex 40.87 1.43001 5.6
      vertex 41.2565 1.61281 5.6
    endloop
  endfacet
  facet normal 0 0 1
    outer loop
      vertex 41.3676 1.881 5.6
      vertex 40.87 1.43001 5.6
      vertex 41.3604 1.83246 5.6
    endloop
  endfacet
  facet normal -0 0 1
    outer loop
      vertex 39.8603 2.8981 5.6
      vertex 40.87 1.43001 5.6
      vertex 39.8821 2.91787 5.6
    endloop
  endfacet
  facet normal -0 0 1
    outer loop
      vertex 39.8367 2.88057 5.6
      vertex 40.87 1.43001 5.6
      vertex 39.8603 2.8981 5.6
    endloop
  endfacet
  facet normal -0 0 1
    outer loop
      vertex 39.8114 2.86543 5.6
      vertex 40.87 1.43001 5.6
      vertex 39.8367 2.88057 5.6
    endloop
  endfacet
  facet normal -0 0 1
    outer loop
      vertex 39.7848 2.85284 5.6
      vertex 40.87 1.43001 5.6
      vertex 39.8114 2.86543 5.6
    endloop
  endfacet
  facet normal -0 0 1
    outer loop
      vertex 39.7571 2.84292 5.6
      vertex 40.87 1.43001 5.6
      vertex 39.7848 2.85284 5.6
    endloop
  endfacet
  facet normal -0 0 1
    outer loop
      vertex 39.7285 2.83577 5.6
      vertex 40.87 1.43001 5.6
      vertex 39.7571 2.84292 5.6
    endloop
  endfacet
  facet normal -0 0 1
    outer loop
      vertex 39.6994 2.83145 5.6
      vertex 40.87 1.43001 5.6
      vertex 39.7285 2.83577 5.6
    endloop
  endfacet
  facet normal -0 0 1
    outer loop
      vertex 39.67 2.83 5.6
      vertex 40.87 1.43001 5.6
      vertex 39.6994 2.83145 5.6
    endloop
  endfacet
  facet normal -0 0 1
    outer loop
      vertex 3.33 2.83 5.6
      vertex 40.87 1.43001 5.6
      vertex 39.67 2.83 5.6
    endloop
  endfacet
  facet normal 0 0 1
    outer loop
      vertex 3.03 18.27 5.6
      vertex 1.63 19.47 5.6
      vertex 3.03 3.13 5.6
    endloop
  endfacet
  facet normal 0 0 1
    outer loop
      vertex 3.33 2.83 5.6
      vertex 2.13 1.43001 5.6
      vertex 40.87 1.43001 5.6
    endloop
  endfacet
  facet normal 0 0 1
    outer loop
      vertex 3.3006 2.83145 5.6
      vertex 2.13 1.43001 5.6
      vertex 3.33 2.83 5.6
    endloop
  endfacet
  facet normal 0 0 1
    outer loop
      vertex 3.27147 2.83577 5.6
      vertex 2.13 1.43001 5.6
      vertex 3.3006 2.83145 5.6
    endloop
  endfacet
  facet normal 0 0 1
    outer loop
      vertex 3.24292 2.84292 5.6
      vertex 2.13 1.43001 5.6
      vertex 3.27147 2.83577 5.6
    endloop
  endfacet
  facet normal 0 0 1
    outer loop
      vertex 3.21519 2.85284 5.6
      vertex 2.13 1.43001 5.6
      vertex 3.24292 2.84292 5.6
    endloop
  endfacet
  facet normal 0 0 1
    outer loop
      vertex 3.18858 2.86543 5.6
      vertex 2.13 1.43001 5.6
      vertex 3.21519 2.85284 5.6
    endloop
  endfacet
  facet normal 0 0 1
    outer loop
      vertex 3.16333 2.88057 5.6
      vertex 2.13 1.43001 5.6
      vertex 3.18858 2.86543 5.6
    endloop
  endfacet
  facet normal 0 0 1
    outer loop
      vertex 3.13968 2.8981 5.6
      vertex 2.13 1.43001 5.6
      vertex 3.16333 2.88057 5.6
    endloop
  endfacet
  facet normal 0 0 1
    outer loop
      vertex 3.11787 2.91787 5.6
      vertex 2.13 1.43001 5.6
      vertex 3.13968 2.8981 5.6
    endloop
  endfacet
  facet normal 0 0 1
    outer loop
      vertex 1.63 1.93001 5.6
      vertex 3.11787 2.91787 5.6
      vertex 3.0981 2.93968 5.6
    endloop
  endfacet
  facet normal 0 0 1
    outer loop
      vertex 1.63 1.93001 5.6
      vertex 3.0981 2.93968 5.6
      vertex 3.08056 2.96333 5.6
    endloop
  endfacet
  facet normal 0 0 1
    outer loop
      vertex 1.63 1.93001 5.6
      vertex 3.08056 2.96333 5.6
      vertex 3.06543 2.98858 5.6
    endloop
  endfacet
  facet normal 0 0 1
    outer loop
      vertex 1.63 1.93001 5.6
      vertex 3.06543 2.98858 5.6
      vertex 3.05284 3.01519 5.6
    endloop
  endfacet
  facet normal 0 0 1
    outer loop
      vertex 1.63 1.93001 5.6
      vertex 3.05284 3.01519 5.6
      vertex 3.04292 3.04292 5.6
    endloop
  endfacet
  facet normal 0 0 1
    outer loop
      vertex 1.63 1.93001 5.6
      vertex 3.04292 3.04292 5.6
      vertex 3.03576 3.07147 5.6
    endloop
  endfacet
  facet normal 0 0 1
    outer loop
      vertex 1.63 1.93001 5.6
      vertex 3.03576 3.07147 5.6
      vertex 3.03145 3.1006 5.6
    endloop
  endfacet
  facet normal 0 0 1
    outer loop
      vertex 1.63 1.93001 5.6
      vertex 3.03 3.13 5.6
      vertex 1.63 19.47 5.6
    endloop
  endfacet
  facet normal 0 0 1
    outer loop
      vertex 1.63 19.47 5.6
      vertex 2.13 19.97 5.6
      vertex 2.08099 19.9676 5.6
    endloop
  endfacet
  facet normal 0 0 1
    outer loop
      vertex 3.03 3.13 5.6
      vertex 1.63 1.93001 5.6
      vertex 3.03145 3.1006 5.6
    endloop
  endfacet
  facet normal 0 0 1
    outer loop
      vertex 1.63 19.47 5.6
      vertex 2.08099 19.9676 5.6
      vertex 2.03245 19.9604 5.6
    endloop
  endfacet
  facet normal 0 0 1
    outer loop
      vertex 3.11787 2.91787 5.6
      vertex 1.63 1.93001 5.6
      vertex 2.13 1.43001 5.6
    endloop
  endfacet
  facet normal 0 0 1
    outer loop
      vertex 1.63 19.47 5.6
      vertex 2.03245 19.9604 5.6
      vertex 1.98486 19.9485 5.6
    endloop
  endfacet
  facet normal 0 0 1
    outer loop
      vertex 2.13 1.43001 5.6
      vertex 1.63 1.93001 5.6
      vertex 2.08099 1.43242 5.6
    endloop
  endfacet
  facet normal 0 0 1
    outer loop
      vertex 1.63 19.47 5.6
      vertex 1.98486 19.9485 5.6
      vertex 1.93865 19.9319 5.6
    endloop
  endfacet
  facet normal 0 0 1
    outer loop
      vertex 2.08099 1.43242 5.6
      vertex 1.63 1.93001 5.6
      vertex 2.03245 1.43962 5.6
    endloop
  endfacet
  facet normal 0 0 1
    outer loop
      vertex 1.63 19.47 5.6
      vertex 1.93865 19.9319 5.6
      vertex 1.8943 19.911 5.6
    endloop
  endfacet
  facet normal 0 0 1
    outer loop
      vertex 2.03245 1.43962 5.6
      vertex 1.63 1.93001 5.6
      vertex 1.98486 1.45154 5.6
    endloop
  endfacet
  facet normal 0 0 1
    outer loop
      vertex 1.63 19.47 5.6
      vertex 1.8943 19.911 5.6
      vertex 1.85221 19.8857 5.6
    endloop
  endfacet
  facet normal 0 0 1
    outer loop
      vertex 1.98486 1.45154 5.6
      vertex 1.63 1.93001 5.6
      vertex 1.93865 1.46806 5.6
    endloop
  endfacet
  facet normal 0 0 1
    outer loop
      vertex 1.63 19.47 5.6
      vertex 1.85221 19.8857 5.6
      vertex 1.8128 19.8565 5.6
    endloop
  endfacet
  facet normal 0 0 1
    outer loop
      vertex 1.93865 1.46806 5.6
      vertex 1.63 1.93001 5.6
      vertex 1.8943 1.48904 5.6
    endloop
  endfacet
  facet normal 0 0 1
    outer loop
      vertex 1.63 19.47 5.6
      vertex 1.8128 19.8565 5.6
      vertex 1.77645 19.8235 5.6
    endloop
  endfacet
  facet normal 0 0 1
    outer loop
      vertex 1.8943 1.48904 5.6
      vertex 1.63 1.93001 5.6
      vertex 1.85221 1.51427 5.6
    endloop
  endfacet
  facet normal 0 0 1
    outer loop
      vertex 1.63 19.47 5.6
      vertex 1.77645 19.8235 5.6
      vertex 1.74349 19.7872 5.6
    endloop
  endfacet
  facet normal 0 0 1
    outer loop
      vertex 1.85221 1.51427 5.6
      vertex 1.63 1.93001 5.6
      vertex 1.8128 1.5435 5.6
    endloop
  endfacet
  facet normal 0 0 1
    outer loop
      vertex 1.63 19.47 5.6
      vertex 1.74349 19.7872 5.6
      vertex 1.71426 19.7478 5.6
    endloop
  endfacet
  facet normal 0 0 1
    outer loop
      vertex 1.8128 1.5435 5.6
      vertex 1.63 1.93001 5.6
      vertex 1.77645 1.57646 5.6
    endloop
  endfacet
  facet normal 0 0 1
    outer loop
      vertex 1.63 19.47 5.6
      vertex 1.71426 19.7478 5.6
      vertex 1.68904 19.7057 5.6
    endloop
  endfacet
  facet normal 0 0 1
    outer loop
      vertex 1.77645 1.57646 5.6
      vertex 1.63 1.93001 5.6
      vertex 1.74349 1.61281 5.6
    endloop
  endfacet
  facet normal 0 0 1
    outer loop
      vertex 1.63 19.47 5.6
      vertex 1.68904 19.7057 5.6
      vertex 1.66806 19.6613 5.6
    endloop
  endfacet
  facet normal 0 0 1
    outer loop
      vertex 1.74349 1.61281 5.6
      vertex 1.63 1.93001 5.6
      vertex 1.71426 1.65222 5.6
    endloop
  endfacet
  facet normal 0 0 1
    outer loop
      vertex 1.63 19.47 5.6
      vertex 1.66806 19.6613 5.6
      vertex 1.65153 19.6151 5.6
    endloop
  endfacet
  facet normal 0 0 1
    outer loop
      vertex 1.71426 1.65222 5.6
      vertex 1.63 1.93001 5.6
      vertex 1.68904 1.6943 5.6
    endloop
  endfacet
  facet normal 0 0 1
    outer loop
      vertex 1.63 19.47 5.6
      vertex 1.65153 19.6151 5.6
      vertex 1.63961 19.5675 5.6
    endloop
  endfacet
  facet normal 0 0 1
    outer loop
      vertex 1.68904 1.6943 5.6
      vertex 1.63 1.93001 5.6
      vertex 1.66806 1.73866 5.6
    endloop
  endfacet
  facet normal 0 0 1
    outer loop
      vertex 1.63 19.47 5.6
      vertex 1.63961 19.5675 5.6
      vertex 1.63241 19.519 5.6
    endloop
  endfacet
  facet normal 0 0 1
    outer loop
      vertex 1.66806 1.73866 5.6
      vertex 1.63 1.93001 5.6
      vertex 1.65153 1.78487 5.6
    endloop
  endfacet
  facet normal 0 0 1
    outer loop
      vertex 1.65153 1.78487 5.6
      vertex 1.63 1.93001 5.6
      vertex 1.63961 1.83246 5.6
    endloop
  endfacet
  facet normal 0 0 1
    outer loop
      vertex 1.63961 1.83246 5.6
      vertex 1.63 1.93001 5.6
      vertex 1.63241 1.881 5.6
    endloop
  endfacet
  facet normal -0.515184 0.857079 0
    outer loop
      vertex 1.8943 19.911 2.6
      vertex 1.85221 19.8857 5.6
      vertex 1.8943 19.911 5.6
    endloop
  endfacet
  facet normal -0.515184 0.857079 0
    outer loop
      vertex 1.85221 19.8857 5.6
      vertex 1.8943 19.911 2.6
      vertex 1.85221 19.8857 2.6
    endloop
  endfacet
  facet normal -0.146726 -0.989177 0
    outer loop
      vertex 2.03245 1.43962 2.6
      vertex 2.08099 1.43242 5.6
      vertex 2.03245 1.43962 5.6
    endloop
  endfacet
  facet normal -0.146726 -0.989177 -0
    outer loop
      vertex 2.08099 1.43242 5.6
      vertex 2.03245 1.43962 2.6
      vertex 2.08099 1.43242 2.6
    endloop
  endfacet
  facet normal 0.672226 -0.740346 0
    outer loop
      vertex 41.1872 1.5435 2.6
      vertex 41.2235 1.57646 5.6
      vertex 41.1872 1.5435 5.6
    endloop
  endfacet
  facet normal 0.672226 -0.740346 0
    outer loop
      vertex 41.2235 1.57646 5.6
      vertex 41.1872 1.5435 2.6
      vertex 41.2235 1.57646 2.6
    endloop
  endfacet
  facet normal -0.803192 -0.59572 0
    outer loop
      vertex 1.74349 1.61281 2.6
      vertex 1.71426 1.65222 5.6
      vertex 1.71426 1.65222 2.6
    endloop
  endfacet
  facet normal -0.803192 -0.59572 0
    outer loop
      vertex 1.71426 1.65222 5.6
      vertex 1.74349 1.61281 2.6
      vertex 1.74349 1.61281 5.6
    endloop
  endfacet
  facet normal -0.904144 0.427228 0
    outer loop
      vertex 1.66806 19.6613 2.6
      vertex 1.68904 19.7057 5.6
      vertex 1.68904 19.7057 2.6
    endloop
  endfacet
  facet normal -0.904144 0.427228 0
    outer loop
      vertex 1.68904 19.7057 5.6
      vertex 1.66806 19.6613 2.6
      vertex 1.66806 19.6613 5.6
    endloop
  endfacet
  facet normal -0.970047 0.242919 0
    outer loop
      vertex 1.63961 19.5675 2.6
      vertex 1.65153 19.6151 5.6
      vertex 1.65153 19.6151 2.6
    endloop
  endfacet
  facet normal -0.970047 0.242919 0
    outer loop
      vertex 1.65153 19.6151 5.6
      vertex 1.63961 19.5675 2.6
      vertex 1.63961 19.5675 5.6
    endloop
  endfacet
  facet normal -0.98916 0.146844 0
    outer loop
      vertex 1.63241 19.519 2.6
      vertex 1.63961 19.5675 5.6
      vertex 1.63961 19.5675 2.6
    endloop
  endfacet
  facet normal -0.98916 0.146844 0
    outer loop
      vertex 1.63961 19.5675 5.6
      vertex 1.63241 19.519 2.6
      vertex 1.63241 19.519 5.6
    endloop
  endfacet
  facet normal -0.672166 0.740401 0
    outer loop
      vertex 1.8128 19.8565 2.6
      vertex 1.77645 19.8235 5.6
      vertex 1.8128 19.8565 5.6
    endloop
  endfacet
  facet normal -0.672166 0.740401 0
    outer loop
      vertex 1.77645 19.8235 5.6
      vertex 1.8128 19.8565 2.6
      vertex 1.77645 19.8235 2.6
    endloop
  endfacet
  facet normal -0.740346 0.672226 0
    outer loop
      vertex 1.74349 19.7872 2.6
      vertex 1.77645 19.8235 5.6
      vertex 1.77645 19.8235 2.6
    endloop
  endfacet
  facet normal -0.740346 0.672226 0
    outer loop
      vertex 1.77645 19.8235 5.6
      vertex 1.74349 19.7872 2.6
      vertex 1.74349 19.7872 5.6
    endloop
  endfacet
  facet normal -0.426288 0.904587 0
    outer loop
      vertex 1.93865 19.9319 2.6
      vertex 1.8943 19.911 5.6
      vertex 1.93865 19.9319 5.6
    endloop
  endfacet
  facet normal -0.426288 0.904587 0
    outer loop
      vertex 1.8943 19.911 5.6
      vertex 1.93865 19.9319 2.6
      vertex 1.8943 19.911 2.6
    endloop
  endfacet
  facet normal 0.0491243 -0.998793 0
    outer loop
      vertex 40.87 1.43001 2.6
      vertex 40.919 1.43242 5.6
      vertex 40.87 1.43001 5.6
    endloop
  endfacet
  facet normal 0.0491243 -0.998793 0
    outer loop
      vertex 40.919 1.43242 5.6
      vertex 40.87 1.43001 2.6
      vertex 40.919 1.43242 2.6
    endloop
  endfacet
  facet normal 0.803485 -0.595325 0
    outer loop
      vertex 41.2565 1.61281 5.6
      vertex 41.2857 1.65222 2.6
      vertex 41.2857 1.65222 5.6
    endloop
  endfacet
  facet normal 0.803485 -0.595325 0
    outer loop
      vertex 41.2857 1.65222 2.6
      vertex 41.2565 1.61281 5.6
      vertex 41.2565 1.61281 2.6
    endloop
  endfacet
  facet normal 0.595817 -0.80312 0
    outer loop
      vertex 41.1478 1.51427 2.6
      vertex 41.1872 1.5435 5.6
      vertex 41.1478 1.51427 5.6
    endloop
  endfacet
  facet normal 0.595817 -0.80312 0
    outer loop
      vertex 41.1872 1.5435 5.6
      vertex 41.1478 1.51427 2.6
      vertex 41.1872 1.5435 2.6
    endloop
  endfacet
  facet normal 0.857025 -0.515274 0
    outer loop
      vertex 41.2857 1.65222 5.6
      vertex 41.311 1.6943 2.6
      vertex 41.311 1.6943 5.6
    endloop
  endfacet
  facet normal 0.857025 -0.515274 0
    outer loop
      vertex 41.311 1.6943 2.6
      vertex 41.2857 1.65222 5.6
      vertex 41.2857 1.65222 2.6
    endloop
  endfacet
  facet normal 0.904773 0.425895 0
    outer loop
      vertex 41.3319 19.6613 5.6
      vertex 41.311 19.7057 2.6
      vertex 41.311 19.7057 5.6
    endloop
  endfacet
  facet normal 0.904773 0.425895 0
    outer loop
      vertex 41.311 19.7057 2.6
      vertex 41.3319 19.6613 5.6
      vertex 41.3319 19.6613 2.6
    endloop
  endfacet
  facet normal -0.941571 -0.336814 0
    outer loop
      vertex 1.66806 1.73866 2.6
      vertex 1.65153 1.78487 5.6
      vertex 1.65153 1.78487 2.6
    endloop
  endfacet
  facet normal -0.941571 -0.336814 0
    outer loop
      vertex 1.65153 1.78487 5.6
      vertex 1.66806 1.73866 2.6
      vertex 1.66806 1.73866 5.6
    endloop
  endfacet
  facet normal -0.59572 -0.803192 0
    outer loop
      vertex 1.8128 1.5435 2.6
      vertex 1.85221 1.51427 5.6
      vertex 1.8128 1.5435 5.6
    endloop
  endfacet
  facet normal -0.59572 -0.803192 -0
    outer loop
      vertex 1.85221 1.51427 5.6
      vertex 1.8128 1.5435 2.6
      vertex 1.85221 1.51427 2.6
    endloop
  endfacet
  facet normal -0.514136 -0.857709 0
    outer loop
      vertex 1.85221 1.51427 2.6
      vertex 1.8943 1.48904 5.6
      vertex 1.85221 1.51427 5.6
    endloop
  endfacet
  facet normal -0.514136 -0.857709 -0
    outer loop
      vertex 1.8943 1.48904 5.6
      vertex 1.85221 1.51427 2.6
      vertex 1.8943 1.48904 2.6
    endloop
  endfacet
  facet normal 0.146844 -0.98916 0
    outer loop
      vertex 40.919 1.43242 2.6
      vertex 40.9675 1.43962 5.6
      vertex 40.919 1.43242 5.6
    endloop
  endfacet
  facet normal 0.146844 -0.98916 0
    outer loop
      vertex 40.9675 1.43962 5.6
      vertex 40.919 1.43242 2.6
      vertex 40.9675 1.43962 2.6
    endloop
  endfacet
  facet normal 0.242919 -0.970047 0
    outer loop
      vertex 40.9675 1.43962 2.6
      vertex 41.0151 1.45154 5.6
      vertex 40.9675 1.43962 5.6
    endloop
  endfacet
  facet normal 0.242919 -0.970047 0
    outer loop
      vertex 41.0151 1.45154 5.6
      vertex 40.9675 1.43962 2.6
      vertex 41.0151 1.45154 2.6
    endloop
  endfacet
  facet normal 0.336698 -0.941613 0
    outer loop
      vertex 41.0151 1.45154 2.6
      vertex 41.0613 1.46806 5.6
      vertex 41.0151 1.45154 5.6
    endloop
  endfacet
  facet normal 0.336698 -0.941613 0
    outer loop
      vertex 41.0613 1.46806 5.6
      vertex 41.0151 1.45154 2.6
      vertex 41.0613 1.46806 2.6
    endloop
  endfacet
  facet normal 0.427228 -0.904144 0
    outer loop
      vertex 41.0613 1.46806 2.6
      vertex 41.1057 1.48904 5.6
      vertex 41.0613 1.46806 5.6
    endloop
  endfacet
  facet normal 0.427228 -0.904144 0
    outer loop
      vertex 41.1057 1.48904 5.6
      vertex 41.0613 1.46806 2.6
      vertex 41.1057 1.48904 2.6
    endloop
  endfacet
  facet normal 0.740401 -0.672166 0
    outer loop
      vertex 41.2235 1.57646 5.6
      vertex 41.2565 1.61281 2.6
      vertex 41.2565 1.61281 5.6
    endloop
  endfacet
  facet normal 0.740401 -0.672166 0
    outer loop
      vertex 41.2565 1.61281 2.6
      vertex 41.2235 1.57646 5.6
      vertex 41.2235 1.57646 2.6
    endloop
  endfacet
  facet normal 0.514046 -0.857762 0
    outer loop
      vertex 41.1057 1.48904 2.6
      vertex 41.1478 1.51427 5.6
      vertex 41.1057 1.48904 5.6
    endloop
  endfacet
  facet normal 0.514046 -0.857762 0
    outer loop
      vertex 41.1478 1.51427 5.6
      vertex 41.1057 1.48904 2.6
      vertex 41.1478 1.51427 2.6
    endloop
  endfacet
  facet normal 0.998803 0.0489209 0
    outer loop
      vertex 41.37 19.47 5.6
      vertex 41.3676 19.519 2.6
      vertex 41.3676 19.519 5.6
    endloop
  endfacet
  facet normal 0.998803 0.0489209 0
    outer loop
      vertex 41.3676 19.519 2.6
      vertex 41.37 19.47 5.6
      vertex 41.37 19.47 2.6
    endloop
  endfacet
  facet normal 0.98916 0.146844 0
    outer loop
      vertex 41.3676 19.519 5.6
      vertex 41.3604 19.5675 2.6
      vertex 41.3604 19.5675 5.6
    endloop
  endfacet
  facet normal 0.98916 0.146844 0
    outer loop
      vertex 41.3604 19.5675 2.6
      vertex 41.3676 19.519 5.6
      vertex 41.3676 19.519 2.6
    endloop
  endfacet
  facet normal 0.857133 0.515094 0
    outer loop
      vertex 41.311 19.7057 5.6
      vertex 41.2857 19.7478 2.6
      vertex 41.2857 19.7478 5.6
    endloop
  endfacet
  facet normal 0.857133 0.515094 0
    outer loop
      vertex 41.2857 19.7478 2.6
      vertex 41.311 19.7057 5.6
      vertex 41.311 19.7057 2.6
    endloop
  endfacet
  facet normal -0.989177 -0.146726 0
    outer loop
      vertex 1.63961 1.83246 2.6
      vertex 1.63241 1.881 5.6
      vertex 1.63241 1.881 2.6
    endloop
  endfacet
  facet normal -0.989177 -0.146726 0
    outer loop
      vertex 1.63241 1.881 5.6
      vertex 1.63961 1.83246 2.6
      vertex 1.63961 1.83246 5.6
    endloop
  endfacet
  facet normal -0.970034 -0.242967 0
    outer loop
      vertex 1.65153 1.78487 2.6
      vertex 1.63961 1.83246 5.6
      vertex 1.63961 1.83246 2.6
    endloop
  endfacet
  facet normal -0.970034 -0.242967 0
    outer loop
      vertex 1.63961 1.83246 5.6
      vertex 1.65153 1.78487 2.6
      vertex 1.65153 1.78487 5.6
    endloop
  endfacet
  facet normal -0.903995 -0.427543 0
    outer loop
      vertex 1.68904 1.6943 2.6
      vertex 1.66806 1.73866 5.6
      vertex 1.66806 1.73866 2.6
    endloop
  endfacet
  facet normal -0.903995 -0.427543 0
    outer loop
      vertex 1.66806 1.73866 5.6
      vertex 1.68904 1.6943 2.6
      vertex 1.68904 1.6943 5.6
    endloop
  endfacet
  facet normal -0.857745 -0.514076 0
    outer loop
      vertex 1.71426 1.65222 2.6
      vertex 1.68904 1.6943 5.6
      vertex 1.68904 1.6943 2.6
    endloop
  endfacet
  facet normal -0.857745 -0.514076 0
    outer loop
      vertex 1.68904 1.6943 5.6
      vertex 1.71426 1.65222 2.6
      vertex 1.71426 1.65222 5.6
    endloop
  endfacet
  facet normal -0.740806 -0.671719 0
    outer loop
      vertex 1.77645 1.57646 2.6
      vertex 1.74349 1.61281 5.6
      vertex 1.74349 1.61281 2.6
    endloop
  endfacet
  facet normal -0.740806 -0.671719 0
    outer loop
      vertex 1.74349 1.61281 5.6
      vertex 1.77645 1.57646 2.6
      vertex 1.77645 1.57646 5.6
    endloop
  endfacet
  facet normal -0.671719 -0.740806 0
    outer loop
      vertex 1.77645 1.57646 2.6
      vertex 1.8128 1.5435 5.6
      vertex 1.77645 1.57646 5.6
    endloop
  endfacet
  facet normal -0.671719 -0.740806 -0
    outer loop
      vertex 1.8128 1.5435 5.6
      vertex 1.77645 1.57646 2.6
      vertex 1.8128 1.5435 2.6
    endloop
  endfacet
  facet normal 0.941118 -0.338078 0
    outer loop
      vertex 41.3319 1.73866 5.6
      vertex 41.3485 1.78487 2.6
      vertex 41.3485 1.78487 5.6
    endloop
  endfacet
  facet normal 0.941118 -0.338078 0
    outer loop
      vertex 41.3485 1.78487 2.6
      vertex 41.3319 1.73866 5.6
      vertex 41.3319 1.73866 2.6
    endloop
  endfacet
  facet normal 0.998803 -0.048911 0
    outer loop
      vertex 41.3676 1.881 5.6
      vertex 41.37 1.93001 2.6
      vertex 41.37 1.93001 5.6
    endloop
  endfacet
  facet normal 0.998803 -0.048911 0
    outer loop
      vertex 41.37 1.93001 2.6
      vertex 41.3676 1.881 5.6
      vertex 41.3676 1.881 2.6
    endloop
  endfacet
  facet normal 0.970131 -0.242584 0
    outer loop
      vertex 41.3485 1.78487 5.6
      vertex 41.3604 1.83246 2.6
      vertex 41.3604 1.83246 5.6
    endloop
  endfacet
  facet normal 0.970131 -0.242584 0
    outer loop
      vertex 41.3604 1.83246 2.6
      vertex 41.3485 1.78487 5.6
      vertex 41.3485 1.78487 2.6
    endloop
  endfacet
  facet normal 0.970143 0.242536 0
    outer loop
      vertex 41.3604 19.5675 5.6
      vertex 41.3485 19.6151 2.6
      vertex 41.3485 19.6151 5.6
    endloop
  endfacet
  facet normal 0.970143 0.242536 0
    outer loop
      vertex 41.3485 19.6151 2.6
      vertex 41.3604 19.5675 5.6
      vertex 41.3604 19.5675 2.6
    endloop
  endfacet
  facet normal 0.941095 0.338142 0
    outer loop
      vertex 41.3485 19.6151 5.6
      vertex 41.3319 19.6613 2.6
      vertex 41.3319 19.6613 5.6
    endloop
  endfacet
  facet normal 0.941095 0.338142 0
    outer loop
      vertex 41.3319 19.6613 2.6
      vertex 41.3485 19.6151 5.6
      vertex 41.3485 19.6151 2.6
    endloop
  endfacet
  facet normal 0.904625 -0.426209 0
    outer loop
      vertex 41.311 1.6943 5.6
      vertex 41.3319 1.73866 2.6
      vertex 41.3319 1.73866 5.6
    endloop
  endfacet
  facet normal 0.904625 -0.426209 0
    outer loop
      vertex 41.3319 1.73866 2.6
      vertex 41.311 1.6943 5.6
      vertex 41.311 1.6943 2.6
    endloop
  endfacet
  facet normal 0.989177 -0.146726 0
    outer loop
      vertex 41.3604 1.83246 5.6
      vertex 41.3676 1.881 2.6
      vertex 41.3676 1.881 5.6
    endloop
  endfacet
  facet normal 0.989177 -0.146726 0
    outer loop
      vertex 41.3676 1.881 2.6
      vertex 41.3604 1.83246 5.6
      vertex 41.3604 1.83246 2.6
    endloop
  endfacet
  facet normal 0.803413 0.595423 0
    outer loop
      vertex 41.2857 19.7478 5.6
      vertex 41.2565 19.7872 2.6
      vertex 41.2565 19.7872 5.6
    endloop
  endfacet
  facet normal 0.803413 0.595423 0
    outer loop
      vertex 41.2565 19.7872 2.6
      vertex 41.2857 19.7478 5.6
      vertex 41.2857 19.7478 2.6
    endloop
  endfacet
  facet normal 0.73994 0.672673 0
    outer loop
      vertex 41.2565 19.7872 5.6
      vertex 41.2235 19.8235 2.6
      vertex 41.2235 19.8235 5.6
    endloop
  endfacet
  facet normal 0.73994 0.672673 0
    outer loop
      vertex 41.2235 19.8235 2.6
      vertex 41.2565 19.7872 5.6
      vertex 41.2565 19.7872 2.6
    endloop
  endfacet
  facet normal -0.240938 -0.97054 0
    outer loop
      vertex 39.7285 18.5642 2.6
      vertex 39.7571 18.5571 5.6
      vertex 39.7285 18.5642 5.6
    endloop
  endfacet
  facet normal -0.240938 -0.97054 -0
    outer loop
      vertex 39.7571 18.5571 5.6
      vertex 39.7285 18.5642 2.6
      vertex 39.7571 18.5571 2.6
    endloop
  endfacet
  facet normal 0.146696 0.989182 -0
    outer loop
      vertex 3.3006 2.83145 2.6
      vertex 3.27147 2.83577 5.6
      vertex 3.3006 2.83145 5.6
    endloop
  endfacet
  facet normal 0.146696 0.989182 0
    outer loop
      vertex 3.27147 2.83577 5.6
      vertex 3.3006 2.83145 2.6
      vertex 3.27147 2.83577 2.6
    endloop
  endfacet
  facet normal -0.149503 -0.988761 0
    outer loop
      vertex 39.6994 18.5686 2.6
      vertex 39.7285 18.5642 5.6
      vertex 39.6994 18.5686 5.6
    endloop
  endfacet
  facet normal -0.149503 -0.988761 -0
    outer loop
      vertex 39.7285 18.5642 5.6
      vertex 39.6994 18.5686 2.6
      vertex 39.7285 18.5642 2.6
    endloop
  endfacet
  facet normal -0.427809 0.903869 0
    outer loop
      vertex 39.8114 2.86543 2.6
      vertex 39.7848 2.85284 5.6
      vertex 39.8114 2.86543 5.6
    endloop
  endfacet
  facet normal -0.427809 0.903869 0
    outer loop
      vertex 39.7848 2.85284 5.6
      vertex 39.8114 2.86543 2.6
      vertex 39.7848 2.85284 2.6
    endloop
  endfacet
  facet normal 0.427955 -0.9038 0
    outer loop
      vertex 3.18858 18.5346 2.6
      vertex 3.21519 18.5472 5.6
      vertex 3.18858 18.5346 5.6
    endloop
  endfacet
  facet normal 0.427955 -0.9038 0
    outer loop
      vertex 3.21519 18.5472 5.6
      vertex 3.18858 18.5346 2.6
      vertex 3.21519 18.5472 2.6
    endloop
  endfacet
  facet normal 0.0475651 -0.998868 0
    outer loop
      vertex 3.3006 18.5686 2.6
      vertex 3.33 18.57 5.6
      vertex 3.3006 18.5686 5.6
    endloop
  endfacet
  facet normal 0.0475651 -0.998868 0
    outer loop
      vertex 3.33 18.57 5.6
      vertex 3.3006 18.5686 2.6
      vertex 3.33 18.57 2.6
    endloop
  endfacet
  facet normal 0.998786 0.0492599 0
    outer loop
      vertex 3.03145 3.1006 5.6
      vertex 3.03 3.13 2.6
      vertex 3.03 3.13 5.6
    endloop
  endfacet
  facet normal 0.998786 0.0492599 0
    outer loop
      vertex 3.03 3.13 2.6
      vertex 3.03145 3.1006 5.6
      vertex 3.03145 3.1006 2.6
    endloop
  endfacet
  facet normal 1 -0 0
    outer loop
      vertex 3.03 3.13 5.6
      vertex 3.03 18.27 2.6
      vertex 3.03 18.27 5.6
    endloop
  endfacet
  facet normal 1 0 0
    outer loop
      vertex 3.03 18.27 2.6
      vertex 3.03 3.13 5.6
      vertex 3.03 3.13 2.6
    endloop
  endfacet
  facet normal 0 -1 0
    outer loop
      vertex 3.33 18.57 2.6
      vertex 39.67 18.57 5.6
      vertex 3.33 18.57 5.6
    endloop
  endfacet
  facet normal 0 -1 -0
    outer loop
      vertex 39.67 18.57 5.6
      vertex 3.33 18.57 2.6
      vertex 39.67 18.57 2.6
    endloop
  endfacet
  facet normal -0.0492599 0.998786 0
    outer loop
      vertex 39.6994 2.83145 2.6
      vertex 39.67 2.83 5.6
      vertex 39.6994 2.83145 5.6
    endloop
  endfacet
  facet normal -0.0492599 0.998786 0
    outer loop
      vertex 39.67 2.83 5.6
      vertex 39.6994 2.83145 2.6
      vertex 39.67 2.83 2.6
    endloop
  endfacet
  facet normal 0 1 -0
    outer loop
      vertex 39.67 2.83 2.6
      vertex 3.33 2.83 5.6
      vertex 39.67 2.83 5.6
    endloop
  endfacet
  facet normal 0 1 0
    outer loop
      vertex 3.33 2.83 5.6
      vertex 39.67 2.83 2.6
      vertex 3.33 2.83 2.6
    endloop
  endfacet
  facet normal -1 0 0
    outer loop
      vertex 39.97 3.13 2.6
      vertex 39.97 18.27 5.6
      vertex 39.97 18.27 2.6
    endloop
  endfacet
  facet normal -1 -0 0
    outer loop
      vertex 39.97 18.27 5.6
      vertex 39.97 3.13 2.6
      vertex 39.97 3.13 5.6
    endloop
  endfacet
  facet normal -0.595634 -0.803256 0
    outer loop
      vertex 39.8367 18.5194 2.6
      vertex 39.8603 18.5019 5.6
      vertex 39.8367 18.5194 5.6
    endloop
  endfacet
  facet normal -0.595634 -0.803256 -0
    outer loop
      vertex 39.8603 18.5019 5.6
      vertex 39.8367 18.5194 2.6
      vertex 39.8603 18.5019 2.6
    endloop
  endfacet
  facet normal 0.514246 0.857643 -0
    outer loop
      vertex 3.18858 2.86543 2.6
      vertex 3.16333 2.88057 5.6
      vertex 3.18858 2.86543 5.6
    endloop
  endfacet
  facet normal 0.514246 0.857643 0
    outer loop
      vertex 3.16333 2.88057 5.6
      vertex 3.18858 2.86543 2.6
      vertex 3.16333 2.88057 2.6
    endloop
  endfacet
  facet normal 0.336229 -0.94178 0
    outer loop
      vertex 3.21519 18.5472 2.6
      vertex 3.24292 18.5571 5.6
      vertex 3.21519 18.5472 5.6
    endloop
  endfacet
  facet normal 0.336229 -0.94178 0
    outer loop
      vertex 3.24292 18.5571 5.6
      vertex 3.21519 18.5472 2.6
      vertex 3.24292 18.5571 2.6
    endloop
  endfacet
  facet normal 0.149353 -0.988784 0
    outer loop
      vertex 3.27147 18.5642 2.6
      vertex 3.3006 18.5686 5.6
      vertex 3.27147 18.5642 5.6
    endloop
  endfacet
  facet normal 0.149353 -0.988784 0
    outer loop
      vertex 3.3006 18.5686 5.6
      vertex 3.27147 18.5642 2.6
      vertex 3.3006 18.5686 2.6
    endloop
  endfacet
  facet normal -0.0475651 -0.998868 0
    outer loop
      vertex 39.67 18.57 2.6
      vertex 39.6994 18.5686 5.6
      vertex 39.67 18.57 5.6
    endloop
  endfacet
  facet normal -0.0475651 -0.998868 -0
    outer loop
      vertex 39.6994 18.5686 5.6
      vertex 39.67 18.57 2.6
      vertex 39.6994 18.5686 2.6
    endloop
  endfacet
  facet normal -0.242536 0.970143 0
    outer loop
      vertex 39.7571 2.84292 2.6
      vertex 39.7285 2.83577 5.6
      vertex 39.7571 2.84292 5.6
    endloop
  endfacet
  facet normal -0.242536 0.970143 0
    outer loop
      vertex 39.7285 2.83577 5.6
      vertex 39.7571 2.84292 2.6
      vertex 39.7285 2.83577 2.6
    endloop
  endfacet
  facet normal -0.337154 0.941449 0
    outer loop
      vertex 39.7848 2.85284 2.6
      vertex 39.7571 2.84292 5.6
      vertex 39.7848 2.85284 5.6
    endloop
  endfacet
  facet normal -0.337154 0.941449 0
    outer loop
      vertex 39.7571 2.84292 5.6
      vertex 39.7848 2.85284 2.6
      vertex 39.7571 2.84292 2.6
    endloop
  endfacet
  facet normal -0.146844 0.98916 0
    outer loop
      vertex 39.7285 2.83577 2.6
      vertex 39.6994 2.83145 5.6
      vertex 39.7285 2.83577 5.6
    endloop
  endfacet
  facet normal -0.146844 0.98916 0
    outer loop
      vertex 39.6994 2.83145 5.6
      vertex 39.7285 2.83577 2.6
      vertex 39.6994 2.83145 2.6
    endloop
  endfacet
  facet normal 0.0492599 0.998786 -0
    outer loop
      vertex 3.33 2.83 2.6
      vertex 3.3006 2.83145 5.6
      vertex 3.33 2.83 5.6
    endloop
  endfacet
  facet normal 0.0492599 0.998786 0
    outer loop
      vertex 3.3006 2.83145 5.6
      vertex 3.33 2.83 2.6
      vertex 3.3006 2.83145 2.6
    endloop
  endfacet
  facet normal -0.998701 -0.0509541 0
    outer loop
      vertex 39.97 18.27 2.6
      vertex 39.9685 18.2994 5.6
      vertex 39.9685 18.2994 2.6
    endloop
  endfacet
  facet normal -0.998701 -0.0509541 0
    outer loop
      vertex 39.9685 18.2994 5.6
      vertex 39.97 18.27 2.6
      vertex 39.97 18.27 5.6
    endloop
  endfacet
  facet normal 0.427677 0.903931 -0
    outer loop
      vertex 3.21519 2.85284 2.6
      vertex 3.18858 2.86543 5.6
      vertex 3.21519 2.85284 5.6
    endloop
  endfacet
  facet normal 0.427677 0.903931 0
    outer loop
      vertex 3.18858 2.86543 5.6
      vertex 3.21519 2.85284 2.6
      vertex 3.18858 2.86543 2.6
    endloop
  endfacet
  facet normal 0.857793 0.513996 0
    outer loop
      vertex 3.08056 2.96333 5.6
      vertex 3.06543 2.98858 2.6
      vertex 3.06543 2.98858 5.6
    endloop
  endfacet
  facet normal 0.857793 0.513996 0
    outer loop
      vertex 3.06543 2.98858 2.6
      vertex 3.08056 2.96333 5.6
      vertex 3.08056 2.96333 2.6
    endloop
  endfacet
  facet normal 0.969962 0.243255 0
    outer loop
      vertex 3.04292 3.04292 5.6
      vertex 3.03576 3.07147 2.6
      vertex 3.03576 3.07147 5.6
    endloop
  endfacet
  facet normal 0.969962 0.243255 0
    outer loop
      vertex 3.03576 3.07147 2.6
      vertex 3.04292 3.04292 5.6
      vertex 3.04292 3.04292 2.6
    endloop
  endfacet
  facet normal 0.903931 0.427677 0
    outer loop
      vertex 3.06543 2.98858 5.6
      vertex 3.05284 3.01519 2.6
      vertex 3.05284 3.01519 5.6
    endloop
  endfacet
  facet normal 0.903931 0.427677 0
    outer loop
      vertex 3.05284 3.01519 2.6
      vertex 3.06543 2.98858 5.6
      vertex 3.06543 2.98858 2.6
    endloop
  endfacet
  facet normal 0.241336 -0.970442 0
    outer loop
      vertex 3.24292 18.5571 2.6
      vertex 3.27147 18.5642 5.6
      vertex 3.24292 18.5571 5.6
    endloop
  endfacet
  facet normal 0.241336 -0.970442 0
    outer loop
      vertex 3.27147 18.5642 5.6
      vertex 3.24292 18.5571 2.6
      vertex 3.27147 18.5642 2.6
    endloop
  endfacet
  facet normal -0.803256 -0.595634 0
    outer loop
      vertex 39.9194 18.4367 2.6
      vertex 39.9019 18.4603 5.6
      vertex 39.9019 18.4603 2.6
    endloop
  endfacet
  facet normal -0.803256 -0.595634 0
    outer loop
      vertex 39.9019 18.4603 5.6
      vertex 39.9194 18.4367 2.6
      vertex 39.9194 18.4367 5.6
    endloop
  endfacet
  facet normal -0.740247 -0.672335 0
    outer loop
      vertex 39.9019 18.4603 2.6
      vertex 39.8821 18.4821 5.6
      vertex 39.8821 18.4821 2.6
    endloop
  endfacet
  facet normal -0.740247 -0.672335 0
    outer loop
      vertex 39.8821 18.4821 5.6
      vertex 39.9019 18.4603 2.6
      vertex 39.9019 18.4603 5.6
    endloop
  endfacet
  facet normal -0.336552 -0.941665 0
    outer loop
      vertex 39.7571 18.5571 2.6
      vertex 39.7848 18.5472 5.6
      vertex 39.7571 18.5571 5.6
    endloop
  endfacet
  facet normal -0.336552 -0.941665 -0
    outer loop
      vertex 39.7848 18.5472 5.6
      vertex 39.7571 18.5571 2.6
      vertex 39.7848 18.5472 2.6
    endloop
  endfacet
  facet normal 0.336831 0.941565 -0
    outer loop
      vertex 3.24292 2.84292 2.6
      vertex 3.21519 2.85284 5.6
      vertex 3.24292 2.84292 5.6
    endloop
  endfacet
  facet normal 0.336831 0.941565 0
    outer loop
      vertex 3.21519 2.85284 5.6
      vertex 3.24292 2.84292 2.6
      vertex 3.21519 2.85284 2.6
    endloop
  endfacet
  facet normal 0.242935 0.970042 -0
    outer loop
      vertex 3.27147 2.83577 2.6
      vertex 3.24292 2.84292 5.6
      vertex 3.27147 2.83577 5.6
    endloop
  endfacet
  facet normal 0.242935 0.970042 0
    outer loop
      vertex 3.24292 2.84292 5.6
      vertex 3.27147 2.83577 2.6
      vertex 3.24292 2.84292 2.6
    endloop
  endfacet
  facet normal 0.595479 0.803371 -0
    outer loop
      vertex 3.16333 2.88057 2.6
      vertex 3.13968 2.8981 5.6
      vertex 3.16333 2.88057 5.6
    endloop
  endfacet
  facet normal 0.595479 0.803371 0
    outer loop
      vertex 3.13968 2.8981 5.6
      vertex 3.16333 2.88057 2.6
      vertex 3.13968 2.8981 2.6
    endloop
  endfacet
  facet normal 0.740908 0.671607 0
    outer loop
      vertex 3.11787 2.91787 5.6
      vertex 3.0981 2.93968 2.6
      vertex 3.0981 2.93968 5.6
    endloop
  endfacet
  facet normal 0.740908 0.671607 0
    outer loop
      vertex 3.0981 2.93968 2.6
      vertex 3.11787 2.91787 5.6
      vertex 3.11787 2.91787 2.6
    endloop
  endfacet
  facet normal 0.941565 0.336831 0
    outer loop
      vertex 3.05284 3.01519 5.6
      vertex 3.04292 3.04292 2.6
      vertex 3.04292 3.04292 5.6
    endloop
  endfacet
  facet normal 0.941565 0.336831 0
    outer loop
      vertex 3.04292 3.04292 2.6
      vertex 3.05284 3.01519 5.6
      vertex 3.05284 3.01519 2.6
    endloop
  endfacet
  facet normal 0.803208 0.595699 0
    outer loop
      vertex 3.0981 2.93968 5.6
      vertex 3.08056 2.96333 2.6
      vertex 3.08056 2.96333 5.6
    endloop
  endfacet
  facet normal 0.803208 0.595699 0
    outer loop
      vertex 3.08056 2.96333 2.6
      vertex 3.0981 2.93968 5.6
      vertex 3.0981 2.93968 2.6
    endloop
  endfacet
  facet normal 0.740754 -0.671776 0
    outer loop
      vertex 3.0981 18.4603 5.6
      vertex 3.11787 18.4821 2.6
      vertex 3.11787 18.4821 5.6
    endloop
  endfacet
  facet normal 0.740754 -0.671776 0
    outer loop
      vertex 3.11787 18.4821 2.6
      vertex 3.0981 18.4603 5.6
      vertex 3.0981 18.4603 2.6
    endloop
  endfacet
  facet normal 0.970063 -0.242855 0
    outer loop
      vertex 3.03576 18.3285 5.6
      vertex 3.04292 18.3571 2.6
      vertex 3.04292 18.3571 5.6
    endloop
  endfacet
  facet normal 0.970063 -0.242855 0
    outer loop
      vertex 3.04292 18.3571 2.6
      vertex 3.03576 18.3285 5.6
      vertex 3.03576 18.3285 2.6
    endloop
  endfacet
  facet normal 0.85824 -0.513248 0
    outer loop
      vertex 3.06543 18.4114 5.6
      vertex 3.08056 18.4367 2.6
      vertex 3.08056 18.4367 5.6
    endloop
  endfacet
  facet normal 0.85824 -0.513248 0
    outer loop
      vertex 3.08056 18.4367 2.6
      vertex 3.06543 18.4114 5.6
      vertex 3.06543 18.4114 2.6
    endloop
  endfacet
  facet normal 0.941449 -0.337154 0
    outer loop
      vertex 3.04292 18.3571 5.6
      vertex 3.05284 18.3848 2.6
      vertex 3.05284 18.3848 5.6
    endloop
  endfacet
  facet normal 0.941449 -0.337154 0
    outer loop
      vertex 3.05284 18.3848 2.6
      vertex 3.04292 18.3571 5.6
      vertex 3.04292 18.3571 2.6
    endloop
  endfacet
  facet normal 0.802604 -0.596512 0
    outer loop
      vertex 3.08056 18.4367 5.6
      vertex 3.0981 18.4603 2.6
      vertex 3.0981 18.4603 5.6
    endloop
  endfacet
  facet normal 0.802604 -0.596512 0
    outer loop
      vertex 3.0981 18.4603 2.6
      vertex 3.08056 18.4367 5.6
      vertex 3.08056 18.4367 2.6
    endloop
  endfacet
  facet normal -0.513498 0.858091 0
    outer loop
      vertex 39.8367 2.88057 2.6
      vertex 39.8114 2.86543 5.6
      vertex 39.8367 2.88057 5.6
    endloop
  endfacet
  facet normal -0.513498 0.858091 0
    outer loop
      vertex 39.8114 2.86543 5.6
      vertex 39.8367 2.88057 2.6
      vertex 39.8114 2.86543 2.6
    endloop
  endfacet
  facet normal -0.740401 0.672166 0
    outer loop
      vertex 39.8821 2.91787 2.6
      vertex 39.9019 2.93968 5.6
      vertex 39.9019 2.93968 2.6
    endloop
  endfacet
  facet normal -0.740401 0.672166 0
    outer loop
      vertex 39.9019 2.93968 5.6
      vertex 39.8821 2.91787 2.6
      vertex 39.8821 2.91787 5.6
    endloop
  endfacet
  facet normal -0.98928 0.146032 0
    outer loop
      vertex 39.9642 3.07147 2.6
      vertex 39.9685 3.1006 5.6
      vertex 39.9685 3.1006 2.6
    endloop
  endfacet
  facet normal -0.98928 0.146032 0
    outer loop
      vertex 39.9685 3.1006 5.6
      vertex 39.9642 3.07147 2.6
      vertex 39.9642 3.07147 5.6
    endloop
  endfacet
  facet normal -0.970442 0.241336 0
    outer loop
      vertex 39.9571 3.04292 2.6
      vertex 39.9642 3.07147 5.6
      vertex 39.9642 3.07147 2.6
    endloop
  endfacet
  facet normal -0.970442 0.241336 0
    outer loop
      vertex 39.9642 3.07147 5.6
      vertex 39.9571 3.04292 2.6
      vertex 39.9571 3.04292 5.6
    endloop
  endfacet
  facet normal -0.9038 0.427955 0
    outer loop
      vertex 39.9346 2.98858 2.6
      vertex 39.9472 3.01519 5.6
      vertex 39.9472 3.01519 2.6
    endloop
  endfacet
  facet normal -0.9038 0.427955 0
    outer loop
      vertex 39.9472 3.01519 5.6
      vertex 39.9346 2.98858 2.6
      vertex 39.9346 2.98858 5.6
    endloop
  endfacet
  facet normal -0.97054 -0.240938 0
    outer loop
      vertex 39.9642 18.3285 2.6
      vertex 39.9571 18.3571 5.6
      vertex 39.9571 18.3571 2.6
    endloop
  endfacet
  facet normal -0.97054 -0.240938 0
    outer loop
      vertex 39.9571 18.3571 5.6
      vertex 39.9642 18.3285 2.6
      vertex 39.9642 18.3285 5.6
    endloop
  endfacet
  facet normal -0.903738 -0.428086 0
    outer loop
      vertex 39.9472 18.3848 2.6
      vertex 39.9346 18.4114 5.6
      vertex 39.9346 18.4114 2.6
    endloop
  endfacet
  facet normal -0.903738 -0.428086 0
    outer loop
      vertex 39.9346 18.4114 5.6
      vertex 39.9472 18.3848 2.6
      vertex 39.9472 18.3848 5.6
    endloop
  endfacet
  facet normal -0.941665 -0.336552 0
    outer loop
      vertex 39.9571 18.3571 2.6
      vertex 39.9472 18.3848 5.6
      vertex 39.9472 18.3848 2.6
    endloop
  endfacet
  facet normal -0.941665 -0.336552 0
    outer loop
      vertex 39.9472 18.3848 5.6
      vertex 39.9571 18.3571 2.6
      vertex 39.9571 18.3571 5.6
    endloop
  endfacet
  facet normal -0.989258 -0.146179 0
    outer loop
      vertex 39.9685 18.2994 2.6
      vertex 39.9642 18.3285 5.6
      vertex 39.9642 18.3285 2.6
    endloop
  endfacet
  facet normal -0.989258 -0.146179 0
    outer loop
      vertex 39.9642 18.3285 5.6
      vertex 39.9685 18.2994 2.6
      vertex 39.9685 18.2994 5.6
    endloop
  endfacet
  facet normal -0.857194 -0.514994 0
    outer loop
      vertex 39.9346 18.4114 2.6
      vertex 39.9194 18.4367 5.6
      vertex 39.9194 18.4367 2.6
    endloop
  endfacet
  facet normal -0.857194 -0.514994 0
    outer loop
      vertex 39.9194 18.4367 5.6
      vertex 39.9346 18.4114 2.6
      vertex 39.9346 18.4114 5.6
    endloop
  endfacet
  facet normal -0.672335 -0.740247 0
    outer loop
      vertex 39.8603 18.5019 2.6
      vertex 39.8821 18.4821 5.6
      vertex 39.8603 18.5019 5.6
    endloop
  endfacet
  facet normal -0.672335 -0.740247 -0
    outer loop
      vertex 39.8821 18.4821 5.6
      vertex 39.8603 18.5019 2.6
      vertex 39.8821 18.4821 2.6
    endloop
  endfacet
  facet normal -0.428086 -0.903738 0
    outer loop
      vertex 39.7848 18.5472 2.6
      vertex 39.8114 18.5346 5.6
      vertex 39.7848 18.5472 5.6
    endloop
  endfacet
  facet normal -0.428086 -0.903738 -0
    outer loop
      vertex 39.8114 18.5346 5.6
      vertex 39.7848 18.5472 2.6
      vertex 39.8114 18.5346 2.6
    endloop
  endfacet
  facet normal -0.514994 -0.857194 0
    outer loop
      vertex 39.8114 18.5346 2.6
      vertex 39.8367 18.5194 5.6
      vertex 39.8114 18.5346 5.6
    endloop
  endfacet
  facet normal -0.514994 -0.857194 -0
    outer loop
      vertex 39.8367 18.5194 5.6
      vertex 39.8114 18.5346 2.6
      vertex 39.8367 18.5194 2.6
    endloop
  endfacet
  facet normal 0.671607 0.740908 -0
    outer loop
      vertex 3.13968 2.8981 2.6
      vertex 3.11787 2.91787 5.6
      vertex 3.13968 2.8981 5.6
    endloop
  endfacet
  facet normal 0.671607 0.740908 0
    outer loop
      vertex 3.11787 2.91787 5.6
      vertex 3.13968 2.8981 2.6
      vertex 3.11787 2.91787 2.6
    endloop
  endfacet
  facet normal 0.989231 0.146364 0
    outer loop
      vertex 3.03576 3.07147 5.6
      vertex 3.03145 3.1006 2.6
      vertex 3.03145 3.1006 5.6
    endloop
  endfacet
  facet normal 0.989231 0.146364 0
    outer loop
      vertex 3.03145 3.1006 2.6
      vertex 3.03576 3.07147 5.6
      vertex 3.03576 3.07147 2.6
    endloop
  endfacet
  facet normal 0.998786 -0.0492599 0
    outer loop
      vertex 3.03 18.27 5.6
      vertex 3.03145 18.2994 2.6
      vertex 3.03145 18.2994 5.6
    endloop
  endfacet
  facet normal 0.998786 -0.0492599 0
    outer loop
      vertex 3.03145 18.2994 2.6
      vertex 3.03 18.27 5.6
      vertex 3.03 18.27 2.6
    endloop
  endfacet
  facet normal 0.989209 -0.146512 0
    outer loop
      vertex 3.03145 18.2994 5.6
      vertex 3.03576 18.3285 2.6
      vertex 3.03576 18.3285 5.6
    endloop
  endfacet
  facet normal 0.989209 -0.146512 0
    outer loop
      vertex 3.03576 18.3285 2.6
      vertex 3.03145 18.2994 5.6
      vertex 3.03145 18.2994 2.6
    endloop
  endfacet
  facet normal 0.903869 -0.427809 0
    outer loop
      vertex 3.05284 18.3848 5.6
      vertex 3.06543 18.4114 2.6
      vertex 3.06543 18.4114 5.6
    endloop
  endfacet
  facet normal 0.903869 -0.427809 0
    outer loop
      vertex 3.06543 18.4114 2.6
      vertex 3.05284 18.3848 5.6
      vertex 3.05284 18.3848 2.6
    endloop
  endfacet
  facet normal 0.515743 -0.856744 0
    outer loop
      vertex 3.16333 18.5194 2.6
      vertex 3.18858 18.5346 5.6
      vertex 3.16333 18.5194 5.6
    endloop
  endfacet
  facet normal 0.515743 -0.856744 0
    outer loop
      vertex 3.18858 18.5346 5.6
      vertex 3.16333 18.5194 2.6
      vertex 3.18858 18.5346 2.6
    endloop
  endfacet
  facet normal 0.594821 -0.803858 0
    outer loop
      vertex 3.13968 18.5019 2.6
      vertex 3.16333 18.5194 5.6
      vertex 3.13968 18.5019 5.6
    endloop
  endfacet
  facet normal 0.594821 -0.803858 0
    outer loop
      vertex 3.16333 18.5194 5.6
      vertex 3.13968 18.5019 2.6
      vertex 3.16333 18.5194 2.6
    endloop
  endfacet
  facet normal -0.998701 0.0509541 0
    outer loop
      vertex 39.9685 3.1006 2.6
      vertex 39.97 3.13 5.6
      vertex 39.97 3.13 2.6
    endloop
  endfacet
  facet normal -0.998701 0.0509541 0
    outer loop
      vertex 39.97 3.13 5.6
      vertex 39.9685 3.1006 2.6
      vertex 39.9685 3.1006 5.6
    endloop
  endfacet
  facet normal -0.596293 0.802767 0
    outer loop
      vertex 39.8603 2.8981 2.6
      vertex 39.8367 2.88057 5.6
      vertex 39.8603 2.8981 5.6
    endloop
  endfacet
  facet normal -0.596293 0.802767 0
    outer loop
      vertex 39.8367 2.88057 5.6
      vertex 39.8603 2.8981 2.6
      vertex 39.8367 2.88057 2.6
    endloop
  endfacet
  facet normal -0.856744 0.515743 0
    outer loop
      vertex 39.9194 2.96333 2.6
      vertex 39.9346 2.98858 5.6
      vertex 39.9346 2.98858 2.6
    endloop
  endfacet
  facet normal -0.856744 0.515743 0
    outer loop
      vertex 39.9346 2.98858 5.6
      vertex 39.9194 2.96333 2.6
      vertex 39.9194 2.96333 5.6
    endloop
  endfacet
  facet normal -0.94178 0.336229 0
    outer loop
      vertex 39.9472 3.01519 2.6
      vertex 39.9571 3.04292 5.6
      vertex 39.9571 3.04292 2.6
    endloop
  endfacet
  facet normal -0.94178 0.336229 0
    outer loop
      vertex 39.9571 3.04292 5.6
      vertex 39.9472 3.01519 2.6
      vertex 39.9472 3.01519 5.6
    endloop
  endfacet
  facet normal -0.671776 0.740754 0
    outer loop
      vertex 39.8821 2.91787 2.6
      vertex 39.8603 2.8981 5.6
      vertex 39.8821 2.91787 5.6
    endloop
  endfacet
  facet normal -0.671776 0.740754 0
    outer loop
      vertex 39.8603 2.8981 5.6
      vertex 39.8821 2.91787 2.6
      vertex 39.8603 2.8981 2.6
    endloop
  endfacet
  facet normal -0.803858 0.594821 0
    outer loop
      vertex 39.9019 2.93968 2.6
      vertex 39.9194 2.96333 5.6
      vertex 39.9194 2.96333 2.6
    endloop
  endfacet
  facet normal -0.803858 0.594821 0
    outer loop
      vertex 39.9194 2.96333 5.6
      vertex 39.9019 2.93968 2.6
      vertex 39.9019 2.93968 5.6
    endloop
  endfacet
  facet normal 0.672166 -0.740401 0
    outer loop
      vertex 3.11787 18.4821 2.6
      vertex 3.13968 18.5019 5.6
      vertex 3.11787 18.4821 5.6
    endloop
  endfacet
  facet normal 0.672166 -0.740401 0
    outer loop
      vertex 3.13968 18.5019 5.6
      vertex 3.11787 18.4821 2.6
      vertex 3.13968 18.5019 2.6
    endloop
  endfacet
  facet normal 0.0489209 0.998803 -0
    outer loop
      vertex 40.996 21.5904 5.72205e-07
      vertex 40.8 21.6 2.6
      vertex 40.996 21.5904 2.6
    endloop
  endfacet
  facet normal 0.0489209 0.998803 0
    outer loop
      vertex 40.8 21.6 2.6
      vertex 40.996 21.5904 5.72205e-07
      vertex 40.8 21.6 5.72205e-07
    endloop
  endfacet
  facet normal 0.146696 0.989182 -0
    outer loop
      vertex 41.1902 21.5616 5.72205e-07
      vertex 40.996 21.5904 2.6
      vertex 41.1902 21.5616 2.6
    endloop
  endfacet
  facet normal 0.146696 0.989182 0
    outer loop
      vertex 40.996 21.5904 2.6
      vertex 41.1902 21.5616 5.72205e-07
      vertex 40.996 21.5904 5.72205e-07
    endloop
  endfacet
  facet normal -0.0490573 -0.998796 0
    outer loop
      vertex 1.80397 0.00963745 5.72205e-07
      vertex 2 9.15527e-06 2.6
      vertex 1.80397 0.00963745 2.6
    endloop
  endfacet
  facet normal -0.0490573 -0.998796 -0
    outer loop
      vertex 2 9.15527e-06 2.6
      vertex 1.80397 0.00963745 5.72205e-07
      vertex 2 9.15527e-06 5.72205e-07
    endloop
  endfacet
  facet normal 0.0490648 -0.998796 0
    outer loop
      vertex 40.8 9.15527e-06 5.72205e-07
      vertex 40.996 0.00963745 2.6
      vertex 40.8 9.15527e-06 2.6
    endloop
  endfacet
  facet normal 0.0490648 -0.998796 0
    outer loop
      vertex 40.996 0.00963745 2.6
      vertex 40.8 9.15527e-06 5.72205e-07
      vertex 40.996 0.00963745 5.72205e-07
    endloop
  endfacet
  facet normal -0.803208 -0.595698 0
    outer loop
      vertex 0.453979 0.731226 5.72205e-07
      vertex 0.337067 0.888864 2.6
      vertex 0.337067 0.888864 5.72205e-07
    endloop
  endfacet
  facet normal -0.803208 -0.595698 0
    outer loop
      vertex 0.337067 0.888864 2.6
      vertex 0.453979 0.731226 5.72205e-07
      vertex 0.453979 0.731226 2.6
    endloop
  endfacet
  facet normal -0.514072 0.857747 0
    outer loop
      vertex 1.05721 21.3638 5.72205e-07
      vertex 0.888855 21.2629 2.6
      vertex 1.05721 21.3638 2.6
    endloop
  endfacet
  facet normal -0.514072 0.857747 0
    outer loop
      vertex 0.888855 21.2629 2.6
      vertex 1.05721 21.3638 5.72205e-07
      vertex 0.888855 21.2629 5.72205e-07
    endloop
  endfacet
  facet normal 0 1 -0
    outer loop
      vertex 40.8 21.6 5.72205e-07
      vertex 2 21.6 2.6
      vertex 40.8 21.6 2.6
    endloop
  endfacet
  facet normal 0 1 0
    outer loop
      vertex 2 21.6 2.6
      vertex 40.8 21.6 5.72205e-07
      vertex 2 21.6 5.72205e-07
    endloop
  endfacet
  facet normal 0 -1 0
    outer loop
      vertex 2 9.15527e-06 2.6
      vertex 16.4 9.15527e-06 1.182
      vertex 40.8 9.15527e-06 2.6
    endloop
  endfacet
  facet normal 0 -1 0
    outer loop
      vertex 2 9.15527e-06 5.72205e-07
      vertex 16.4 9.15527e-06 1.182
      vertex 2 9.15527e-06 2.6
    endloop
  endfacet
  facet normal 0 -1 -0
    outer loop
      vertex 16.4 9.15527e-06 1.182
      vertex 2 9.15527e-06 5.72205e-07
      vertex 16.4 9.15527e-06 5.72205e-07
    endloop
  endfacet
  facet normal 0 -1 0
    outer loop
      vertex 26.4 9.15527e-06 1.182
      vertex 40.8 9.15527e-06 2.6
      vertex 16.4 9.15527e-06 1.182
    endloop
  endfacet
  facet normal 0 -1 0
    outer loop
      vertex 40.8 9.15527e-06 5.72205e-07
      vertex 26.4 9.15527e-06 1.182
      vertex 26.4 9.15527e-06 5.72205e-07
    endloop
  endfacet
  facet normal 0 -1 0
    outer loop
      vertex 26.4 9.15527e-06 1.182
      vertex 40.8 9.15527e-06 5.72205e-07
      vertex 40.8 9.15527e-06 2.6
    endloop
  endfacet
  facet normal 0 0 -1
    outer loop
      vertex 16.4 9.15527e-06 5.72205e-07
      vertex 2 9.15527e-06 5.72205e-07
      vertex 16.4 1 5.72205e-07
    endloop
  endfacet
  facet normal 0 0 -1
    outer loop
      vertex 40.8 9.15527e-06 5.72205e-07
      vertex 42.8 2.00001 5.72205e-07
      vertex 42.7904 1.80398 5.72205e-07
    endloop
  endfacet
  facet normal -0 0 -1
    outer loop
      vertex 42.8 2.00001 5.72205e-07
      vertex 26.4 1 5.72205e-07
      vertex 42.8 19.6 5.72205e-07
    endloop
  endfacet
  facet normal 0 0 -1
    outer loop
      vertex 40.8 9.15527e-06 5.72205e-07
      vertex 42.7904 1.80398 5.72205e-07
      vertex 42.7616 1.60983 5.72205e-07
    endloop
  endfacet
  facet normal 0 -0 -1
    outer loop
      vertex 40.8 21.6 5.72205e-07
      vertex 42.8 19.6 5.72205e-07
      vertex 26.4 1 5.72205e-07
    endloop
  endfacet
  facet normal 0 0 -1
    outer loop
      vertex 40.8 9.15527e-06 5.72205e-07
      vertex 42.7616 1.60983 5.72205e-07
      vertex 42.7139 1.41944 5.72205e-07
    endloop
  endfacet
  facet normal 0 0 -1
    outer loop
      vertex 42.8 2.00001 5.72205e-07
      vertex 40.8 9.15527e-06 5.72205e-07
      vertex 26.4 1 5.72205e-07
    endloop
  endfacet
  facet normal 0 0 -1
    outer loop
      vertex 40.8 9.15527e-06 5.72205e-07
      vertex 42.7139 1.41944 5.72205e-07
      vertex 42.6478 1.23464 5.72205e-07
    endloop
  endfacet
  facet normal 0 0 -1
    outer loop
      vertex 42.8 19.6 5.72205e-07
      vertex 40.8 21.6 5.72205e-07
      vertex 42.7904 19.796 5.72205e-07
    endloop
  endfacet
  facet normal 0 0 -1
    outer loop
      vertex 40.8 9.15527e-06 5.72205e-07
      vertex 42.6478 1.23464 5.72205e-07
      vertex 42.5638 1.05721 5.72205e-07
    endloop
  endfacet
  facet normal 0 0 -1
    outer loop
      vertex 42.7616 19.9902 5.72205e-07
      vertex 40.8 21.6 5.72205e-07
      vertex 42.7139 20.1806 5.72205e-07
    endloop
  endfacet
  facet normal 0 0 -1
    outer loop
      vertex 40.8 9.15527e-06 5.72205e-07
      vertex 42.5638 1.05721 5.72205e-07
      vertex 42.4629 0.888864 5.72205e-07
    endloop
  endfacet
  facet normal 0 0 -1
    outer loop
      vertex 42.7139 20.1806 5.72205e-07
      vertex 40.8 21.6 5.72205e-07
      vertex 42.6478 20.3654 5.72205e-07
    endloop
  endfacet
  facet normal 0 0 -1
    outer loop
      vertex 40.8 9.15527e-06 5.72205e-07
      vertex 42.4629 0.888864 5.72205e-07
      vertex 42.346 0.731226 5.72205e-07
    endloop
  endfacet
  facet normal 0 0 -1
    outer loop
      vertex 42.6478 20.3654 5.72205e-07
      vertex 40.8 21.6 5.72205e-07
      vertex 42.5638 20.5428 5.72205e-07
    endloop
  endfacet
  facet normal 0 0 -1
    outer loop
      vertex 40.8 9.15527e-06 5.72205e-07
      vertex 42.346 0.731226 5.72205e-07
      vertex 42.2142 0.585794 5.72205e-07
    endloop
  endfacet
  facet normal 0 0 -1
    outer loop
      vertex 42.5638 20.5428 5.72205e-07
      vertex 40.8 21.6 5.72205e-07
      vertex 42.4629 20.7111 5.72205e-07
    endloop
  endfacet
  facet normal 0 0 -1
    outer loop
      vertex 40.8 9.15527e-06 5.72205e-07
      vertex 42.2142 0.585794 5.72205e-07
      vertex 42.0688 0.453989 5.72205e-07
    endloop
  endfacet
  facet normal 0 0 -1
    outer loop
      vertex 42.4629 20.7111 5.72205e-07
      vertex 40.8 21.6 5.72205e-07
      vertex 42.346 20.8688 5.72205e-07
    endloop
  endfacet
  facet normal 0 0 -1
    outer loop
      vertex 40.8 9.15527e-06 5.72205e-07
      vertex 42.0688 0.453989 5.72205e-07
      vertex 41.9111 0.337076 5.72205e-07
    endloop
  endfacet
  facet normal 0 0 -1
    outer loop
      vertex 42.346 20.8688 5.72205e-07
      vertex 40.8 21.6 5.72205e-07
      vertex 42.2142 21.0142 5.72205e-07
    endloop
  endfacet
  facet normal 0 0 -1
    outer loop
      vertex 40.8 9.15527e-06 5.72205e-07
      vertex 41.9111 0.337076 5.72205e-07
      vertex 41.7428 0.236169 5.72205e-07
    endloop
  endfacet
  facet normal 0 0 -1
    outer loop
      vertex 42.2142 21.0142 5.72205e-07
      vertex 40.8 21.6 5.72205e-07
      vertex 42.0688 21.146 5.72205e-07
    endloop
  endfacet
  facet normal 0 0 -1
    outer loop
      vertex 40.8 9.15527e-06 5.72205e-07
      vertex 41.7428 0.236169 5.72205e-07
      vertex 41.5654 0.152246 5.72205e-07
    endloop
  endfacet
  facet normal 0 0 -1
    outer loop
      vertex 42.0688 21.146 5.72205e-07
      vertex 40.8 21.6 5.72205e-07
      vertex 41.9111 21.2629 5.72205e-07
    endloop
  endfacet
  facet normal 0 0 -1
    outer loop
      vertex 40.8 9.15527e-06 5.72205e-07
      vertex 41.5654 0.152246 5.72205e-07
      vertex 41.3806 0.0861298 5.72205e-07
    endloop
  endfacet
  facet normal 0 0 -1
    outer loop
      vertex 41.9111 21.2629 5.72205e-07
      vertex 40.8 21.6 5.72205e-07
      vertex 41.7428 21.3638 5.72205e-07
    endloop
  endfacet
  facet normal 0 0 -1
    outer loop
      vertex 40.8 9.15527e-06 5.72205e-07
      vertex 41.3806 0.0861298 5.72205e-07
      vertex 41.1902 0.038446 5.72205e-07
    endloop
  endfacet
  facet normal 0 0 -1
    outer loop
      vertex 41.7428 21.3638 5.72205e-07
      vertex 40.8 21.6 5.72205e-07
      vertex 41.5654 21.4478 5.72205e-07
    endloop
  endfacet
  facet normal 0 0 -1
    outer loop
      vertex 40.8 9.15527e-06 5.72205e-07
      vertex 41.1902 0.038446 5.72205e-07
      vertex 40.996 0.00963745 5.72205e-07
    endloop
  endfacet
  facet normal 0 0 -1
    outer loop
      vertex 41.5654 21.4478 5.72205e-07
      vertex 40.8 21.6 5.72205e-07
      vertex 41.3806 21.5139 5.72205e-07
    endloop
  endfacet
  facet normal 0 0 -1
    outer loop
      vertex 41.3806 21.5139 5.72205e-07
      vertex 40.8 21.6 5.72205e-07
      vertex 41.1902 21.5616 5.72205e-07
    endloop
  endfacet
  facet normal 0 0 -1
    outer loop
      vertex 41.1902 21.5616 5.72205e-07
      vertex 40.8 21.6 5.72205e-07
      vertex 40.996 21.5904 5.72205e-07
    endloop
  endfacet
  facet normal 0 0 -1
    outer loop
      vertex 26.4 1 5.72205e-07
      vertex 40.8 9.15527e-06 5.72205e-07
      vertex 26.4 9.15527e-06 5.72205e-07
    endloop
  endfacet
  facet normal 0 0 -1
    outer loop
      vertex 42.7904 19.796 5.72205e-07
      vertex 40.8 21.6 5.72205e-07
      vertex 42.7616 19.9902 5.72205e-07
    endloop
  endfacet
  facet normal 0 0 -1
    outer loop
      vertex 16.4 1 5.72205e-07
      vertex 40.8 21.6 5.72205e-07
      vertex 26.4 1 5.72205e-07
    endloop
  endfacet
  facet normal 0 0 -1
    outer loop
      vertex 0 2.00001 5.72205e-07
      vertex 16.4 1 5.72205e-07
      vertex 2 9.15527e-06 5.72205e-07
    endloop
  endfacet
  facet normal 0 0 -1
    outer loop
      vertex 16.4 1 5.72205e-07
      vertex 2 21.6 5.72205e-07
      vertex 40.8 21.6 5.72205e-07
    endloop
  endfacet
  facet normal 0 0 -1
    outer loop
      vertex 0 2.00001 5.72205e-07
      vertex 2 9.15527e-06 5.72205e-07
      vertex 1.80397 0.00963745 5.72205e-07
    endloop
  endfacet
  facet normal 0 0 -1
    outer loop
      vertex 0 19.6 5.72205e-07
      vertex 16.4 1 5.72205e-07
      vertex 0 2.00001 5.72205e-07
    endloop
  endfacet
  facet normal 0 0 -1
    outer loop
      vertex 0 2.00001 5.72205e-07
      vertex 1.80397 0.00963745 5.72205e-07
      vertex 1.60982 0.038446 5.72205e-07
    endloop
  endfacet
  facet normal 0 0 -1
    outer loop
      vertex 16.4 1 5.72205e-07
      vertex 0 19.6 5.72205e-07
      vertex 2 21.6 5.72205e-07
    endloop
  endfacet
  facet normal 0 0 -1
    outer loop
      vertex 0 2.00001 5.72205e-07
      vertex 1.60982 0.038446 5.72205e-07
      vertex 1.41943 0.0861298 5.72205e-07
    endloop
  endfacet
  facet normal 0 0 -1
    outer loop
      vertex 2 21.6 5.72205e-07
      vertex 0 19.6 5.72205e-07
      vertex 1.80397 21.5904 5.72205e-07
    endloop
  endfacet
  facet normal 0 0 -1
    outer loop
      vertex 0 2.00001 5.72205e-07
      vertex 1.41943 0.0861298 5.72205e-07
      vertex 1.23463 0.152246 5.72205e-07
    endloop
  endfacet
  facet normal 0 0 -1
    outer loop
      vertex 1.80397 21.5904 5.72205e-07
      vertex 0 19.6 5.72205e-07
      vertex 1.60982 21.5616 5.72205e-07
    endloop
  endfacet
  facet normal 0 0 -1
    outer loop
      vertex 0 2.00001 5.72205e-07
      vertex 1.23463 0.152246 5.72205e-07
      vertex 1.05721 0.236169 5.72205e-07
    endloop
  endfacet
  facet normal 0 0 -1
    outer loop
      vertex 1.60982 21.5616 5.72205e-07
      vertex 0 19.6 5.72205e-07
      vertex 1.41943 21.5139 5.72205e-07
    endloop
  endfacet
  facet normal 0 0 -1
    outer loop
      vertex 0 2.00001 5.72205e-07
      vertex 1.05721 0.236169 5.72205e-07
      vertex 0.888855 0.337076 5.72205e-07
    endloop
  endfacet
  facet normal 0 0 -1
    outer loop
      vertex 1.41943 21.5139 5.72205e-07
      vertex 0 19.6 5.72205e-07
      vertex 1.23463 21.4478 5.72205e-07
    endloop
  endfacet
  facet normal 0 0 -1
    outer loop
      vertex 0 2.00001 5.72205e-07
      vertex 0.888855 0.337076 5.72205e-07
      vertex 0.731216 0.453989 5.72205e-07
    endloop
  endfacet
  facet normal 0 0 -1
    outer loop
      vertex 1.23463 21.4478 5.72205e-07
      vertex 0 19.6 5.72205e-07
      vertex 1.05721 21.3638 5.72205e-07
    endloop
  endfacet
  facet normal 0 0 -1
    outer loop
      vertex 0 2.00001 5.72205e-07
      vertex 0.731216 0.453989 5.72205e-07
      vertex 0.585785 0.585794 5.72205e-07
    endloop
  endfacet
  facet normal 0 0 -1
    outer loop
      vertex 1.05721 21.3638 5.72205e-07
      vertex 0 19.6 5.72205e-07
      vertex 0.888855 21.2629 5.72205e-07
    endloop
  endfacet
  facet normal 0 0 -1
    outer loop
      vertex 0 2.00001 5.72205e-07
      vertex 0.585785 0.585794 5.72205e-07
      vertex 0.453979 0.731226 5.72205e-07
    endloop
  endfacet
  facet normal 0 0 -1
    outer loop
      vertex 0.888855 21.2629 5.72205e-07
      vertex 0 19.6 5.72205e-07
      vertex 0.731216 21.146 5.72205e-07
    endloop
  endfacet
  facet normal 0 0 -1
    outer loop
      vertex 0 2.00001 5.72205e-07
      vertex 0.453979 0.731226 5.72205e-07
      vertex 0.337067 0.888864 5.72205e-07
    endloop
  endfacet
  facet normal 0 0 -1
    outer loop
      vertex 0.731216 21.146 5.72205e-07
      vertex 0 19.6 5.72205e-07
      vertex 0.585785 21.0142 5.72205e-07
    endloop
  endfacet
  facet normal 0 0 -1
    outer loop
      vertex 0 2.00001 5.72205e-07
      vertex 0.337067 0.888864 5.72205e-07
      vertex 0.23616 1.05721 5.72205e-07
    endloop
  endfacet
  facet normal 0 0 -1
    outer loop
      vertex 0.585785 21.0142 5.72205e-07
      vertex 0 19.6 5.72205e-07
      vertex 0.453979 20.8688 5.72205e-07
    endloop
  endfacet
  facet normal 0 0 -1
    outer loop
      vertex 0 2.00001 5.72205e-07
      vertex 0.23616 1.05721 5.72205e-07
      vertex 0.152237 1.23464 5.72205e-07
    endloop
  endfacet
  facet normal 0 0 -1
    outer loop
      vertex 0.453979 20.8688 5.72205e-07
      vertex 0 19.6 5.72205e-07
      vertex 0.337067 20.7111 5.72205e-07
    endloop
  endfacet
  facet normal 0 0 -1
    outer loop
      vertex 0 2.00001 5.72205e-07
      vertex 0.152237 1.23464 5.72205e-07
      vertex 0.0861206 1.41944 5.72205e-07
    endloop
  endfacet
  facet normal 0 0 -1
    outer loop
      vertex 0.337067 20.7111 5.72205e-07
      vertex 0 19.6 5.72205e-07
      vertex 0.23616 20.5428 5.72205e-07
    endloop
  endfacet
  facet normal 0 0 -1
    outer loop
      vertex 0 2.00001 5.72205e-07
      vertex 0.0861206 1.41944 5.72205e-07
      vertex 0.0384369 1.60983 5.72205e-07
    endloop
  endfacet
  facet normal 0 0 -1
    outer loop
      vertex 0.23616 20.5428 5.72205e-07
      vertex 0 19.6 5.72205e-07
      vertex 0.152237 20.3654 5.72205e-07
    endloop
  endfacet
  facet normal 0 0 -1
    outer loop
      vertex 0 2.00001 5.72205e-07
      vertex 0.0384369 1.60983 5.72205e-07
      vertex 0.0096283 1.80398 5.72205e-07
    endloop
  endfacet
  facet normal 0 0 -1
    outer loop
      vertex 0.152237 20.3654 5.72205e-07
      vertex 0 19.6 5.72205e-07
      vertex 0.0861206 20.1806 5.72205e-07
    endloop
  endfacet
  facet normal 0 0 -1
    outer loop
      vertex 0.0861206 20.1806 5.72205e-07
      vertex 0 19.6 5.72205e-07
      vertex 0.0384369 19.9902 5.72205e-07
    endloop
  endfacet
  facet normal 0 0 -1
    outer loop
      vertex 0.0384369 19.9902 5.72205e-07
      vertex 0 19.6 5.72205e-07
      vertex 0.0096283 19.796 5.72205e-07
    endloop
  endfacet
  facet normal 0 0 1
    outer loop
      vertex 41.3604 19.5675 2.6
      vertex 42.8 19.6 2.6
      vertex 42.7904 19.796 2.6
    endloop
  endfacet
  facet normal 0 0 1
    outer loop
      vertex 42.8 19.6 2.6
      vertex 41.37 19.47 2.6
      vertex 42.8 2.00001 2.6
    endloop
  endfacet
  facet normal 0 0 1
    outer loop
      vertex 41.3485 19.6151 2.6
      vertex 42.7904 19.796 2.6
      vertex 42.7616 19.9902 2.6
    endloop
  endfacet
  facet normal 0 0 1
    outer loop
      vertex 41.37 1.93001 2.6
      vertex 42.8 2.00001 2.6
      vertex 41.37 19.47 2.6
    endloop
  endfacet
  facet normal 0 0 1
    outer loop
      vertex 41.3319 19.6613 2.6
      vertex 42.7616 19.9902 2.6
      vertex 42.7139 20.1806 2.6
    endloop
  endfacet
  facet normal 0 0 1
    outer loop
      vertex 42.8 2.00001 2.6
      vertex 41.37 1.93001 2.6
      vertex 42.7904 1.80398 2.6
    endloop
  endfacet
  facet normal 0 0 1
    outer loop
      vertex 41.311 19.7057 2.6
      vertex 42.7139 20.1806 2.6
      vertex 42.6478 20.3654 2.6
    endloop
  endfacet
  facet normal -0 0 1
    outer loop
      vertex 41.3676 1.881 2.6
      vertex 42.7904 1.80398 2.6
      vertex 41.37 1.93001 2.6
    endloop
  endfacet
  facet normal 0 0 1
    outer loop
      vertex 41.2857 19.7478 2.6
      vertex 42.6478 20.3654 2.6
      vertex 42.5638 20.5428 2.6
    endloop
  endfacet
  facet normal 0 0 1
    outer loop
      vertex 42.7904 1.80398 2.6
      vertex 41.3676 1.881 2.6
      vertex 42.7616 1.60983 2.6
    endloop
  endfacet
  facet normal 0 0 1
    outer loop
      vertex 41.2565 19.7872 2.6
      vertex 42.5638 20.5428 2.6
      vertex 42.4629 20.7111 2.6
    endloop
  endfacet
  facet normal -0 0 1
    outer loop
      vertex 41.3604 1.83246 2.6
      vertex 42.7616 1.60983 2.6
      vertex 41.3676 1.881 2.6
    endloop
  endfacet
  facet normal 0 0 1
    outer loop
      vertex 41.2235 19.8235 2.6
      vertex 42.4629 20.7111 2.6
      vertex 42.346 20.8688 2.6
    endloop
  endfacet
  facet normal 0 0 1
    outer loop
      vertex 42.7616 1.60983 2.6
      vertex 41.3604 1.83246 2.6
      vertex 42.7139 1.41944 2.6
    endloop
  endfacet
  facet normal 0 0 1
    outer loop
      vertex 41.1872 19.8565 2.6
      vertex 42.346 20.8688 2.6
      vertex 42.2142 21.0142 2.6
    endloop
  endfacet
  facet normal -0 0 1
    outer loop
      vertex 41.3485 1.78487 2.6
      vertex 42.7139 1.41944 2.6
      vertex 41.3604 1.83246 2.6
    endloop
  endfacet
  facet normal 0 0 1
    outer loop
      vertex 41.1478 19.8857 2.6
      vertex 42.2142 21.0142 2.6
      vertex 42.0688 21.146 2.6
    endloop
  endfacet
  facet normal 0 0 1
    outer loop
      vertex 42.7139 1.41944 2.6
      vertex 41.3485 1.78487 2.6
      vertex 42.6478 1.23464 2.6
    endloop
  endfacet
  facet normal 0 0 1
    outer loop
      vertex 41.1478 19.8857 2.6
      vertex 42.0688 21.146 2.6
      vertex 41.9111 21.2629 2.6
    endloop
  endfacet
  facet normal -0 0 1
    outer loop
      vertex 41.3319 1.73866 2.6
      vertex 42.6478 1.23464 2.6
      vertex 41.3485 1.78487 2.6
    endloop
  endfacet
  facet normal 0 0 1
    outer loop
      vertex 41.1057 19.911 2.6
      vertex 41.9111 21.2629 2.6
      vertex 41.7428 21.3638 2.6
    endloop
  endfacet
  facet normal 0 0 1
    outer loop
      vertex 42.6478 1.23464 2.6
      vertex 41.3319 1.73866 2.6
      vertex 42.5638 1.05721 2.6
    endloop
  endfacet
  facet normal 0 0 1
    outer loop
      vertex 41.0613 19.9319 2.6
      vertex 41.7428 21.3638 2.6
      vertex 41.5654 21.4478 2.6
    endloop
  endfacet
  facet normal -0 0 1
    outer loop
      vertex 41.311 1.6943 2.6
      vertex 42.5638 1.05721 2.6
      vertex 41.3319 1.73866 2.6
    endloop
  endfacet
  facet normal 0 0 1
    outer loop
      vertex 41.0151 19.9485 2.6
      vertex 41.5654 21.4478 2.6
      vertex 41.3806 21.5139 2.6
    endloop
  endfacet
  facet normal 0 0 1
    outer loop
      vertex 42.5638 1.05721 2.6
      vertex 41.311 1.6943 2.6
      vertex 42.4629 0.888864 2.6
    endloop
  endfacet
  facet normal -0 0 1
    outer loop
      vertex 41.2857 1.65222 2.6
      vertex 42.4629 0.888864 2.6
      vertex 41.311 1.6943 2.6
    endloop
  endfacet
  facet normal 0 0 1
    outer loop
      vertex 42.8 19.6 2.6
      vertex 41.3676 19.519 2.6
      vertex 41.37 19.47 2.6
    endloop
  endfacet
  facet normal 0 0 1
    outer loop
      vertex 42.8 19.6 2.6
      vertex 41.3604 19.5675 2.6
      vertex 41.3676 19.519 2.6
    endloop
  endfacet
  facet normal 0 0 1
    outer loop
      vertex 42.7904 19.796 2.6
      vertex 41.3485 19.6151 2.6
      vertex 41.3604 19.5675 2.6
    endloop
  endfacet
  facet normal 0 0 1
    outer loop
      vertex 42.7616 19.9902 2.6
      vertex 41.3319 19.6613 2.6
      vertex 41.3485 19.6151 2.6
    endloop
  endfacet
  facet normal 0 0 1
    outer loop
      vertex 42.7139 20.1806 2.6
      vertex 41.311 19.7057 2.6
      vertex 41.3319 19.6613 2.6
    endloop
  endfacet
  facet normal 0 0 1
    outer loop
      vertex 42.6478 20.3654 2.6
      vertex 41.2857 19.7478 2.6
      vertex 41.311 19.7057 2.6
    endloop
  endfacet
  facet normal 0 0 1
    outer loop
      vertex 42.5638 20.5428 2.6
      vertex 41.2565 19.7872 2.6
      vertex 41.2857 19.7478 2.6
    endloop
  endfacet
  facet normal 0 0 1
    outer loop
      vertex 42.4629 20.7111 2.6
      vertex 41.2235 19.8235 2.6
      vertex 41.2565 19.7872 2.6
    endloop
  endfacet
  facet normal 0 0 1
    outer loop
      vertex 40.9675 19.9604 2.6
      vertex 41.3806 21.5139 2.6
      vertex 41.1902 21.5616 2.6
    endloop
  endfacet
  facet normal 0 0 1
    outer loop
      vertex 42.346 20.8688 2.6
      vertex 41.1872 19.8565 2.6
      vertex 41.2235 19.8235 2.6
    endloop
  endfacet
  facet normal 0 0 1
    outer loop
      vertex 42.2142 21.0142 2.6
      vertex 41.1478 19.8857 2.6
      vertex 41.1872 19.8565 2.6
    endloop
  endfacet
  facet normal 0 0 1
    outer loop
      vertex 41.9111 21.2629 2.6
      vertex 41.1057 19.911 2.6
      vertex 41.1478 19.8857 2.6
    endloop
  endfacet
  facet normal 0 0 1
    outer loop
      vertex 41.7428 21.3638 2.6
      vertex 41.0613 19.9319 2.6
      vertex 41.1057 19.911 2.6
    endloop
  endfacet
  facet normal 0 0 1
    outer loop
      vertex 41.5654 21.4478 2.6
      vertex 41.0151 19.9485 2.6
      vertex 41.0613 19.9319 2.6
    endloop
  endfacet
  facet normal 0 0 1
    outer loop
      vertex 40.919 19.9676 2.6
      vertex 41.1902 21.5616 2.6
      vertex 40.996 21.5904 2.6
    endloop
  endfacet
  facet normal 0 0 1
    outer loop
      vertex 41.3806 21.5139 2.6
      vertex 40.9675 19.9604 2.6
      vertex 41.0151 19.9485 2.6
    endloop
  endfacet
  facet normal 0 0 1
    outer loop
      vertex 41.1902 21.5616 2.6
      vertex 40.919 19.9676 2.6
      vertex 40.9675 19.9604 2.6
    endloop
  endfacet
  facet normal 0 0 1
    outer loop
      vertex 40.996 21.5904 2.6
      vertex 40.87 19.97 2.6
      vertex 40.919 19.9676 2.6
    endloop
  endfacet
  facet normal 0 0 1
    outer loop
      vertex 40.8 21.6 2.6
      vertex 40.87 19.97 2.6
      vertex 40.996 21.5904 2.6
    endloop
  endfacet
  facet normal 0 0 1
    outer loop
      vertex 40.8 21.6 2.6
      vertex 2.13 19.97 2.6
      vertex 40.87 19.97 2.6
    endloop
  endfacet
  facet normal -0 0 1
    outer loop
      vertex 2 21.6 2.6
      vertex 2.13 19.97 2.6
      vertex 40.8 21.6 2.6
    endloop
  endfacet
  facet normal 0 0 1
    outer loop
      vertex 2 21.6 2.6
      vertex 2.08099 19.9676 2.6
      vertex 2.13 19.97 2.6
    endloop
  endfacet
  facet normal 0 0 1
    outer loop
      vertex 2 21.6 2.6
      vertex 2.03245 19.9604 2.6
      vertex 2.08099 19.9676 2.6
    endloop
  endfacet
  facet normal -0 0 1
    outer loop
      vertex 1.80397 21.5904 2.6
      vertex 2.03245 19.9604 2.6
      vertex 2 21.6 2.6
    endloop
  endfacet
  facet normal -0 0 1
    outer loop
      vertex 1.60982 21.5616 2.6
      vertex 2.03245 19.9604 2.6
      vertex 1.80397 21.5904 2.6
    endloop
  endfacet
  facet normal 0 0 1
    outer loop
      vertex 2.03245 19.9604 2.6
      vertex 1.60982 21.5616 2.6
      vertex 1.98486 19.9485 2.6
    endloop
  endfacet
  facet normal -0 0 1
    outer loop
      vertex 1.41943 21.5139 2.6
      vertex 1.98486 19.9485 2.6
      vertex 1.60982 21.5616 2.6
    endloop
  endfacet
  facet normal 0 0 1
    outer loop
      vertex 1.98486 19.9485 2.6
      vertex 1.41943 21.5139 2.6
      vertex 1.93865 19.9319 2.6
    endloop
  endfacet
  facet normal -0 0 1
    outer loop
      vertex 1.23463 21.4478 2.6
      vertex 1.93865 19.9319 2.6
      vertex 1.41943 21.5139 2.6
    endloop
  endfacet
  facet normal 0 0 1
    outer loop
      vertex 1.93865 19.9319 2.6
      vertex 1.23463 21.4478 2.6
      vertex 1.8943 19.911 2.6
    endloop
  endfacet
  facet normal -0 0 1
    outer loop
      vertex 1.05721 21.3638 2.6
      vertex 1.8943 19.911 2.6
      vertex 1.23463 21.4478 2.6
    endloop
  endfacet
  facet normal 0 0 1
    outer loop
      vertex 1.8943 19.911 2.6
      vertex 1.05721 21.3638 2.6
      vertex 1.85221 19.8857 2.6
    endloop
  endfacet
  facet normal -0 0 1
    outer loop
      vertex 0.888855 21.2629 2.6
      vertex 1.85221 19.8857 2.6
      vertex 1.05721 21.3638 2.6
    endloop
  endfacet
  facet normal 0 0 1
    outer loop
      vertex 1.85221 19.8857 2.6
      vertex 0.888855 21.2629 2.6
      vertex 1.8128 19.8565 2.6
    endloop
  endfacet
  facet normal -0 0 1
    outer loop
      vertex 0.731216 21.146 2.6
      vertex 1.8128 19.8565 2.6
      vertex 0.888855 21.2629 2.6
    endloop
  endfacet
  facet normal 0 0 1
    outer loop
      vertex 1.8128 19.8565 2.6
      vertex 0.731216 21.146 2.6
      vertex 1.77645 19.8235 2.6
    endloop
  endfacet
  facet normal -0 0 1
    outer loop
      vertex 0.585785 21.0142 2.6
      vertex 1.77645 19.8235 2.6
      vertex 0.731216 21.146 2.6
    endloop
  endfacet
  facet normal -0 0 1
    outer loop
      vertex 0.337067 20.7111 2.6
      vertex 1.74349 19.7872 2.6
      vertex 0.453979 20.8688 2.6
    endloop
  endfacet
  facet normal 0 0 1
    outer loop
      vertex 1.77645 19.8235 2.6
      vertex 0.453979 20.8688 2.6
      vertex 1.74349 19.7872 2.6
    endloop
  endfacet
  facet normal -0 0 1
    outer loop
      vertex 0.453979 20.8688 2.6
      vertex 1.77645 19.8235 2.6
      vertex 0.585785 21.0142 2.6
    endloop
  endfacet
  facet normal 0 0 1
    outer loop
      vertex 42.4629 0.888864 2.6
      vertex 41.2857 1.65222 2.6
      vertex 42.346 0.731226 2.6
    endloop
  endfacet
  facet normal -0 0 1
    outer loop
      vertex 41.2565 1.61281 2.6
      vertex 42.346 0.731226 2.6
      vertex 41.2857 1.65222 2.6
    endloop
  endfacet
  facet normal 0 0 1
    outer loop
      vertex 42.346 0.731226 2.6
      vertex 41.2565 1.61281 2.6
      vertex 42.2142 0.585794 2.6
    endloop
  endfacet
  facet normal -0 0 1
    outer loop
      vertex 41.2235 1.57646 2.6
      vertex 42.2142 0.585794 2.6
      vertex 41.2565 1.61281 2.6
    endloop
  endfacet
  facet normal 0 0 1
    outer loop
      vertex 42.2142 0.585794 2.6
      vertex 41.2235 1.57646 2.6
      vertex 42.0688 0.453989 2.6
    endloop
  endfacet
  facet normal -0 0 1
    outer loop
      vertex 41.1872 1.5435 2.6
      vertex 42.0688 0.453989 2.6
      vertex 41.2235 1.57646 2.6
    endloop
  endfacet
  facet normal -0 0 1
    outer loop
      vertex 41.1478 1.51427 2.6
      vertex 42.0688 0.453989 2.6
      vertex 41.1872 1.5435 2.6
    endloop
  endfacet
  facet normal 0 0 1
    outer loop
      vertex 42.0688 0.453989 2.6
      vertex 41.1478 1.51427 2.6
      vertex 41.9111 0.337076 2.6
    endloop
  endfacet
  facet normal -0 0 1
    outer loop
      vertex 41.1057 1.48904 2.6
      vertex 41.9111 0.337076 2.6
      vertex 41.1478 1.51427 2.6
    endloop
  endfacet
  facet normal 0 0 1
    outer loop
      vertex 41.9111 0.337076 2.6
      vertex 41.1057 1.48904 2.6
      vertex 41.7428 0.236169 2.6
    endloop
  endfacet
  facet normal -0 0 1
    outer loop
      vertex 41.0613 1.46806 2.6
      vertex 41.7428 0.236169 2.6
      vertex 41.1057 1.48904 2.6
    endloop
  endfacet
  facet normal 0 0 1
    outer loop
      vertex 41.7428 0.236169 2.6
      vertex 41.0613 1.46806 2.6
      vertex 41.5654 0.152246 2.6
    endloop
  endfacet
  facet normal -0 0 1
    outer loop
      vertex 41.0151 1.45154 2.6
      vertex 41.5654 0.152246 2.6
      vertex 41.0613 1.46806 2.6
    endloop
  endfacet
  facet normal 0 0 1
    outer loop
      vertex 41.5654 0.152246 2.6
      vertex 41.0151 1.45154 2.6
      vertex 41.3806 0.0861298 2.6
    endloop
  endfacet
  facet normal -0 0 1
    outer loop
      vertex 40.9675 1.43962 2.6
      vertex 41.3806 0.0861298 2.6
      vertex 41.0151 1.45154 2.6
    endloop
  endfacet
  facet normal 0 0 1
    outer loop
      vertex 41.3806 0.0861298 2.6
      vertex 40.9675 1.43962 2.6
      vertex 41.1902 0.038446 2.6
    endloop
  endfacet
  facet normal -0 0 1
    outer loop
      vertex 40.919 1.43242 2.6
      vertex 41.1902 0.038446 2.6
      vertex 40.9675 1.43962 2.6
    endloop
  endfacet
  facet normal 0 0 1
    outer loop
      vertex 41.1902 0.038446 2.6
      vertex 40.919 1.43242 2.6
      vertex 40.996 0.00963745 2.6
    endloop
  endfacet
  facet normal -0 0 1
    outer loop
      vertex 40.87 1.43001 2.6
      vertex 40.996 0.00963745 2.6
      vertex 40.919 1.43242 2.6
    endloop
  endfacet
  facet normal 0 0 1
    outer loop
      vertex 40.87 1.43001 2.6
      vertex 40.8 9.15527e-06 2.6
      vertex 40.996 0.00963745 2.6
    endloop
  endfacet
  facet normal -0 0 1
    outer loop
      vertex 2.13 1.43001 2.6
      vertex 40.8 9.15527e-06 2.6
      vertex 40.87 1.43001 2.6
    endloop
  endfacet
  facet normal 0 0 1
    outer loop
      vertex 2.13 1.43001 2.6
      vertex 2 9.15527e-06 2.6
      vertex 40.8 9.15527e-06 2.6
    endloop
  endfacet
  facet normal 0 0 1
    outer loop
      vertex 2.08099 1.43242 2.6
      vertex 2 9.15527e-06 2.6
      vertex 2.13 1.43001 2.6
    endloop
  endfacet
  facet normal 0 0 1
    outer loop
      vertex 2.03245 1.43962 2.6
      vertex 2 9.15527e-06 2.6
      vertex 2.08099 1.43242 2.6
    endloop
  endfacet
  facet normal 0 0 1
    outer loop
      vertex 1.80397 0.00963745 2.6
      vertex 2.03245 1.43962 2.6
      vertex 1.98486 1.45154 2.6
    endloop
  endfacet
  facet normal 0 0 1
    outer loop
      vertex 1.60982 0.038446 2.6
      vertex 1.98486 1.45154 2.6
      vertex 1.93865 1.46806 2.6
    endloop
  endfacet
  facet normal 0 0 1
    outer loop
      vertex 1.41943 0.0861298 2.6
      vertex 1.93865 1.46806 2.6
      vertex 1.8943 1.48904 2.6
    endloop
  endfacet
  facet normal 0 0 1
    outer loop
      vertex 1.23463 0.152246 2.6
      vertex 1.8943 1.48904 2.6
      vertex 1.85221 1.51427 2.6
    endloop
  endfacet
  facet normal 0 0 1
    outer loop
      vertex 1.05721 0.236169 2.6
      vertex 1.85221 1.51427 2.6
      vertex 1.8128 1.5435 2.6
    endloop
  endfacet
  facet normal 0 0 1
    outer loop
      vertex 2.03245 1.43962 2.6
      vertex 1.80397 0.00963745 2.6
      vertex 2 9.15527e-06 2.6
    endloop
  endfacet
  facet normal 0 0 1
    outer loop
      vertex 0.888855 0.337076 2.6
      vertex 1.8128 1.5435 2.6
      vertex 1.77645 1.57646 2.6
    endloop
  endfacet
  facet normal 0 0 1
    outer loop
      vertex 0.731216 0.453989 2.6
      vertex 1.77645 1.57646 2.6
      vertex 1.74349 1.61281 2.6
    endloop
  endfacet
  facet normal 0 0 1
    outer loop
      vertex 0.585785 0.585794 2.6
      vertex 1.74349 1.61281 2.6
      vertex 1.71426 1.65222 2.6
    endloop
  endfacet
  facet normal 0 0 1
    outer loop
      vertex 0.453979 0.731226 2.6
      vertex 1.71426 1.65222 2.6
      vertex 1.68904 1.6943 2.6
    endloop
  endfacet
  facet normal 0 0 1
    outer loop
      vertex 0.337067 0.888864 2.6
      vertex 1.68904 1.6943 2.6
      vertex 1.66806 1.73866 2.6
    endloop
  endfacet
  facet normal 0 0 1
    outer loop
      vertex 0.152237 1.23464 2.6
      vertex 1.66806 1.73866 2.6
      vertex 1.65153 1.78487 2.6
    endloop
  endfacet
  facet normal 0 0 1
    outer loop
      vertex 0.0861206 1.41944 2.6
      vertex 1.65153 1.78487 2.6
      vertex 1.63961 1.83246 2.6
    endloop
  endfacet
  facet normal 0 0 1
    outer loop
      vertex 0.0384369 1.60983 2.6
      vertex 1.63961 1.83246 2.6
      vertex 1.63241 1.881 2.6
    endloop
  endfacet
  facet normal 0 0 1
    outer loop
      vertex 1.98486 1.45154 2.6
      vertex 1.60982 0.038446 2.6
      vertex 1.80397 0.00963745 2.6
    endloop
  endfacet
  facet normal 0 0 1
    outer loop
      vertex 0.0096283 1.80398 2.6
      vertex 1.63241 1.881 2.6
      vertex 1.63 1.93001 2.6
    endloop
  endfacet
  facet normal 0 0 1
    outer loop
      vertex 0 2.00001 2.6
      vertex 1.63 19.47 2.6
      vertex 0 19.6 2.6
    endloop
  endfacet
  facet normal 0 0 1
    outer loop
      vertex 1.74349 19.7872 2.6
      vertex 0.337067 20.7111 2.6
      vertex 1.71426 19.7478 2.6
    endloop
  endfacet
  facet normal 0 0 1
    outer loop
      vertex 1.63 19.47 2.6
      vertex 0 2.00001 2.6
      vertex 1.63 1.93001 2.6
    endloop
  endfacet
  facet normal -0 0 1
    outer loop
      vertex 0.23616 20.5428 2.6
      vertex 1.71426 19.7478 2.6
      vertex 0.337067 20.7111 2.6
    endloop
  endfacet
  facet normal 0 -0 1
    outer loop
      vertex 0.0096283 1.80398 2.6
      vertex 1.63 1.93001 2.6
      vertex 0 2.00001 2.6
    endloop
  endfacet
  facet normal 0 0 1
    outer loop
      vertex 1.71426 19.7478 2.6
      vertex 0.23616 20.5428 2.6
      vertex 1.68904 19.7057 2.6
    endloop
  endfacet
  facet normal 0 0 1
    outer loop
      vertex 1.93865 1.46806 2.6
      vertex 1.41943 0.0861298 2.6
      vertex 1.60982 0.038446 2.6
    endloop
  endfacet
  facet normal -0 0 1
    outer loop
      vertex 0.152237 20.3654 2.6
      vertex 1.68904 19.7057 2.6
      vertex 0.23616 20.5428 2.6
    endloop
  endfacet
  facet normal 0 0 1
    outer loop
      vertex 1.8943 1.48904 2.6
      vertex 1.23463 0.152246 2.6
      vertex 1.41943 0.0861298 2.6
    endloop
  endfacet
  facet normal 0 0 1
    outer loop
      vertex 1.68904 19.7057 2.6
      vertex 0.152237 20.3654 2.6
      vertex 1.66806 19.6613 2.6
    endloop
  endfacet
  facet normal 0 0 1
    outer loop
      vertex 1.85221 1.51427 2.6
      vertex 1.05721 0.236169 2.6
      vertex 1.23463 0.152246 2.6
    endloop
  endfacet
  facet normal -0 0 1
    outer loop
      vertex 0.0861206 20.1806 2.6
      vertex 1.66806 19.6613 2.6
      vertex 0.152237 20.3654 2.6
    endloop
  endfacet
  facet normal 0 0 1
    outer loop
      vertex 1.8128 1.5435 2.6
      vertex 0.888855 0.337076 2.6
      vertex 1.05721 0.236169 2.6
    endloop
  endfacet
  facet normal 0 0 1
    outer loop
      vertex 1.66806 19.6613 2.6
      vertex 0.0861206 20.1806 2.6
      vertex 1.65153 19.6151 2.6
    endloop
  endfacet
  facet normal 0 0 1
    outer loop
      vertex 1.77645 1.57646 2.6
      vertex 0.731216 0.453989 2.6
      vertex 0.888855 0.337076 2.6
    endloop
  endfacet
  facet normal -0 0 1
    outer loop
      vertex 0.0384369 19.9902 2.6
      vertex 1.65153 19.6151 2.6
      vertex 0.0861206 20.1806 2.6
    endloop
  endfacet
  facet normal 0 0 1
    outer loop
      vertex 1.74349 1.61281 2.6
      vertex 0.585785 0.585794 2.6
      vertex 0.731216 0.453989 2.6
    endloop
  endfacet
  facet normal 0 0 1
    outer loop
      vertex 1.65153 19.6151 2.6
      vertex 0.0384369 19.9902 2.6
      vertex 1.63961 19.5675 2.6
    endloop
  endfacet
  facet normal 0 0 1
    outer loop
      vertex 1.71426 1.65222 2.6
      vertex 0.453979 0.731226 2.6
      vertex 0.585785 0.585794 2.6
    endloop
  endfacet
  facet normal -0 0 1
    outer loop
      vertex 0.0096283 19.796 2.6
      vertex 1.63961 19.5675 2.6
      vertex 0.0384369 19.9902 2.6
    endloop
  endfacet
  facet normal 0 0 1
    outer loop
      vertex 1.68904 1.6943 2.6
      vertex 0.337067 0.888864 2.6
      vertex 0.453979 0.731226 2.6
    endloop
  endfacet
  facet normal 0 0 1
    outer loop
      vertex 1.63961 19.5675 2.6
      vertex 0.0096283 19.796 2.6
      vertex 1.63241 19.519 2.6
    endloop
  endfacet
  facet normal 0 0 1
    outer loop
      vertex 1.66806 1.73866 2.6
      vertex 0.23616 1.05721 2.6
      vertex 0.337067 0.888864 2.6
    endloop
  endfacet
  facet normal -0 0 1
    outer loop
      vertex 0 19.6 2.6
      vertex 1.63241 19.519 2.6
      vertex 0.0096283 19.796 2.6
    endloop
  endfacet
  facet normal 0 0 1
    outer loop
      vertex 1.66806 1.73866 2.6
      vertex 0.152237 1.23464 2.6
      vertex 0.23616 1.05721 2.6
    endloop
  endfacet
  facet normal 0 0 1
    outer loop
      vertex 1.63241 19.519 2.6
      vertex 0 19.6 2.6
      vertex 1.63 19.47 2.6
    endloop
  endfacet
  facet normal 0 0 1
    outer loop
      vertex 1.65153 1.78487 2.6
      vertex 0.0861206 1.41944 2.6
      vertex 0.152237 1.23464 2.6
    endloop
  endfacet
  facet normal 0 0 1
    outer loop
      vertex 1.63961 1.83246 2.6
      vertex 0.0384369 1.60983 2.6
      vertex 0.0861206 1.41944 2.6
    endloop
  endfacet
  facet normal 0 0 1
    outer loop
      vertex 1.63241 1.881 2.6
      vertex 0.0096283 1.80398 2.6
      vertex 0.0384369 1.60983 2.6
    endloop
  endfacet
  facet normal 0 0 1
    outer loop
      vertex 39.67 18.57 2.6
      vertex 39.97 18.27 2.6
      vertex 39.9685 18.2994 2.6
    endloop
  endfacet
  facet normal 0 0 1
    outer loop
      vertex 39.97 18.27 2.6
      vertex 39.67 18.57 2.6
      vertex 39.97 3.13 2.6
    endloop
  endfacet
  facet normal 0 0 1
    outer loop
      vertex 39.67 18.57 2.6
      vertex 39.9685 18.2994 2.6
      vertex 39.9642 18.3285 2.6
    endloop
  endfacet
  facet normal 0 0 1
    outer loop
      vertex 39.67 2.83 2.6
      vertex 39.97 3.13 2.6
      vertex 39.67 18.57 2.6
    endloop
  endfacet
  facet normal 0 0 1
    outer loop
      vertex 39.67 18.57 2.6
      vertex 39.9642 18.3285 2.6
      vertex 39.9571 18.3571 2.6
    endloop
  endfacet
  facet normal 0 0 1
    outer loop
      vertex 39.97 3.13 2.6
      vertex 39.67 2.83 2.6
      vertex 39.9685 3.1006 2.6
    endloop
  endfacet
  facet normal 0 0 1
    outer loop
      vertex 39.67 18.57 2.6
      vertex 39.9571 18.3571 2.6
      vertex 39.9472 18.3848 2.6
    endloop
  endfacet
  facet normal 0 0 1
    outer loop
      vertex 39.9685 3.1006 2.6
      vertex 39.67 2.83 2.6
      vertex 39.9642 3.07147 2.6
    endloop
  endfacet
  facet normal 0 0 1
    outer loop
      vertex 39.67 18.57 2.6
      vertex 39.9472 18.3848 2.6
      vertex 39.9346 18.4114 2.6
    endloop
  endfacet
  facet normal 0 0 1
    outer loop
      vertex 39.9642 3.07147 2.6
      vertex 39.67 2.83 2.6
      vertex 39.9571 3.04292 2.6
    endloop
  endfacet
  facet normal 0 0 1
    outer loop
      vertex 39.67 18.57 2.6
      vertex 39.9346 18.4114 2.6
      vertex 39.9194 18.4367 2.6
    endloop
  endfacet
  facet normal 0 0 1
    outer loop
      vertex 39.9571 3.04292 2.6
      vertex 39.67 2.83 2.6
      vertex 39.9472 3.01519 2.6
    endloop
  endfacet
  facet normal 0 0 1
    outer loop
      vertex 39.67 18.57 2.6
      vertex 39.9194 18.4367 2.6
      vertex 39.9019 18.4603 2.6
    endloop
  endfacet
  facet normal 0 0 1
    outer loop
      vertex 39.9472 3.01519 2.6
      vertex 39.67 2.83 2.6
      vertex 39.9346 2.98858 2.6
    endloop
  endfacet
  facet normal 0 0 1
    outer loop
      vertex 39.67 18.57 2.6
      vertex 39.9019 18.4603 2.6
      vertex 39.8821 18.4821 2.6
    endloop
  endfacet
  facet normal 0 0 1
    outer loop
      vertex 39.9346 2.98858 2.6
      vertex 39.67 2.83 2.6
      vertex 39.9194 2.96333 2.6
    endloop
  endfacet
  facet normal 0 0 1
    outer loop
      vertex 39.67 18.57 2.6
      vertex 39.8821 18.4821 2.6
      vertex 39.8603 18.5019 2.6
    endloop
  endfacet
  facet normal 0 0 1
    outer loop
      vertex 39.9194 2.96333 2.6
      vertex 39.67 2.83 2.6
      vertex 39.9019 2.93968 2.6
    endloop
  endfacet
  facet normal 0 0 1
    outer loop
      vertex 39.67 18.57 2.6
      vertex 39.8603 18.5019 2.6
      vertex 39.8367 18.5194 2.6
    endloop
  endfacet
  facet normal 0 0 1
    outer loop
      vertex 39.9019 2.93968 2.6
      vertex 39.67 2.83 2.6
      vertex 39.8821 2.91787 2.6
    endloop
  endfacet
  facet normal 0 0 1
    outer loop
      vertex 39.67 18.57 2.6
      vertex 39.8367 18.5194 2.6
      vertex 39.8114 18.5346 2.6
    endloop
  endfacet
  facet normal 0 0 1
    outer loop
      vertex 39.8821 2.91787 2.6
      vertex 39.67 2.83 2.6
      vertex 39.8603 2.8981 2.6
    endloop
  endfacet
  facet normal 0 0 1
    outer loop
      vertex 39.67 18.57 2.6
      vertex 39.8114 18.5346 2.6
      vertex 39.7848 18.5472 2.6
    endloop
  endfacet
  facet normal 0 0 1
    outer loop
      vertex 39.8603 2.8981 2.6
      vertex 39.67 2.83 2.6
      vertex 39.8367 2.88057 2.6
    endloop
  endfacet
  facet normal 0 0 1
    outer loop
      vertex 39.67 18.57 2.6
      vertex 39.7848 18.5472 2.6
      vertex 39.7571 18.5571 2.6
    endloop
  endfacet
  facet normal 0 0 1
    outer loop
      vertex 39.8367 2.88057 2.6
      vertex 39.67 2.83 2.6
      vertex 39.8114 2.86543 2.6
    endloop
  endfacet
  facet normal 0 0 1
    outer loop
      vertex 39.67 18.57 2.6
      vertex 39.7571 18.5571 2.6
      vertex 39.7285 18.5642 2.6
    endloop
  endfacet
  facet normal 0 0 1
    outer loop
      vertex 39.8114 2.86543 2.6
      vertex 39.67 2.83 2.6
      vertex 39.7848 2.85284 2.6
    endloop
  endfacet
  facet normal 0 0 1
    outer loop
      vertex 39.67 18.57 2.6
      vertex 39.7285 18.5642 2.6
      vertex 39.6994 18.5686 2.6
    endloop
  endfacet
  facet normal 0 0 1
    outer loop
      vertex 39.7848 2.85284 2.6
      vertex 39.67 2.83 2.6
      vertex 39.7571 2.84292 2.6
    endloop
  endfacet
  facet normal 0 0 1
    outer loop
      vertex 39.7571 2.84292 2.6
      vertex 39.67 2.83 2.6
      vertex 39.7285 2.83577 2.6
    endloop
  endfacet
  facet normal 0 0 1
    outer loop
      vertex 39.7285 2.83577 2.6
      vertex 39.67 2.83 2.6
      vertex 39.6994 2.83145 2.6
    endloop
  endfacet
  facet normal -0 0 1
    outer loop
      vertex 3.33 18.57 2.6
      vertex 39.67 2.83 2.6
      vertex 39.67 18.57 2.6
    endloop
  endfacet
  facet normal 0 0 1
    outer loop
      vertex 3.33 18.57 2.6
      vertex 3.33 2.83 2.6
      vertex 39.67 2.83 2.6
    endloop
  endfacet
  facet normal 0 0 1
    outer loop
      vertex 3.03 18.27 2.6
      vertex 3.33 18.57 2.6
      vertex 3.3006 18.5686 2.6
    endloop
  endfacet
  facet normal 0 0 1
    outer loop
      vertex 3.33 18.57 2.6
      vertex 3.03 18.27 2.6
      vertex 3.33 2.83 2.6
    endloop
  endfacet
  facet normal 0 0 1
    outer loop
      vertex 3.03 18.27 2.6
      vertex 3.3006 18.5686 2.6
      vertex 3.27147 18.5642 2.6
    endloop
  endfacet
  facet normal -0 0 1
    outer loop
      vertex 3.03 3.13 2.6
      vertex 3.33 2.83 2.6
      vertex 3.03 18.27 2.6
    endloop
  endfacet
  facet normal 0 0 1
    outer loop
      vertex 3.03 18.27 2.6
      vertex 3.27147 18.5642 2.6
      vertex 3.24292 18.5571 2.6
    endloop
  endfacet
  facet normal 0 0 1
    outer loop
      vertex 3.33 2.83 2.6
      vertex 3.03 3.13 2.6
      vertex 3.3006 2.83145 2.6
    endloop
  endfacet
  facet normal 0 0 1
    outer loop
      vertex 3.03 18.27 2.6
      vertex 3.24292 18.5571 2.6
      vertex 3.21519 18.5472 2.6
    endloop
  endfacet
  facet normal 0 0 1
    outer loop
      vertex 3.3006 2.83145 2.6
      vertex 3.03 3.13 2.6
      vertex 3.27147 2.83577 2.6
    endloop
  endfacet
  facet normal 0 0 1
    outer loop
      vertex 3.03 18.27 2.6
      vertex 3.21519 18.5472 2.6
      vertex 3.18858 18.5346 2.6
    endloop
  endfacet
  facet normal 0 0 1
    outer loop
      vertex 3.27147 2.83577 2.6
      vertex 3.03 3.13 2.6
      vertex 3.24292 2.84292 2.6
    endloop
  endfacet
  facet normal 0 0 1
    outer loop
      vertex 3.03 18.27 2.6
      vertex 3.18858 18.5346 2.6
      vertex 3.16333 18.5194 2.6
    endloop
  endfacet
  facet normal 0 0 1
    outer loop
      vertex 3.24292 2.84292 2.6
      vertex 3.03 3.13 2.6
      vertex 3.21519 2.85284 2.6
    endloop
  endfacet
  facet normal 0 0 1
    outer loop
      vertex 3.03 18.27 2.6
      vertex 3.16333 18.5194 2.6
      vertex 3.13968 18.5019 2.6
    endloop
  endfacet
  facet normal 0 0 1
    outer loop
      vertex 3.21519 2.85284 2.6
      vertex 3.03 3.13 2.6
      vertex 3.18858 2.86543 2.6
    endloop
  endfacet
  facet normal 0 0 1
    outer loop
      vertex 3.03 18.27 2.6
      vertex 3.13968 18.5019 2.6
      vertex 3.11787 18.4821 2.6
    endloop
  endfacet
  facet normal 0 0 1
    outer loop
      vertex 3.18858 2.86543 2.6
      vertex 3.03 3.13 2.6
      vertex 3.16333 2.88057 2.6
    endloop
  endfacet
  facet normal 0 0 1
    outer loop
      vertex 3.03 18.27 2.6
      vertex 3.11787 18.4821 2.6
      vertex 3.0981 18.4603 2.6
    endloop
  endfacet
  facet normal 0 0 1
    outer loop
      vertex 3.16333 2.88057 2.6
      vertex 3.03 3.13 2.6
      vertex 3.13968 2.8981 2.6
    endloop
  endfacet
  facet normal 0 0 1
    outer loop
      vertex 3.03 18.27 2.6
      vertex 3.0981 18.4603 2.6
      vertex 3.08056 18.4367 2.6
    endloop
  endfacet
  facet normal 0 0 1
    outer loop
      vertex 3.13968 2.8981 2.6
      vertex 3.03 3.13 2.6
      vertex 3.11787 2.91787 2.6
    endloop
  endfacet
  facet normal 0 0 1
    outer loop
      vertex 3.03 18.27 2.6
      vertex 3.08056 18.4367 2.6
      vertex 3.06543 18.4114 2.6
    endloop
  endfacet
  facet normal 0 0 1
    outer loop
      vertex 3.11787 2.91787 2.6
      vertex 3.03 3.13 2.6
      vertex 3.0981 2.93968 2.6
    endloop
  endfacet
  facet normal 0 0 1
    outer loop
      vertex 3.03 18.27 2.6
      vertex 3.06543 18.4114 2.6
      vertex 3.05284 18.3848 2.6
    endloop
  endfacet
  facet normal 0 0 1
    outer loop
      vertex 3.0981 2.93968 2.6
      vertex 3.03 3.13 2.6
      vertex 3.08056 2.96333 2.6
    endloop
  endfacet
  facet normal 0 0 1
    outer loop
      vertex 3.03 18.27 2.6
      vertex 3.05284 18.3848 2.6
      vertex 3.04292 18.3571 2.6
    endloop
  endfacet
  facet normal 0 0 1
    outer loop
      vertex 3.08056 2.96333 2.6
      vertex 3.03 3.13 2.6
      vertex 3.06543 2.98858 2.6
    endloop
  endfacet
  facet normal 0 0 1
    outer loop
      vertex 3.03 18.27 2.6
      vertex 3.04292 18.3571 2.6
      vertex 3.03576 18.3285 2.6
    endloop
  endfacet
  facet normal 0 0 1
    outer loop
      vertex 3.06543 2.98858 2.6
      vertex 3.03 3.13 2.6
      vertex 3.05284 3.01519 2.6
    endloop
  endfacet
  facet normal 0 0 1
    outer loop
      vertex 3.03 18.27 2.6
      vertex 3.03576 18.3285 2.6
      vertex 3.03145 18.2994 2.6
    endloop
  endfacet
  facet normal 0 0 1
    outer loop
      vertex 3.05284 3.01519 2.6
      vertex 3.03 3.13 2.6
      vertex 3.04292 3.04292 2.6
    endloop
  endfacet
  facet normal 0 0 1
    outer loop
      vertex 3.04292 3.04292 2.6
      vertex 3.03 3.13 2.6
      vertex 3.03576 3.07147 2.6
    endloop
  endfacet
  facet normal 0 0 1
    outer loop
      vertex 3.03576 3.07147 2.6
      vertex 3.03 3.13 2.6
      vertex 3.03145 3.1006 2.6
    endloop
  endfacet
  facet normal -0.243027 0.970019 0
    outer loop
      vertex 1.60982 21.5616 5.72205e-07
      vertex 1.41943 21.5139 2.6
      vertex 1.60982 21.5616 2.6
    endloop
  endfacet
  facet normal -0.243027 0.970019 0
    outer loop
      vertex 1.41943 21.5139 2.6
      vertex 1.60982 21.5616 5.72205e-07
      vertex 1.41943 21.5139 5.72205e-07
    endloop
  endfacet
  facet normal -0.336788 0.94158 0
    outer loop
      vertex 1.41943 21.5139 5.72205e-07
      vertex 1.23463 21.4478 2.6
      vertex 1.41943 21.5139 2.6
    endloop
  endfacet
  facet normal -0.336788 0.94158 0
    outer loop
      vertex 1.23463 21.4478 2.6
      vertex 1.41943 21.5139 5.72205e-07
      vertex 1.23463 21.4478 5.72205e-07
    endloop
  endfacet
  facet normal 1 -0 0
    outer loop
      vertex 42.8 2.00001 2.6
      vertex 42.8 19.6 5.72205e-07
      vertex 42.8 19.6 2.6
    endloop
  endfacet
  facet normal 1 0 0
    outer loop
      vertex 42.8 19.6 5.72205e-07
      vertex 42.8 2.00001 2.6
      vertex 42.8 2.00001 5.72205e-07
    endloop
  endfacet
  facet normal 0.514222 -0.857657 0
    outer loop
      vertex 41.7428 0.236169 5.72205e-07
      vertex 41.9111 0.337076 2.6
      vertex 41.7428 0.236169 2.6
    endloop
  endfacet
  facet normal 0.514222 -0.857657 0
    outer loop
      vertex 41.9111 0.337076 2.6
      vertex 41.7428 0.236169 5.72205e-07
      vertex 41.9111 0.337076 5.72205e-07
    endloop
  endfacet
  facet normal -0.740966 -0.671543 0
    outer loop
      vertex 0.585785 0.585794 5.72205e-07
      vertex 0.453979 0.731226 2.6
      vertex 0.453979 0.731226 5.72205e-07
    endloop
  endfacet
  facet normal -0.740966 -0.671543 0
    outer loop
      vertex 0.453979 0.731226 2.6
      vertex 0.585785 0.585794 5.72205e-07
      vertex 0.585785 0.585794 2.6
    endloop
  endfacet
  facet normal -0.970039 -0.242949 0
    outer loop
      vertex 0.0861206 1.41944 5.72205e-07
      vertex 0.0384369 1.60983 2.6
      vertex 0.0384369 1.60983 5.72205e-07
    endloop
  endfacet
  facet normal -0.970039 -0.242949 0
    outer loop
      vertex 0.0384369 1.60983 2.6
      vertex 0.0861206 1.41944 5.72205e-07
      vertex 0.0861206 1.41944 2.6
    endloop
  endfacet
  facet normal -0.998796 0.0490648 0
    outer loop
      vertex 0 19.6 5.72205e-07
      vertex 0.0096283 19.796 2.6
      vertex 0.0096283 19.796 5.72205e-07
    endloop
  endfacet
  facet normal -0.998796 0.0490648 0
    outer loop
      vertex 0.0096283 19.796 2.6
      vertex 0 19.6 5.72205e-07
      vertex 0 19.6 2.6
    endloop
  endfacet
  facet normal -1 0 0
    outer loop
      vertex 0 2.00001 5.72205e-07
      vertex 0 19.6 2.6
      vertex 0 19.6 5.72205e-07
    endloop
  endfacet
  facet normal -1 -0 0
    outer loop
      vertex 0 19.6 2.6
      vertex 0 2.00001 5.72205e-07
      vertex 0 2.00001 2.6
    endloop
  endfacet
  facet normal -0.0489135 0.998803 0
    outer loop
      vertex 2 21.6 5.72205e-07
      vertex 1.80397 21.5904 2.6
      vertex 2 21.6 2.6
    endloop
  endfacet
  facet normal -0.0489135 0.998803 0
    outer loop
      vertex 1.80397 21.5904 2.6
      vertex 2 21.6 5.72205e-07
      vertex 1.80397 21.5904 5.72205e-07
    endloop
  endfacet
  facet normal 0.998803 -0.0489135 0
    outer loop
      vertex 42.7904 1.80398 2.6
      vertex 42.8 2.00001 5.72205e-07
      vertex 42.8 2.00001 2.6
    endloop
  endfacet
  facet normal 0.998803 -0.0489135 0
    outer loop
      vertex 42.8 2.00001 5.72205e-07
      vertex 42.7904 1.80398 2.6
      vertex 42.7904 1.80398 5.72205e-07
    endloop
  endfacet
  facet normal 0.740908 0.671607 0
    outer loop
      vertex 42.346 20.8688 2.6
      vertex 42.2142 21.0142 5.72205e-07
      vertex 42.2142 21.0142 2.6
    endloop
  endfacet
  facet normal 0.740908 0.671607 0
    outer loop
      vertex 42.2142 21.0142 5.72205e-07
      vertex 42.346 20.8688 2.6
      vertex 42.346 20.8688 5.72205e-07
    endloop
  endfacet
  facet normal 0.427955 0.9038 -0
    outer loop
      vertex 41.7428 21.3638 5.72205e-07
      vertex 41.5654 21.4478 2.6
      vertex 41.7428 21.3638 2.6
    endloop
  endfacet
  facet normal 0.427955 0.9038 0
    outer loop
      vertex 41.5654 21.4478 2.6
      vertex 41.7428 21.3638 5.72205e-07
      vertex 41.5654 21.4478 5.72205e-07
    endloop
  endfacet
  facet normal 0.146739 -0.989175 0
    outer loop
      vertex 40.996 0.00963745 5.72205e-07
      vertex 41.1902 0.038446 2.6
      vertex 40.996 0.00963745 2.6
    endloop
  endfacet
  facet normal 0.146739 -0.989175 0
    outer loop
      vertex 41.1902 0.038446 2.6
      vertex 40.996 0.00963745 5.72205e-07
      vertex 41.1902 0.038446 5.72205e-07
    endloop
  endfacet
  facet normal 0.336861 -0.941554 0
    outer loop
      vertex 41.3806 0.0861298 5.72205e-07
      vertex 41.5654 0.152246 2.6
      vertex 41.3806 0.0861298 2.6
    endloop
  endfacet
  facet normal 0.336861 -0.941554 0
    outer loop
      vertex 41.5654 0.152246 2.6
      vertex 41.3806 0.0861298 5.72205e-07
      vertex 41.5654 0.152246 5.72205e-07
    endloop
  endfacet
  facet normal 0.427634 -0.903952 0
    outer loop
      vertex 41.5654 0.152246 5.72205e-07
      vertex 41.7428 0.236169 2.6
      vertex 41.5654 0.152246 2.6
    endloop
  endfacet
  facet normal 0.427634 -0.903952 0
    outer loop
      vertex 41.7428 0.236169 2.6
      vertex 41.5654 0.152246 5.72205e-07
      vertex 41.7428 0.236169 5.72205e-07
    endloop
  endfacet
  facet normal -0.514099 -0.857731 0
    outer loop
      vertex 0.888855 0.337076 5.72205e-07
      vertex 1.05721 0.236169 2.6
      vertex 0.888855 0.337076 2.6
    endloop
  endfacet
  facet normal -0.514099 -0.857731 -0
    outer loop
      vertex 1.05721 0.236169 2.6
      vertex 0.888855 0.337076 5.72205e-07
      vertex 1.05721 0.236169 5.72205e-07
    endloop
  endfacet
  facet normal -0.336861 -0.941554 0
    outer loop
      vertex 1.23463 0.152246 5.72205e-07
      vertex 1.41943 0.0861298 2.6
      vertex 1.23463 0.152246 2.6
    endloop
  endfacet
  facet normal -0.336861 -0.941554 -0
    outer loop
      vertex 1.41943 0.0861298 2.6
      vertex 1.23463 0.152246 5.72205e-07
      vertex 1.41943 0.0861298 5.72205e-07
    endloop
  endfacet
  facet normal -0.998796 -0.0490573 0
    outer loop
      vertex 0.0096283 1.80398 5.72205e-07
      vertex 0 2.00001 2.6
      vertex 0 2.00001 5.72205e-07
    endloop
  endfacet
  facet normal -0.998796 -0.0490573 0
    outer loop
      vertex 0 2.00001 2.6
      vertex 0.0096283 1.80398 5.72205e-07
      vertex 0.0096283 1.80398 2.6
    endloop
  endfacet
  facet normal -0.98917 -0.146776 0
    outer loop
      vertex 0.0384369 1.60983 5.72205e-07
      vertex 0.0096283 1.80398 2.6
      vertex 0.0096283 1.80398 5.72205e-07
    endloop
  endfacet
  facet normal -0.98917 -0.146776 0
    outer loop
      vertex 0.0096283 1.80398 2.6
      vertex 0.0384369 1.60983 5.72205e-07
      vertex 0.0384369 1.60983 2.6
    endloop
  endfacet
  facet normal -0.427916 0.903819 0
    outer loop
      vertex 1.23463 21.4478 5.72205e-07
      vertex 1.05721 21.3638 2.6
      vertex 1.23463 21.4478 2.6
    endloop
  endfacet
  facet normal -0.427916 0.903819 0
    outer loop
      vertex 1.05721 21.3638 2.6
      vertex 1.23463 21.4478 5.72205e-07
      vertex 1.05721 21.3638 5.72205e-07
    endloop
  endfacet
  facet normal -0.740892 0.671624 0
    outer loop
      vertex 0.453979 20.8688 5.72205e-07
      vertex 0.585785 21.0142 2.6
      vertex 0.585785 21.0142 5.72205e-07
    endloop
  endfacet
  facet normal -0.740892 0.671624 0
    outer loop
      vertex 0.585785 21.0142 2.6
      vertex 0.453979 20.8688 5.72205e-07
      vertex 0.453979 20.8688 2.6
    endloop
  endfacet
  facet normal -0.903952 0.427634 0
    outer loop
      vertex 0.152237 20.3654 5.72205e-07
      vertex 0.23616 20.5428 2.6
      vertex 0.23616 20.5428 5.72205e-07
    endloop
  endfacet
  facet normal -0.903952 0.427634 0
    outer loop
      vertex 0.23616 20.5428 2.6
      vertex 0.152237 20.3654 5.72205e-07
      vertex 0.152237 20.3654 2.6
    endloop
  endfacet
  facet normal -0.146733 0.989176 0
    outer loop
      vertex 1.80397 21.5904 5.72205e-07
      vertex 1.60982 21.5616 2.6
      vertex 1.80397 21.5904 2.6
    endloop
  endfacet
  facet normal -0.146733 0.989176 0
    outer loop
      vertex 1.60982 21.5616 2.6
      vertex 1.80397 21.5904 5.72205e-07
      vertex 1.60982 21.5616 5.72205e-07
    endloop
  endfacet
  facet normal 0.242937 -0.970042 0
    outer loop
      vertex 41.1902 0.038446 5.72205e-07
      vertex 41.3806 0.0861298 2.6
      vertex 41.1902 0.038446 2.6
    endloop
  endfacet
  facet normal 0.242937 -0.970042 0
    outer loop
      vertex 41.3806 0.0861298 2.6
      vertex 41.1902 0.038446 5.72205e-07
      vertex 41.3806 0.0861298 5.72205e-07
    endloop
  endfacet
  facet normal -0.941554 -0.336862 0
    outer loop
      vertex 0.152237 1.23464 5.72205e-07
      vertex 0.0861206 1.41944 2.6
      vertex 0.0861206 1.41944 5.72205e-07
    endloop
  endfacet
  facet normal -0.941554 -0.336862 0
    outer loop
      vertex 0.0861206 1.41944 2.6
      vertex 0.152237 1.23464 5.72205e-07
      vertex 0.152237 1.23464 2.6
    endloop
  endfacet
  facet normal -0.80332 0.595547 0
    outer loop
      vertex 0.337067 20.7111 5.72205e-07
      vertex 0.453979 20.8688 2.6
      vertex 0.453979 20.8688 5.72205e-07
    endloop
  endfacet
  facet normal -0.80332 0.595547 0
    outer loop
      vertex 0.453979 20.8688 2.6
      vertex 0.337067 20.7111 5.72205e-07
      vertex 0.337067 20.7111 2.6
    endloop
  endfacet
  facet normal 0.94158 -0.336788 0
    outer loop
      vertex 42.6478 1.23464 2.6
      vertex 42.7139 1.41944 5.72205e-07
      vertex 42.7139 1.41944 2.6
    endloop
  endfacet
  facet normal 0.94158 -0.336788 0
    outer loop
      vertex 42.7139 1.41944 5.72205e-07
      vertex 42.6478 1.23464 2.6
      vertex 42.6478 1.23464 5.72205e-07
    endloop
  endfacet
  facet normal 0.857735 -0.514093 0
    outer loop
      vertex 42.4629 0.888864 2.6
      vertex 42.5638 1.05721 5.72205e-07
      vertex 42.5638 1.05721 2.6
    endloop
  endfacet
  facet normal 0.857735 -0.514093 0
    outer loop
      vertex 42.5638 1.05721 5.72205e-07
      vertex 42.4629 0.888864 2.6
      vertex 42.4629 0.888864 5.72205e-07
    endloop
  endfacet
  facet normal 0.989182 0.146696 0
    outer loop
      vertex 42.7904 19.796 2.6
      vertex 42.7616 19.9902 5.72205e-07
      vertex 42.7616 19.9902 2.6
    endloop
  endfacet
  facet normal 0.989182 0.146696 0
    outer loop
      vertex 42.7616 19.9902 5.72205e-07
      vertex 42.7904 19.796 2.6
      vertex 42.7904 19.796 5.72205e-07
    endloop
  endfacet
  facet normal -0.857719 -0.514119 0
    outer loop
      vertex 0.337067 0.888864 5.72205e-07
      vertex 0.23616 1.05721 2.6
      vertex 0.23616 1.05721 5.72205e-07
    endloop
  endfacet
  facet normal -0.857719 -0.514119 0
    outer loop
      vertex 0.23616 1.05721 2.6
      vertex 0.337067 0.888864 5.72205e-07
      vertex 0.337067 0.888864 2.6
    endloop
  endfacet
  facet normal -0.427595 -0.90397 0
    outer loop
      vertex 1.05721 0.236169 5.72205e-07
      vertex 1.23463 0.152246 2.6
      vertex 1.05721 0.236169 2.6
    endloop
  endfacet
  facet normal -0.427595 -0.90397 -0
    outer loop
      vertex 1.23463 0.152246 2.6
      vertex 1.05721 0.236169 5.72205e-07
      vertex 1.23463 0.152246 5.72205e-07
    endloop
  endfacet
  facet normal -0.671528 0.740979 0
    outer loop
      vertex 0.731216 21.146 5.72205e-07
      vertex 0.585785 21.0142 2.6
      vertex 0.731216 21.146 2.6
    endloop
  endfacet
  facet normal -0.671528 0.740979 0
    outer loop
      vertex 0.585785 21.0142 2.6
      vertex 0.731216 21.146 5.72205e-07
      vertex 0.585785 21.0142 5.72205e-07
    endloop
  endfacet
  facet normal -0.941554 0.336862 0
    outer loop
      vertex 0.0861206 20.1806 5.72205e-07
      vertex 0.152237 20.3654 2.6
      vertex 0.152237 20.3654 5.72205e-07
    endloop
  endfacet
  facet normal -0.941554 0.336862 0
    outer loop
      vertex 0.152237 20.3654 2.6
      vertex 0.0861206 20.1806 5.72205e-07
      vertex 0.0861206 20.1806 2.6
    endloop
  endfacet
  facet normal -0.989175 0.146739 0
    outer loop
      vertex 0.0096283 19.796 5.72205e-07
      vertex 0.0384369 19.9902 2.6
      vertex 0.0384369 19.9902 5.72205e-07
    endloop
  endfacet
  facet normal -0.989175 0.146739 0
    outer loop
      vertex 0.0384369 19.9902 2.6
      vertex 0.0096283 19.796 5.72205e-07
      vertex 0.0096283 19.796 2.6
    endloop
  endfacet
  facet normal -0.857657 0.514222 0
    outer loop
      vertex 0.23616 20.5428 5.72205e-07
      vertex 0.337067 20.7111 2.6
      vertex 0.337067 20.7111 5.72205e-07
    endloop
  endfacet
  facet normal -0.857657 0.514222 0
    outer loop
      vertex 0.337067 20.7111 2.6
      vertex 0.23616 20.5428 5.72205e-07
      vertex 0.23616 20.5428 2.6
    endloop
  endfacet
  facet normal 0.740981 -0.671526 0
    outer loop
      vertex 42.2142 0.585794 2.6
      vertex 42.346 0.731226 5.72205e-07
      vertex 42.346 0.731226 2.6
    endloop
  endfacet
  facet normal 0.740981 -0.671526 0
    outer loop
      vertex 42.346 0.731226 5.72205e-07
      vertex 42.2142 0.585794 2.6
      vertex 42.2142 0.585794 5.72205e-07
    endloop
  endfacet
  facet normal 0.803238 -0.595659 0
    outer loop
      vertex 42.346 0.731226 2.6
      vertex 42.4629 0.888864 5.72205e-07
      vertex 42.4629 0.888864 2.6
    endloop
  endfacet
  facet normal 0.803238 -0.595659 0
    outer loop
      vertex 42.4629 0.888864 5.72205e-07
      vertex 42.346 0.731226 2.6
      vertex 42.346 0.731226 5.72205e-07
    endloop
  endfacet
  facet normal 0.903828 -0.427896 0
    outer loop
      vertex 42.5638 1.05721 2.6
      vertex 42.6478 1.23464 5.72205e-07
      vertex 42.6478 1.23464 2.6
    endloop
  endfacet
  facet normal 0.903828 -0.427896 0
    outer loop
      vertex 42.6478 1.23464 5.72205e-07
      vertex 42.5638 1.05721 2.6
      vertex 42.5638 1.05721 5.72205e-07
    endloop
  endfacet
  facet normal 0.998803 0.0489209 0
    outer loop
      vertex 42.8 19.6 2.6
      vertex 42.7904 19.796 5.72205e-07
      vertex 42.7904 19.796 2.6
    endloop
  endfacet
  facet normal 0.998803 0.0489209 0
    outer loop
      vertex 42.7904 19.796 5.72205e-07
      vertex 42.8 19.6 2.6
      vertex 42.8 19.6 5.72205e-07
    endloop
  endfacet
  facet normal 0.80335 0.595508 0
    outer loop
      vertex 42.4629 20.7111 2.6
      vertex 42.346 20.8688 5.72205e-07
      vertex 42.346 20.8688 2.6
    endloop
  endfacet
  facet normal 0.80335 0.595508 0
    outer loop
      vertex 42.346 20.8688 5.72205e-07
      vertex 42.4629 20.7111 2.6
      vertex 42.4629 20.7111 5.72205e-07
    endloop
  endfacet
  facet normal 0.94158 0.336788 0
    outer loop
      vertex 42.7139 20.1806 2.6
      vertex 42.6478 20.3654 5.72205e-07
      vertex 42.6478 20.3654 2.6
    endloop
  endfacet
  facet normal 0.94158 0.336788 0
    outer loop
      vertex 42.6478 20.3654 5.72205e-07
      vertex 42.7139 20.1806 2.6
      vertex 42.7139 20.1806 5.72205e-07
    endloop
  endfacet
  facet normal 0.595508 0.80335 -0
    outer loop
      vertex 42.0688 21.146 5.72205e-07
      vertex 41.9111 21.2629 2.6
      vertex 42.0688 21.146 2.6
    endloop
  endfacet
  facet normal 0.595508 0.80335 0
    outer loop
      vertex 41.9111 21.2629 2.6
      vertex 42.0688 21.146 5.72205e-07
      vertex 41.9111 21.2629 5.72205e-07
    endloop
  endfacet
  facet normal 0.514196 0.857673 -0
    outer loop
      vertex 41.9111 21.2629 5.72205e-07
      vertex 41.7428 21.3638 2.6
      vertex 41.9111 21.2629 2.6
    endloop
  endfacet
  facet normal 0.514196 0.857673 0
    outer loop
      vertex 41.7428 21.3638 2.6
      vertex 41.9111 21.2629 5.72205e-07
      vertex 41.7428 21.3638 5.72205e-07
    endloop
  endfacet
  facet normal 0.671607 0.740908 -0
    outer loop
      vertex 42.2142 21.0142 5.72205e-07
      vertex 42.0688 21.146 2.6
      vertex 42.2142 21.0142 2.6
    endloop
  endfacet
  facet normal 0.671607 0.740908 0
    outer loop
      vertex 42.0688 21.146 2.6
      vertex 42.2142 21.0142 5.72205e-07
      vertex 42.0688 21.146 5.72205e-07
    endloop
  endfacet
  facet normal 0.336788 0.94158 -0
    outer loop
      vertex 41.5654 21.4478 5.72205e-07
      vertex 41.3806 21.5139 2.6
      vertex 41.5654 21.4478 2.6
    endloop
  endfacet
  facet normal 0.336788 0.94158 0
    outer loop
      vertex 41.3806 21.5139 2.6
      vertex 41.5654 21.4478 5.72205e-07
      vertex 41.3806 21.5139 5.72205e-07
    endloop
  endfacet
  facet normal 0.243015 0.970023 -0
    outer loop
      vertex 41.3806 21.5139 5.72205e-07
      vertex 41.1902 21.5616 2.6
      vertex 41.3806 21.5139 2.6
    endloop
  endfacet
  facet normal 0.243015 0.970023 0
    outer loop
      vertex 41.1902 21.5616 2.6
      vertex 41.3806 21.5139 5.72205e-07
      vertex 41.1902 21.5616 5.72205e-07
    endloop
  endfacet
  facet normal -0.90398 -0.427575 0
    outer loop
      vertex 0.23616 1.05721 5.72205e-07
      vertex 0.152237 1.23464 2.6
      vertex 0.152237 1.23464 5.72205e-07
    endloop
  endfacet
  facet normal -0.90398 -0.427575 0
    outer loop
      vertex 0.152237 1.23464 2.6
      vertex 0.23616 1.05721 5.72205e-07
      vertex 0.23616 1.05721 2.6
    endloop
  endfacet
  facet normal -0.671542 -0.740966 0
    outer loop
      vertex 0.585785 0.585794 5.72205e-07
      vertex 0.731216 0.453989 2.6
      vertex 0.585785 0.585794 2.6
    endloop
  endfacet
  facet normal -0.671542 -0.740966 -0
    outer loop
      vertex 0.731216 0.453989 2.6
      vertex 0.585785 0.585794 5.72205e-07
      vertex 0.731216 0.453989 5.72205e-07
    endloop
  endfacet
  facet normal -0.595699 -0.803208 0
    outer loop
      vertex 0.731216 0.453989 5.72205e-07
      vertex 0.888855 0.337076 2.6
      vertex 0.731216 0.453989 2.6
    endloop
  endfacet
  facet normal -0.595699 -0.803208 -0
    outer loop
      vertex 0.888855 0.337076 2.6
      vertex 0.731216 0.453989 5.72205e-07
      vertex 0.888855 0.337076 5.72205e-07
    endloop
  endfacet
  facet normal -0.595656 0.803239 0
    outer loop
      vertex 0.888855 21.2629 5.72205e-07
      vertex 0.731216 21.146 2.6
      vertex 0.888855 21.2629 2.6
    endloop
  endfacet
  facet normal -0.595656 0.803239 0
    outer loop
      vertex 0.731216 21.146 2.6
      vertex 0.888855 21.2629 5.72205e-07
      vertex 0.731216 21.146 5.72205e-07
    endloop
  endfacet
  facet normal -0.970042 0.242937 0
    outer loop
      vertex 0.0384369 19.9902 5.72205e-07
      vertex 0.0861206 20.1806 2.6
      vertex 0.0861206 20.1806 5.72205e-07
    endloop
  endfacet
  facet normal -0.970042 0.242937 0
    outer loop
      vertex 0.0861206 20.1806 2.6
      vertex 0.0384369 19.9902 5.72205e-07
      vertex 0.0384369 19.9902 2.6
    endloop
  endfacet
  facet normal 0.59555 -0.803318 0
    outer loop
      vertex 41.9111 0.337076 5.72205e-07
      vertex 42.0688 0.453989 2.6
      vertex 41.9111 0.337076 2.6
    endloop
  endfacet
  facet normal 0.59555 -0.803318 0
    outer loop
      vertex 42.0688 0.453989 2.6
      vertex 41.9111 0.337076 5.72205e-07
      vertex 42.0688 0.453989 5.72205e-07
    endloop
  endfacet
  facet normal 0.671621 -0.740895 0
    outer loop
      vertex 42.0688 0.453989 5.72205e-07
      vertex 42.2142 0.585794 2.6
      vertex 42.0688 0.453989 2.6
    endloop
  endfacet
  facet normal 0.671621 -0.740895 0
    outer loop
      vertex 42.2142 0.585794 2.6
      vertex 42.0688 0.453989 5.72205e-07
      vertex 42.2142 0.585794 5.72205e-07
    endloop
  endfacet
  facet normal 0.970019 -0.243027 0
    outer loop
      vertex 42.7139 1.41944 2.6
      vertex 42.7616 1.60983 5.72205e-07
      vertex 42.7616 1.60983 2.6
    endloop
  endfacet
  facet normal 0.970019 -0.243027 0
    outer loop
      vertex 42.7616 1.60983 5.72205e-07
      vertex 42.7139 1.41944 2.6
      vertex 42.7139 1.41944 5.72205e-07
    endloop
  endfacet
  facet normal 0.989176 -0.146733 0
    outer loop
      vertex 42.7616 1.60983 2.6
      vertex 42.7904 1.80398 5.72205e-07
      vertex 42.7904 1.80398 2.6
    endloop
  endfacet
  facet normal 0.989176 -0.146733 0
    outer loop
      vertex 42.7904 1.80398 5.72205e-07
      vertex 42.7616 1.60983 2.6
      vertex 42.7616 1.60983 5.72205e-07
    endloop
  endfacet
  facet normal 0.857673 0.514196 0
    outer loop
      vertex 42.5638 20.5428 2.6
      vertex 42.4629 20.7111 5.72205e-07
      vertex 42.4629 20.7111 2.6
    endloop
  endfacet
  facet normal 0.857673 0.514196 0
    outer loop
      vertex 42.4629 20.7111 5.72205e-07
      vertex 42.5638 20.5428 2.6
      vertex 42.5638 20.5428 5.72205e-07
    endloop
  endfacet
  facet normal 0.9038 0.427955 0
    outer loop
      vertex 42.6478 20.3654 2.6
      vertex 42.5638 20.5428 5.72205e-07
      vertex 42.5638 20.5428 2.6
    endloop
  endfacet
  facet normal 0.9038 0.427955 0
    outer loop
      vertex 42.5638 20.5428 5.72205e-07
      vertex 42.6478 20.3654 2.6
      vertex 42.6478 20.3654 5.72205e-07
    endloop
  endfacet
  facet normal 0.970023 0.243015 0
    outer loop
      vertex 42.7616 19.9902 2.6
      vertex 42.7139 20.1806 5.72205e-07
      vertex 42.7139 20.1806 2.6
    endloop
  endfacet
  facet normal 0.970023 0.243015 0
    outer loop
      vertex 42.7139 20.1806 5.72205e-07
      vertex 42.7616 19.9902 2.6
      vertex 42.7616 19.9902 5.72205e-07
    endloop
  endfacet
  facet normal -0.242949 -0.970039 0
    outer loop
      vertex 1.41943 0.0861298 5.72205e-07
      vertex 1.60982 0.038446 2.6
      vertex 1.41943 0.0861298 2.6
    endloop
  endfacet
  facet normal -0.242949 -0.970039 -0
    outer loop
      vertex 1.60982 0.038446 2.6
      vertex 1.41943 0.0861298 5.72205e-07
      vertex 1.60982 0.038446 5.72205e-07
    endloop
  endfacet
  facet normal -0.146776 -0.98917 0
    outer loop
      vertex 1.60982 0.038446 5.72205e-07
      vertex 1.80397 0.00963745 2.6
      vertex 1.60982 0.038446 2.6
    endloop
  endfacet
  facet normal -0.146776 -0.98917 -0
    outer loop
      vertex 1.80397 0.00963745 2.6
      vertex 1.60982 0.038446 5.72205e-07
      vertex 1.80397 0.00963745 5.72205e-07
    endloop
  endfacet
  facet normal 0 -0.998796 -0.049065
    outer loop
      vertex 16.4 1 5.72205e-07
      vertex 26.4 0.994222 0.117621
      vertex 16.4 0.994222 0.117621
    endloop
  endfacet
  facet normal 0 -0.998796 -0.049065
    outer loop
      vertex 26.4 0.994222 0.117621
      vertex 16.4 1 5.72205e-07
      vertex 26.4 1 5.72205e-07
    endloop
  endfacet
  facet normal 0 -0.941543 -0.336894
    outer loop
      vertex 16.4 0.948329 0.348343
      vertex 26.4 0.908656 0.45922
      vertex 16.4 0.908656 0.45922
    endloop
  endfacet
  facet normal 0 -0.941543 -0.336894
    outer loop
      vertex 26.4 0.908656 0.45922
      vertex 16.4 0.948329 0.348343
      vertex 26.4 0.948329 0.348343
    endloop
  endfacet
  facet normal 0 -0.671554 -0.740956
    outer loop
      vertex 16.4 0.561272 0.927613
      vertex 26.4 0.648529 0.848529
      vertex 26.4 0.561272 0.927613
    endloop
  endfacet
  facet normal -0 -0.671554 -0.740956
    outer loop
      vertex 26.4 0.648529 0.848529
      vertex 16.4 0.561272 0.927613
      vertex 16.4 0.648529 0.848529
    endloop
  endfacet
  facet normal 0 -0.336866 -0.941553
    outer loop
      vertex 16.4 0.148342 1.14833
      vertex 26.4 0.259221 1.10866
      vertex 26.4 0.148342 1.14833
    endloop
  endfacet
  facet normal -0 -0.336866 -0.941553
    outer loop
      vertex 26.4 0.259221 1.10866
      vertex 16.4 0.148342 1.14833
      vertex 16.4 0.259221 1.10866
    endloop
  endfacet
  facet normal 0 -0.242949 -0.970039
    outer loop
      vertex 16.4 0.0341087 1.17694
      vertex 26.4 0.148342 1.14833
      vertex 26.4 0.0341087 1.17694
    endloop
  endfacet
  facet normal -0 -0.242949 -0.970039
    outer loop
      vertex 26.4 0.148342 1.14833
      vertex 16.4 0.0341087 1.17694
      vertex 16.4 0.148342 1.14833
    endloop
  endfacet
  facet normal 0 -0.595702 -0.803206
    outer loop
      vertex 16.4 0.466685 0.997764
      vertex 26.4 0.561272 0.927613
      vertex 26.4 0.466685 0.997764
    endloop
  endfacet
  facet normal -0 -0.595702 -0.803206
    outer loop
      vertex 26.4 0.561272 0.927613
      vertex 16.4 0.466685 0.997764
      vertex 16.4 0.561272 0.927613
    endloop
  endfacet
  facet normal 0 -0.85773 -0.5141
    outer loop
      vertex 16.4 0.858306 0.565676
      vertex 26.4 0.797764 0.666685
      vertex 16.4 0.797764 0.666685
    endloop
  endfacet
  facet normal 0 -0.85773 -0.5141
    outer loop
      vertex 26.4 0.797764 0.666685
      vertex 16.4 0.858306 0.565676
      vertex 26.4 0.858306 0.565676
    endloop
  endfacet
  facet normal 0 -0.740956 -0.671554
    outer loop
      vertex 16.4 0.727613 0.761272
      vertex 26.4 0.648529 0.848529
      vertex 16.4 0.648529 0.848529
    endloop
  endfacet
  facet normal 0 -0.740956 -0.671554
    outer loop
      vertex 26.4 0.648529 0.848529
      vertex 16.4 0.727613 0.761272
      vertex 26.4 0.727613 0.761272
    endloop
  endfacet
  facet normal 0 -0.427559 -0.903988
    outer loop
      vertex 16.4 0.259221 1.10866
      vertex 26.4 0.365676 1.05831
      vertex 26.4 0.259221 1.10866
    endloop
  endfacet
  facet normal -0 -0.427559 -0.903988
    outer loop
      vertex 26.4 0.365676 1.05831
      vertex 16.4 0.259221 1.10866
      vertex 16.4 0.365676 1.05831
    endloop
  endfacet
  facet normal 0 -0.903989 -0.427556
    outer loop
      vertex 16.4 0.908656 0.45922
      vertex 26.4 0.858306 0.565676
      vertex 16.4 0.858306 0.565676
    endloop
  endfacet
  facet normal 0 -0.903989 -0.427556
    outer loop
      vertex 26.4 0.858306 0.565676
      vertex 16.4 0.908656 0.45922
      vertex 26.4 0.908656 0.45922
    endloop
  endfacet
  facet normal 0 -0.146782 -0.989169
    outer loop
      vertex 16.4 9.15527e-06 1.182
      vertex 26.4 0.0341087 1.17694
      vertex 26.4 9.15527e-06 1.182
    endloop
  endfacet
  facet normal -0 -0.146782 -0.989169
    outer loop
      vertex 26.4 0.0341087 1.17694
      vertex 16.4 9.15527e-06 1.182
      vertex 16.4 0.0341087 1.17694
    endloop
  endfacet
  facet normal 0 -0.514125 -0.857715
    outer loop
      vertex 16.4 0.365676 1.05831
      vertex 26.4 0.466685 0.997764
      vertex 26.4 0.365676 1.05831
    endloop
  endfacet
  facet normal -0 -0.514125 -0.857715
    outer loop
      vertex 26.4 0.466685 0.997764
      vertex 16.4 0.365676 1.05831
      vertex 16.4 0.466685 0.997764
    endloop
  endfacet
  facet normal 0 -0.803206 -0.595702
    outer loop
      vertex 16.4 0.797764 0.666685
      vertex 26.4 0.727613 0.761272
      vertex 16.4 0.727613 0.761272
    endloop
  endfacet
  facet normal 0 -0.803206 -0.595702
    outer loop
      vertex 26.4 0.727613 0.761272
      vertex 16.4 0.797764 0.666685
      vertex 26.4 0.797764 0.666685
    endloop
  endfacet
  facet normal 1 0 0
    outer loop
      vertex 16.4 9.15527e-06 5.72205e-07
      vertex 16.4 0.994222 0.117621
      vertex 16.4 0.976943 0.234109
    endloop
  endfacet
  facet normal 1 0 0
    outer loop
      vertex 16.4 9.15527e-06 5.72205e-07
      vertex 16.4 0.976943 0.234109
      vertex 16.4 0.948329 0.348343
    endloop
  endfacet
  facet normal 1 0 0
    outer loop
      vertex 16.4 9.15527e-06 5.72205e-07
      vertex 16.4 0.948329 0.348343
      vertex 16.4 0.908656 0.45922
    endloop
  endfacet
  facet normal 1 0 0
    outer loop
      vertex 16.4 9.15527e-06 5.72205e-07
      vertex 16.4 0.908656 0.45922
      vertex 16.4 0.858306 0.565676
    endloop
  endfacet
  facet normal 1 0 0
    outer loop
      vertex 16.4 9.15527e-06 5.72205e-07
      vertex 16.4 0.858306 0.565676
      vertex 16.4 0.797764 0.666685
    endloop
  endfacet
  facet normal 1 0 0
    outer loop
      vertex 16.4 9.15527e-06 5.72205e-07
      vertex 16.4 0.797764 0.666685
      vertex 16.4 0.727613 0.761272
    endloop
  endfacet
  facet normal 1 0 0
    outer loop
      vertex 16.4 9.15527e-06 5.72205e-07
      vertex 16.4 0.727613 0.761272
      vertex 16.4 0.648529 0.848529
    endloop
  endfacet
  facet normal 1 0 0
    outer loop
      vertex 16.4 9.15527e-06 5.72205e-07
      vertex 16.4 0.648529 0.848529
      vertex 16.4 0.561272 0.927613
    endloop
  endfacet
  facet normal 1 0 0
    outer loop
      vertex 16.4 9.15527e-06 5.72205e-07
      vertex 16.4 0.561272 0.927613
      vertex 16.4 0.466685 0.997764
    endloop
  endfacet
  facet normal 1 0 0
    outer loop
      vertex 16.4 9.15527e-06 5.72205e-07
      vertex 16.4 0.466685 0.997764
      vertex 16.4 0.365676 1.05831
    endloop
  endfacet
  facet normal 1 0 0
    outer loop
      vertex 16.4 9.15527e-06 5.72205e-07
      vertex 16.4 0.365676 1.05831
      vertex 16.4 0.259221 1.10866
    endloop
  endfacet
  facet normal 1 0 0
    outer loop
      vertex 16.4 9.15527e-06 5.72205e-07
      vertex 16.4 0.259221 1.10866
      vertex 16.4 0.148342 1.14833
    endloop
  endfacet
  facet normal 1 0 0
    outer loop
      vertex 16.4 9.15527e-06 5.72205e-07
      vertex 16.4 0.148342 1.14833
      vertex 16.4 0.0341087 1.17694
    endloop
  endfacet
  facet normal 1 0 0
    outer loop
      vertex 16.4 9.15527e-06 5.72205e-07
      vertex 16.4 0.0341087 1.17694
      vertex 16.4 9.15527e-06 1.182
    endloop
  endfacet
  facet normal 1 0 0
    outer loop
      vertex 16.4 0.994222 0.117621
      vertex 16.4 9.15527e-06 5.72205e-07
      vertex 16.4 1 5.72205e-07
    endloop
  endfacet
  facet normal -1 0 0
    outer loop
      vertex 26.4 9.15527e-06 5.72205e-07
      vertex 26.4 0.994222 0.117621
      vertex 26.4 1 5.72205e-07
    endloop
  endfacet
  facet normal -1 -0 0
    outer loop
      vertex 26.4 0.994222 0.117621
      vertex 26.4 9.15527e-06 5.72205e-07
      vertex 26.4 0.976943 0.234109
    endloop
  endfacet
  facet normal -1 -0 0
    outer loop
      vertex 26.4 0.976943 0.234109
      vertex 26.4 9.15527e-06 5.72205e-07
      vertex 26.4 0.948329 0.348343
    endloop
  endfacet
  facet normal -1 -0 0
    outer loop
      vertex 26.4 0.948329 0.348343
      vertex 26.4 9.15527e-06 5.72205e-07
      vertex 26.4 0.908656 0.45922
    endloop
  endfacet
  facet normal -1 -0 0
    outer loop
      vertex 26.4 0.908656 0.45922
      vertex 26.4 9.15527e-06 5.72205e-07
      vertex 26.4 0.858306 0.565676
    endloop
  endfacet
  facet normal -1 -0 0
    outer loop
      vertex 26.4 0.858306 0.565676
      vertex 26.4 9.15527e-06 5.72205e-07
      vertex 26.4 0.797764 0.666685
    endloop
  endfacet
  facet normal -1 -0 0
    outer loop
      vertex 26.4 0.797764 0.666685
      vertex 26.4 9.15527e-06 5.72205e-07
      vertex 26.4 0.727613 0.761272
    endloop
  endfacet
  facet normal -1 -0 0
    outer loop
      vertex 26.4 0.727613 0.761272
      vertex 26.4 9.15527e-06 5.72205e-07
      vertex 26.4 0.648529 0.848529
    endloop
  endfacet
  facet normal -1 -0 0
    outer loop
      vertex 26.4 0.648529 0.848529
      vertex 26.4 9.15527e-06 5.72205e-07
      vertex 26.4 0.561272 0.927613
    endloop
  endfacet
  facet normal -1 -0 0
    outer loop
      vertex 26.4 0.561272 0.927613
      vertex 26.4 9.15527e-06 5.72205e-07
      vertex 26.4 0.466685 0.997764
    endloop
  endfacet
  facet normal -1 -0 0
    outer loop
      vertex 26.4 0.466685 0.997764
      vertex 26.4 9.15527e-06 5.72205e-07
      vertex 26.4 0.365676 1.05831
    endloop
  endfacet
  facet normal -1 -0 0
    outer loop
      vertex 26.4 0.365676 1.05831
      vertex 26.4 9.15527e-06 5.72205e-07
      vertex 26.4 0.259221 1.10866
    endloop
  endfacet
  facet normal -1 -0 0
    outer loop
      vertex 26.4 0.259221 1.10866
      vertex 26.4 9.15527e-06 5.72205e-07
      vertex 26.4 0.148342 1.14833
    endloop
  endfacet
  facet normal -1 -0 0
    outer loop
      vertex 26.4 0.148342 1.14833
      vertex 26.4 9.15527e-06 5.72205e-07
      vertex 26.4 0.0341087 1.17694
    endloop
  endfacet
  facet normal -1 -0 0
    outer loop
      vertex 26.4 0.0341087 1.17694
      vertex 26.4 9.15527e-06 5.72205e-07
      vertex 26.4 9.15527e-06 1.182
    endloop
  endfacet
  facet normal 0 -0.970032 -0.242979
    outer loop
      vertex 16.4 0.976943 0.234109
      vertex 26.4 0.948329 0.348343
      vertex 16.4 0.948329 0.348343
    endloop
  endfacet
  facet normal 0 -0.970032 -0.242979
    outer loop
      vertex 26.4 0.948329 0.348343
      vertex 16.4 0.976943 0.234109
      vertex 26.4 0.976943 0.234109
    endloop
  endfacet
  facet normal 0 -0.989177 -0.146727
    outer loop
      vertex 16.4 0.994222 0.117621
      vertex 26.4 0.976943 0.234109
      vertex 16.4 0.976943 0.234109
    endloop
  endfacet
  facet normal 0 -0.989177 -0.146727
    outer loop
      vertex 26.4 0.976943 0.234109
      vertex 16.4 0.994222 0.117621
      vertex 26.4 0.994222 0.117621
    endloop
  endfacet
endsolid OpenSCAD_Model
