solid OpenSCAD_Model
  facet normal -0 0 1
    outer loop
      vertex -26.25 -11.1336 10
      vertex -5.36125 -11.416 10
      vertex -5.36125 -11.1336 10
    endloop
  endfacet
  facet normal 0 0 1
    outer loop
      vertex -5.36125 -11.416 10
      vertex -26.25 -11.1336 10
      vertex -26.25 -11.416 10
    endloop
  endfacet
  facet normal -0 0 1
    outer loop
      vertex -26.25 0.366414 10
      vertex -5.36125 -0.366414 10
      vertex -5.36125 0.366414 10
    endloop
  endfacet
  facet normal 0 0 1
    outer loop
      vertex -5.36125 -0.366414 10
      vertex -26.25 0.366414 10
      vertex -26.25 -0.366414 10
    endloop
  endfacet
  facet normal -0 0 1
    outer loop
      vertex -26.25 11.416 10
      vertex -5.36125 11.1336 10
      vertex -5.36125 11.416 10
    endloop
  endfacet
  facet normal 0 0 1
    outer loop
      vertex -5.36125 11.1336 10
      vertex -26.25 11.416 10
      vertex -26.25 11.1336 10
    endloop
  endfacet
  facet normal -0 0 1
    outer loop
      vertex 5.36125 -11.1336 10
      vertex 26.25 -11.416 10
      vertex 26.25 -11.1336 10
    endloop
  endfacet
  facet normal 0 0 1
    outer loop
      vertex 26.25 -11.416 10
      vertex 5.36125 -11.1336 10
      vertex 5.36125 -11.416 10
    endloop
  endfacet
  facet normal -0 0 1
    outer loop
      vertex 5.36125 0.366414 10
      vertex 26.25 -0.366414 10
      vertex 26.25 0.366414 10
    endloop
  endfacet
  facet normal 0 0 1
    outer loop
      vertex 26.25 -0.366414 10
      vertex 5.36125 0.366414 10
      vertex 5.36125 -0.366414 10
    endloop
  endfacet
  facet normal -0 0 1
    outer loop
      vertex 5.36125 11.416 10
      vertex 26.25 11.1336 10
      vertex 26.25 11.416 10
    endloop
  endfacet
  facet normal 0 0 1
    outer loop
      vertex 26.25 11.1336 10
      vertex 5.36125 11.416 10
      vertex 5.36125 11.1336 10
    endloop
  endfacet
  facet normal 0 1 0
    outer loop
      vertex -13.75 11.5 3
      vertex -4.48346 11.5 9.3
      vertex -4.23303 11.5 9.12981
    endloop
  endfacet
  facet normal 0 1 -0
    outer loop
      vertex -29.25 11.5 9.3
      vertex -31.25 11.5 11.8
      vertex -29.25 11.5 11.8
    endloop
  endfacet
  facet normal 0 1 0
    outer loop
      vertex -1.5 11.5 2.55
      vertex -4.23303 11.5 9.12981
      vertex -3.80585 11.5 8.87718
    endloop
  endfacet
  facet normal 0 1 0
    outer loop
      vertex -1.5 11.5 2.55
      vertex -3.80585 11.5 8.87718
      vertex -3.36366 11.5 8.65187
    endloop
  endfacet
  facet normal 0 1 0
    outer loop
      vertex -1.5 11.5 2.55
      vertex -3.36366 11.5 8.65187
      vertex -2.90818 11.5 8.45477
    endloop
  endfacet
  facet normal 0 1 0
    outer loop
      vertex -1.5 11.5 2.55
      vertex -2.90818 11.5 8.45477
      vertex -2.44123 11.5 8.28665
    endloop
  endfacet
  facet normal 0 1 0
    outer loop
      vertex -1.5 11.5 2.55
      vertex -2.44123 11.5 8.28665
      vertex -1.96465 11.5 8.14819
    endloop
  endfacet
  facet normal 0 1 -0
    outer loop
      vertex -1.5 11.5 2.55
      vertex -1.96465 11.5 8.14819
      vertex -1.48031 11.5 8.03993
    endloop
  endfacet
  facet normal 0 1 0
    outer loop
      vertex -1.5 11.5 2.55
      vertex -1.48031 11.5 8.03993
      vertex -0.990132 11.5 7.96229
    endloop
  endfacet
  facet normal 0 1 0
    outer loop
      vertex -1.5 11.5 2.55
      vertex -0.990132 11.5 7.96229
      vertex -0.496044 11.5 7.91559
    endloop
  endfacet
  facet normal 0 1 0
    outer loop
      vertex 0.990132 11.5 7.96229
      vertex 1.5 11.5 2.55
      vertex 0.496044 11.5 7.91559
    endloop
  endfacet
  facet normal 0 1 0
    outer loop
      vertex 0.496044 11.5 7.91559
      vertex 1.5 11.5 2.55
      vertex 0 11.5 7.9
    endloop
  endfacet
  facet normal 0 1 0
    outer loop
      vertex -1.5 11.5 2.55
      vertex 0 11.5 7.9
      vertex 1.5 11.5 2.55
    endloop
  endfacet
  facet normal 0 1 0
    outer loop
      vertex 0 11.5 7.9
      vertex -1.5 11.5 2.55
      vertex -0.496044 11.5 7.91559
    endloop
  endfacet
  facet normal 0 1 -0
    outer loop
      vertex -20.75 11.5 3
      vertex -29.25 11.5 9.3
      vertex -13.75 11.5 3
    endloop
  endfacet
  facet normal 0 1 0
    outer loop
      vertex -31.25 11.5 0
      vertex -20.75 11.5 3
      vertex -20.75 11.5 0
    endloop
  endfacet
  facet normal 0 1 0
    outer loop
      vertex -29.25 11.5 9.3
      vertex -31.25 11.5 0
      vertex -31.25 11.5 11.8
    endloop
  endfacet
  facet normal 0 1 0
    outer loop
      vertex -20.75 11.5 3
      vertex -31.25 11.5 0
      vertex -29.25 11.5 9.3
    endloop
  endfacet
  facet normal 0 1 0
    outer loop
      vertex -4.23303 11.5 9.12981
      vertex -1.5 11.5 2.55
      vertex -13.75 11.5 3
    endloop
  endfacet
  facet normal 0 1 -0
    outer loop
      vertex 13.75 11.5 0
      vertex 1.5 11.5 2.55
      vertex 13.75 11.5 3
    endloop
  endfacet
  facet normal 0 1 0
    outer loop
      vertex 1.5 11.5 2.55
      vertex 13.75 11.5 0
      vertex 1.5 11.5 0
    endloop
  endfacet
  facet normal 0 1 0
    outer loop
      vertex 31.25 11.5 11.8
      vertex 29.25 11.5 9.3
      vertex 29.25 11.5 11.8
    endloop
  endfacet
  facet normal 0 1 0
    outer loop
      vertex 13.75 11.5 3
      vertex 29.25 11.5 9.3
      vertex 20.75 11.5 3
    endloop
  endfacet
  facet normal 0 1 0
    outer loop
      vertex 29.25 11.5 9.3
      vertex 13.75 11.5 3
      vertex 4.48346 11.5 9.3
    endloop
  endfacet
  facet normal 0 1 0
    outer loop
      vertex 4.48346 11.5 9.3
      vertex 13.75 11.5 3
      vertex 4.23303 11.5 9.12981
    endloop
  endfacet
  facet normal 0 1 0
    outer loop
      vertex 1.5 11.5 2.55
      vertex 4.23303 11.5 9.12981
      vertex 13.75 11.5 3
    endloop
  endfacet
  facet normal 0 1 0
    outer loop
      vertex 4.23303 11.5 9.12981
      vertex 1.5 11.5 2.55
      vertex 3.80585 11.5 8.87718
    endloop
  endfacet
  facet normal 0 1 0
    outer loop
      vertex 3.80585 11.5 8.87718
      vertex 1.5 11.5 2.55
      vertex 3.36366 11.5 8.65187
    endloop
  endfacet
  facet normal 0 1 0
    outer loop
      vertex 3.36366 11.5 8.65187
      vertex 1.5 11.5 2.55
      vertex 2.90818 11.5 8.45477
    endloop
  endfacet
  facet normal 0 1 0
    outer loop
      vertex 2.90818 11.5 8.45477
      vertex 1.5 11.5 2.55
      vertex 2.44123 11.5 8.28665
    endloop
  endfacet
  facet normal 0 1 0
    outer loop
      vertex 2.44123 11.5 8.28665
      vertex 1.5 11.5 2.55
      vertex 1.96465 11.5 8.14819
    endloop
  endfacet
  facet normal 0 1 0
    outer loop
      vertex 1.48031 11.5 8.03993
      vertex 1.5 11.5 2.55
      vertex 0.990132 11.5 7.96229
    endloop
  endfacet
  facet normal 0 1 0
    outer loop
      vertex 1.96465 11.5 8.14819
      vertex 1.5 11.5 2.55
      vertex 1.48031 11.5 8.03993
    endloop
  endfacet
  facet normal 0 1 -0
    outer loop
      vertex 31.25 11.5 0
      vertex 29.25 11.5 9.3
      vertex 31.25 11.5 11.8
    endloop
  endfacet
  facet normal 0 1 0
    outer loop
      vertex 31.25 11.5 0
      vertex 20.75 11.5 3
      vertex 29.25 11.5 9.3
    endloop
  endfacet
  facet normal 0 1 0
    outer loop
      vertex 20.75 11.5 3
      vertex 31.25 11.5 0
      vertex 20.75 11.5 0
    endloop
  endfacet
  facet normal 0 1 0
    outer loop
      vertex -4.48346 11.5 9.3
      vertex -13.75 11.5 3
      vertex -29.25 11.5 9.3
    endloop
  endfacet
  facet normal 0 1 0
    outer loop
      vertex -13.75 11.5 0
      vertex -1.5 11.5 2.55
      vertex -1.5 11.5 0
    endloop
  endfacet
  facet normal 0 1 0
    outer loop
      vertex -1.5 11.5 2.55
      vertex -13.75 11.5 0
      vertex -13.75 11.5 3
    endloop
  endfacet
  facet normal 0 0 -1
    outer loop
      vertex 18.9 -15.5 0
      vertex 20.75 -15.5 0
      vertex 20.7308 -15.8658 0
    endloop
  endfacet
  facet normal 0 0 -1
    outer loop
      vertex 22.25 8.49457 0
      vertex 22.0773 8.49457 0
      vertex 22.25 8.5 0
    endloop
  endfacet
  facet normal 0 0 -1
    outer loop
      vertex 22.0773 -3.00543 0
      vertex 22.25 -3 0
      vertex 22.25 -3.00543 0
    endloop
  endfacet
  facet normal -0 0 -1
    outer loop
      vertex 22.25 -3 0
      vertex 22.0773 -3.00543 0
      vertex 22.25 3 0
    endloop
  endfacet
  facet normal 0 0 -1
    outer loop
      vertex 22.0773 3.00543 0
      vertex 22.25 3 0
      vertex 22.0773 -3.00543 0
    endloop
  endfacet
  facet normal 0 0 -1
    outer loop
      vertex 22.25 3 0
      vertex 22.0773 3.00543 0
      vertex 22.25 3.00543 0
    endloop
  endfacet
  facet normal 0 0 -1
    outer loop
      vertex 21.7347 -3.04871 0
      vertex 22.0773 3.00543 0
      vertex 22.0773 -3.00543 0
    endloop
  endfacet
  facet normal 0 0 -1
    outer loop
      vertex 21.7347 -3.04871 0
      vertex 21.7347 3.04871 0
      vertex 22.0773 3.00543 0
    endloop
  endfacet
  facet normal 0 0 -1
    outer loop
      vertex 21.4002 -3.13459 0
      vertex 21.7347 3.04871 0
      vertex 21.7347 -3.04871 0
    endloop
  endfacet
  facet normal 0 0 -1
    outer loop
      vertex 21.4002 -3.13459 0
      vertex 21.4002 3.13459 0
      vertex 21.7347 3.04871 0
    endloop
  endfacet
  facet normal 0 0 -1
    outer loop
      vertex 21.0791 -3.26173 0
      vertex 21.4002 3.13459 0
      vertex 21.4002 -3.13459 0
    endloop
  endfacet
  facet normal 0 0 -1
    outer loop
      vertex 21.0791 -3.26173 0
      vertex 21.0791 3.26173 0
      vertex 21.4002 3.13459 0
    endloop
  endfacet
  facet normal 0 0 -1
    outer loop
      vertex 20.7765 -3.4281 0
      vertex 21.0791 3.26173 0
      vertex 21.0791 -3.26173 0
    endloop
  endfacet
  facet normal 0 0 -1
    outer loop
      vertex 20.7765 -3.4281 0
      vertex 20.7765 3.4281 0
      vertex 21.0791 3.26173 0
    endloop
  endfacet
  facet normal 0 0 -1
    outer loop
      vertex 20.4971 -3.63109 0
      vertex 20.7765 3.4281 0
      vertex 20.7765 -3.4281 0
    endloop
  endfacet
  facet normal 0 0 -1
    outer loop
      vertex 20.4971 -3.63109 0
      vertex 20.4971 3.63109 0
      vertex 20.7765 3.4281 0
    endloop
  endfacet
  facet normal 0 0 -1
    outer loop
      vertex 20.2453 -3.86749 0
      vertex 20.4971 3.63109 0
      vertex 20.4971 -3.63109 0
    endloop
  endfacet
  facet normal 0 0 -1
    outer loop
      vertex 20.2453 -3.86749 0
      vertex 20.2453 3.86749 0
      vertex 20.4971 3.63109 0
    endloop
  endfacet
  facet normal 0 0 -1
    outer loop
      vertex 20.0252 -4.13359 0
      vertex 20.2453 3.86749 0
      vertex 20.2453 -3.86749 0
    endloop
  endfacet
  facet normal 0 0 -1
    outer loop
      vertex 20.0252 -4.13359 0
      vertex 20.0252 4.13359 0
      vertex 20.2453 3.86749 0
    endloop
  endfacet
  facet normal 0 0 -1
    outer loop
      vertex 19.8402 -4.42518 0
      vertex 20.0252 4.13359 0
      vertex 20.0252 -4.13359 0
    endloop
  endfacet
  facet normal 0 0 -1
    outer loop
      vertex 19.8402 -4.42518 0
      vertex 19.8402 4.42518 0
      vertex 20.0252 4.13359 0
    endloop
  endfacet
  facet normal 0 0 -1
    outer loop
      vertex 5.5 -4.75 0
      vertex 19.8402 -4.42518 0
      vertex 19.6931 -4.73766 0
    endloop
  endfacet
  facet normal -0 0 -1
    outer loop
      vertex 19.8402 -4.42518 0
      vertex 5.5 -4.75 0
      vertex 19.8402 4.42518 0
    endloop
  endfacet
  facet normal 0 0 -1
    outer loop
      vertex 5.5 -4.75 0
      vertex 19.6931 -4.73766 0
      vertex 19.6891 -4.75 0
    endloop
  endfacet
  facet normal -0 0 -1
    outer loop
      vertex 19.8402 4.42518 0
      vertex 5.5 -4.75 0
      vertex 19.6931 4.73766 0
    endloop
  endfacet
  facet normal -0 0 -1
    outer loop
      vertex 19.6931 4.73766 0
      vertex 5.5 -4.75 0
      vertex 19.6229 4.95364 0
    endloop
  endfacet
  facet normal 0 0 -1
    outer loop
      vertex 1.5 -0.75 0
      vertex 5.5 -4.75 0
      vertex 5.24884 -4.74211 0
    endloop
  endfacet
  facet normal 0 0 -1
    outer loop
      vertex 1.5 -0.75 0
      vertex 5.24884 -4.74211 0
      vertex 4.99867 -4.71846 0
    endloop
  endfacet
  facet normal 0 0 -1
    outer loop
      vertex 1.5 -0.75 0
      vertex 4.99867 -4.71846 0
      vertex 4.75047 -4.67915 0
    endloop
  endfacet
  facet normal 0 0 -1
    outer loop
      vertex 1.5 -0.75 0
      vertex 4.75047 -4.67915 0
      vertex 4.50524 -4.62433 0
    endloop
  endfacet
  facet normal 0 0 -1
    outer loop
      vertex 1.5 -0.75 0
      vertex 4.50524 -4.62433 0
      vertex 4.26393 -4.55423 0
    endloop
  endfacet
  facet normal 0 0 -1
    outer loop
      vertex 1.5 -0.75 0
      vertex 4.26393 -4.55423 0
      vertex 4.0275 -4.46911 0
    endloop
  endfacet
  facet normal 0 0 -1
    outer loop
      vertex 1.5 -0.75 0
      vertex 4.0275 -4.46911 0
      vertex 3.79688 -4.36931 0
    endloop
  endfacet
  facet normal 0 0 -1
    outer loop
      vertex 1.5 -0.75 0
      vertex 3.79688 -4.36931 0
      vertex 3.57298 -4.25523 0
    endloop
  endfacet
  facet normal 0 0 -1
    outer loop
      vertex 1.5 -0.75 0
      vertex 3.57298 -4.25523 0
      vertex 3.35669 -4.12731 0
    endloop
  endfacet
  facet normal 0 0 -1
    outer loop
      vertex 1.5 -0.75 0
      vertex 3.35669 -4.12731 0
      vertex 3.14886 -3.98607 0
    endloop
  endfacet
  facet normal 0 0 -1
    outer loop
      vertex 1.5 -0.75 0
      vertex 3.14886 -3.98607 0
      vertex 2.9503 -3.83205 0
    endloop
  endfacet
  facet normal 0 0 -1
    outer loop
      vertex 1.5 -0.75 0
      vertex 2.9503 -3.83205 0
      vertex 2.76181 -3.66588 0
    endloop
  endfacet
  facet normal 0 0 -1
    outer loop
      vertex 1.5 -0.75 0
      vertex 2.76181 -3.66588 0
      vertex 2.58412 -3.48819 0
    endloop
  endfacet
  facet normal 0 0 -1
    outer loop
      vertex 1.5 -0.75 0
      vertex 2.58412 -3.48819 0
      vertex 2.41795 -3.2997 0
    endloop
  endfacet
  facet normal 0 0 -1
    outer loop
      vertex 1.5 -0.75 0
      vertex 2.41795 -3.2997 0
      vertex 2.26393 -3.10114 0
    endloop
  endfacet
  facet normal 0 0 -1
    outer loop
      vertex 1.5 -0.75 0
      vertex 2.26393 -3.10114 0
      vertex 2.12269 -2.89331 0
    endloop
  endfacet
  facet normal 0 0 -1
    outer loop
      vertex 1.5 -0.75 0
      vertex 2.12269 -2.89331 0
      vertex 1.99477 -2.67702 0
    endloop
  endfacet
  facet normal 0 0 -1
    outer loop
      vertex 1.5 -0.75 0
      vertex 1.99477 -2.67702 0
      vertex 1.88069 -2.45312 0
    endloop
  endfacet
  facet normal 0 0 -1
    outer loop
      vertex 1.5 -0.75 0
      vertex 1.88069 -2.45312 0
      vertex 1.78089 -2.2225 0
    endloop
  endfacet
  facet normal 0 0 -1
    outer loop
      vertex 1.5 -0.75 0
      vertex 1.78089 -2.2225 0
      vertex 1.69577 -1.98607 0
    endloop
  endfacet
  facet normal 0 0 -1
    outer loop
      vertex 1.5 -0.75 0
      vertex 1.69577 -1.98607 0
      vertex 1.62567 -1.74476 0
    endloop
  endfacet
  facet normal 0 0 -1
    outer loop
      vertex 1.5 -0.75 0
      vertex 1.62567 -1.74476 0
      vertex 1.57085 -1.49953 0
    endloop
  endfacet
  facet normal 0 0 -1
    outer loop
      vertex 1.5 -0.75 0
      vertex 1.57085 -1.49953 0
      vertex 1.53154 -1.25133 0
    endloop
  endfacet
  facet normal 0 0 -1
    outer loop
      vertex 1.5 -0.75 0
      vertex 1.53154 -1.25133 0
      vertex 1.50789 -1.00116 0
    endloop
  endfacet
  facet normal 0 0 -1
    outer loop
      vertex 5.5 -4.75 0
      vertex 1.5 -0.75 0
      vertex 1.5 -0.587096 0
    endloop
  endfacet
  facet normal 0 0 -1
    outer loop
      vertex 5.5 -4.75 0
      vertex 1.5 -0.587096 0
      vertex 19.6229 4.95364 0
    endloop
  endfacet
  facet normal 0 0 -1
    outer loop
      vertex 22.25 -3 0
      vertex 29.25 3 0
      vertex 29.25 -3 0
    endloop
  endfacet
  facet normal -0 0 -1
    outer loop
      vertex 29.25 3 0
      vertex 22.25 -3 0
      vertex 22.25 3 0
    endloop
  endfacet
  facet normal 0 0 -1
    outer loop
      vertex 29.25 -3 0
      vertex 31.25 -11.5 0
      vertex 29.25 -8.5 0
    endloop
  endfacet
  facet normal 0 0 -1
    outer loop
      vertex 20.75 -11.5 0
      vertex 29.25 -8.5 0
      vertex 31.25 -11.5 0
    endloop
  endfacet
  facet normal 0 0 -1
    outer loop
      vertex 22.25 -8.5 0
      vertex 22.0773 -8.49457 0
      vertex 22.25 -8.49457 0
    endloop
  endfacet
  facet normal -0 0 -1
    outer loop
      vertex 29.25 -8.5 0
      vertex 20.75 -11.5 0
      vertex 22.25 -8.5 0
    endloop
  endfacet
  facet normal -0 0 -1
    outer loop
      vertex 22.25 -8.5 0
      vertex 20.75 -11.5 0
      vertex 22.0773 -8.49457 0
    endloop
  endfacet
  facet normal -0 0 -1
    outer loop
      vertex 22.0773 -8.49457 0
      vertex 20.75 -11.5 0
      vertex 21.7347 -8.45129 0
    endloop
  endfacet
  facet normal -0 0 -1
    outer loop
      vertex 21.7347 -8.45129 0
      vertex 20.75 -11.5 0
      vertex 21.4002 -8.36541 0
    endloop
  endfacet
  facet normal 0 0 -1
    outer loop
      vertex 20.75 -11.5 0
      vertex 21.0791 -8.23827 0
      vertex 21.4002 -8.36541 0
    endloop
  endfacet
  facet normal 0 0 -1
    outer loop
      vertex 20.75 -11.5 0
      vertex 20.7765 -8.0719 0
      vertex 21.0791 -8.23827 0
    endloop
  endfacet
  facet normal 0 0 -1
    outer loop
      vertex 18.8639 -15.8431 0
      vertex 20.7308 -15.8658 0
      vertex 20.6735 -16.2277 0
    endloop
  endfacet
  facet normal 0 0 -1
    outer loop
      vertex 18.5849 -14.5302 0
      vertex 20.75 -15.5 0
      vertex 18.7574 -14.8289 0
    endloop
  endfacet
  facet normal 0 0 -1
    outer loop
      vertex 18.8639 -15.8431 0
      vertex 20.6735 -16.2277 0
      vertex 20.5787 -16.5816 0
    endloop
  endfacet
  facet normal 0 0 -1
    outer loop
      vertex 20.75 -15.5 0
      vertex 18.5849 -14.5302 0
      vertex 20.75 -11.5 0
    endloop
  endfacet
  facet normal 0 0 -1
    outer loop
      vertex 18.7574 -16.1711 0
      vertex 20.5787 -16.5816 0
      vertex 20.4474 -16.9236 0
    endloop
  endfacet
  facet normal 0 0 -1
    outer loop
      vertex 18.7574 -16.1711 0
      vertex 20.4474 -16.9236 0
      vertex 20.2811 -17.25 0
    endloop
  endfacet
  facet normal 0 0 -1
    outer loop
      vertex 18.3541 -14.2738 0
      vertex 20.75 -11.5 0
      vertex 18.5849 -14.5302 0
    endloop
  endfacet
  facet normal 0 0 -1
    outer loop
      vertex 18.5849 -16.4698 0
      vertex 20.2811 -17.25 0
      vertex 20.0816 -17.5572 0
    endloop
  endfacet
  facet normal 0 0 -1
    outer loop
      vertex 20.75 -15.5 0
      vertex 18.8639 -15.1569 0
      vertex 18.7574 -14.8289 0
    endloop
  endfacet
  facet normal 0 0 -1
    outer loop
      vertex 18.5849 -16.4698 0
      vertex 20.0816 -17.5572 0
      vertex 19.851 -17.842 0
    endloop
  endfacet
  facet normal 0 0 -1
    outer loop
      vertex 18.075 -14.0711 0
      vertex 20.75 -11.5 0
      vertex 18.3541 -14.2738 0
    endloop
  endfacet
  facet normal 0 0 -1
    outer loop
      vertex 17.7599 -13.9308 0
      vertex 20.75 -11.5 0
      vertex 18.075 -14.0711 0
    endloop
  endfacet
  facet normal 0 0 -1
    outer loop
      vertex 17.4225 -13.859 0
      vertex 20.75 -11.5 0
      vertex 17.7599 -13.9308 0
    endloop
  endfacet
  facet normal 0 0 -1
    outer loop
      vertex 18.3541 -16.7262 0
      vertex 19.851 -17.842 0
      vertex 19.592 -18.101 0
    endloop
  endfacet
  facet normal 0 0 -1
    outer loop
      vertex 18.3541 -16.7262 0
      vertex 19.592 -18.101 0
      vertex 19.3072 -18.3316 0
    endloop
  endfacet
  facet normal 0 0 -1
    outer loop
      vertex 18.075 -16.9289 0
      vertex 19.3072 -18.3316 0
      vertex 19 -18.5311 0
    endloop
  endfacet
  facet normal 0 0 -1
    outer loop
      vertex 20.75 -15.5 0
      vertex 18.9 -15.5 0
      vertex 18.8639 -15.1569 0
    endloop
  endfacet
  facet normal 0 0 -1
    outer loop
      vertex 20.75 -11.5 0
      vertex 20.4971 -7.86891 0
      vertex 20.7765 -8.0719 0
    endloop
  endfacet
  facet normal 0 0 -1
    outer loop
      vertex 13.75 -11.5 0
      vertex 20.75 -11.5 0
      vertex 17.4225 -13.859 0
    endloop
  endfacet
  facet normal 0 0 -1
    outer loop
      vertex 20.75 -11.5 0
      vertex 20.2453 -7.6325 0
      vertex 20.4971 -7.86891 0
    endloop
  endfacet
  facet normal 0 0 -1
    outer loop
      vertex 20.75 -11.5 0
      vertex 13.75 -11.5 0
      vertex 20.2453 -7.6325 0
    endloop
  endfacet
  facet normal -0 0 -1
    outer loop
      vertex 20.2453 -7.6325 0
      vertex 13.75 -11.5 0
      vertex 20.0252 -7.36641 0
    endloop
  endfacet
  facet normal -0 0 -1
    outer loop
      vertex 20.0252 -7.36641 0
      vertex 13.75 -11.5 0
      vertex 19.8402 -7.07482 0
    endloop
  endfacet
  facet normal -0 0 -1
    outer loop
      vertex 19.8402 -7.07482 0
      vertex 13.75 -11.5 0
      vertex 19.6931 -6.76234 0
    endloop
  endfacet
  facet normal 0 0 -1
    outer loop
      vertex 13.75 -11.5 0
      vertex 17.4225 -13.859 0
      vertex 17.0775 -13.859 0
    endloop
  endfacet
  facet normal 0 0 -1
    outer loop
      vertex 13.75 -11.5 0
      vertex 17.0775 -13.859 0
      vertex 16.7401 -13.9308 0
    endloop
  endfacet
  facet normal 0 0 -1
    outer loop
      vertex 13.75 -11.5 0
      vertex 16.7401 -13.9308 0
      vertex 16.425 -14.0711 0
    endloop
  endfacet
  facet normal 0 0 -1
    outer loop
      vertex 13.75 -11.5 0
      vertex 16.425 -14.0711 0
      vertex 16.1459 -14.2738 0
    endloop
  endfacet
  facet normal 0 0 -1
    outer loop
      vertex 13.75 -11.5 0
      vertex 16.1459 -14.2738 0
      vertex 15.9151 -14.5302 0
    endloop
  endfacet
  facet normal 0 0 -1
    outer loop
      vertex 13.75 -15.5 0
      vertex 15.9151 -14.5302 0
      vertex 15.7426 -14.8289 0
    endloop
  endfacet
  facet normal 0 0 -1
    outer loop
      vertex 14.4184 -17.5572 0
      vertex 15.9151 -16.4698 0
      vertex 14.649 -17.842 0
    endloop
  endfacet
  facet normal 0 0 -1
    outer loop
      vertex 14.2189 -17.25 0
      vertex 15.9151 -16.4698 0
      vertex 14.4184 -17.5572 0
    endloop
  endfacet
  facet normal -0 0 -1
    outer loop
      vertex 15.9151 -16.4698 0
      vertex 14.2189 -17.25 0
      vertex 15.7426 -16.1711 0
    endloop
  endfacet
  facet normal 0 0 -1
    outer loop
      vertex 14.0526 -16.9236 0
      vertex 15.7426 -16.1711 0
      vertex 14.2189 -17.25 0
    endloop
  endfacet
  facet normal 0 0 -1
    outer loop
      vertex 13.9213 -16.5816 0
      vertex 15.7426 -16.1711 0
      vertex 14.0526 -16.9236 0
    endloop
  endfacet
  facet normal -0 0 -1
    outer loop
      vertex 15.7426 -16.1711 0
      vertex 13.9213 -16.5816 0
      vertex 15.6361 -15.8431 0
    endloop
  endfacet
  facet normal 0 0 -1
    outer loop
      vertex 13.8265 -16.2277 0
      vertex 15.6361 -15.8431 0
      vertex 13.9213 -16.5816 0
    endloop
  endfacet
  facet normal 0 0 -1
    outer loop
      vertex 13.7692 -15.8658 0
      vertex 15.6361 -15.8431 0
      vertex 13.8265 -16.2277 0
    endloop
  endfacet
  facet normal -0 0 -1
    outer loop
      vertex 15.6361 -15.8431 0
      vertex 13.7692 -15.8658 0
      vertex 15.6 -15.5 0
    endloop
  endfacet
  facet normal 0 0 -1
    outer loop
      vertex 13.75 -15.5 0
      vertex 15.6 -15.5 0
      vertex 13.7692 -15.8658 0
    endloop
  endfacet
  facet normal 0 0 -1
    outer loop
      vertex 15.6 -15.5 0
      vertex 13.75 -15.5 0
      vertex 15.6361 -15.1569 0
    endloop
  endfacet
  facet normal -0 0 -1
    outer loop
      vertex 15.6361 -15.1569 0
      vertex 13.75 -15.5 0
      vertex 15.7426 -14.8289 0
    endloop
  endfacet
  facet normal -0 0 -1
    outer loop
      vertex 15.9151 -14.5302 0
      vertex 13.75 -15.5 0
      vertex 13.75 -11.5 0
    endloop
  endfacet
  facet normal -0 0 -1
    outer loop
      vertex 19.6931 -6.76234 0
      vertex 13.75 -11.5 0
      vertex 19.6891 -6.75 0
    endloop
  endfacet
  facet normal 0 0 -1
    outer loop
      vertex 9 -9.5 0
      vertex 13.75 -11.5 0
      vertex 9 -11 0
    endloop
  endfacet
  facet normal 0 0 -1
    outer loop
      vertex 13.75 -11.5 0
      vertex 9 -9.5 0
      vertex 19.6891 -6.75 0
    endloop
  endfacet
  facet normal 0 0 -1
    outer loop
      vertex 7.75 -8.25 0
      vertex 9 -9.5 0
      vertex 7.75 -9.5 0
    endloop
  endfacet
  facet normal 0 0 -1
    outer loop
      vertex 9 -9.5 0
      vertex 7.75 -8.25 0
      vertex 19.6891 -6.75 0
    endloop
  endfacet
  facet normal 0 0 -1
    outer loop
      vertex 5.5 -6.75 0
      vertex 7.75 -8.25 0
      vertex 6.25 -8.25 0
    endloop
  endfacet
  facet normal 0 0 -1
    outer loop
      vertex 7.75 -8.25 0
      vertex 5.5 -6.75 0
      vertex 19.6891 -6.75 0
    endloop
  endfacet
  facet normal 0 0 -1
    outer loop
      vertex 31.25 -11.5 0
      vertex 29.25 -3 0
      vertex 31.25 11.5 0
    endloop
  endfacet
  facet normal 0 0 -1
    outer loop
      vertex 29.25 3 0
      vertex 31.25 11.5 0
      vertex 29.25 -3 0
    endloop
  endfacet
  facet normal 0 0 -1
    outer loop
      vertex 29.25 8.5 0
      vertex 31.25 11.5 0
      vertex 29.25 3 0
    endloop
  endfacet
  facet normal 0 0 -1
    outer loop
      vertex 20.75 11.5 0
      vertex 29.25 8.5 0
      vertex 22.25 8.5 0
    endloop
  endfacet
  facet normal 0 0 -1
    outer loop
      vertex 20.75 11.5 0
      vertex 22.25 8.5 0
      vertex 22.0773 8.49457 0
    endloop
  endfacet
  facet normal 0 0 -1
    outer loop
      vertex 20.75 11.5 0
      vertex 22.0773 8.49457 0
      vertex 21.7347 8.45129 0
    endloop
  endfacet
  facet normal 0 0 -1
    outer loop
      vertex 20.75 11.5 0
      vertex 21.7347 8.45129 0
      vertex 21.4002 8.36541 0
    endloop
  endfacet
  facet normal 0 0 -1
    outer loop
      vertex 29.25 8.5 0
      vertex 20.75 11.5 0
      vertex 31.25 11.5 0
    endloop
  endfacet
  facet normal 0 0 -1
    outer loop
      vertex 21.0791 8.23827 0
      vertex 20.75 11.5 0
      vertex 21.4002 8.36541 0
    endloop
  endfacet
  facet normal 0 0 -1
    outer loop
      vertex 20.7765 8.0719 0
      vertex 20.75 11.5 0
      vertex 21.0791 8.23827 0
    endloop
  endfacet
  facet normal 0 0 -1
    outer loop
      vertex 18.5849 14.5302 0
      vertex 20.75 15.5 0
      vertex 20.75 11.5 0
    endloop
  endfacet
  facet normal 0 -0 -1
    outer loop
      vertex 18.8639 15.1569 0
      vertex 20.75 15.5 0
      vertex 18.7574 14.8289 0
    endloop
  endfacet
  facet normal 0 0 -1
    outer loop
      vertex 20.4971 7.86891 0
      vertex 20.75 11.5 0
      vertex 20.7765 8.0719 0
    endloop
  endfacet
  facet normal 0 0 -1
    outer loop
      vertex 20.75 15.5 0
      vertex 18.5849 14.5302 0
      vertex 18.7574 14.8289 0
    endloop
  endfacet
  facet normal 0 0 -1
    outer loop
      vertex 20.2453 7.6325 0
      vertex 20.75 11.5 0
      vertex 20.4971 7.86891 0
    endloop
  endfacet
  facet normal 0 0 -1
    outer loop
      vertex 20.75 15.5 0
      vertex 18.9 15.5 0
      vertex 20.7308 15.8658 0
    endloop
  endfacet
  facet normal 0 0 -1
    outer loop
      vertex 18.8639 15.8431 0
      vertex 20.7308 15.8658 0
      vertex 18.9 15.5 0
    endloop
  endfacet
  facet normal 0 0 -1
    outer loop
      vertex 13.75 11.5 0
      vertex 20.75 11.5 0
      vertex 20.2453 7.6325 0
    endloop
  endfacet
  facet normal -0 0 -1
    outer loop
      vertex 20.7308 15.8658 0
      vertex 18.8639 15.8431 0
      vertex 20.6735 16.2277 0
    endloop
  endfacet
  facet normal 0 0 -1
    outer loop
      vertex 13.75 11.5 0
      vertex 20.2453 7.6325 0
      vertex 20.0252 7.36641 0
    endloop
  endfacet
  facet normal 0 0 -1
    outer loop
      vertex 13.75 11.5 0
      vertex 20.0252 7.36641 0
      vertex 19.869 7.12025 0
    endloop
  endfacet
  facet normal 0 0 -1
    outer loop
      vertex 18.7574 16.1711 0
      vertex 20.5787 16.5816 0
      vertex 18.8639 15.8431 0
    endloop
  endfacet
  facet normal -0 0 -1
    outer loop
      vertex 20.5787 16.5816 0
      vertex 18.7574 16.1711 0
      vertex 20.4474 16.9236 0
    endloop
  endfacet
  facet normal -0 0 -1
    outer loop
      vertex 20.4474 16.9236 0
      vertex 18.7574 16.1711 0
      vertex 20.2811 17.25 0
    endloop
  endfacet
  facet normal -0 0 -1
    outer loop
      vertex 20.2811 17.25 0
      vertex 18.5849 16.4698 0
      vertex 20.0816 17.5572 0
    endloop
  endfacet
  facet normal -0 0 -1
    outer loop
      vertex 20.0816 17.5572 0
      vertex 18.5849 16.4698 0
      vertex 19.851 17.842 0
    endloop
  endfacet
  facet normal 0 0 -1
    outer loop
      vertex 18.5849 16.4698 0
      vertex 20.2811 17.25 0
      vertex 18.7574 16.1711 0
    endloop
  endfacet
  facet normal -0 0 -1
    outer loop
      vertex 20.6735 16.2277 0
      vertex 18.8639 15.8431 0
      vertex 20.5787 16.5816 0
    endloop
  endfacet
  facet normal 0 -0 -1
    outer loop
      vertex 18.9 15.5 0
      vertex 20.75 15.5 0
      vertex 18.8639 15.1569 0
    endloop
  endfacet
  facet normal 0 0 -1
    outer loop
      vertex 20.75 11.5 0
      vertex 18.3541 14.2738 0
      vertex 18.5849 14.5302 0
    endloop
  endfacet
  facet normal 0 0 -1
    outer loop
      vertex 20.75 11.5 0
      vertex 18.075 14.0711 0
      vertex 18.3541 14.2738 0
    endloop
  endfacet
  facet normal 0 0 -1
    outer loop
      vertex 20.75 11.5 0
      vertex 17.7599 13.9308 0
      vertex 18.075 14.0711 0
    endloop
  endfacet
  facet normal 0 0 -1
    outer loop
      vertex 20.75 11.5 0
      vertex 17.4225 13.859 0
      vertex 17.7599 13.9308 0
    endloop
  endfacet
  facet normal 0 0 -1
    outer loop
      vertex 20.75 11.5 0
      vertex 13.75 11.5 0
      vertex 17.4225 13.859 0
    endloop
  endfacet
  facet normal -0 0 -1
    outer loop
      vertex 17.4225 13.859 0
      vertex 13.75 11.5 0
      vertex 17.0775 13.859 0
    endloop
  endfacet
  facet normal -0 0 -1
    outer loop
      vertex 17.0775 13.859 0
      vertex 13.75 11.5 0
      vertex 16.7401 13.9308 0
    endloop
  endfacet
  facet normal -0 0 -1
    outer loop
      vertex 16.7401 13.9308 0
      vertex 13.75 11.5 0
      vertex 16.425 14.0711 0
    endloop
  endfacet
  facet normal -0 0 -1
    outer loop
      vertex 16.425 14.0711 0
      vertex 13.75 11.5 0
      vertex 16.1459 14.2738 0
    endloop
  endfacet
  facet normal -0 0 -1
    outer loop
      vertex 16.1459 14.2738 0
      vertex 13.75 11.5 0
      vertex 15.9151 14.5302 0
    endloop
  endfacet
  facet normal 0 0 -1
    outer loop
      vertex 16.425 16.9289 0
      vertex 15.1928 18.3316 0
      vertex 15.5 18.5311 0
    endloop
  endfacet
  facet normal 0 0 -1
    outer loop
      vertex 13.75 15.5 0
      vertex 15.6 15.5 0
      vertex 15.6361 15.1569 0
    endloop
  endfacet
  facet normal 0 0 -1
    outer loop
      vertex 15.6361 15.8431 0
      vertex 14.908 18.101 0
      vertex 15.1928 18.3316 0
    endloop
  endfacet
  facet normal 0 0 -1
    outer loop
      vertex 15.6361 15.8431 0
      vertex 14.649 17.842 0
      vertex 14.908 18.101 0
    endloop
  endfacet
  facet normal 0 0 -1
    outer loop
      vertex 13.75 15.5 0
      vertex 15.6361 15.1569 0
      vertex 15.7426 14.8289 0
    endloop
  endfacet
  facet normal 0 0 -1
    outer loop
      vertex 15.6361 15.8431 0
      vertex 14.4184 17.5572 0
      vertex 14.649 17.842 0
    endloop
  endfacet
  facet normal 0 0 -1
    outer loop
      vertex 15.6361 15.8431 0
      vertex 14.2189 17.25 0
      vertex 14.4184 17.5572 0
    endloop
  endfacet
  facet normal 0 0 -1
    outer loop
      vertex 13.75 15.5 0
      vertex 15.9151 14.5302 0
      vertex 13.75 11.5 0
    endloop
  endfacet
  facet normal 0 0 -1
    outer loop
      vertex 15.6 15.5 0
      vertex 13.75 15.5 0
      vertex 13.7692 15.8658 0
    endloop
  endfacet
  facet normal 0 0 -1
    outer loop
      vertex 15.6361 15.8431 0
      vertex 14.0526 16.9236 0
      vertex 14.2189 17.25 0
    endloop
  endfacet
  facet normal 0 0 -1
    outer loop
      vertex 15.6361 15.8431 0
      vertex 13.9213 16.5816 0
      vertex 14.0526 16.9236 0
    endloop
  endfacet
  facet normal 0 0 -1
    outer loop
      vertex 15.6361 15.8431 0
      vertex 13.8265 16.2277 0
      vertex 13.9213 16.5816 0
    endloop
  endfacet
  facet normal 0 0 -1
    outer loop
      vertex 15.9151 14.5302 0
      vertex 13.75 15.5 0
      vertex 15.7426 14.8289 0
    endloop
  endfacet
  facet normal 0 0 -1
    outer loop
      vertex 1.5 1.50429 0
      vertex 13.75 11.5 0
      vertex 19.869 7.12025 0
    endloop
  endfacet
  facet normal -0 0 -1
    outer loop
      vertex 13.75 11.5 0
      vertex 1.5 1.50429 0
      vertex 1.5 11.5 0
    endloop
  endfacet
  facet normal 0 0 -1
    outer loop
      vertex 6.25 -11.5 0
      vertex 5 -11 0
      vertex 6.25 -11 0
    endloop
  endfacet
  facet normal 0 0 -1
    outer loop
      vertex 1.62567 -9.75524 0
      vertex 5 -9.5 0
      vertex 5 -11 0
    endloop
  endfacet
  facet normal 0 0 -1
    outer loop
      vertex 5 -9.5 0
      vertex 4.75047 -6.82085 0
      vertex 4.99867 -6.78154 0
    endloop
  endfacet
  facet normal 0 0 -1
    outer loop
      vertex 5 -9.5 0
      vertex 4.50524 -6.87567 0
      vertex 4.75047 -6.82085 0
    endloop
  endfacet
  facet normal 0 0 -1
    outer loop
      vertex 5 -9.5 0
      vertex 4.26393 -6.94577 0
      vertex 4.50524 -6.87567 0
    endloop
  endfacet
  facet normal 0 0 -1
    outer loop
      vertex 5 -9.5 0
      vertex 4.0275 -7.03089 0
      vertex 4.26393 -6.94577 0
    endloop
  endfacet
  facet normal 0 0 -1
    outer loop
      vertex 5 -9.5 0
      vertex 3.79688 -7.13069 0
      vertex 4.0275 -7.03089 0
    endloop
  endfacet
  facet normal 0 0 -1
    outer loop
      vertex 5 -9.5 0
      vertex 3.57298 -7.24477 0
      vertex 3.79688 -7.13069 0
    endloop
  endfacet
  facet normal 0 0 -1
    outer loop
      vertex 5 -9.5 0
      vertex 3.35669 -7.37269 0
      vertex 3.57298 -7.24477 0
    endloop
  endfacet
  facet normal 0 0 -1
    outer loop
      vertex 5 -9.5 0
      vertex 3.14886 -7.51393 0
      vertex 3.35669 -7.37269 0
    endloop
  endfacet
  facet normal 0 0 -1
    outer loop
      vertex 5 -9.5 0
      vertex 2.9503 -7.66795 0
      vertex 3.14886 -7.51393 0
    endloop
  endfacet
  facet normal 0 0 -1
    outer loop
      vertex 5 -9.5 0
      vertex 2.76181 -7.83412 0
      vertex 2.9503 -7.66795 0
    endloop
  endfacet
  facet normal 0 0 -1
    outer loop
      vertex 5 -9.5 0
      vertex 2.58412 -8.01181 0
      vertex 2.76181 -7.83412 0
    endloop
  endfacet
  facet normal 0 0 -1
    outer loop
      vertex 5 -9.5 0
      vertex 2.41795 -8.2003 0
      vertex 2.58412 -8.01181 0
    endloop
  endfacet
  facet normal 0 0 -1
    outer loop
      vertex 5 -9.5 0
      vertex 2.26393 -8.39886 0
      vertex 2.41795 -8.2003 0
    endloop
  endfacet
  facet normal 0 0 -1
    outer loop
      vertex 5 -9.5 0
      vertex 2.12269 -8.60669 0
      vertex 2.26393 -8.39886 0
    endloop
  endfacet
  facet normal 0 0 -1
    outer loop
      vertex 5 -9.5 0
      vertex 1.99477 -8.82298 0
      vertex 2.12269 -8.60669 0
    endloop
  endfacet
  facet normal 0 0 -1
    outer loop
      vertex 5 -9.5 0
      vertex 1.88069 -9.04688 0
      vertex 1.99477 -8.82298 0
    endloop
  endfacet
  facet normal 0 0 -1
    outer loop
      vertex 5 -9.5 0
      vertex 1.78089 -9.2775 0
      vertex 1.88069 -9.04688 0
    endloop
  endfacet
  facet normal -0 0 -1
    outer loop
      vertex 5 -9.5 0
      vertex 1.69577 -9.51393 0
      vertex 1.78089 -9.2775 0
    endloop
  endfacet
  facet normal 0 0 -1
    outer loop
      vertex 5 -9.5 0
      vertex 1.62567 -9.75524 0
      vertex 1.69577 -9.51393 0
    endloop
  endfacet
  facet normal 0 0 -1
    outer loop
      vertex 1.5 -11.5 0
      vertex 5 -11 0
      vertex 6.25 -11.5 0
    endloop
  endfacet
  facet normal 0 0 -1
    outer loop
      vertex 5 -11 0
      vertex 1.57085 -10.0005 0
      vertex 1.62567 -9.75524 0
    endloop
  endfacet
  facet normal 0 0 -1
    outer loop
      vertex 5 -11 0
      vertex 1.53154 -10.2487 0
      vertex 1.57085 -10.0005 0
    endloop
  endfacet
  facet normal 0 0 -1
    outer loop
      vertex 5 -11 0
      vertex 1.50789 -10.4988 0
      vertex 1.53154 -10.2487 0
    endloop
  endfacet
  facet normal -0 0 -1
    outer loop
      vertex 5 -11 0
      vertex 1.5 -11.5 0
      vertex 1.5 -10.75 0
    endloop
  endfacet
  facet normal 0 0 -1
    outer loop
      vertex 5 -11 0
      vertex 1.5 -10.75 0
      vertex 1.50789 -10.4988 0
    endloop
  endfacet
  facet normal 0 0 -1
    outer loop
      vertex 5 -9.5 0
      vertex 6.25 -8.25 0
      vertex 6.25 -9.5 0
    endloop
  endfacet
  facet normal 0 0 -1
    outer loop
      vertex 4.99867 -6.78154 0
      vertex 6.25 -8.25 0
      vertex 5 -9.5 0
    endloop
  endfacet
  facet normal 0 0 -1
    outer loop
      vertex 6.25 -8.25 0
      vertex 5.24884 -6.75789 0
      vertex 5.5 -6.75 0
    endloop
  endfacet
  facet normal 0 0 -1
    outer loop
      vertex 6.25 -8.25 0
      vertex 4.99867 -6.78154 0
      vertex 5.24884 -6.75789 0
    endloop
  endfacet
  facet normal 0 0 -1
    outer loop
      vertex 7.75 -11.5 0
      vertex 9 -11 0
      vertex 13.75 -11.5 0
    endloop
  endfacet
  facet normal -0 0 -1
    outer loop
      vertex 9 -11 0
      vertex 7.75 -11.5 0
      vertex 7.75 -11 0
    endloop
  endfacet
  facet normal 0 0 -1
    outer loop
      vertex 15.6361 15.8431 0
      vertex 13.7692 15.8658 0
      vertex 13.8265 16.2277 0
    endloop
  endfacet
  facet normal 0 0 -1
    outer loop
      vertex 20.7308 -15.8658 0
      vertex 18.8639 -15.8431 0
      vertex 18.9 -15.5 0
    endloop
  endfacet
  facet normal 0 0 -1
    outer loop
      vertex 20.5787 -16.5816 0
      vertex 18.7574 -16.1711 0
      vertex 18.8639 -15.8431 0
    endloop
  endfacet
  facet normal 0 0 -1
    outer loop
      vertex 18.075 -16.9289 0
      vertex 19 -18.5311 0
      vertex 18.6736 -18.6974 0
    endloop
  endfacet
  facet normal 0 0 -1
    outer loop
      vertex 20.2811 -17.25 0
      vertex 18.5849 -16.4698 0
      vertex 18.7574 -16.1711 0
    endloop
  endfacet
  facet normal 0 0 -1
    outer loop
      vertex 19.851 -17.842 0
      vertex 18.3541 -16.7262 0
      vertex 18.5849 -16.4698 0
    endloop
  endfacet
  facet normal 0 0 -1
    outer loop
      vertex 17.7599 -17.0692 0
      vertex 18.6736 -18.6974 0
      vertex 18.3316 -18.8287 0
    endloop
  endfacet
  facet normal 0 0 -1
    outer loop
      vertex 19.3072 -18.3316 0
      vertex 18.075 -16.9289 0
      vertex 18.3541 -16.7262 0
    endloop
  endfacet
  facet normal 0 0 -1
    outer loop
      vertex 17.7599 -17.0692 0
      vertex 18.3316 -18.8287 0
      vertex 17.9777 -18.9235 0
    endloop
  endfacet
  facet normal 0 0 -1
    outer loop
      vertex 18.6736 -18.6974 0
      vertex 17.7599 -17.0692 0
      vertex 18.075 -16.9289 0
    endloop
  endfacet
  facet normal 0 0 -1
    outer loop
      vertex 17.4225 -17.141 0
      vertex 17.9777 -18.9235 0
      vertex 17.6158 -18.9808 0
    endloop
  endfacet
  facet normal 0 0 -1
    outer loop
      vertex 17.9777 -18.9235 0
      vertex 17.4225 -17.141 0
      vertex 17.7599 -17.0692 0
    endloop
  endfacet
  facet normal 0 0 -1
    outer loop
      vertex 17.25 -19 0
      vertex 17.4225 -17.141 0
      vertex 17.6158 -18.9808 0
    endloop
  endfacet
  facet normal 0 0 -1
    outer loop
      vertex 17.25 -19 0
      vertex 17.0775 -17.141 0
      vertex 17.4225 -17.141 0
    endloop
  endfacet
  facet normal 0 0 -1
    outer loop
      vertex 16.8841 -18.9808 0
      vertex 17.0775 -17.141 0
      vertex 17.25 -19 0
    endloop
  endfacet
  facet normal 0 0 -1
    outer loop
      vertex 16.5223 -18.9235 0
      vertex 17.0775 -17.141 0
      vertex 16.8841 -18.9808 0
    endloop
  endfacet
  facet normal -0 0 -1
    outer loop
      vertex 17.0775 -17.141 0
      vertex 16.5223 -18.9235 0
      vertex 16.7401 -17.0692 0
    endloop
  endfacet
  facet normal 0 0 -1
    outer loop
      vertex 16.1684 -18.8287 0
      vertex 16.7401 -17.0692 0
      vertex 16.5223 -18.9235 0
    endloop
  endfacet
  facet normal 0 0 -1
    outer loop
      vertex 15.8264 -18.6974 0
      vertex 16.7401 -17.0692 0
      vertex 16.1684 -18.8287 0
    endloop
  endfacet
  facet normal -0 0 -1
    outer loop
      vertex 16.7401 -17.0692 0
      vertex 15.8264 -18.6974 0
      vertex 16.425 -16.9289 0
    endloop
  endfacet
  facet normal 0 0 -1
    outer loop
      vertex 15.5 -18.5311 0
      vertex 16.425 -16.9289 0
      vertex 15.8264 -18.6974 0
    endloop
  endfacet
  facet normal 0 0 -1
    outer loop
      vertex 15.1928 -18.3316 0
      vertex 16.425 -16.9289 0
      vertex 15.5 -18.5311 0
    endloop
  endfacet
  facet normal -0 0 -1
    outer loop
      vertex 16.425 -16.9289 0
      vertex 15.1928 -18.3316 0
      vertex 16.1459 -16.7262 0
    endloop
  endfacet
  facet normal 0 0 -1
    outer loop
      vertex 14.908 -18.101 0
      vertex 16.1459 -16.7262 0
      vertex 15.1928 -18.3316 0
    endloop
  endfacet
  facet normal 0 0 -1
    outer loop
      vertex 14.649 -17.842 0
      vertex 16.1459 -16.7262 0
      vertex 14.908 -18.101 0
    endloop
  endfacet
  facet normal -0 0 -1
    outer loop
      vertex 16.1459 -16.7262 0
      vertex 14.649 -17.842 0
      vertex 15.9151 -16.4698 0
    endloop
  endfacet
  facet normal 0 0 -1
    outer loop
      vertex 18.3541 16.7262 0
      vertex 19.851 17.842 0
      vertex 18.5849 16.4698 0
    endloop
  endfacet
  facet normal -0 0 -1
    outer loop
      vertex 19.851 17.842 0
      vertex 18.3541 16.7262 0
      vertex 19.592 18.101 0
    endloop
  endfacet
  facet normal -0 0 -1
    outer loop
      vertex 19.592 18.101 0
      vertex 18.3541 16.7262 0
      vertex 19.3072 18.3316 0
    endloop
  endfacet
  facet normal 0 0 -1
    outer loop
      vertex 18.075 16.9289 0
      vertex 19.3072 18.3316 0
      vertex 18.3541 16.7262 0
    endloop
  endfacet
  facet normal -0 0 -1
    outer loop
      vertex 19.3072 18.3316 0
      vertex 18.075 16.9289 0
      vertex 19 18.5311 0
    endloop
  endfacet
  facet normal -0 0 -1
    outer loop
      vertex 19 18.5311 0
      vertex 18.075 16.9289 0
      vertex 18.6736 18.6974 0
    endloop
  endfacet
  facet normal 0 0 -1
    outer loop
      vertex 17.7599 17.0692 0
      vertex 18.6736 18.6974 0
      vertex 18.075 16.9289 0
    endloop
  endfacet
  facet normal -0 0 -1
    outer loop
      vertex 18.6736 18.6974 0
      vertex 17.7599 17.0692 0
      vertex 18.3316 18.8287 0
    endloop
  endfacet
  facet normal -0 0 -1
    outer loop
      vertex 18.3316 18.8287 0
      vertex 17.7599 17.0692 0
      vertex 17.9777 18.9235 0
    endloop
  endfacet
  facet normal 0 0 -1
    outer loop
      vertex 17.4225 17.141 0
      vertex 17.9777 18.9235 0
      vertex 17.7599 17.0692 0
    endloop
  endfacet
  facet normal -0 0 -1
    outer loop
      vertex 17.9777 18.9235 0
      vertex 17.4225 17.141 0
      vertex 17.6158 18.9808 0
    endloop
  endfacet
  facet normal 0 0 -1
    outer loop
      vertex 17.4225 17.141 0
      vertex 17.25 19 0
      vertex 17.6158 18.9808 0
    endloop
  endfacet
  facet normal 0 0 -1
    outer loop
      vertex 17.0775 17.141 0
      vertex 17.25 19 0
      vertex 17.4225 17.141 0
    endloop
  endfacet
  facet normal 0 0 -1
    outer loop
      vertex 17.0775 17.141 0
      vertex 16.8841 18.9808 0
      vertex 17.25 19 0
    endloop
  endfacet
  facet normal 0 0 -1
    outer loop
      vertex 16.5223 18.9235 0
      vertex 17.0775 17.141 0
      vertex 16.7401 17.0692 0
    endloop
  endfacet
  facet normal 0 0 -1
    outer loop
      vertex 17.0775 17.141 0
      vertex 16.5223 18.9235 0
      vertex 16.8841 18.9808 0
    endloop
  endfacet
  facet normal 0 0 -1
    outer loop
      vertex 15.8264 18.6974 0
      vertex 16.7401 17.0692 0
      vertex 16.425 16.9289 0
    endloop
  endfacet
  facet normal 0 0 -1
    outer loop
      vertex 16.7401 17.0692 0
      vertex 16.1684 18.8287 0
      vertex 16.5223 18.9235 0
    endloop
  endfacet
  facet normal 0 0 -1
    outer loop
      vertex 15.1928 18.3316 0
      vertex 16.425 16.9289 0
      vertex 16.1459 16.7262 0
    endloop
  endfacet
  facet normal 0 0 -1
    outer loop
      vertex 15.1928 18.3316 0
      vertex 16.1459 16.7262 0
      vertex 15.9151 16.4698 0
    endloop
  endfacet
  facet normal 0 0 -1
    outer loop
      vertex 16.7401 17.0692 0
      vertex 15.8264 18.6974 0
      vertex 16.1684 18.8287 0
    endloop
  endfacet
  facet normal 0 0 -1
    outer loop
      vertex 15.1928 18.3316 0
      vertex 15.9151 16.4698 0
      vertex 15.7426 16.1711 0
    endloop
  endfacet
  facet normal 0 0 -1
    outer loop
      vertex 15.1928 18.3316 0
      vertex 15.7426 16.1711 0
      vertex 15.6361 15.8431 0
    endloop
  endfacet
  facet normal 0 0 -1
    outer loop
      vertex 13.7692 15.8658 0
      vertex 15.6361 15.8431 0
      vertex 15.6 15.5 0
    endloop
  endfacet
  facet normal 0 0 -1
    outer loop
      vertex 16.425 16.9289 0
      vertex 15.5 18.5311 0
      vertex 15.8264 18.6974 0
    endloop
  endfacet
  facet normal -0 0 -1
    outer loop
      vertex -22.0773 -8.49457 0
      vertex -22.25 -8.5 0
      vertex -22.25 -8.49457 0
    endloop
  endfacet
  facet normal 0 0 -1
    outer loop
      vertex -29.25 -3 0
      vertex -22.25 3 0
      vertex -22.25 -3 0
    endloop
  endfacet
  facet normal -0 0 -1
    outer loop
      vertex -22.25 3 0
      vertex -29.25 -3 0
      vertex -29.25 3 0
    endloop
  endfacet
  facet normal 0 0 -1
    outer loop
      vertex -5.5 4.75 0
      vertex -1.5 0.75 0
      vertex -1.5 0.587096 0
    endloop
  endfacet
  facet normal 0 0 -1
    outer loop
      vertex -1.5 0.75 0
      vertex -1.53154 1.25133 0
      vertex -1.50789 1.00116 0
    endloop
  endfacet
  facet normal 0 0 -1
    outer loop
      vertex -1.5 0.75 0
      vertex -1.57085 1.49953 0
      vertex -1.53154 1.25133 0
    endloop
  endfacet
  facet normal 0 0 -1
    outer loop
      vertex -1.5 0.75 0
      vertex -1.62567 1.74476 0
      vertex -1.57085 1.49953 0
    endloop
  endfacet
  facet normal 0 0 -1
    outer loop
      vertex -1.5 0.75 0
      vertex -1.69577 1.98607 0
      vertex -1.62567 1.74476 0
    endloop
  endfacet
  facet normal 0 0 -1
    outer loop
      vertex -1.5 0.75 0
      vertex -1.78089 2.2225 0
      vertex -1.69577 1.98607 0
    endloop
  endfacet
  facet normal 0 0 -1
    outer loop
      vertex -1.5 0.75 0
      vertex -1.88069 2.45312 0
      vertex -1.78089 2.2225 0
    endloop
  endfacet
  facet normal 0 0 -1
    outer loop
      vertex -1.5 0.75 0
      vertex -1.99477 2.67702 0
      vertex -1.88069 2.45312 0
    endloop
  endfacet
  facet normal 0 0 -1
    outer loop
      vertex -1.5 0.75 0
      vertex -2.12269 2.89331 0
      vertex -1.99477 2.67702 0
    endloop
  endfacet
  facet normal 0 0 -1
    outer loop
      vertex -1.5 0.75 0
      vertex -2.26393 3.10114 0
      vertex -2.12269 2.89331 0
    endloop
  endfacet
  facet normal 0 0 -1
    outer loop
      vertex -1.5 0.75 0
      vertex -2.41795 3.2997 0
      vertex -2.26393 3.10114 0
    endloop
  endfacet
  facet normal 0 0 -1
    outer loop
      vertex -1.5 0.75 0
      vertex -2.58412 3.48819 0
      vertex -2.41795 3.2997 0
    endloop
  endfacet
  facet normal 0 0 -1
    outer loop
      vertex -1.5 0.75 0
      vertex -2.76181 3.66588 0
      vertex -2.58412 3.48819 0
    endloop
  endfacet
  facet normal 0 0 -1
    outer loop
      vertex -1.5 0.75 0
      vertex -2.9503 3.83205 0
      vertex -2.76181 3.66588 0
    endloop
  endfacet
  facet normal 0 0 -1
    outer loop
      vertex -1.5 0.75 0
      vertex -3.14886 3.98607 0
      vertex -2.9503 3.83205 0
    endloop
  endfacet
  facet normal 0 0 -1
    outer loop
      vertex -1.5 0.75 0
      vertex -3.35669 4.12731 0
      vertex -3.14886 3.98607 0
    endloop
  endfacet
  facet normal 0 0 -1
    outer loop
      vertex -1.5 0.75 0
      vertex -3.57298 4.25523 0
      vertex -3.35669 4.12731 0
    endloop
  endfacet
  facet normal 0 0 -1
    outer loop
      vertex -1.5 0.75 0
      vertex -3.79688 4.36931 0
      vertex -3.57298 4.25523 0
    endloop
  endfacet
  facet normal 0 0 -1
    outer loop
      vertex -1.5 0.75 0
      vertex -4.0275 4.46911 0
      vertex -3.79688 4.36931 0
    endloop
  endfacet
  facet normal 0 0 -1
    outer loop
      vertex -1.5 0.75 0
      vertex -4.26393 4.55423 0
      vertex -4.0275 4.46911 0
    endloop
  endfacet
  facet normal 0 0 -1
    outer loop
      vertex -1.5 0.75 0
      vertex -4.50524 4.62433 0
      vertex -4.26393 4.55423 0
    endloop
  endfacet
  facet normal 0 0 -1
    outer loop
      vertex -1.5 0.75 0
      vertex -4.75047 4.67915 0
      vertex -4.50524 4.62433 0
    endloop
  endfacet
  facet normal 0 0 -1
    outer loop
      vertex -1.5 0.75 0
      vertex -4.99867 4.71846 0
      vertex -4.75047 4.67915 0
    endloop
  endfacet
  facet normal 0 0 -1
    outer loop
      vertex -1.5 0.75 0
      vertex -5.24884 4.74211 0
      vertex -4.99867 4.71846 0
    endloop
  endfacet
  facet normal 0 0 -1
    outer loop
      vertex -1.5 0.75 0
      vertex -5.5 4.75 0
      vertex -5.24884 4.74211 0
    endloop
  endfacet
  facet normal 0 0 -1
    outer loop
      vertex -19.6229 -4.95364 0
      vertex -5.5 4.75 0
      vertex -1.5 0.587096 0
    endloop
  endfacet
  facet normal 0 0 -1
    outer loop
      vertex -19.6931 -4.73766 0
      vertex -5.5 4.75 0
      vertex -19.6229 -4.95364 0
    endloop
  endfacet
  facet normal 0 0 -1
    outer loop
      vertex -19.8402 -4.42518 0
      vertex -5.5 4.75 0
      vertex -19.6931 -4.73766 0
    endloop
  endfacet
  facet normal -0 0 -1
    outer loop
      vertex -5.5 4.75 0
      vertex -19.6931 4.73766 0
      vertex -19.6891 4.75 0
    endloop
  endfacet
  facet normal 0 0 -1
    outer loop
      vertex -19.8402 4.42518 0
      vertex -5.5 4.75 0
      vertex -19.8402 -4.42518 0
    endloop
  endfacet
  facet normal 0 0 -1
    outer loop
      vertex -5.5 4.75 0
      vertex -19.8402 4.42518 0
      vertex -19.6931 4.73766 0
    endloop
  endfacet
  facet normal 0 0 -1
    outer loop
      vertex -20.0252 -4.13359 0
      vertex -19.8402 4.42518 0
      vertex -19.8402 -4.42518 0
    endloop
  endfacet
  facet normal 0 0 -1
    outer loop
      vertex -20.0252 -4.13359 0
      vertex -20.0252 4.13359 0
      vertex -19.8402 4.42518 0
    endloop
  endfacet
  facet normal 0 0 -1
    outer loop
      vertex -20.2453 -3.86749 0
      vertex -20.0252 4.13359 0
      vertex -20.0252 -4.13359 0
    endloop
  endfacet
  facet normal 0 0 -1
    outer loop
      vertex -20.2453 -3.86749 0
      vertex -20.2453 3.86749 0
      vertex -20.0252 4.13359 0
    endloop
  endfacet
  facet normal 0 0 -1
    outer loop
      vertex -20.4971 -3.63109 0
      vertex -20.2453 3.86749 0
      vertex -20.2453 -3.86749 0
    endloop
  endfacet
  facet normal 0 0 -1
    outer loop
      vertex -20.4971 -3.63109 0
      vertex -20.4971 3.63109 0
      vertex -20.2453 3.86749 0
    endloop
  endfacet
  facet normal 0 0 -1
    outer loop
      vertex -20.7765 -3.4281 0
      vertex -20.4971 3.63109 0
      vertex -20.4971 -3.63109 0
    endloop
  endfacet
  facet normal 0 0 -1
    outer loop
      vertex -20.7765 -3.4281 0
      vertex -20.7765 3.4281 0
      vertex -20.4971 3.63109 0
    endloop
  endfacet
  facet normal 0 0 -1
    outer loop
      vertex -21.0791 -3.26173 0
      vertex -20.7765 3.4281 0
      vertex -20.7765 -3.4281 0
    endloop
  endfacet
  facet normal 0 0 -1
    outer loop
      vertex -21.0791 -3.26173 0
      vertex -21.0791 3.26173 0
      vertex -20.7765 3.4281 0
    endloop
  endfacet
  facet normal 0 0 -1
    outer loop
      vertex -21.4002 -3.13459 0
      vertex -21.0791 3.26173 0
      vertex -21.0791 -3.26173 0
    endloop
  endfacet
  facet normal 0 0 -1
    outer loop
      vertex -21.4002 -3.13459 0
      vertex -21.4002 3.13459 0
      vertex -21.0791 3.26173 0
    endloop
  endfacet
  facet normal 0 0 -1
    outer loop
      vertex -21.7347 -3.04871 0
      vertex -21.4002 3.13459 0
      vertex -21.4002 -3.13459 0
    endloop
  endfacet
  facet normal 0 0 -1
    outer loop
      vertex -21.7347 -3.04871 0
      vertex -21.7347 3.04871 0
      vertex -21.4002 3.13459 0
    endloop
  endfacet
  facet normal 0 0 -1
    outer loop
      vertex -22.0773 -3.00543 0
      vertex -21.7347 3.04871 0
      vertex -21.7347 -3.04871 0
    endloop
  endfacet
  facet normal 0 0 -1
    outer loop
      vertex -22.0773 -3.00543 0
      vertex -22.0773 3.00543 0
      vertex -21.7347 3.04871 0
    endloop
  endfacet
  facet normal 0 0 -1
    outer loop
      vertex -22.25 -3 0
      vertex -22.0773 -3.00543 0
      vertex -22.25 -3.00543 0
    endloop
  endfacet
  facet normal 0 0 -1
    outer loop
      vertex -22.0773 -3.00543 0
      vertex -22.25 -3 0
      vertex -22.0773 3.00543 0
    endloop
  endfacet
  facet normal 0 0 -1
    outer loop
      vertex -22.25 3 0
      vertex -22.0773 3.00543 0
      vertex -22.25 -3 0
    endloop
  endfacet
  facet normal -0 0 -1
    outer loop
      vertex -22.0773 3.00543 0
      vertex -22.25 3 0
      vertex -22.25 3.00543 0
    endloop
  endfacet
  facet normal 0 0 -1
    outer loop
      vertex -15.6 -15.5 0
      vertex -13.75 -15.5 0
      vertex -13.7692 -15.8658 0
    endloop
  endfacet
  facet normal 0 0 -1
    outer loop
      vertex -13.75 -11.5 0
      vertex -1.5 -1.50429 0
      vertex -1.5 -11.5 0
    endloop
  endfacet
  facet normal 0 0 -1
    outer loop
      vertex -15.6361 -15.8431 0
      vertex -13.7692 -15.8658 0
      vertex -13.8265 -16.2277 0
    endloop
  endfacet
  facet normal 0 0 -1
    outer loop
      vertex -15.6361 -15.8431 0
      vertex -13.8265 -16.2277 0
      vertex -13.9213 -16.5816 0
    endloop
  endfacet
  facet normal 0 0 -1
    outer loop
      vertex -15.7426 -16.1711 0
      vertex -13.9213 -16.5816 0
      vertex -14.0526 -16.9236 0
    endloop
  endfacet
  facet normal 0 0 -1
    outer loop
      vertex -15.7426 -16.1711 0
      vertex -14.0526 -16.9236 0
      vertex -14.2189 -17.25 0
    endloop
  endfacet
  facet normal 0 0 -1
    outer loop
      vertex -15.9151 -16.4698 0
      vertex -14.2189 -17.25 0
      vertex -14.4184 -17.5572 0
    endloop
  endfacet
  facet normal 0 0 -1
    outer loop
      vertex -15.9151 -16.4698 0
      vertex -14.4184 -17.5572 0
      vertex -14.649 -17.842 0
    endloop
  endfacet
  facet normal 0 0 -1
    outer loop
      vertex -16.1459 -16.7262 0
      vertex -14.649 -17.842 0
      vertex -14.908 -18.101 0
    endloop
  endfacet
  facet normal 0 0 -1
    outer loop
      vertex -16.1459 -16.7262 0
      vertex -14.908 -18.101 0
      vertex -15.1928 -18.3316 0
    endloop
  endfacet
  facet normal 0 0 -1
    outer loop
      vertex -16.425 -16.9289 0
      vertex -15.1928 -18.3316 0
      vertex -15.5 -18.5311 0
    endloop
  endfacet
  facet normal 0 0 -1
    outer loop
      vertex -13.7692 -15.8658 0
      vertex -15.6361 -15.8431 0
      vertex -15.6 -15.5 0
    endloop
  endfacet
  facet normal 0 0 -1
    outer loop
      vertex -13.75 -15.5 0
      vertex -15.6361 -15.1569 0
      vertex -15.7426 -14.8289 0
    endloop
  endfacet
  facet normal 0 0 -1
    outer loop
      vertex -15.9151 -14.5302 0
      vertex -13.75 -15.5 0
      vertex -15.7426 -14.8289 0
    endloop
  endfacet
  facet normal 0 0 -1
    outer loop
      vertex -13.75 -15.5 0
      vertex -15.9151 -14.5302 0
      vertex -13.75 -11.5 0
    endloop
  endfacet
  facet normal 0 0 -1
    outer loop
      vertex -16.1459 -14.2738 0
      vertex -13.75 -11.5 0
      vertex -15.9151 -14.5302 0
    endloop
  endfacet
  facet normal 0 0 -1
    outer loop
      vertex -16.425 -14.0711 0
      vertex -13.75 -11.5 0
      vertex -16.1459 -14.2738 0
    endloop
  endfacet
  facet normal 0 0 -1
    outer loop
      vertex -16.7401 -13.9308 0
      vertex -13.75 -11.5 0
      vertex -16.425 -14.0711 0
    endloop
  endfacet
  facet normal 0 0 -1
    outer loop
      vertex -17.0775 -13.859 0
      vertex -13.75 -11.5 0
      vertex -16.7401 -13.9308 0
    endloop
  endfacet
  facet normal 0 0 -1
    outer loop
      vertex -20.75 -11.5 0
      vertex -13.75 -11.5 0
      vertex -17.0775 -13.859 0
    endloop
  endfacet
  facet normal 0 0 -1
    outer loop
      vertex -20.75 -11.5 0
      vertex -17.0775 -13.859 0
      vertex -17.4225 -13.859 0
    endloop
  endfacet
  facet normal 0 0 -1
    outer loop
      vertex -20.75 -11.5 0
      vertex -17.4225 -13.859 0
      vertex -17.7599 -13.9308 0
    endloop
  endfacet
  facet normal 0 0 -1
    outer loop
      vertex -20.75 -11.5 0
      vertex -17.7599 -13.9308 0
      vertex -18.075 -14.0711 0
    endloop
  endfacet
  facet normal 0 0 -1
    outer loop
      vertex -20.75 -11.5 0
      vertex -18.075 -14.0711 0
      vertex -18.3541 -14.2738 0
    endloop
  endfacet
  facet normal 0 0 -1
    outer loop
      vertex -20.0816 -17.5572 0
      vertex -18.5849 -16.4698 0
      vertex -19.851 -17.842 0
    endloop
  endfacet
  facet normal 0 0 -1
    outer loop
      vertex -20.2811 -17.25 0
      vertex -18.5849 -16.4698 0
      vertex -20.0816 -17.5572 0
    endloop
  endfacet
  facet normal -0 0 -1
    outer loop
      vertex -18.5849 -16.4698 0
      vertex -20.2811 -17.25 0
      vertex -18.7574 -16.1711 0
    endloop
  endfacet
  facet normal 0 0 -1
    outer loop
      vertex -20.4474 -16.9236 0
      vertex -18.7574 -16.1711 0
      vertex -20.2811 -17.25 0
    endloop
  endfacet
  facet normal 0 0 -1
    outer loop
      vertex -20.5787 -16.5816 0
      vertex -18.7574 -16.1711 0
      vertex -20.4474 -16.9236 0
    endloop
  endfacet
  facet normal 0 0 -1
    outer loop
      vertex -13.75 -11.5 0
      vertex -19.869 -7.12025 0
      vertex -1.5 -1.50429 0
    endloop
  endfacet
  facet normal 0 0 -1
    outer loop
      vertex -20.75 -11.5 0
      vertex -18.3541 -14.2738 0
      vertex -18.5849 -14.5302 0
    endloop
  endfacet
  facet normal 0 0 -1
    outer loop
      vertex -20.75 -15.5 0
      vertex -18.5849 -14.5302 0
      vertex -18.7574 -14.8289 0
    endloop
  endfacet
  facet normal -0 0 -1
    outer loop
      vertex -18.7574 -16.1711 0
      vertex -20.5787 -16.5816 0
      vertex -18.8639 -15.8431 0
    endloop
  endfacet
  facet normal 0 0 -1
    outer loop
      vertex -13.75 -11.5 0
      vertex -20.75 -11.5 0
      vertex -20.2453 -7.6325 0
    endloop
  endfacet
  facet normal 0 0 -1
    outer loop
      vertex -20.6735 -16.2277 0
      vertex -18.8639 -15.8431 0
      vertex -20.5787 -16.5816 0
    endloop
  endfacet
  facet normal 0 0 -1
    outer loop
      vertex -13.75 -11.5 0
      vertex -20.0252 -7.36641 0
      vertex -19.869 -7.12025 0
    endloop
  endfacet
  facet normal 0 0 -1
    outer loop
      vertex -20.7308 -15.8658 0
      vertex -18.8639 -15.8431 0
      vertex -20.6735 -16.2277 0
    endloop
  endfacet
  facet normal -0 0 -1
    outer loop
      vertex -18.8639 -15.8431 0
      vertex -20.7308 -15.8658 0
      vertex -18.9 -15.5 0
    endloop
  endfacet
  facet normal 0 0 -1
    outer loop
      vertex -13.75 -11.5 0
      vertex -20.2453 -7.6325 0
      vertex -20.0252 -7.36641 0
    endloop
  endfacet
  facet normal 0 0 -1
    outer loop
      vertex -20.75 -15.5 0
      vertex -18.9 -15.5 0
      vertex -20.7308 -15.8658 0
    endloop
  endfacet
  facet normal 0 0 -1
    outer loop
      vertex -18.9 -15.5 0
      vertex -20.75 -15.5 0
      vertex -18.8639 -15.1569 0
    endloop
  endfacet
  facet normal -0 0 -1
    outer loop
      vertex -18.8639 -15.1569 0
      vertex -20.75 -15.5 0
      vertex -18.7574 -14.8289 0
    endloop
  endfacet
  facet normal -0 0 -1
    outer loop
      vertex -18.5849 -14.5302 0
      vertex -20.75 -15.5 0
      vertex -20.75 -11.5 0
    endloop
  endfacet
  facet normal 0 0 -1
    outer loop
      vertex -20.2453 -7.6325 0
      vertex -20.75 -11.5 0
      vertex -20.4971 -7.86891 0
    endloop
  endfacet
  facet normal 0 0 -1
    outer loop
      vertex -20.75 -11.5 0
      vertex -20.7765 -8.0719 0
      vertex -20.4971 -7.86891 0
    endloop
  endfacet
  facet normal 0 0 -1
    outer loop
      vertex -20.75 -11.5 0
      vertex -21.0791 -8.23827 0
      vertex -20.7765 -8.0719 0
    endloop
  endfacet
  facet normal 0 0 -1
    outer loop
      vertex -20.75 -11.5 0
      vertex -21.4002 -8.36541 0
      vertex -21.0791 -8.23827 0
    endloop
  endfacet
  facet normal 0 0 -1
    outer loop
      vertex -20.75 -11.5 0
      vertex -21.7347 -8.45129 0
      vertex -21.4002 -8.36541 0
    endloop
  endfacet
  facet normal 0 0 -1
    outer loop
      vertex -20.75 -11.5 0
      vertex -22.0773 -8.49457 0
      vertex -21.7347 -8.45129 0
    endloop
  endfacet
  facet normal 0 0 -1
    outer loop
      vertex -20.75 -11.5 0
      vertex -22.25 -8.5 0
      vertex -22.0773 -8.49457 0
    endloop
  endfacet
  facet normal 0 0 -1
    outer loop
      vertex -20.75 -11.5 0
      vertex -29.25 -8.5 0
      vertex -22.25 -8.5 0
    endloop
  endfacet
  facet normal 0 0 -1
    outer loop
      vertex -31.25 -11.5 0
      vertex -29.25 -3 0
      vertex -29.25 -8.5 0
    endloop
  endfacet
  facet normal -0 0 -1
    outer loop
      vertex -29.25 -3 0
      vertex -31.25 -11.5 0
      vertex -29.25 3 0
    endloop
  endfacet
  facet normal 0 0 -1
    outer loop
      vertex -31.25 11.5 0
      vertex -29.25 3 0
      vertex -31.25 -11.5 0
    endloop
  endfacet
  facet normal 0 0 -1
    outer loop
      vertex -31.25 -11.5 0
      vertex -29.25 -8.5 0
      vertex -20.75 -11.5 0
    endloop
  endfacet
  facet normal 0 0 -1
    outer loop
      vertex -5.24884 6.75789 0
      vertex -5 9.5 0
      vertex -4.99867 6.78154 0
    endloop
  endfacet
  facet normal 0 0 -1
    outer loop
      vertex -5.5 6.75 0
      vertex -5 9.5 0
      vertex -5.24884 6.75789 0
    endloop
  endfacet
  facet normal 0 0 -1
    outer loop
      vertex -5.5 6.75 0
      vertex -9 9.5 0
      vertex -5 9.5 0
    endloop
  endfacet
  facet normal 0 0 -1
    outer loop
      vertex -9 9.5 0
      vertex -13.75 11.5 0
      vertex -9 11 0
    endloop
  endfacet
  facet normal 0 0 -1
    outer loop
      vertex -19.6891 6.75 0
      vertex -9 9.5 0
      vertex -5.5 6.75 0
    endloop
  endfacet
  facet normal 0 0 -1
    outer loop
      vertex -15.9151 14.5302 0
      vertex -13.75 15.5 0
      vertex -13.75 11.5 0
    endloop
  endfacet
  facet normal 0 -0 -1
    outer loop
      vertex -15.6361 15.1569 0
      vertex -13.75 15.5 0
      vertex -15.7426 14.8289 0
    endloop
  endfacet
  facet normal 0 -0 -1
    outer loop
      vertex -15.6 15.5 0
      vertex -13.75 15.5 0
      vertex -15.6361 15.1569 0
    endloop
  endfacet
  facet normal 0 0 -1
    outer loop
      vertex -13.75 15.5 0
      vertex -15.6 15.5 0
      vertex -13.7692 15.8658 0
    endloop
  endfacet
  facet normal -0 0 -1
    outer loop
      vertex -13.7692 15.8658 0
      vertex -15.6361 15.8431 0
      vertex -13.8265 16.2277 0
    endloop
  endfacet
  facet normal -0 0 -1
    outer loop
      vertex -13.8265 16.2277 0
      vertex -15.6361 15.8431 0
      vertex -13.9213 16.5816 0
    endloop
  endfacet
  facet normal 0 0 -1
    outer loop
      vertex -15.7426 16.1711 0
      vertex -13.9213 16.5816 0
      vertex -15.6361 15.8431 0
    endloop
  endfacet
  facet normal -0 0 -1
    outer loop
      vertex -14.0526 16.9236 0
      vertex -15.7426 16.1711 0
      vertex -14.2189 17.25 0
    endloop
  endfacet
  facet normal 0 0 -1
    outer loop
      vertex -15.9151 16.4698 0
      vertex -14.2189 17.25 0
      vertex -15.7426 16.1711 0
    endloop
  endfacet
  facet normal -0 0 -1
    outer loop
      vertex -14.2189 17.25 0
      vertex -15.9151 16.4698 0
      vertex -14.4184 17.5572 0
    endloop
  endfacet
  facet normal -0 0 -1
    outer loop
      vertex -14.4184 17.5572 0
      vertex -15.9151 16.4698 0
      vertex -14.649 17.842 0
    endloop
  endfacet
  facet normal -0 0 -1
    outer loop
      vertex -13.9213 16.5816 0
      vertex -15.7426 16.1711 0
      vertex -14.0526 16.9236 0
    endloop
  endfacet
  facet normal 0 0 -1
    outer loop
      vertex -15.6361 15.8431 0
      vertex -13.7692 15.8658 0
      vertex -15.6 15.5 0
    endloop
  endfacet
  facet normal 0 0 -1
    outer loop
      vertex -13.75 15.5 0
      vertex -15.9151 14.5302 0
      vertex -15.7426 14.8289 0
    endloop
  endfacet
  facet normal 0 0 -1
    outer loop
      vertex -13.75 11.5 0
      vertex -16.1459 14.2738 0
      vertex -15.9151 14.5302 0
    endloop
  endfacet
  facet normal 0 0 -1
    outer loop
      vertex -13.75 11.5 0
      vertex -16.425 14.0711 0
      vertex -16.1459 14.2738 0
    endloop
  endfacet
  facet normal 0 0 -1
    outer loop
      vertex -13.75 11.5 0
      vertex -16.7401 13.9308 0
      vertex -16.425 14.0711 0
    endloop
  endfacet
  facet normal 0 0 -1
    outer loop
      vertex -13.75 11.5 0
      vertex -17.0775 13.859 0
      vertex -16.7401 13.9308 0
    endloop
  endfacet
  facet normal 0 0 -1
    outer loop
      vertex -13.75 11.5 0
      vertex -17.4225 13.859 0
      vertex -17.0775 13.859 0
    endloop
  endfacet
  facet normal 0 0 -1
    outer loop
      vertex -20.75 11.5 0
      vertex -17.4225 13.859 0
      vertex -13.75 11.5 0
    endloop
  endfacet
  facet normal -0 0 -1
    outer loop
      vertex -17.4225 13.859 0
      vertex -20.75 11.5 0
      vertex -17.7599 13.9308 0
    endloop
  endfacet
  facet normal 0 0 -1
    outer loop
      vertex -18.075 16.9289 0
      vertex -19.3072 18.3316 0
      vertex -19 18.5311 0
    endloop
  endfacet
  facet normal 0 0 -1
    outer loop
      vertex -20.75 15.5 0
      vertex -18.9 15.5 0
      vertex -18.8639 15.1569 0
    endloop
  endfacet
  facet normal 0 0 -1
    outer loop
      vertex -18.8639 15.8431 0
      vertex -19.592 18.101 0
      vertex -19.3072 18.3316 0
    endloop
  endfacet
  facet normal -0 0 -1
    outer loop
      vertex -9 9.5 0
      vertex -19.6891 6.75 0
      vertex -13.75 11.5 0
    endloop
  endfacet
  facet normal 0 0 -1
    outer loop
      vertex -19.6931 6.76234 0
      vertex -13.75 11.5 0
      vertex -19.6891 6.75 0
    endloop
  endfacet
  facet normal 0 0 -1
    outer loop
      vertex -19.8402 7.07482 0
      vertex -13.75 11.5 0
      vertex -19.6931 6.76234 0
    endloop
  endfacet
  facet normal 0 0 -1
    outer loop
      vertex -20.0252 7.36641 0
      vertex -13.75 11.5 0
      vertex -19.8402 7.07482 0
    endloop
  endfacet
  facet normal 0 0 -1
    outer loop
      vertex -20.2453 7.6325 0
      vertex -13.75 11.5 0
      vertex -20.0252 7.36641 0
    endloop
  endfacet
  facet normal -0 0 -1
    outer loop
      vertex -17.7599 13.9308 0
      vertex -20.75 11.5 0
      vertex -18.075 14.0711 0
    endloop
  endfacet
  facet normal -0 0 -1
    outer loop
      vertex -18.075 14.0711 0
      vertex -20.75 11.5 0
      vertex -18.3541 14.2738 0
    endloop
  endfacet
  facet normal 0 0 -1
    outer loop
      vertex -20.75 15.5 0
      vertex -18.5849 14.5302 0
      vertex -20.75 11.5 0
    endloop
  endfacet
  facet normal 0 0 -1
    outer loop
      vertex -18.5849 14.5302 0
      vertex -20.75 15.5 0
      vertex -18.7574 14.8289 0
    endloop
  endfacet
  facet normal 0 0 -1
    outer loop
      vertex -18.7574 14.8289 0
      vertex -20.75 15.5 0
      vertex -18.8639 15.1569 0
    endloop
  endfacet
  facet normal -0 0 -1
    outer loop
      vertex -18.3541 14.2738 0
      vertex -20.75 11.5 0
      vertex -18.5849 14.5302 0
    endloop
  endfacet
  facet normal 0 0 -1
    outer loop
      vertex -18.9 15.5 0
      vertex -20.75 15.5 0
      vertex -20.7308 15.8658 0
    endloop
  endfacet
  facet normal -0 0 -1
    outer loop
      vertex -13.75 11.5 0
      vertex -20.2453 7.6325 0
      vertex -20.75 11.5 0
    endloop
  endfacet
  facet normal 0 0 -1
    outer loop
      vertex -18.8639 15.8431 0
      vertex -19.851 17.842 0
      vertex -19.592 18.101 0
    endloop
  endfacet
  facet normal 0 0 -1
    outer loop
      vertex -18.8639 15.8431 0
      vertex -20.0816 17.5572 0
      vertex -19.851 17.842 0
    endloop
  endfacet
  facet normal 0 0 -1
    outer loop
      vertex -20.75 11.5 0
      vertex -20.2453 7.6325 0
      vertex -20.4971 7.86891 0
    endloop
  endfacet
  facet normal 0 0 -1
    outer loop
      vertex -18.8639 15.8431 0
      vertex -20.2811 17.25 0
      vertex -20.0816 17.5572 0
    endloop
  endfacet
  facet normal 0 0 -1
    outer loop
      vertex -18.8639 15.8431 0
      vertex -20.4474 16.9236 0
      vertex -20.2811 17.25 0
    endloop
  endfacet
  facet normal 0 0 -1
    outer loop
      vertex -18.8639 15.8431 0
      vertex -20.5787 16.5816 0
      vertex -20.4474 16.9236 0
    endloop
  endfacet
  facet normal 0 0 -1
    outer loop
      vertex -18.8639 15.8431 0
      vertex -20.6735 16.2277 0
      vertex -20.5787 16.5816 0
    endloop
  endfacet
  facet normal 0 0 -1
    outer loop
      vertex -20.7765 8.0719 0
      vertex -20.75 11.5 0
      vertex -20.4971 7.86891 0
    endloop
  endfacet
  facet normal 0 0 -1
    outer loop
      vertex -21.0791 8.23827 0
      vertex -20.75 11.5 0
      vertex -20.7765 8.0719 0
    endloop
  endfacet
  facet normal 0 0 -1
    outer loop
      vertex -21.4002 8.36541 0
      vertex -20.75 11.5 0
      vertex -21.0791 8.23827 0
    endloop
  endfacet
  facet normal 0 0 -1
    outer loop
      vertex -21.7347 8.45129 0
      vertex -20.75 11.5 0
      vertex -21.4002 8.36541 0
    endloop
  endfacet
  facet normal 0 0 -1
    outer loop
      vertex -22.0773 8.49457 0
      vertex -20.75 11.5 0
      vertex -21.7347 8.45129 0
    endloop
  endfacet
  facet normal 0 0 -1
    outer loop
      vertex -22.25 8.5 0
      vertex -22.0773 8.49457 0
      vertex -22.25 8.49457 0
    endloop
  endfacet
  facet normal 0 0 -1
    outer loop
      vertex -22.0773 8.49457 0
      vertex -22.25 8.5 0
      vertex -20.75 11.5 0
    endloop
  endfacet
  facet normal 0 0 -1
    outer loop
      vertex -29.25 8.5 0
      vertex -20.75 11.5 0
      vertex -22.25 8.5 0
    endloop
  endfacet
  facet normal 0 0 -1
    outer loop
      vertex -29.25 8.5 0
      vertex -31.25 11.5 0
      vertex -20.75 11.5 0
    endloop
  endfacet
  facet normal 0 0 -1
    outer loop
      vertex -29.25 3 0
      vertex -31.25 11.5 0
      vertex -29.25 8.5 0
    endloop
  endfacet
  facet normal 0 0 -1
    outer loop
      vertex -5 11 0
      vertex -1.5 10.75 0
      vertex -1.50789 10.4988 0
    endloop
  endfacet
  facet normal 0 0 -1
    outer loop
      vertex -5 11 0
      vertex -1.50789 10.4988 0
      vertex -1.53154 10.2487 0
    endloop
  endfacet
  facet normal 0 0 -1
    outer loop
      vertex -5 11 0
      vertex -1.53154 10.2487 0
      vertex -1.57085 10.0005 0
    endloop
  endfacet
  facet normal 0 0 -1
    outer loop
      vertex -5 11 0
      vertex -1.57085 10.0005 0
      vertex -1.62567 9.75524 0
    endloop
  endfacet
  facet normal 0 0 -1
    outer loop
      vertex -5 9.5 0
      vertex -1.62567 9.75524 0
      vertex -1.69577 9.51393 0
    endloop
  endfacet
  facet normal 0 0 -1
    outer loop
      vertex -5 9.5 0
      vertex -1.69577 9.51393 0
      vertex -1.78089 9.2775 0
    endloop
  endfacet
  facet normal 0 0 -1
    outer loop
      vertex -5 9.5 0
      vertex -1.78089 9.2775 0
      vertex -1.88069 9.04688 0
    endloop
  endfacet
  facet normal 0 0 -1
    outer loop
      vertex -5 9.5 0
      vertex -1.88069 9.04688 0
      vertex -1.99477 8.82298 0
    endloop
  endfacet
  facet normal 0 0 -1
    outer loop
      vertex -5 9.5 0
      vertex -1.99477 8.82298 0
      vertex -2.12269 8.60669 0
    endloop
  endfacet
  facet normal 0 0 -1
    outer loop
      vertex -5 9.5 0
      vertex -2.12269 8.60669 0
      vertex -2.26393 8.39886 0
    endloop
  endfacet
  facet normal 0 0 -1
    outer loop
      vertex -5 9.5 0
      vertex -2.26393 8.39886 0
      vertex -2.41795 8.2003 0
    endloop
  endfacet
  facet normal 0 0 -1
    outer loop
      vertex -5 9.5 0
      vertex -2.41795 8.2003 0
      vertex -2.58412 8.01181 0
    endloop
  endfacet
  facet normal 0 0 -1
    outer loop
      vertex -5 9.5 0
      vertex -2.58412 8.01181 0
      vertex -2.76181 7.83412 0
    endloop
  endfacet
  facet normal 0 0 -1
    outer loop
      vertex -5 9.5 0
      vertex -2.76181 7.83412 0
      vertex -2.9503 7.66795 0
    endloop
  endfacet
  facet normal 0 0 -1
    outer loop
      vertex -5 9.5 0
      vertex -2.9503 7.66795 0
      vertex -3.14886 7.51393 0
    endloop
  endfacet
  facet normal 0 0 -1
    outer loop
      vertex -5 9.5 0
      vertex -3.14886 7.51393 0
      vertex -3.35669 7.37269 0
    endloop
  endfacet
  facet normal 0 0 -1
    outer loop
      vertex -5 9.5 0
      vertex -3.35669 7.37269 0
      vertex -3.57298 7.24477 0
    endloop
  endfacet
  facet normal 0 0 -1
    outer loop
      vertex -5 9.5 0
      vertex -3.57298 7.24477 0
      vertex -3.79688 7.13069 0
    endloop
  endfacet
  facet normal 0 0 -1
    outer loop
      vertex -5 9.5 0
      vertex -3.79688 7.13069 0
      vertex -4.0275 7.03089 0
    endloop
  endfacet
  facet normal 0 0 -1
    outer loop
      vertex -5 9.5 0
      vertex -4.0275 7.03089 0
      vertex -4.26393 6.94577 0
    endloop
  endfacet
  facet normal 0 0 -1
    outer loop
      vertex -5 9.5 0
      vertex -4.26393 6.94577 0
      vertex -4.50524 6.87567 0
    endloop
  endfacet
  facet normal 0 0 -1
    outer loop
      vertex -5 9.5 0
      vertex -4.50524 6.87567 0
      vertex -4.75047 6.82085 0
    endloop
  endfacet
  facet normal 0 0 -1
    outer loop
      vertex -5 9.5 0
      vertex -4.75047 6.82085 0
      vertex -4.99867 6.78154 0
    endloop
  endfacet
  facet normal -0 0 -1
    outer loop
      vertex -1.62567 9.75524 0
      vertex -5 9.5 0
      vertex -5 11 0
    endloop
  endfacet
  facet normal 0 0 -1
    outer loop
      vertex -1.5 10.75 0
      vertex -5 11 0
      vertex -1.5 11.5 0
    endloop
  endfacet
  facet normal 0 0 -1
    outer loop
      vertex -9 11 0
      vertex -1.5 11.5 0
      vertex -5 11 0
    endloop
  endfacet
  facet normal -0 0 -1
    outer loop
      vertex -1.5 11.5 0
      vertex -9 11 0
      vertex -13.75 11.5 0
    endloop
  endfacet
  facet normal 0 0 -1
    outer loop
      vertex -16.1459 16.7262 0
      vertex -14.649 17.842 0
      vertex -15.9151 16.4698 0
    endloop
  endfacet
  facet normal -0 0 -1
    outer loop
      vertex -14.649 17.842 0
      vertex -16.1459 16.7262 0
      vertex -14.908 18.101 0
    endloop
  endfacet
  facet normal -0 0 -1
    outer loop
      vertex -14.908 18.101 0
      vertex -16.1459 16.7262 0
      vertex -15.1928 18.3316 0
    endloop
  endfacet
  facet normal 0 0 -1
    outer loop
      vertex -16.425 16.9289 0
      vertex -15.1928 18.3316 0
      vertex -16.1459 16.7262 0
    endloop
  endfacet
  facet normal -0 0 -1
    outer loop
      vertex -15.1928 18.3316 0
      vertex -16.425 16.9289 0
      vertex -15.5 18.5311 0
    endloop
  endfacet
  facet normal -0 0 -1
    outer loop
      vertex -15.5 18.5311 0
      vertex -16.425 16.9289 0
      vertex -15.8264 18.6974 0
    endloop
  endfacet
  facet normal 0 0 -1
    outer loop
      vertex -16.7401 17.0692 0
      vertex -15.8264 18.6974 0
      vertex -16.425 16.9289 0
    endloop
  endfacet
  facet normal -0 0 -1
    outer loop
      vertex -15.8264 18.6974 0
      vertex -16.7401 17.0692 0
      vertex -16.1684 18.8287 0
    endloop
  endfacet
  facet normal -0 0 -1
    outer loop
      vertex -16.1684 18.8287 0
      vertex -16.7401 17.0692 0
      vertex -16.5223 18.9235 0
    endloop
  endfacet
  facet normal 0 0 -1
    outer loop
      vertex -17.0775 17.141 0
      vertex -16.5223 18.9235 0
      vertex -16.7401 17.0692 0
    endloop
  endfacet
  facet normal -0 0 -1
    outer loop
      vertex -16.5223 18.9235 0
      vertex -17.0775 17.141 0
      vertex -16.8841 18.9808 0
    endloop
  endfacet
  facet normal 0 0 -1
    outer loop
      vertex -17.0775 17.141 0
      vertex -17.25 19 0
      vertex -16.8841 18.9808 0
    endloop
  endfacet
  facet normal 0 0 -1
    outer loop
      vertex -17.4225 17.141 0
      vertex -17.25 19 0
      vertex -17.0775 17.141 0
    endloop
  endfacet
  facet normal 0 0 -1
    outer loop
      vertex -17.4225 17.141 0
      vertex -17.6158 18.9808 0
      vertex -17.25 19 0
    endloop
  endfacet
  facet normal 0 0 -1
    outer loop
      vertex -17.9777 18.9235 0
      vertex -17.4225 17.141 0
      vertex -17.7599 17.0692 0
    endloop
  endfacet
  facet normal 0 0 -1
    outer loop
      vertex -17.4225 17.141 0
      vertex -17.9777 18.9235 0
      vertex -17.6158 18.9808 0
    endloop
  endfacet
  facet normal 0 0 -1
    outer loop
      vertex -18.6736 18.6974 0
      vertex -17.7599 17.0692 0
      vertex -18.075 16.9289 0
    endloop
  endfacet
  facet normal 0 0 -1
    outer loop
      vertex -17.7599 17.0692 0
      vertex -18.3316 18.8287 0
      vertex -17.9777 18.9235 0
    endloop
  endfacet
  facet normal 0 0 -1
    outer loop
      vertex -19.3072 18.3316 0
      vertex -18.075 16.9289 0
      vertex -18.3541 16.7262 0
    endloop
  endfacet
  facet normal 0 0 -1
    outer loop
      vertex -19.3072 18.3316 0
      vertex -18.3541 16.7262 0
      vertex -18.5849 16.4698 0
    endloop
  endfacet
  facet normal 0 0 -1
    outer loop
      vertex -17.7599 17.0692 0
      vertex -18.6736 18.6974 0
      vertex -18.3316 18.8287 0
    endloop
  endfacet
  facet normal 0 0 -1
    outer loop
      vertex -19.3072 18.3316 0
      vertex -18.5849 16.4698 0
      vertex -18.7574 16.1711 0
    endloop
  endfacet
  facet normal 0 0 -1
    outer loop
      vertex -19.3072 18.3316 0
      vertex -18.7574 16.1711 0
      vertex -18.8639 15.8431 0
    endloop
  endfacet
  facet normal 0 0 -1
    outer loop
      vertex -20.7308 15.8658 0
      vertex -18.8639 15.8431 0
      vertex -18.9 15.5 0
    endloop
  endfacet
  facet normal 0 0 -1
    outer loop
      vertex -18.075 16.9289 0
      vertex -19 18.5311 0
      vertex -18.6736 18.6974 0
    endloop
  endfacet
  facet normal 0 0 -1
    outer loop
      vertex -18.8639 15.8431 0
      vertex -20.7308 15.8658 0
      vertex -20.6735 16.2277 0
    endloop
  endfacet
  facet normal 0 0 -1
    outer loop
      vertex -13.75 -15.5 0
      vertex -15.6 -15.5 0
      vertex -15.6361 -15.1569 0
    endloop
  endfacet
  facet normal 0 0 -1
    outer loop
      vertex -13.9213 -16.5816 0
      vertex -15.7426 -16.1711 0
      vertex -15.6361 -15.8431 0
    endloop
  endfacet
  facet normal 0 0 -1
    outer loop
      vertex -16.425 -16.9289 0
      vertex -15.5 -18.5311 0
      vertex -15.8264 -18.6974 0
    endloop
  endfacet
  facet normal 0 0 -1
    outer loop
      vertex -14.2189 -17.25 0
      vertex -15.9151 -16.4698 0
      vertex -15.7426 -16.1711 0
    endloop
  endfacet
  facet normal 0 0 -1
    outer loop
      vertex -14.649 -17.842 0
      vertex -16.1459 -16.7262 0
      vertex -15.9151 -16.4698 0
    endloop
  endfacet
  facet normal 0 0 -1
    outer loop
      vertex -16.7401 -17.0692 0
      vertex -15.8264 -18.6974 0
      vertex -16.1684 -18.8287 0
    endloop
  endfacet
  facet normal 0 0 -1
    outer loop
      vertex -15.1928 -18.3316 0
      vertex -16.425 -16.9289 0
      vertex -16.1459 -16.7262 0
    endloop
  endfacet
  facet normal 0 0 -1
    outer loop
      vertex -16.7401 -17.0692 0
      vertex -16.1684 -18.8287 0
      vertex -16.5223 -18.9235 0
    endloop
  endfacet
  facet normal 0 0 -1
    outer loop
      vertex -15.8264 -18.6974 0
      vertex -16.7401 -17.0692 0
      vertex -16.425 -16.9289 0
    endloop
  endfacet
  facet normal 0 0 -1
    outer loop
      vertex -17.0775 -17.141 0
      vertex -16.5223 -18.9235 0
      vertex -16.8841 -18.9808 0
    endloop
  endfacet
  facet normal 0 0 -1
    outer loop
      vertex -16.5223 -18.9235 0
      vertex -17.0775 -17.141 0
      vertex -16.7401 -17.0692 0
    endloop
  endfacet
  facet normal 0 0 -1
    outer loop
      vertex -17.25 -19 0
      vertex -17.0775 -17.141 0
      vertex -16.8841 -18.9808 0
    endloop
  endfacet
  facet normal 0 0 -1
    outer loop
      vertex -17.25 -19 0
      vertex -17.4225 -17.141 0
      vertex -17.0775 -17.141 0
    endloop
  endfacet
  facet normal 0 0 -1
    outer loop
      vertex -17.6158 -18.9808 0
      vertex -17.4225 -17.141 0
      vertex -17.25 -19 0
    endloop
  endfacet
  facet normal 0 0 -1
    outer loop
      vertex -17.9777 -18.9235 0
      vertex -17.4225 -17.141 0
      vertex -17.6158 -18.9808 0
    endloop
  endfacet
  facet normal -0 0 -1
    outer loop
      vertex -17.4225 -17.141 0
      vertex -17.9777 -18.9235 0
      vertex -17.7599 -17.0692 0
    endloop
  endfacet
  facet normal 0 0 -1
    outer loop
      vertex -18.3316 -18.8287 0
      vertex -17.7599 -17.0692 0
      vertex -17.9777 -18.9235 0
    endloop
  endfacet
  facet normal 0 0 -1
    outer loop
      vertex -18.6736 -18.6974 0
      vertex -17.7599 -17.0692 0
      vertex -18.3316 -18.8287 0
    endloop
  endfacet
  facet normal -0 0 -1
    outer loop
      vertex -17.7599 -17.0692 0
      vertex -18.6736 -18.6974 0
      vertex -18.075 -16.9289 0
    endloop
  endfacet
  facet normal 0 0 -1
    outer loop
      vertex -19 -18.5311 0
      vertex -18.075 -16.9289 0
      vertex -18.6736 -18.6974 0
    endloop
  endfacet
  facet normal 0 0 -1
    outer loop
      vertex -19.3072 -18.3316 0
      vertex -18.075 -16.9289 0
      vertex -19 -18.5311 0
    endloop
  endfacet
  facet normal -0 0 -1
    outer loop
      vertex -18.075 -16.9289 0
      vertex -19.3072 -18.3316 0
      vertex -18.3541 -16.7262 0
    endloop
  endfacet
  facet normal 0 0 -1
    outer loop
      vertex -19.592 -18.101 0
      vertex -18.3541 -16.7262 0
      vertex -19.3072 -18.3316 0
    endloop
  endfacet
  facet normal 0 0 -1
    outer loop
      vertex -19.851 -17.842 0
      vertex -18.3541 -16.7262 0
      vertex -19.592 -18.101 0
    endloop
  endfacet
  facet normal -0 0 -1
    outer loop
      vertex -18.3541 -16.7262 0
      vertex -19.851 -17.842 0
      vertex -18.5849 -16.4698 0
    endloop
  endfacet
  facet normal 0 -1 0
    outer loop
      vertex 6.25 -11.5 1.55
      vertex 4.48346 -11.5 9.3
      vertex 4.23303 -11.5 9.12981
    endloop
  endfacet
  facet normal 0 -1 0
    outer loop
      vertex 29.25 -11.5 9.3
      vertex 31.25 -11.5 11.8
      vertex 29.25 -11.5 11.8
    endloop
  endfacet
  facet normal 0 -1 0
    outer loop
      vertex 6.25 -11.5 1.55
      vertex 4.23303 -11.5 9.12981
      vertex 3.80585 -11.5 8.87718
    endloop
  endfacet
  facet normal 0 -1 0
    outer loop
      vertex 6.25 -11.5 1.55
      vertex 3.80585 -11.5 8.87718
      vertex 3.36366 -11.5 8.65187
    endloop
  endfacet
  facet normal 0 -1 0
    outer loop
      vertex 6.25 -11.5 1.55
      vertex 3.36366 -11.5 8.65187
      vertex 2.90818 -11.5 8.45477
    endloop
  endfacet
  facet normal 0 -1 0
    outer loop
      vertex 1.5 -11.5 2.55
      vertex 2.90818 -11.5 8.45477
      vertex 2.44123 -11.5 8.28665
    endloop
  endfacet
  facet normal 0 -1 0
    outer loop
      vertex 1.5 -11.5 2.55
      vertex 2.44123 -11.5 8.28665
      vertex 1.96465 -11.5 8.14819
    endloop
  endfacet
  facet normal 0 -1 0
    outer loop
      vertex 1.5 -11.5 2.55
      vertex 1.96465 -11.5 8.14819
      vertex 1.48031 -11.5 8.03993
    endloop
  endfacet
  facet normal 0 -1 0
    outer loop
      vertex 1.5 -11.5 2.55
      vertex 1.48031 -11.5 8.03993
      vertex 0.990132 -11.5 7.96229
    endloop
  endfacet
  facet normal 0 -1 0
    outer loop
      vertex 1.5 -11.5 2.55
      vertex 0.990132 -11.5 7.96229
      vertex 0.496044 -11.5 7.91559
    endloop
  endfacet
  facet normal 0 -1 -0
    outer loop
      vertex -0.990132 -11.5 7.96229
      vertex -1.5 -11.5 2.55
      vertex -0.496044 -11.5 7.91559
    endloop
  endfacet
  facet normal 0 -1 -0
    outer loop
      vertex -0.496044 -11.5 7.91559
      vertex -1.5 -11.5 2.55
      vertex 0 -11.5 7.9
    endloop
  endfacet
  facet normal 0 -1 0
    outer loop
      vertex 1.5 -11.5 2.55
      vertex 0 -11.5 7.9
      vertex -1.5 -11.5 2.55
    endloop
  endfacet
  facet normal 0 -1 0
    outer loop
      vertex 0 -11.5 7.9
      vertex 1.5 -11.5 2.55
      vertex 0.496044 -11.5 7.91559
    endloop
  endfacet
  facet normal 0 -1 0
    outer loop
      vertex 20.75 -11.5 3
      vertex 29.25 -11.5 9.3
      vertex 13.75 -11.5 3
    endloop
  endfacet
  facet normal 0 -1 0
    outer loop
      vertex 31.25 -11.5 0
      vertex 20.75 -11.5 3
      vertex 20.75 -11.5 0
    endloop
  endfacet
  facet normal 0 -1 0
    outer loop
      vertex 29.25 -11.5 9.3
      vertex 31.25 -11.5 0
      vertex 31.25 -11.5 11.8
    endloop
  endfacet
  facet normal 0 -1 0
    outer loop
      vertex 20.75 -11.5 3
      vertex 31.25 -11.5 0
      vertex 29.25 -11.5 9.3
    endloop
  endfacet
  facet normal 0 -1 0
    outer loop
      vertex 1.5 -11.5 0
      vertex 6.25 -11.5 1.55
      vertex 1.5 -11.5 2.55
    endloop
  endfacet
  facet normal 0 -1 -0
    outer loop
      vertex 6.25 -11.5 1.55
      vertex 1.5 -11.5 0
      vertex 6.25 -11.5 0
    endloop
  endfacet
  facet normal 0 -1 -0
    outer loop
      vertex 2.90818 -11.5 8.45477
      vertex 1.5 -11.5 2.55
      vertex 6.25 -11.5 1.55
    endloop
  endfacet
  facet normal 0 -1 0
    outer loop
      vertex -13.75 -11.5 0
      vertex -1.5 -11.5 2.55
      vertex -13.75 -11.5 3
    endloop
  endfacet
  facet normal 0 -1 -0
    outer loop
      vertex -1.5 -11.5 2.55
      vertex -13.75 -11.5 0
      vertex -1.5 -11.5 0
    endloop
  endfacet
  facet normal 0 -1 0
    outer loop
      vertex -31.25 -11.5 11.8
      vertex -29.25 -11.5 9.3
      vertex -29.25 -11.5 11.8
    endloop
  endfacet
  facet normal 0 -1 0
    outer loop
      vertex -13.75 -11.5 3
      vertex -29.25 -11.5 9.3
      vertex -20.75 -11.5 3
    endloop
  endfacet
  facet normal 0 -1 0
    outer loop
      vertex -29.25 -11.5 9.3
      vertex -13.75 -11.5 3
      vertex -4.48346 -11.5 9.3
    endloop
  endfacet
  facet normal 0 -1 -0
    outer loop
      vertex -4.48346 -11.5 9.3
      vertex -13.75 -11.5 3
      vertex -4.23303 -11.5 9.12981
    endloop
  endfacet
  facet normal 0 -1 0
    outer loop
      vertex -1.5 -11.5 2.55
      vertex -4.23303 -11.5 9.12981
      vertex -13.75 -11.5 3
    endloop
  endfacet
  facet normal 0 -1 0
    outer loop
      vertex -4.23303 -11.5 9.12981
      vertex -1.5 -11.5 2.55
      vertex -3.80585 -11.5 8.87718
    endloop
  endfacet
  facet normal 0 -1 0
    outer loop
      vertex -3.80585 -11.5 8.87718
      vertex -1.5 -11.5 2.55
      vertex -3.36366 -11.5 8.65187
    endloop
  endfacet
  facet normal 0 -1 0
    outer loop
      vertex -3.36366 -11.5 8.65187
      vertex -1.5 -11.5 2.55
      vertex -2.90818 -11.5 8.45477
    endloop
  endfacet
  facet normal 0 -1 0
    outer loop
      vertex -2.90818 -11.5 8.45477
      vertex -1.5 -11.5 2.55
      vertex -2.44123 -11.5 8.28665
    endloop
  endfacet
  facet normal 0 -1 0
    outer loop
      vertex -2.44123 -11.5 8.28665
      vertex -1.5 -11.5 2.55
      vertex -1.96465 -11.5 8.14819
    endloop
  endfacet
  facet normal 0 -1 -0
    outer loop
      vertex -1.48031 -11.5 8.03993
      vertex -1.5 -11.5 2.55
      vertex -0.990132 -11.5 7.96229
    endloop
  endfacet
  facet normal 0 -1 0
    outer loop
      vertex -1.96465 -11.5 8.14819
      vertex -1.5 -11.5 2.55
      vertex -1.48031 -11.5 8.03993
    endloop
  endfacet
  facet normal 0 -1 0
    outer loop
      vertex -31.25 -11.5 0
      vertex -29.25 -11.5 9.3
      vertex -31.25 -11.5 11.8
    endloop
  endfacet
  facet normal 0 -1 0
    outer loop
      vertex -31.25 -11.5 0
      vertex -20.75 -11.5 3
      vertex -29.25 -11.5 9.3
    endloop
  endfacet
  facet normal 0 -1 -0
    outer loop
      vertex -20.75 -11.5 3
      vertex -31.25 -11.5 0
      vertex -20.75 -11.5 0
    endloop
  endfacet
  facet normal 0 -1 0
    outer loop
      vertex 4.48346 -11.5 9.3
      vertex 13.75 -11.5 3
      vertex 29.25 -11.5 9.3
    endloop
  endfacet
  facet normal 0 -1 0
    outer loop
      vertex 4.48346 -11.5 9.3
      vertex 6.25 -11.5 1.55
      vertex 7.75 -11.5 1.55
    endloop
  endfacet
  facet normal 0 -1 0
    outer loop
      vertex 4.48346 -11.5 9.3
      vertex 7.75 -11.5 1.55
      vertex 13.75 -11.5 3
    endloop
  endfacet
  facet normal 0 -1 0
    outer loop
      vertex 13.75 -11.5 0
      vertex 7.75 -11.5 1.55
      vertex 7.75 -11.5 0
    endloop
  endfacet
  facet normal 0 -1 0
    outer loop
      vertex 7.75 -11.5 1.55
      vertex 13.75 -11.5 0
      vertex 13.75 -11.5 3
    endloop
  endfacet
  facet normal -1 0 0
    outer loop
      vertex 29.25 -11.5 11.8
      vertex 29.25 -10.95 11.0296
      vertex 29.25 -11.033 10.9075
    endloop
  endfacet
  facet normal -1 0 0
    outer loop
      vertex 29.25 -11.5 11.8
      vertex 29.25 -11.033 10.9075
      vertex 29.25 -11.1289 10.7453
    endloop
  endfacet
  facet normal -1 0 0
    outer loop
      vertex 29.25 -10.95 11.0296
      vertex 29.25 -11.4921 12.0512
      vertex 29.25 -11.4685 12.3013
    endloop
  endfacet
  facet normal -1 0 0
    outer loop
      vertex 29.25 -11.5 11.8
      vertex 29.25 -11.1289 10.7453
      vertex 29.25 -11.2145 10.5773
    endloop
  endfacet
  facet normal -1 0 -0
    outer loop
      vertex 29.25 -11.2191 13.2725
      vertex 29.25 -10.95 13.3
      vertex 29.25 -11.3042 13.0361
    endloop
  endfacet
  facet normal -1 0 0
    outer loop
      vertex 29.25 -11.5 11.8
      vertex 29.25 -11.2145 10.5773
      vertex 29.25 -11.2893 10.4044
    endloop
  endfacet
  facet normal -1 0 0
    outer loop
      vertex 29.25 -10.95 11.0296
      vertex 29.25 -11.5 11.8
      vertex 29.25 -11.4921 12.0512
    endloop
  endfacet
  facet normal -1 0 0
    outer loop
      vertex 29.25 -11.5 11.8
      vertex 29.25 -11.2893 10.4044
      vertex 29.25 -11.3532 10.2271
    endloop
  endfacet
  facet normal -1 -0 0
    outer loop
      vertex 29.25 -10.95 13.3
      vertex 29.25 -11.2191 13.2725
      vertex 29.25 -11.2072 13.3
    endloop
  endfacet
  facet normal -1 0 0
    outer loop
      vertex 29.25 -11.5 11.8
      vertex 29.25 -11.3532 10.2271
      vertex 29.25 -11.4058 10.0461
    endloop
  endfacet
  facet normal -1 0 0
    outer loop
      vertex 29.25 -10.95 13.3
      vertex 29.25 -11.3743 12.7948
      vertex 29.25 -11.3042 13.0361
    endloop
  endfacet
  facet normal -1 0 0
    outer loop
      vertex 29.25 -11.5 11.8
      vertex 29.25 -11.4058 10.0461
      vertex 29.25 -11.4469 9.86214
    endloop
  endfacet
  facet normal -1 0 0
    outer loop
      vertex 29.25 -10.95 13.3
      vertex 29.25 -11.4291 12.5495
      vertex 29.25 -11.3743 12.7948
    endloop
  endfacet
  facet normal -1 0 0
    outer loop
      vertex 29.25 -11.5 11.8
      vertex 29.25 -11.4469 9.86214
      vertex 29.25 -11.4763 9.676
    endloop
  endfacet
  facet normal -1 0 0
    outer loop
      vertex 29.25 -10.95 13.3
      vertex 29.25 -11.4685 12.3013
      vertex 29.25 -11.4291 12.5495
    endloop
  endfacet
  facet normal -1 0 0
    outer loop
      vertex 29.25 -11.5 11.8
      vertex 29.25 -11.4763 9.676
      vertex 29.25 -11.4941 9.48837
    endloop
  endfacet
  facet normal -1 0 0
    outer loop
      vertex 29.25 -11.5 11.8
      vertex 29.25 -11.4941 9.48837
      vertex 29.25 -11.5 9.3
    endloop
  endfacet
  facet normal -1 0 0
    outer loop
      vertex 29.25 -10.95 11.0296
      vertex 29.25 -11.4685 12.3013
      vertex 29.25 -10.95 13.3
    endloop
  endfacet
  facet normal -1 0 0
    outer loop
      vertex 29.25 -8.5 5
      vertex 29.25 -3 5
      vertex 29.25 -3 0
    endloop
  endfacet
  facet normal -1 0 0
    outer loop
      vertex 29.25 -10.95 11.0296
      vertex 29.25 -3 5
      vertex 29.25 -8.5 5
    endloop
  endfacet
  facet normal -1 0 0
    outer loop
      vertex 29.25 -3 5
      vertex 29.25 -10.95 11.0296
      vertex 29.25 -7.50002 15.8
    endloop
  endfacet
  facet normal -1 0 0
    outer loop
      vertex 29.25 -7.50002 15.8
      vertex 29.25 -10.95 11.0296
      vertex 29.25 -7.75116 15.7921
    endloop
  endfacet
  facet normal -1 0 0
    outer loop
      vertex 29.25 -10.95 13.3
      vertex 29.25 -7.75116 15.7921
      vertex 29.25 -10.95 11.0296
    endloop
  endfacet
  facet normal -1 0 0
    outer loop
      vertex 29.25 -8.5 5
      vertex 29.25 -3 0
      vertex 29.25 -8.5 0
    endloop
  endfacet
  facet normal -1 0 0
    outer loop
      vertex 29.25 -7.75116 15.7921
      vertex 29.25 -10.95 13.3
      vertex 29.25 -8.00133 15.7685
    endloop
  endfacet
  facet normal -1 0 0
    outer loop
      vertex 29.25 -8.00133 15.7685
      vertex 29.25 -10.95 13.3
      vertex 29.25 -8.24953 15.7291
    endloop
  endfacet
  facet normal -1 0 0
    outer loop
      vertex 29.25 -8.24953 15.7291
      vertex 29.25 -10.95 13.3
      vertex 29.25 -8.49476 15.6743
    endloop
  endfacet
  facet normal -1 0 0
    outer loop
      vertex 29.25 -8.49476 15.6743
      vertex 29.25 -10.95 13.3
      vertex 29.25 -8.73607 15.6042
    endloop
  endfacet
  facet normal -1 0 0
    outer loop
      vertex 29.25 -8.73607 15.6042
      vertex 29.25 -10.95 13.3
      vertex 29.25 -8.9725 15.5191
    endloop
  endfacet
  facet normal -1 0 0
    outer loop
      vertex 29.25 -8.9725 15.5191
      vertex 29.25 -10.95 13.3
      vertex 29.25 -9.20312 15.4193
    endloop
  endfacet
  facet normal -1 0 0
    outer loop
      vertex 29.25 -9.20312 15.4193
      vertex 29.25 -10.95 13.3
      vertex 29.25 -9.42702 15.3052
    endloop
  endfacet
  facet normal -1 0 0
    outer loop
      vertex 29.25 -9.42702 15.3052
      vertex 29.25 -10.95 13.3
      vertex 29.25 -9.64331 15.1773
    endloop
  endfacet
  facet normal -1 0 0
    outer loop
      vertex 29.25 -9.64331 15.1773
      vertex 29.25 -10.95 13.3
      vertex 29.25 -9.85114 15.0361
    endloop
  endfacet
  facet normal -1 0 0
    outer loop
      vertex 29.25 -9.85114 15.0361
      vertex 29.25 -10.95 13.3
      vertex 29.25 -10.0497 14.8821
    endloop
  endfacet
  facet normal -1 0 0
    outer loop
      vertex 29.25 -10.0497 14.8821
      vertex 29.25 -10.95 13.3
      vertex 29.25 -10.2382 14.7159
    endloop
  endfacet
  facet normal -1 0 0
    outer loop
      vertex 29.25 -10.2382 14.7159
      vertex 29.25 -10.95 13.3
      vertex 29.25 -10.4159 14.5382
    endloop
  endfacet
  facet normal -1 0 0
    outer loop
      vertex 29.25 -10.4159 14.5382
      vertex 29.25 -10.95 13.3
      vertex 29.25 -10.5821 14.3497
    endloop
  endfacet
  facet normal -1 0 0
    outer loop
      vertex 29.25 -10.95 11.0296
      vertex 29.25 -8.5 5
      vertex 29.25 -10.95 5
    endloop
  endfacet
  facet normal -1 0 0
    outer loop
      vertex 29.25 -10.5821 14.3497
      vertex 29.25 -10.95 13.3
      vertex 29.25 -10.7361 14.1511
    endloop
  endfacet
  facet normal -1 0 0
    outer loop
      vertex 29.25 -10.7361 14.1511
      vertex 29.25 -10.95 13.3
      vertex 29.25 -10.8773 13.9433
    endloop
  endfacet
  facet normal -1 0 0
    outer loop
      vertex 29.25 -10.8773 13.9433
      vertex 29.25 -10.95 13.3
      vertex 29.25 -10.95 13.8204
    endloop
  endfacet
  facet normal -1 0 0
    outer loop
      vertex 29.25 -3 5
      vertex 29.25 -0.549999 12.3
      vertex 29.25 -0.549999 5
    endloop
  endfacet
  facet normal -1 0 0
    outer loop
      vertex 29.25 -7.50002 15.8
      vertex 29.25 -0.549999 12.3
      vertex 29.25 -3 5
    endloop
  endfacet
  facet normal -1 0 0
    outer loop
      vertex 29.25 -0.549999 12.3
      vertex 29.25 -7.50002 15.8
      vertex 29.25 -0.549999 15.8
    endloop
  endfacet
  facet normal -1 0 0
    outer loop
      vertex 29.25 3 5
      vertex 29.25 8.5 5
      vertex 29.25 8.5 0
    endloop
  endfacet
  facet normal -1 0 0
    outer loop
      vertex 29.25 0.549999 12.3
      vertex 29.25 8.5 5
      vertex 29.25 3 5
    endloop
  endfacet
  facet normal -1 0 0
    outer loop
      vertex 29.25 8.5 5
      vertex 29.25 7.50002 15.8
      vertex 29.25 8.49476 15.6743
    endloop
  endfacet
  facet normal -1 0 0
    outer loop
      vertex 29.25 8.49476 15.6743
      vertex 29.25 7.50002 15.8
      vertex 29.25 8.24953 15.7291
    endloop
  endfacet
  facet normal -1 0 0
    outer loop
      vertex 29.25 8.24953 15.7291
      vertex 29.25 7.50002 15.8
      vertex 29.25 8.00133 15.7685
    endloop
  endfacet
  facet normal -1 0 0
    outer loop
      vertex 29.25 3 5
      vertex 29.25 8.5 0
      vertex 29.25 3 0
    endloop
  endfacet
  facet normal -1 0 0
    outer loop
      vertex 29.25 8.00133 15.7685
      vertex 29.25 7.50002 15.8
      vertex 29.25 7.75116 15.7921
    endloop
  endfacet
  facet normal -1 0 0
    outer loop
      vertex 29.25 0.549999 12.3
      vertex 29.25 3 5
      vertex 29.25 0.549999 5
    endloop
  endfacet
  facet normal -1 0 0
    outer loop
      vertex 29.25 8.5 5
      vertex 29.25 0.549999 12.3
      vertex 29.25 7.50002 15.8
    endloop
  endfacet
  facet normal -1 -0 0
    outer loop
      vertex 29.25 7.50002 15.8
      vertex 29.25 0.549999 12.3
      vertex 29.25 0.549999 15.8
    endloop
  endfacet
  facet normal -1 0 0
    outer loop
      vertex 29.25 8.5 5
      vertex 29.25 10.95 11.0296
      vertex 29.25 10.95 5
    endloop
  endfacet
  facet normal -1 0 0
    outer loop
      vertex 29.25 8.49476 15.6743
      vertex 29.25 10.95 11.0296
      vertex 29.25 8.5 5
    endloop
  endfacet
  facet normal -1 0 0
    outer loop
      vertex 29.25 10.95 11.0296
      vertex 29.25 8.49476 15.6743
      vertex 29.25 10.95 13.3
    endloop
  endfacet
  facet normal -1 -0 -0
    outer loop
      vertex 29.25 8.73607 15.6042
      vertex 29.25 10.95 13.3
      vertex 29.25 8.49476 15.6743
    endloop
  endfacet
  facet normal -1 -0 -0
    outer loop
      vertex 29.25 10.8773 13.9433
      vertex 29.25 10.95 13.3
      vertex 29.25 10.7361 14.1511
    endloop
  endfacet
  facet normal -1 0 0
    outer loop
      vertex 29.25 10.95 13.3
      vertex 29.25 10.8773 13.9433
      vertex 29.25 10.95 13.8204
    endloop
  endfacet
  facet normal -1 0 0
    outer loop
      vertex 29.25 10.95 13.3
      vertex 29.25 10.5821 14.3497
      vertex 29.25 10.7361 14.1511
    endloop
  endfacet
  facet normal -1 0 0
    outer loop
      vertex 29.25 10.95 13.3
      vertex 29.25 10.4159 14.5382
      vertex 29.25 10.5821 14.3497
    endloop
  endfacet
  facet normal -1 0 0
    outer loop
      vertex 29.25 10.95 13.3
      vertex 29.25 10.2382 14.7159
      vertex 29.25 10.4159 14.5382
    endloop
  endfacet
  facet normal -1 0 0
    outer loop
      vertex 29.25 10.95 13.3
      vertex 29.25 10.0497 14.8821
      vertex 29.25 10.2382 14.7159
    endloop
  endfacet
  facet normal -1 0 0
    outer loop
      vertex 29.25 10.95 13.3
      vertex 29.25 9.85114 15.0361
      vertex 29.25 10.0497 14.8821
    endloop
  endfacet
  facet normal -1 0 0
    outer loop
      vertex 29.25 10.95 13.3
      vertex 29.25 9.64331 15.1773
      vertex 29.25 9.85114 15.0361
    endloop
  endfacet
  facet normal -1 0 0
    outer loop
      vertex 29.25 10.95 13.3
      vertex 29.25 9.42702 15.3052
      vertex 29.25 9.64331 15.1773
    endloop
  endfacet
  facet normal -1 0 0
    outer loop
      vertex 29.25 10.95 13.3
      vertex 29.25 9.20312 15.4193
      vertex 29.25 9.42702 15.3052
    endloop
  endfacet
  facet normal -1 0 0
    outer loop
      vertex 29.25 10.95 13.3
      vertex 29.25 8.9725 15.5191
      vertex 29.25 9.20312 15.4193
    endloop
  endfacet
  facet normal -1 0 0
    outer loop
      vertex 29.25 10.95 13.3
      vertex 29.25 8.73607 15.6042
      vertex 29.25 8.9725 15.5191
    endloop
  endfacet
  facet normal -1 0 0
    outer loop
      vertex 29.25 11.4941 9.48837
      vertex 29.25 11.5 11.8
      vertex 29.25 11.5 9.3
    endloop
  endfacet
  facet normal -1 0 0
    outer loop
      vertex 29.25 11.4763 9.676
      vertex 29.25 11.5 11.8
      vertex 29.25 11.4941 9.48837
    endloop
  endfacet
  facet normal -1 0 0
    outer loop
      vertex 29.25 11.4469 9.86214
      vertex 29.25 11.5 11.8
      vertex 29.25 11.4763 9.676
    endloop
  endfacet
  facet normal -1 0 0
    outer loop
      vertex 29.25 11.4058 10.0461
      vertex 29.25 11.5 11.8
      vertex 29.25 11.4469 9.86214
    endloop
  endfacet
  facet normal -1 0 0
    outer loop
      vertex 29.25 11.3532 10.2271
      vertex 29.25 11.5 11.8
      vertex 29.25 11.4058 10.0461
    endloop
  endfacet
  facet normal -1 0 0
    outer loop
      vertex 29.25 11.2893 10.4044
      vertex 29.25 11.5 11.8
      vertex 29.25 11.3532 10.2271
    endloop
  endfacet
  facet normal -1 0 0
    outer loop
      vertex 29.25 11.2145 10.5773
      vertex 29.25 11.5 11.8
      vertex 29.25 11.2893 10.4044
    endloop
  endfacet
  facet normal -1 0 0
    outer loop
      vertex 29.25 11.1289 10.7453
      vertex 29.25 11.5 11.8
      vertex 29.25 11.2145 10.5773
    endloop
  endfacet
  facet normal -1 0 0
    outer loop
      vertex 29.25 11.033 10.9075
      vertex 29.25 11.5 11.8
      vertex 29.25 11.1289 10.7453
    endloop
  endfacet
  facet normal -1 0 0
    outer loop
      vertex 29.25 10.95 11.0296
      vertex 29.25 11.5 11.8
      vertex 29.25 11.033 10.9075
    endloop
  endfacet
  facet normal -1 -0 0
    outer loop
      vertex 29.25 11.5 11.8
      vertex 29.25 10.95 11.0296
      vertex 29.25 11.4921 12.0512
    endloop
  endfacet
  facet normal -1 -0 0
    outer loop
      vertex 29.25 11.4921 12.0512
      vertex 29.25 10.95 11.0296
      vertex 29.25 11.4685 12.3013
    endloop
  endfacet
  facet normal -1 0 0
    outer loop
      vertex 29.25 10.95 13.3
      vertex 29.25 11.4685 12.3013
      vertex 29.25 10.95 11.0296
    endloop
  endfacet
  facet normal -1 0 0
    outer loop
      vertex 29.25 11.4685 12.3013
      vertex 29.25 10.95 13.3
      vertex 29.25 11.4291 12.5495
    endloop
  endfacet
  facet normal -1 0 0
    outer loop
      vertex 29.25 11.4291 12.5495
      vertex 29.25 10.95 13.3
      vertex 29.25 11.3743 12.7948
    endloop
  endfacet
  facet normal -1 0 0
    outer loop
      vertex 29.25 11.3743 12.7948
      vertex 29.25 10.95 13.3
      vertex 29.25 11.3042 13.0361
    endloop
  endfacet
  facet normal -1 0 0
    outer loop
      vertex 29.25 11.3042 13.0361
      vertex 29.25 10.95 13.3
      vertex 29.25 11.2191 13.2725
    endloop
  endfacet
  facet normal -1 0 0
    outer loop
      vertex 29.25 11.2191 13.2725
      vertex 29.25 10.95 13.3
      vertex 29.25 11.2072 13.3
    endloop
  endfacet
  facet normal -1 0 0
    outer loop
      vertex 29.25 -0.549999 12.3
      vertex 29.25 0.549999 15.8
      vertex 29.25 0.549999 12.3
    endloop
  endfacet
  facet normal -1 -0 0
    outer loop
      vertex 29.25 0.549999 15.8
      vertex 29.25 -0.549999 12.3
      vertex 29.25 -0.549999 15.8
    endloop
  endfacet
  facet normal -1 0 0
    outer loop
      vertex 29.25 -10.95 13.3
      vertex 29.25 -11.0052 13.727
      vertex 29.25 -10.95 13.8204
    endloop
  endfacet
  facet normal -1 0 0
    outer loop
      vertex 29.25 -10.95 13.3
      vertex 29.25 -11.1193 13.5031
      vertex 29.25 -11.0052 13.727
    endloop
  endfacet
  facet normal -1 0 -0
    outer loop
      vertex 29.25 -11.1193 13.5031
      vertex 29.25 -10.95 13.3
      vertex 29.25 -11.2072 13.3
    endloop
  endfacet
  facet normal -1 0 0
    outer loop
      vertex 29.25 10.95 13.3
      vertex 29.25 11.1193 13.5031
      vertex 29.25 11.2072 13.3
    endloop
  endfacet
  facet normal -1 -0 0
    outer loop
      vertex 29.25 11.1193 13.5031
      vertex 29.25 10.95 13.3
      vertex 29.25 11.0052 13.727
    endloop
  endfacet
  facet normal -1 -0 0
    outer loop
      vertex 29.25 11.0052 13.727
      vertex 29.25 10.95 13.3
      vertex 29.25 10.95 13.8204
    endloop
  endfacet
  facet normal 0 0 1
    outer loop
      vertex 29.25 0.549999 15.8
      vertex 31.25 7.50002 15.8
      vertex 29.25 7.50002 15.8
    endloop
  endfacet
  facet normal 0 0 1
    outer loop
      vertex 31.25 7.50002 15.8
      vertex 29.25 0.549999 15.8
      vertex 31.25 -7.50002 15.8
    endloop
  endfacet
  facet normal -0 0 1
    outer loop
      vertex 29.25 -0.549999 15.8
      vertex 31.25 -7.50002 15.8
      vertex 29.25 0.549999 15.8
    endloop
  endfacet
  facet normal 0 0 1
    outer loop
      vertex 31.25 -7.50002 15.8
      vertex 29.25 -0.549999 15.8
      vertex 29.25 -7.50002 15.8
    endloop
  endfacet
  facet normal 1 0 0
    outer loop
      vertex 31.25 7.50002 15.8
      vertex 31.25 11.5 11.8
      vertex 31.25 11.4921 12.0512
    endloop
  endfacet
  facet normal 1 0 0
    outer loop
      vertex 31.25 7.50002 15.8
      vertex 31.25 11.4921 12.0512
      vertex 31.25 11.4685 12.3013
    endloop
  endfacet
  facet normal 1 0 0
    outer loop
      vertex 31.25 7.50002 15.8
      vertex 31.25 11.4685 12.3013
      vertex 31.25 11.4291 12.5495
    endloop
  endfacet
  facet normal 1 0 0
    outer loop
      vertex 31.25 7.50002 15.8
      vertex 31.25 11.4291 12.5495
      vertex 31.25 11.3743 12.7948
    endloop
  endfacet
  facet normal 1 0 0
    outer loop
      vertex 31.25 7.50002 15.8
      vertex 31.25 11.3743 12.7948
      vertex 31.25 11.3042 13.0361
    endloop
  endfacet
  facet normal 1 0 0
    outer loop
      vertex 31.25 7.50002 15.8
      vertex 31.25 11.3042 13.0361
      vertex 31.25 11.2191 13.2725
    endloop
  endfacet
  facet normal 1 0 0
    outer loop
      vertex 31.25 7.50002 15.8
      vertex 31.25 11.2191 13.2725
      vertex 31.25 11.1193 13.5031
    endloop
  endfacet
  facet normal 1 0 0
    outer loop
      vertex 31.25 7.50002 15.8
      vertex 31.25 11.1193 13.5031
      vertex 31.25 11.0052 13.727
    endloop
  endfacet
  facet normal 1 0 0
    outer loop
      vertex 31.25 7.50002 15.8
      vertex 31.25 11.0052 13.727
      vertex 31.25 10.8773 13.9433
    endloop
  endfacet
  facet normal 1 0 0
    outer loop
      vertex 31.25 7.50002 15.8
      vertex 31.25 10.8773 13.9433
      vertex 31.25 10.7361 14.1511
    endloop
  endfacet
  facet normal 1 0 0
    outer loop
      vertex 31.25 7.50002 15.8
      vertex 31.25 10.7361 14.1511
      vertex 31.25 10.5821 14.3497
    endloop
  endfacet
  facet normal 1 0 0
    outer loop
      vertex 31.25 7.50002 15.8
      vertex 31.25 10.5821 14.3497
      vertex 31.25 10.4159 14.5382
    endloop
  endfacet
  facet normal 1 0 0
    outer loop
      vertex 31.25 7.50002 15.8
      vertex 31.25 10.4159 14.5382
      vertex 31.25 10.2382 14.7159
    endloop
  endfacet
  facet normal 1 0 0
    outer loop
      vertex 31.25 7.50002 15.8
      vertex 31.25 10.2382 14.7159
      vertex 31.25 10.0497 14.8821
    endloop
  endfacet
  facet normal 1 0 0
    outer loop
      vertex 31.25 7.50002 15.8
      vertex 31.25 10.0497 14.8821
      vertex 31.25 9.85114 15.0361
    endloop
  endfacet
  facet normal 1 0 0
    outer loop
      vertex 31.25 7.50002 15.8
      vertex 31.25 9.85114 15.0361
      vertex 31.25 9.64331 15.1773
    endloop
  endfacet
  facet normal 1 0 0
    outer loop
      vertex 31.25 7.50002 15.8
      vertex 31.25 9.64331 15.1773
      vertex 31.25 9.42702 15.3052
    endloop
  endfacet
  facet normal 1 0 0
    outer loop
      vertex 31.25 7.50002 15.8
      vertex 31.25 9.42702 15.3052
      vertex 31.25 9.20312 15.4193
    endloop
  endfacet
  facet normal 1 0 0
    outer loop
      vertex 31.25 7.50002 15.8
      vertex 31.25 9.20312 15.4193
      vertex 31.25 8.9725 15.5191
    endloop
  endfacet
  facet normal 1 0 0
    outer loop
      vertex 31.25 7.50002 15.8
      vertex 31.25 8.9725 15.5191
      vertex 31.25 8.73607 15.6042
    endloop
  endfacet
  facet normal 1 0 0
    outer loop
      vertex 31.25 7.50002 15.8
      vertex 31.25 8.73607 15.6042
      vertex 31.25 8.49476 15.6743
    endloop
  endfacet
  facet normal 1 0 0
    outer loop
      vertex 31.25 7.50002 15.8
      vertex 31.25 8.49476 15.6743
      vertex 31.25 8.24953 15.7291
    endloop
  endfacet
  facet normal 1 0 0
    outer loop
      vertex 31.25 7.50002 15.8
      vertex 31.25 8.24953 15.7291
      vertex 31.25 8.00133 15.7685
    endloop
  endfacet
  facet normal 1 0 0
    outer loop
      vertex 31.25 7.50002 15.8
      vertex 31.25 8.00133 15.7685
      vertex 31.25 7.75116 15.7921
    endloop
  endfacet
  facet normal 1 0 0
    outer loop
      vertex 31.25 11.5 11.8
      vertex 31.25 7.50002 15.8
      vertex 31.25 11.5 0
    endloop
  endfacet
  facet normal 1 -0 0
    outer loop
      vertex 31.25 -7.50002 15.8
      vertex 31.25 11.5 0
      vertex 31.25 7.50002 15.8
    endloop
  endfacet
  facet normal 1 0 0
    outer loop
      vertex 31.25 -11.5 11.8
      vertex 31.25 -7.50002 15.8
      vertex 31.25 -7.75116 15.7921
    endloop
  endfacet
  facet normal 1 0 0
    outer loop
      vertex 31.25 -11.5 11.8
      vertex 31.25 -7.75116 15.7921
      vertex 31.25 -8.00133 15.7685
    endloop
  endfacet
  facet normal 1 0 0
    outer loop
      vertex 31.25 -11.5 11.8
      vertex 31.25 -8.00133 15.7685
      vertex 31.25 -8.24953 15.7291
    endloop
  endfacet
  facet normal 1 0 0
    outer loop
      vertex 31.25 -11.5 11.8
      vertex 31.25 -8.24953 15.7291
      vertex 31.25 -8.49476 15.6743
    endloop
  endfacet
  facet normal 1 0 0
    outer loop
      vertex 31.25 -11.5 11.8
      vertex 31.25 -8.49476 15.6743
      vertex 31.25 -8.73607 15.6042
    endloop
  endfacet
  facet normal 1 0 0
    outer loop
      vertex 31.25 -11.5 11.8
      vertex 31.25 -8.73607 15.6042
      vertex 31.25 -8.9725 15.5191
    endloop
  endfacet
  facet normal 1 0 0
    outer loop
      vertex 31.25 -11.5 11.8
      vertex 31.25 -8.9725 15.5191
      vertex 31.25 -9.20312 15.4193
    endloop
  endfacet
  facet normal 1 0 0
    outer loop
      vertex 31.25 -11.5 11.8
      vertex 31.25 -9.20312 15.4193
      vertex 31.25 -9.42702 15.3052
    endloop
  endfacet
  facet normal 1 0 0
    outer loop
      vertex 31.25 -11.5 11.8
      vertex 31.25 -9.42702 15.3052
      vertex 31.25 -9.64331 15.1773
    endloop
  endfacet
  facet normal 1 0 0
    outer loop
      vertex 31.25 -11.5 11.8
      vertex 31.25 -9.64331 15.1773
      vertex 31.25 -9.85114 15.0361
    endloop
  endfacet
  facet normal 1 0 0
    outer loop
      vertex 31.25 -11.5 11.8
      vertex 31.25 -9.85114 15.0361
      vertex 31.25 -10.0497 14.8821
    endloop
  endfacet
  facet normal 1 0 0
    outer loop
      vertex 31.25 -11.5 11.8
      vertex 31.25 -10.0497 14.8821
      vertex 31.25 -10.2382 14.7159
    endloop
  endfacet
  facet normal 1 0 0
    outer loop
      vertex 31.25 -11.5 11.8
      vertex 31.25 -10.2382 14.7159
      vertex 31.25 -10.4159 14.5382
    endloop
  endfacet
  facet normal 1 0 0
    outer loop
      vertex 31.25 -11.5 11.8
      vertex 31.25 -10.4159 14.5382
      vertex 31.25 -10.5821 14.3497
    endloop
  endfacet
  facet normal 1 0 0
    outer loop
      vertex 31.25 -11.5 11.8
      vertex 31.25 -10.5821 14.3497
      vertex 31.25 -10.7361 14.1511
    endloop
  endfacet
  facet normal 1 0 0
    outer loop
      vertex 31.25 -11.5 11.8
      vertex 31.25 -10.7361 14.1511
      vertex 31.25 -10.8773 13.9433
    endloop
  endfacet
  facet normal 1 0 0
    outer loop
      vertex 31.25 -11.5 11.8
      vertex 31.25 -10.8773 13.9433
      vertex 31.25 -11.0052 13.727
    endloop
  endfacet
  facet normal 1 0 0
    outer loop
      vertex 31.25 -11.5 11.8
      vertex 31.25 -11.0052 13.727
      vertex 31.25 -11.1193 13.5031
    endloop
  endfacet
  facet normal 1 0 0
    outer loop
      vertex 31.25 -11.5 11.8
      vertex 31.25 -11.1193 13.5031
      vertex 31.25 -11.2191 13.2725
    endloop
  endfacet
  facet normal 1 0 0
    outer loop
      vertex 31.25 -11.5 11.8
      vertex 31.25 -11.2191 13.2725
      vertex 31.25 -11.3042 13.0361
    endloop
  endfacet
  facet normal 1 0 0
    outer loop
      vertex 31.25 -11.5 11.8
      vertex 31.25 -11.3042 13.0361
      vertex 31.25 -11.3743 12.7948
    endloop
  endfacet
  facet normal 1 0 0
    outer loop
      vertex 31.25 -11.5 11.8
      vertex 31.25 -11.3743 12.7948
      vertex 31.25 -11.4291 12.5495
    endloop
  endfacet
  facet normal 1 0 0
    outer loop
      vertex 31.25 -11.5 11.8
      vertex 31.25 -11.4291 12.5495
      vertex 31.25 -11.4685 12.3013
    endloop
  endfacet
  facet normal 1 0 0
    outer loop
      vertex 31.25 -11.5 11.8
      vertex 31.25 -11.4685 12.3013
      vertex 31.25 -11.4921 12.0512
    endloop
  endfacet
  facet normal 1 0 0
    outer loop
      vertex 31.25 -7.50002 15.8
      vertex 31.25 -11.5 11.8
      vertex 31.25 -11.5 0
    endloop
  endfacet
  facet normal 1 0 0
    outer loop
      vertex 31.25 -7.50002 15.8
      vertex 31.25 -11.5 0
      vertex 31.25 11.5 0
    endloop
  endfacet
  facet normal -1 0 0
    outer loop
      vertex -31.25 7.50002 15.8
      vertex -31.25 11.5 11.8
      vertex -31.25 11.5 0
    endloop
  endfacet
  facet normal -1 0 0
    outer loop
      vertex -31.25 11.5 11.8
      vertex -31.25 7.50002 15.8
      vertex -31.25 11.4921 12.0512
    endloop
  endfacet
  facet normal -1 0 0
    outer loop
      vertex -31.25 11.4921 12.0512
      vertex -31.25 7.50002 15.8
      vertex -31.25 11.4685 12.3013
    endloop
  endfacet
  facet normal -1 0 0
    outer loop
      vertex -31.25 11.4685 12.3013
      vertex -31.25 7.50002 15.8
      vertex -31.25 11.4291 12.5495
    endloop
  endfacet
  facet normal -1 0 0
    outer loop
      vertex -31.25 11.4291 12.5495
      vertex -31.25 7.50002 15.8
      vertex -31.25 11.3743 12.7948
    endloop
  endfacet
  facet normal -1 0 0
    outer loop
      vertex -31.25 11.3743 12.7948
      vertex -31.25 7.50002 15.8
      vertex -31.25 11.3042 13.0361
    endloop
  endfacet
  facet normal -1 0 0
    outer loop
      vertex -31.25 11.3042 13.0361
      vertex -31.25 7.50002 15.8
      vertex -31.25 11.2191 13.2725
    endloop
  endfacet
  facet normal -1 0 0
    outer loop
      vertex -31.25 11.2191 13.2725
      vertex -31.25 7.50002 15.8
      vertex -31.25 11.1193 13.5031
    endloop
  endfacet
  facet normal -1 0 0
    outer loop
      vertex -31.25 11.1193 13.5031
      vertex -31.25 7.50002 15.8
      vertex -31.25 11.0052 13.727
    endloop
  endfacet
  facet normal -1 0 0
    outer loop
      vertex -31.25 11.0052 13.727
      vertex -31.25 7.50002 15.8
      vertex -31.25 10.8773 13.9433
    endloop
  endfacet
  facet normal -1 0 0
    outer loop
      vertex -31.25 10.8773 13.9433
      vertex -31.25 7.50002 15.8
      vertex -31.25 10.7361 14.1511
    endloop
  endfacet
  facet normal -1 0 0
    outer loop
      vertex -31.25 10.7361 14.1511
      vertex -31.25 7.50002 15.8
      vertex -31.25 10.5821 14.3497
    endloop
  endfacet
  facet normal -1 0 0
    outer loop
      vertex -31.25 10.5821 14.3497
      vertex -31.25 7.50002 15.8
      vertex -31.25 10.4159 14.5382
    endloop
  endfacet
  facet normal -1 0 0
    outer loop
      vertex -31.25 10.4159 14.5382
      vertex -31.25 7.50002 15.8
      vertex -31.25 10.2382 14.7159
    endloop
  endfacet
  facet normal -1 0 0
    outer loop
      vertex -31.25 10.2382 14.7159
      vertex -31.25 7.50002 15.8
      vertex -31.25 10.0497 14.8821
    endloop
  endfacet
  facet normal -1 0 0
    outer loop
      vertex -31.25 10.0497 14.8821
      vertex -31.25 7.50002 15.8
      vertex -31.25 9.85114 15.0361
    endloop
  endfacet
  facet normal -1 0 0
    outer loop
      vertex -31.25 9.85114 15.0361
      vertex -31.25 7.50002 15.8
      vertex -31.25 9.64331 15.1773
    endloop
  endfacet
  facet normal -1 0 0
    outer loop
      vertex -31.25 9.64331 15.1773
      vertex -31.25 7.50002 15.8
      vertex -31.25 9.42702 15.3052
    endloop
  endfacet
  facet normal -1 0 0
    outer loop
      vertex -31.25 9.42702 15.3052
      vertex -31.25 7.50002 15.8
      vertex -31.25 9.20312 15.4193
    endloop
  endfacet
  facet normal -1 0 0
    outer loop
      vertex -31.25 9.20312 15.4193
      vertex -31.25 7.50002 15.8
      vertex -31.25 8.9725 15.5191
    endloop
  endfacet
  facet normal -1 0 0
    outer loop
      vertex -31.25 8.9725 15.5191
      vertex -31.25 7.50002 15.8
      vertex -31.25 8.73607 15.6042
    endloop
  endfacet
  facet normal -1 0 0
    outer loop
      vertex -31.25 8.73607 15.6042
      vertex -31.25 7.50002 15.8
      vertex -31.25 8.49476 15.6743
    endloop
  endfacet
  facet normal -1 0 0
    outer loop
      vertex -31.25 8.49476 15.6743
      vertex -31.25 7.50002 15.8
      vertex -31.25 8.24953 15.7291
    endloop
  endfacet
  facet normal -1 0 0
    outer loop
      vertex -31.25 8.24953 15.7291
      vertex -31.25 7.50002 15.8
      vertex -31.25 8.00133 15.7685
    endloop
  endfacet
  facet normal -1 0 0
    outer loop
      vertex -31.25 8.00133 15.7685
      vertex -31.25 7.50002 15.8
      vertex -31.25 7.75116 15.7921
    endloop
  endfacet
  facet normal -1 0 0
    outer loop
      vertex -31.25 11.5 0
      vertex -31.25 -7.50002 15.8
      vertex -31.25 7.50002 15.8
    endloop
  endfacet
  facet normal -1 0 0
    outer loop
      vertex -31.25 -11.5 0
      vertex -31.25 -7.50002 15.8
      vertex -31.25 11.5 0
    endloop
  endfacet
  facet normal -1 0 0
    outer loop
      vertex -31.25 -11.5 11.8
      vertex -31.25 -7.50002 15.8
      vertex -31.25 -11.5 0
    endloop
  endfacet
  facet normal -1 0 0
    outer loop
      vertex -31.25 -7.50002 15.8
      vertex -31.25 -11.5 11.8
      vertex -31.25 -7.75116 15.7921
    endloop
  endfacet
  facet normal -1 0 0
    outer loop
      vertex -31.25 -7.75116 15.7921
      vertex -31.25 -11.5 11.8
      vertex -31.25 -8.00133 15.7685
    endloop
  endfacet
  facet normal -1 0 0
    outer loop
      vertex -31.25 -8.24953 15.7291
      vertex -31.25 -11.5 11.8
      vertex -31.25 -8.49476 15.6743
    endloop
  endfacet
  facet normal -1 0 0
    outer loop
      vertex -31.25 -8.49476 15.6743
      vertex -31.25 -11.5 11.8
      vertex -31.25 -8.73607 15.6042
    endloop
  endfacet
  facet normal -1 0 0
    outer loop
      vertex -31.25 -8.73607 15.6042
      vertex -31.25 -11.5 11.8
      vertex -31.25 -8.9725 15.5191
    endloop
  endfacet
  facet normal -1 0 0
    outer loop
      vertex -31.25 -8.9725 15.5191
      vertex -31.25 -11.5 11.8
      vertex -31.25 -9.20312 15.4193
    endloop
  endfacet
  facet normal -1 0 0
    outer loop
      vertex -31.25 -9.20312 15.4193
      vertex -31.25 -11.5 11.8
      vertex -31.25 -9.42702 15.3052
    endloop
  endfacet
  facet normal -1 0 0
    outer loop
      vertex -31.25 -9.42702 15.3052
      vertex -31.25 -11.5 11.8
      vertex -31.25 -9.64331 15.1773
    endloop
  endfacet
  facet normal -1 0 0
    outer loop
      vertex -31.25 -9.64331 15.1773
      vertex -31.25 -11.5 11.8
      vertex -31.25 -9.85114 15.0361
    endloop
  endfacet
  facet normal -1 0 0
    outer loop
      vertex -31.25 -9.85114 15.0361
      vertex -31.25 -11.5 11.8
      vertex -31.25 -10.0497 14.8821
    endloop
  endfacet
  facet normal -1 0 0
    outer loop
      vertex -31.25 -10.0497 14.8821
      vertex -31.25 -11.5 11.8
      vertex -31.25 -10.2382 14.7159
    endloop
  endfacet
  facet normal -1 0 0
    outer loop
      vertex -31.25 -10.2382 14.7159
      vertex -31.25 -11.5 11.8
      vertex -31.25 -10.4159 14.5382
    endloop
  endfacet
  facet normal -1 0 0
    outer loop
      vertex -31.25 -10.4159 14.5382
      vertex -31.25 -11.5 11.8
      vertex -31.25 -10.5821 14.3497
    endloop
  endfacet
  facet normal -1 0 0
    outer loop
      vertex -31.25 -10.5821 14.3497
      vertex -31.25 -11.5 11.8
      vertex -31.25 -10.7361 14.1511
    endloop
  endfacet
  facet normal -1 0 0
    outer loop
      vertex -31.25 -10.7361 14.1511
      vertex -31.25 -11.5 11.8
      vertex -31.25 -10.8773 13.9433
    endloop
  endfacet
  facet normal -1 0 0
    outer loop
      vertex -31.25 -10.8773 13.9433
      vertex -31.25 -11.5 11.8
      vertex -31.25 -11.0052 13.727
    endloop
  endfacet
  facet normal -1 0 0
    outer loop
      vertex -31.25 -11.0052 13.727
      vertex -31.25 -11.5 11.8
      vertex -31.25 -11.1193 13.5031
    endloop
  endfacet
  facet normal -1 0 0
    outer loop
      vertex -31.25 -11.1193 13.5031
      vertex -31.25 -11.5 11.8
      vertex -31.25 -11.2191 13.2725
    endloop
  endfacet
  facet normal -1 0 0
    outer loop
      vertex -31.25 -11.2191 13.2725
      vertex -31.25 -11.5 11.8
      vertex -31.25 -11.3042 13.0361
    endloop
  endfacet
  facet normal -1 0 0
    outer loop
      vertex -31.25 -11.3042 13.0361
      vertex -31.25 -11.5 11.8
      vertex -31.25 -11.3743 12.7948
    endloop
  endfacet
  facet normal -1 0 0
    outer loop
      vertex -31.25 -11.3743 12.7948
      vertex -31.25 -11.5 11.8
      vertex -31.25 -11.4291 12.5495
    endloop
  endfacet
  facet normal -1 0 0
    outer loop
      vertex -31.25 -11.4291 12.5495
      vertex -31.25 -11.5 11.8
      vertex -31.25 -11.4685 12.3013
    endloop
  endfacet
  facet normal -1 0 0
    outer loop
      vertex -31.25 -8.00133 15.7685
      vertex -31.25 -11.5 11.8
      vertex -31.25 -8.24953 15.7291
    endloop
  endfacet
  facet normal -1 0 0
    outer loop
      vertex -31.25 -11.4685 12.3013
      vertex -31.25 -11.5 11.8
      vertex -31.25 -11.4921 12.0512
    endloop
  endfacet
  facet normal -0 0 1
    outer loop
      vertex -31.25 7.50002 15.8
      vertex -29.25 0.549999 15.8
      vertex -29.25 7.50002 15.8
    endloop
  endfacet
  facet normal 0 0 1
    outer loop
      vertex -29.25 0.549999 15.8
      vertex -31.25 7.50002 15.8
      vertex -29.25 -0.549999 15.8
    endloop
  endfacet
  facet normal 0 0 1
    outer loop
      vertex -31.25 -7.50002 15.8
      vertex -29.25 -0.549999 15.8
      vertex -31.25 7.50002 15.8
    endloop
  endfacet
  facet normal 0 0 1
    outer loop
      vertex -29.25 -0.549999 15.8
      vertex -31.25 -7.50002 15.8
      vertex -29.25 -7.50002 15.8
    endloop
  endfacet
  facet normal 1 0 0
    outer loop
      vertex -29.25 0.549999 12.3
      vertex -29.25 7.50002 15.8
      vertex -29.25 0.549999 15.8
    endloop
  endfacet
  facet normal 1 0 0
    outer loop
      vertex -29.25 7.50002 15.8
      vertex -29.25 0.549999 12.3
      vertex -29.25 3 5
    endloop
  endfacet
  facet normal 1 0 0
    outer loop
      vertex -29.25 3 5
      vertex -29.25 0.549999 12.3
      vertex -29.25 0.549999 5
    endloop
  endfacet
  facet normal 1 0 0
    outer loop
      vertex -29.25 10.8773 13.9433
      vertex -29.25 10.95 13.3
      vertex -29.25 10.95 13.8204
    endloop
  endfacet
  facet normal 1 0 0
    outer loop
      vertex -29.25 10.5821 14.3497
      vertex -29.25 10.95 13.3
      vertex -29.25 10.7361 14.1511
    endloop
  endfacet
  facet normal 1 0 0
    outer loop
      vertex -29.25 10.95 13.3
      vertex -29.25 10.8773 13.9433
      vertex -29.25 10.7361 14.1511
    endloop
  endfacet
  facet normal 1 0 0
    outer loop
      vertex -29.25 10.4159 14.5382
      vertex -29.25 10.95 13.3
      vertex -29.25 10.5821 14.3497
    endloop
  endfacet
  facet normal 1 0 0
    outer loop
      vertex -29.25 10.2382 14.7159
      vertex -29.25 10.95 13.3
      vertex -29.25 10.4159 14.5382
    endloop
  endfacet
  facet normal 1 0 0
    outer loop
      vertex -29.25 10.0497 14.8821
      vertex -29.25 10.95 13.3
      vertex -29.25 10.2382 14.7159
    endloop
  endfacet
  facet normal 1 0 0
    outer loop
      vertex -29.25 9.85114 15.0361
      vertex -29.25 10.95 13.3
      vertex -29.25 10.0497 14.8821
    endloop
  endfacet
  facet normal 1 0 0
    outer loop
      vertex -29.25 9.64331 15.1773
      vertex -29.25 10.95 13.3
      vertex -29.25 9.85114 15.0361
    endloop
  endfacet
  facet normal 1 0 0
    outer loop
      vertex -29.25 9.42702 15.3052
      vertex -29.25 10.95 13.3
      vertex -29.25 9.64331 15.1773
    endloop
  endfacet
  facet normal 1 0 0
    outer loop
      vertex -29.25 9.20312 15.4193
      vertex -29.25 10.95 13.3
      vertex -29.25 9.42702 15.3052
    endloop
  endfacet
  facet normal 1 0 0
    outer loop
      vertex -29.25 8.9725 15.5191
      vertex -29.25 10.95 13.3
      vertex -29.25 9.20312 15.4193
    endloop
  endfacet
  facet normal 1 0 0
    outer loop
      vertex -29.25 8.73607 15.6042
      vertex -29.25 10.95 13.3
      vertex -29.25 8.9725 15.5191
    endloop
  endfacet
  facet normal 1 0 0
    outer loop
      vertex -29.25 8.49476 15.6743
      vertex -29.25 10.95 13.3
      vertex -29.25 8.73607 15.6042
    endloop
  endfacet
  facet normal 1 0 0
    outer loop
      vertex -29.25 8.24953 15.7291
      vertex -29.25 10.95 13.3
      vertex -29.25 8.49476 15.6743
    endloop
  endfacet
  facet normal 1 0 0
    outer loop
      vertex -29.25 10.95 11.0296
      vertex -29.25 8.5 5
      vertex -29.25 10.95 5
    endloop
  endfacet
  facet normal 1 0 0
    outer loop
      vertex -29.25 8.00133 15.7685
      vertex -29.25 10.95 13.3
      vertex -29.25 8.24953 15.7291
    endloop
  endfacet
  facet normal 1 0 0
    outer loop
      vertex -29.25 3 5
      vertex -29.25 10.95 11.0296
      vertex -29.25 7.50002 15.8
    endloop
  endfacet
  facet normal 1 0 0
    outer loop
      vertex -29.25 10.95 13.3
      vertex -29.25 8.00133 15.7685
      vertex -29.25 10.95 11.0296
    endloop
  endfacet
  facet normal 1 0 0
    outer loop
      vertex -29.25 10.95 11.0296
      vertex -29.25 8.00133 15.7685
      vertex -29.25 7.50002 15.8
    endloop
  endfacet
  facet normal 1 0 0
    outer loop
      vertex -29.25 7.50002 15.8
      vertex -29.25 8.00133 15.7685
      vertex -29.25 7.75116 15.7921
    endloop
  endfacet
  facet normal 1 0 0
    outer loop
      vertex -29.25 10.95 11.0296
      vertex -29.25 3 5
      vertex -29.25 8.5 5
    endloop
  endfacet
  facet normal 1 0 0
    outer loop
      vertex -29.25 8.5 5
      vertex -29.25 3 5
      vertex -29.25 8.5 0
    endloop
  endfacet
  facet normal 1 0 0
    outer loop
      vertex -29.25 8.5 0
      vertex -29.25 3 5
      vertex -29.25 3 0
    endloop
  endfacet
  facet normal 1 0 0
    outer loop
      vertex -29.25 11.5 11.8
      vertex -29.25 11.4941 9.48837
      vertex -29.25 11.5 9.3
    endloop
  endfacet
  facet normal 1 0 0
    outer loop
      vertex -29.25 10.95 11.0296
      vertex -29.25 11.5 11.8
      vertex -29.25 11.4921 12.0512
    endloop
  endfacet
  facet normal 1 0 0
    outer loop
      vertex -29.25 11.5 11.8
      vertex -29.25 11.4763 9.676
      vertex -29.25 11.4941 9.48837
    endloop
  endfacet
  facet normal 1 0 0
    outer loop
      vertex -29.25 10.95 11.0296
      vertex -29.25 11.4921 12.0512
      vertex -29.25 11.4685 12.3013
    endloop
  endfacet
  facet normal 1 0 0
    outer loop
      vertex -29.25 11.5 11.8
      vertex -29.25 11.4469 9.86214
      vertex -29.25 11.4763 9.676
    endloop
  endfacet
  facet normal 1 0 0
    outer loop
      vertex -29.25 10.95 13.3
      vertex -29.25 11.4685 12.3013
      vertex -29.25 11.4291 12.5495
    endloop
  endfacet
  facet normal 1 0 0
    outer loop
      vertex -29.25 11.5 11.8
      vertex -29.25 11.4058 10.0461
      vertex -29.25 11.4469 9.86214
    endloop
  endfacet
  facet normal 1 0 0
    outer loop
      vertex -29.25 10.95 13.3
      vertex -29.25 11.4291 12.5495
      vertex -29.25 11.3743 12.7948
    endloop
  endfacet
  facet normal 1 0 0
    outer loop
      vertex -29.25 11.5 11.8
      vertex -29.25 11.3532 10.2271
      vertex -29.25 11.4058 10.0461
    endloop
  endfacet
  facet normal 1 0 0
    outer loop
      vertex -29.25 10.95 13.3
      vertex -29.25 11.3743 12.7948
      vertex -29.25 11.3042 13.0361
    endloop
  endfacet
  facet normal 1 0 0
    outer loop
      vertex -29.25 11.5 11.8
      vertex -29.25 11.2893 10.4044
      vertex -29.25 11.3532 10.2271
    endloop
  endfacet
  facet normal 1 0 0
    outer loop
      vertex -29.25 10.95 13.3
      vertex -29.25 11.3042 13.0361
      vertex -29.25 11.2191 13.2725
    endloop
  endfacet
  facet normal 1 0 0
    outer loop
      vertex -29.25 11.5 11.8
      vertex -29.25 11.2145 10.5773
      vertex -29.25 11.2893 10.4044
    endloop
  endfacet
  facet normal 1 -0 0
    outer loop
      vertex -29.25 10.95 13.3
      vertex -29.25 11.2191 13.2725
      vertex -29.25 11.2072 13.3
    endloop
  endfacet
  facet normal 1 0 0
    outer loop
      vertex -29.25 11.5 11.8
      vertex -29.25 11.1289 10.7453
      vertex -29.25 11.2145 10.5773
    endloop
  endfacet
  facet normal 1 0 0
    outer loop
      vertex -29.25 11.5 11.8
      vertex -29.25 11.033 10.9075
      vertex -29.25 11.1289 10.7453
    endloop
  endfacet
  facet normal 1 0 0
    outer loop
      vertex -29.25 11.4685 12.3013
      vertex -29.25 10.95 13.3
      vertex -29.25 10.95 11.0296
    endloop
  endfacet
  facet normal 1 0 0
    outer loop
      vertex -29.25 11.5 11.8
      vertex -29.25 10.95 11.0296
      vertex -29.25 11.033 10.9075
    endloop
  endfacet
  facet normal 1 -0 0
    outer loop
      vertex -29.25 -11.4685 12.3013
      vertex -29.25 -10.95 11.0296
      vertex -29.25 -10.95 13.3
    endloop
  endfacet
  facet normal 1 -0 0
    outer loop
      vertex -29.25 -11.4921 12.0512
      vertex -29.25 -10.95 11.0296
      vertex -29.25 -11.4685 12.3013
    endloop
  endfacet
  facet normal 1 0 0
    outer loop
      vertex -29.25 -11.2191 13.2725
      vertex -29.25 -10.95 13.3
      vertex -29.25 -11.2072 13.3
    endloop
  endfacet
  facet normal 1 0 0
    outer loop
      vertex -29.25 -11.3743 12.7948
      vertex -29.25 -10.95 13.3
      vertex -29.25 -11.3042 13.0361
    endloop
  endfacet
  facet normal 1 0 0
    outer loop
      vertex -29.25 -10.95 13.3
      vertex -29.25 -11.2191 13.2725
      vertex -29.25 -11.3042 13.0361
    endloop
  endfacet
  facet normal 1 0 0
    outer loop
      vertex -29.25 -11.4291 12.5495
      vertex -29.25 -10.95 13.3
      vertex -29.25 -11.3743 12.7948
    endloop
  endfacet
  facet normal 1 0 0
    outer loop
      vertex -29.25 -11.4685 12.3013
      vertex -29.25 -10.95 13.3
      vertex -29.25 -11.4291 12.5495
    endloop
  endfacet
  facet normal 1 0 0
    outer loop
      vertex -29.25 -11.2145 10.5773
      vertex -29.25 -11.5 11.8
      vertex -29.25 -11.2893 10.4044
    endloop
  endfacet
  facet normal 1 -0 0
    outer loop
      vertex -29.25 -11.5 11.8
      vertex -29.25 -10.95 11.0296
      vertex -29.25 -11.4921 12.0512
    endloop
  endfacet
  facet normal 1 0 0
    outer loop
      vertex -29.25 -11.2893 10.4044
      vertex -29.25 -11.5 11.8
      vertex -29.25 -11.3532 10.2271
    endloop
  endfacet
  facet normal 1 0 0
    outer loop
      vertex -29.25 -10.95 11.0296
      vertex -29.25 -11.5 11.8
      vertex -29.25 -11.033 10.9075
    endloop
  endfacet
  facet normal 1 0 0
    outer loop
      vertex -29.25 -11.3532 10.2271
      vertex -29.25 -11.5 11.8
      vertex -29.25 -11.4058 10.0461
    endloop
  endfacet
  facet normal 1 0 0
    outer loop
      vertex -29.25 -11.033 10.9075
      vertex -29.25 -11.5 11.8
      vertex -29.25 -11.1289 10.7453
    endloop
  endfacet
  facet normal 1 0 0
    outer loop
      vertex -29.25 -11.4058 10.0461
      vertex -29.25 -11.5 11.8
      vertex -29.25 -11.4469 9.86214
    endloop
  endfacet
  facet normal 1 0 0
    outer loop
      vertex -29.25 -11.1289 10.7453
      vertex -29.25 -11.5 11.8
      vertex -29.25 -11.2145 10.5773
    endloop
  endfacet
  facet normal 1 0 0
    outer loop
      vertex -29.25 -11.4469 9.86214
      vertex -29.25 -11.5 11.8
      vertex -29.25 -11.4763 9.676
    endloop
  endfacet
  facet normal 1 0 0
    outer loop
      vertex -29.25 -11.4763 9.676
      vertex -29.25 -11.5 11.8
      vertex -29.25 -11.4941 9.48837
    endloop
  endfacet
  facet normal 1 0 0
    outer loop
      vertex -29.25 -11.4941 9.48837
      vertex -29.25 -11.5 11.8
      vertex -29.25 -11.5 9.3
    endloop
  endfacet
  facet normal 1 -0 0
    outer loop
      vertex -29.25 -7.75116 15.7921
      vertex -29.25 -10.95 13.3
      vertex -29.25 -7.50002 15.8
    endloop
  endfacet
  facet normal 1 0 0
    outer loop
      vertex -29.25 -10.95 13.3
      vertex -29.25 -8.73607 15.6042
      vertex -29.25 -8.9725 15.5191
    endloop
  endfacet
  facet normal 1 0 0
    outer loop
      vertex -29.25 -10.95 13.3
      vertex -29.25 -8.9725 15.5191
      vertex -29.25 -9.20312 15.4193
    endloop
  endfacet
  facet normal 1 0 0
    outer loop
      vertex -29.25 -10.95 13.3
      vertex -29.25 -9.20312 15.4193
      vertex -29.25 -9.42702 15.3052
    endloop
  endfacet
  facet normal 1 0 0
    outer loop
      vertex -29.25 -10.95 13.3
      vertex -29.25 -9.42702 15.3052
      vertex -29.25 -9.64331 15.1773
    endloop
  endfacet
  facet normal 1 0 0
    outer loop
      vertex -29.25 -10.95 13.3
      vertex -29.25 -9.64331 15.1773
      vertex -29.25 -9.85114 15.0361
    endloop
  endfacet
  facet normal 1 0 0
    outer loop
      vertex -29.25 -10.95 13.3
      vertex -29.25 -9.85114 15.0361
      vertex -29.25 -10.0497 14.8821
    endloop
  endfacet
  facet normal 1 0 0
    outer loop
      vertex -29.25 -10.95 13.3
      vertex -29.25 -10.0497 14.8821
      vertex -29.25 -10.2382 14.7159
    endloop
  endfacet
  facet normal 1 0 0
    outer loop
      vertex -29.25 -10.95 13.3
      vertex -29.25 -10.2382 14.7159
      vertex -29.25 -10.4159 14.5382
    endloop
  endfacet
  facet normal 1 0 0
    outer loop
      vertex -29.25 -10.95 13.3
      vertex -29.25 -10.4159 14.5382
      vertex -29.25 -10.5821 14.3497
    endloop
  endfacet
  facet normal 1 0 0
    outer loop
      vertex -29.25 -10.95 13.3
      vertex -29.25 -10.5821 14.3497
      vertex -29.25 -10.7361 14.1511
    endloop
  endfacet
  facet normal 1 0 0
    outer loop
      vertex -29.25 -10.95 13.3
      vertex -29.25 -10.7361 14.1511
      vertex -29.25 -10.8773 13.9433
    endloop
  endfacet
  facet normal 1 0 0
    outer loop
      vertex -29.25 -10.95 13.3
      vertex -29.25 -10.8773 13.9433
      vertex -29.25 -10.95 13.8204
    endloop
  endfacet
  facet normal 1 0 0
    outer loop
      vertex -29.25 -7.50002 15.8
      vertex -29.25 -10.95 13.3
      vertex -29.25 -10.95 11.0296
    endloop
  endfacet
  facet normal 1 0 0
    outer loop
      vertex -29.25 -7.50002 15.8
      vertex -29.25 -10.95 11.0296
      vertex -29.25 -8.5 5
    endloop
  endfacet
  facet normal 1 0 0
    outer loop
      vertex -29.25 -8.5 5
      vertex -29.25 -10.95 11.0296
      vertex -29.25 -10.95 5
    endloop
  endfacet
  facet normal 1 -0 0
    outer loop
      vertex -29.25 -7.50002 15.8
      vertex -29.25 -0.549999 12.3
      vertex -29.25 -0.549999 15.8
    endloop
  endfacet
  facet normal 1 0 0
    outer loop
      vertex -29.25 -0.549999 12.3
      vertex -29.25 -3 5
      vertex -29.25 -0.549999 5
    endloop
  endfacet
  facet normal 1 0 0
    outer loop
      vertex -29.25 -8.5 5
      vertex -29.25 -0.549999 12.3
      vertex -29.25 -7.50002 15.8
    endloop
  endfacet
  facet normal 1 0 0
    outer loop
      vertex -29.25 -0.549999 12.3
      vertex -29.25 -8.5 5
      vertex -29.25 -3 5
    endloop
  endfacet
  facet normal 1 -0 0
    outer loop
      vertex -29.25 -8.00133 15.7685
      vertex -29.25 -10.95 13.3
      vertex -29.25 -7.75116 15.7921
    endloop
  endfacet
  facet normal 1 0 0
    outer loop
      vertex -29.25 -10.95 13.3
      vertex -29.25 -8.00133 15.7685
      vertex -29.25 -8.49476 15.6743
    endloop
  endfacet
  facet normal 1 0 0
    outer loop
      vertex -29.25 -8.49476 15.6743
      vertex -29.25 -8.00133 15.7685
      vertex -29.25 -8.24953 15.7291
    endloop
  endfacet
  facet normal 1 0 0
    outer loop
      vertex -29.25 -10.95 13.3
      vertex -29.25 -8.49476 15.6743
      vertex -29.25 -8.73607 15.6042
    endloop
  endfacet
  facet normal 1 0 0
    outer loop
      vertex -29.25 -3 5
      vertex -29.25 -8.5 5
      vertex -29.25 -3 0
    endloop
  endfacet
  facet normal 1 0 0
    outer loop
      vertex -29.25 -3 0
      vertex -29.25 -8.5 5
      vertex -29.25 -8.5 0
    endloop
  endfacet
  facet normal 1 -0 0
    outer loop
      vertex -29.25 -0.549999 15.8
      vertex -29.25 0.549999 12.3
      vertex -29.25 0.549999 15.8
    endloop
  endfacet
  facet normal 1 0 0
    outer loop
      vertex -29.25 0.549999 12.3
      vertex -29.25 -0.549999 15.8
      vertex -29.25 -0.549999 12.3
    endloop
  endfacet
  facet normal 1 -0 0
    outer loop
      vertex -29.25 -11.0052 13.727
      vertex -29.25 -10.95 13.3
      vertex -29.25 -10.95 13.8204
    endloop
  endfacet
  facet normal 1 -0 0
    outer loop
      vertex -29.25 -11.1193 13.5031
      vertex -29.25 -10.95 13.3
      vertex -29.25 -11.0052 13.727
    endloop
  endfacet
  facet normal 1 0 0
    outer loop
      vertex -29.25 -10.95 13.3
      vertex -29.25 -11.1193 13.5031
      vertex -29.25 -11.2072 13.3
    endloop
  endfacet
  facet normal 1 0 0
    outer loop
      vertex -29.25 10.95 13.3
      vertex -29.25 11.1193 13.5031
      vertex -29.25 11.0052 13.727
    endloop
  endfacet
  facet normal 1 0 0
    outer loop
      vertex -29.25 10.95 13.3
      vertex -29.25 11.0052 13.727
      vertex -29.25 10.95 13.8204
    endloop
  endfacet
  facet normal 1 0 0
    outer loop
      vertex -29.25 11.1193 13.5031
      vertex -29.25 10.95 13.3
      vertex -29.25 11.2072 13.3
    endloop
  endfacet
  facet normal -0 0 1
    outer loop
      vertex -29.25 0.549999 12.3
      vertex -27.85 -0.549999 12.3
      vertex -27.85 0.549999 12.3
    endloop
  endfacet
  facet normal 0 0 1
    outer loop
      vertex -27.85 -0.549999 12.3
      vertex -29.25 0.549999 12.3
      vertex -29.25 -0.549999 12.3
    endloop
  endfacet
  facet normal -0 0 1
    outer loop
      vertex -27.85 8.50002 12.3
      vertex -26.25 0.69757 12.3
      vertex -26.25 8.50002 12.3
    endloop
  endfacet
  facet normal 0 0 1
    outer loop
      vertex -26.25 0.69757 12.3
      vertex -27.85 0.549999 12.3
      vertex -26.25 -0.69757 12.3
    endloop
  endfacet
  facet normal 0 0 1
    outer loop
      vertex -26.25 0.69757 12.3
      vertex -27.85 8.50002 12.3
      vertex -27.85 0.549999 12.3
    endloop
  endfacet
  facet normal -0 0 1
    outer loop
      vertex -27.85 -0.549999 12.3
      vertex -26.25 -0.69757 12.3
      vertex -27.85 0.549999 12.3
    endloop
  endfacet
  facet normal 0 0 1
    outer loop
      vertex -27.85 -8.50002 12.3
      vertex -26.25 -0.69757 12.3
      vertex -27.85 -0.549999 12.3
    endloop
  endfacet
  facet normal 0 0 1
    outer loop
      vertex -26.25 -0.69757 12.3
      vertex -27.85 -8.50002 12.3
      vertex -26.25 -8.50002 12.3
    endloop
  endfacet
  facet normal 1 0 0
    outer loop
      vertex -26.25 -8.50002 12.3
      vertex -26.25 -0.349999 10.4
      vertex -26.25 -0.360655 10.7391
    endloop
  endfacet
  facet normal 1 0 0
    outer loop
      vertex -26.25 -0.349999 10.4
      vertex -26.25 -0.366414 10
      vertex -26.25 -0.360655 10.0609
    endloop
  endfacet
  facet normal 1 0 0
    outer loop
      vertex -26.25 -8.50002 12.3
      vertex -26.25 -0.360655 10.7391
      vertex -26.25 -0.39258 11.0768
    endloop
  endfacet
  facet normal 1 0 0
    outer loop
      vertex -26.25 -0.349999 10.4
      vertex -26.25 -8.50002 12.3
      vertex -26.25 -0.366414 10
    endloop
  endfacet
  facet normal 1 0 0
    outer loop
      vertex -26.25 -8.50002 12.3
      vertex -26.25 -0.39258 11.0768
      vertex -26.25 -0.445648 11.4119
    endloop
  endfacet
  facet normal 1 0 0
    outer loop
      vertex -26.25 -0.366414 10
      vertex -26.25 -8.50002 12.3
      vertex -26.25 -0.39258 9.7232
    endloop
  endfacet
  facet normal 1 0 0
    outer loop
      vertex -26.25 -8.50002 12.3
      vertex -26.25 -0.445648 11.4119
      vertex -26.25 -0.51965 11.7429
    endloop
  endfacet
  facet normal 1 0 0
    outer loop
      vertex -26.25 -0.39258 9.7232
      vertex -26.25 -8.50002 12.3
      vertex -26.25 -0.445648 9.38814
    endloop
  endfacet
  facet normal 1 0 0
    outer loop
      vertex -26.25 -8.50002 12.3
      vertex -26.25 -0.51965 11.7429
      vertex -26.25 -0.614294 12.0687
    endloop
  endfacet
  facet normal 1 0 0
    outer loop
      vertex -26.25 -0.445648 9.38814
      vertex -26.25 -8.50002 12.3
      vertex -26.25 -0.51965 9.05707
    endloop
  endfacet
  facet normal 1 -0 0
    outer loop
      vertex -26.25 -8.50002 12.3
      vertex -26.25 -0.614294 12.0687
      vertex -26.25 -0.69757 12.3
    endloop
  endfacet
  facet normal 1 0 0
    outer loop
      vertex -26.25 -0.51965 9.05707
      vertex -26.25 -8.50002 12.3
      vertex -26.25 -0.614294 8.73131
    endloop
  endfacet
  facet normal 1 0 0
    outer loop
      vertex -26.25 -0.614294 8.73131
      vertex -26.25 -8.50002 12.3
      vertex -26.25 -0.729206 8.41213
    endloop
  endfacet
  facet normal 1 0 0
    outer loop
      vertex -26.25 -0.729206 8.41213
      vertex -26.25 -8.50002 12.3
      vertex -26.25 -0.863934 8.10079
    endloop
  endfacet
  facet normal 1 0 0
    outer loop
      vertex -26.25 -0.863934 8.10079
      vertex -26.25 -8.50002 12.3
      vertex -26.25 -1.01794 7.79853
    endloop
  endfacet
  facet normal 1 0 0
    outer loop
      vertex -26.25 -1.01794 7.79853
      vertex -26.25 -8.50002 12.3
      vertex -26.25 -1.19063 7.50653
    endloop
  endfacet
  facet normal 1 0 0
    outer loop
      vertex -26.25 -1.19063 7.50653
      vertex -26.25 -8.50002 12.3
      vertex -26.25 -1.38131 7.22596
    endloop
  endfacet
  facet normal 1 0 0
    outer loop
      vertex -26.25 -1.38131 7.22596
      vertex -26.25 -8.50002 12.3
      vertex -26.25 -1.58923 6.95791
    endloop
  endfacet
  facet normal 1 0 0
    outer loop
      vertex -26.25 -1.58923 6.95791
      vertex -26.25 -8.50002 12.3
      vertex -26.25 -1.81357 6.70345
    endloop
  endfacet
  facet normal 1 0 0
    outer loop
      vertex -26.25 -1.81357 6.70345
      vertex -26.25 -8.50002 12.3
      vertex -26.25 -2.05344 6.46357
    endloop
  endfacet
  facet normal 1 0 0
    outer loop
      vertex -26.25 -2.05344 6.46357
      vertex -26.25 -8.50002 12.3
      vertex -26.25 -2.30791 6.23923
    endloop
  endfacet
  facet normal 1 0 0
    outer loop
      vertex -26.25 -2.30791 6.23923
      vertex -26.25 -8.50002 12.3
      vertex -26.25 -2.57596 6.03131
    endloop
  endfacet
  facet normal 1 0 0
    outer loop
      vertex -26.25 -2.57596 6.03131
      vertex -26.25 -8.50002 12.3
      vertex -26.25 -2.85653 5.84063
    endloop
  endfacet
  facet normal 1 0 0
    outer loop
      vertex -26.25 -2.85653 5.84063
      vertex -26.25 -8.50002 12.3
      vertex -26.25 -3.14853 5.66794
    endloop
  endfacet
  facet normal 1 0 0
    outer loop
      vertex -26.25 -3.14853 5.66794
      vertex -26.25 -8.50002 12.3
      vertex -26.25 -3.45079 5.51393
    endloop
  endfacet
  facet normal 1 0 0
    outer loop
      vertex -26.25 -3.45079 5.51393
      vertex -26.25 -8.50002 12.3
      vertex -26.25 -3.76213 5.37921
    endloop
  endfacet
  facet normal 1 0 0
    outer loop
      vertex -26.25 -3.76213 5.37921
      vertex -26.25 -8.50002 12.3
      vertex -26.25 -4.08131 5.26429
    endloop
  endfacet
  facet normal 1 0 0
    outer loop
      vertex -26.25 -4.08131 5.26429
      vertex -26.25 -8.50002 12.3
      vertex -26.25 -4.40707 5.16965
    endloop
  endfacet
  facet normal 1 0 0
    outer loop
      vertex -26.25 -4.40707 5.16965
      vertex -26.25 -8.50002 12.3
      vertex -26.25 -4.73814 5.09565
    endloop
  endfacet
  facet normal 1 0 0
    outer loop
      vertex -26.25 -4.73814 5.09565
      vertex -26.25 -8.50002 12.3
      vertex -26.25 -5.0732 5.04258
    endloop
  endfacet
  facet normal 1 0 0
    outer loop
      vertex -26.25 -5.0732 5.04258
      vertex -26.25 -8.50002 12.3
      vertex -26.25 -5.41093 5.01066
    endloop
  endfacet
  facet normal 1 0 0
    outer loop
      vertex -26.25 -5.41093 5.01066
      vertex -26.25 -8.50002 12.3
      vertex -26.25 -5.75 5
    endloop
  endfacet
  facet normal 1 0 0
    outer loop
      vertex -26.25 -5.75 5
      vertex -26.25 -8.50002 12.3
      vertex -26.25 -6.08907 5.01066
    endloop
  endfacet
  facet normal 1 0 0
    outer loop
      vertex -26.25 -6.08907 5.01066
      vertex -26.25 -8.50002 12.3
      vertex -26.25 -6.4268 5.04258
    endloop
  endfacet
  facet normal 1 0 0
    outer loop
      vertex -26.25 -6.4268 5.04258
      vertex -26.25 -8.50002 12.3
      vertex -26.25 -6.76186 5.09565
    endloop
  endfacet
  facet normal 1 0 0
    outer loop
      vertex -26.25 -6.76186 5.09565
      vertex -26.25 -8.50002 12.3
      vertex -26.25 -7.09293 5.16965
    endloop
  endfacet
  facet normal 1 0 0
    outer loop
      vertex -26.25 -7.09293 5.16965
      vertex -26.25 -8.50002 12.3
      vertex -26.25 -7.41869 5.26429
    endloop
  endfacet
  facet normal 1 0 0
    outer loop
      vertex -26.25 -7.41869 5.26429
      vertex -26.25 -8.50002 12.3
      vertex -26.25 -7.73787 5.37921
    endloop
  endfacet
  facet normal 1 0 0
    outer loop
      vertex -26.25 -7.73787 5.37921
      vertex -26.25 -8.50002 12.3
      vertex -26.25 -8.04921 5.51393
    endloop
  endfacet
  facet normal 1 0 0
    outer loop
      vertex -26.25 -8.04921 5.51393
      vertex -26.25 -8.50002 12.3
      vertex -26.25 -8.35147 5.66794
    endloop
  endfacet
  facet normal 1 0 0
    outer loop
      vertex -26.25 -8.50002 12.3
      vertex -26.25 -8.64346 5.84063
      vertex -26.25 -8.35147 5.66794
    endloop
  endfacet
  facet normal 1 0 0
    outer loop
      vertex -26.25 -10.9803 9.05707
      vertex -26.25 -8.50002 12.3
      vertex -26.25 -8.68837 12.2941
    endloop
  endfacet
  facet normal 1 0 0
    outer loop
      vertex -26.25 -10.9803 9.05707
      vertex -26.25 -8.68837 12.2941
      vertex -26.25 -8.876 12.2763
    endloop
  endfacet
  facet normal 1 0 0
    outer loop
      vertex -26.25 -8.50002 12.3
      vertex -26.25 -8.92404 6.03131
      vertex -26.25 -8.64346 5.84063
    endloop
  endfacet
  facet normal 1 0 0
    outer loop
      vertex -26.25 -10.9803 9.05707
      vertex -26.25 -8.876 12.2763
      vertex -26.25 -9.06214 12.2469
    endloop
  endfacet
  facet normal 1 0 0
    outer loop
      vertex -26.25 -8.50002 12.3
      vertex -26.25 -9.19209 6.23923
      vertex -26.25 -8.92404 6.03131
    endloop
  endfacet
  facet normal 1 0 0
    outer loop
      vertex -26.25 -11.0544 9.38814
      vertex -26.25 -9.06214 12.2469
      vertex -26.25 -9.24607 12.2058
    endloop
  endfacet
  facet normal 1 0 0
    outer loop
      vertex -26.25 -11.0544 9.38814
      vertex -26.25 -9.24607 12.2058
      vertex -26.25 -9.42705 12.1532
    endloop
  endfacet
  facet normal 1 0 0
    outer loop
      vertex -26.25 -8.50002 12.3
      vertex -26.25 -9.44655 6.46357
      vertex -26.25 -9.19209 6.23923
    endloop
  endfacet
  facet normal 1 0 0
    outer loop
      vertex -26.25 -11.0544 9.38814
      vertex -26.25 -9.42705 12.1532
      vertex -26.25 -9.60437 12.0893
    endloop
  endfacet
  facet normal 1 0 0
    outer loop
      vertex -26.25 -8.50002 12.3
      vertex -26.25 -9.68643 6.70345
      vertex -26.25 -9.44655 6.46357
    endloop
  endfacet
  facet normal 1 0 0
    outer loop
      vertex -26.25 -11.0544 9.38814
      vertex -26.25 -9.60437 12.0893
      vertex -26.25 -9.77734 12.0145
    endloop
  endfacet
  facet normal 1 0 0
    outer loop
      vertex -26.25 -8.50002 12.3
      vertex -26.25 -9.91077 6.95791
      vertex -26.25 -9.68643 6.70345
    endloop
  endfacet
  facet normal 1 0 0
    outer loop
      vertex -26.25 -11.0544 9.38814
      vertex -26.25 -9.77734 12.0145
      vertex -26.25 -9.94526 11.9289
    endloop
  endfacet
  facet normal 1 0 0
    outer loop
      vertex -26.25 -11.1074 9.7232
      vertex -26.25 -9.94526 11.9289
      vertex -26.25 -10.1075 11.833
    endloop
  endfacet
  facet normal 1 0 0
    outer loop
      vertex -26.25 -8.50002 12.3
      vertex -26.25 -10.1187 7.22596
      vertex -26.25 -9.91077 6.95791
    endloop
  endfacet
  facet normal 1 0 0
    outer loop
      vertex -26.25 -11.1074 9.7232
      vertex -26.25 -10.1075 11.833
      vertex -26.25 -10.2634 11.7271
    endloop
  endfacet
  facet normal 1 0 0
    outer loop
      vertex -26.25 -8.50002 12.3
      vertex -26.25 -10.3094 7.50653
      vertex -26.25 -10.1187 7.22596
    endloop
  endfacet
  facet normal 1 0 0
    outer loop
      vertex -26.25 -11.1074 9.7232
      vertex -26.25 -10.2634 11.7271
      vertex -26.25 -10.4123 11.6115
    endloop
  endfacet
  facet normal 1 0 0
    outer loop
      vertex -26.25 -8.50002 12.3
      vertex -26.25 -10.4821 7.79853
      vertex -26.25 -10.3094 7.50653
    endloop
  endfacet
  facet normal 1 0 0
    outer loop
      vertex -26.25 -11.1336 10
      vertex -26.25 -10.4123 11.6115
      vertex -26.25 -10.5536 11.4869
    endloop
  endfacet
  facet normal 1 0 0
    outer loop
      vertex -26.25 -8.50002 12.3
      vertex -26.25 -10.6361 8.10079
      vertex -26.25 -10.4821 7.79853
    endloop
  endfacet
  facet normal 1 0 0
    outer loop
      vertex -26.25 -11.1336 10
      vertex -26.25 -10.5536 11.4869
      vertex -26.25 -10.6869 11.3536
    endloop
  endfacet
  facet normal 1 0 0
    outer loop
      vertex -26.25 -8.50002 12.3
      vertex -26.25 -10.7708 8.41213
      vertex -26.25 -10.6361 8.10079
    endloop
  endfacet
  facet normal 1 0 0
    outer loop
      vertex -26.25 -11.1393 10.0609
      vertex -26.25 -10.6869 11.3536
      vertex -26.25 -10.8115 11.2123
    endloop
  endfacet
  facet normal 1 0 0
    outer loop
      vertex -26.25 -8.50002 12.3
      vertex -26.25 -10.8857 8.73131
      vertex -26.25 -10.7708 8.41213
    endloop
  endfacet
  facet normal 1 0 0
    outer loop
      vertex -26.25 -11.15 10.4
      vertex -26.25 -10.8115 11.2123
      vertex -26.25 -10.9271 11.0634
    endloop
  endfacet
  facet normal 1 0 0
    outer loop
      vertex -26.25 -8.50002 12.3
      vertex -26.25 -10.9803 9.05707
      vertex -26.25 -10.8857 8.73131
    endloop
  endfacet
  facet normal 1 0 0
    outer loop
      vertex -26.25 -11.15 10.4
      vertex -26.25 -10.9271 11.0634
      vertex -26.25 -11.033 10.9075
    endloop
  endfacet
  facet normal 1 0 0
    outer loop
      vertex -26.25 -9.06214 12.2469
      vertex -26.25 -11.0544 9.38814
      vertex -26.25 -10.9803 9.05707
    endloop
  endfacet
  facet normal 1 0 0
    outer loop
      vertex -26.25 -9.94526 11.9289
      vertex -26.25 -11.1074 9.7232
      vertex -26.25 -11.0544 9.38814
    endloop
  endfacet
  facet normal 1 0 0
    outer loop
      vertex -26.25 -11.15 10.4
      vertex -26.25 -11.033 10.9075
      vertex -26.25 -11.1289 10.7453
    endloop
  endfacet
  facet normal 1 0 0
    outer loop
      vertex -26.25 -10.4123 11.6115
      vertex -26.25 -11.1336 10
      vertex -26.25 -11.1074 9.7232
    endloop
  endfacet
  facet normal 1 0 0
    outer loop
      vertex -26.25 -10.6869 11.3536
      vertex -26.25 -11.1393 10.0609
      vertex -26.25 -11.1336 10
    endloop
  endfacet
  facet normal 1 0 0
    outer loop
      vertex -26.25 -11.15 10.4
      vertex -26.25 -11.1289 10.7453
      vertex -26.25 -11.1398 10.7239
    endloop
  endfacet
  facet normal 1 0 0
    outer loop
      vertex -26.25 -10.8115 11.2123
      vertex -26.25 -11.15 10.4
      vertex -26.25 -11.1393 10.0609
    endloop
  endfacet
  facet normal 1 0 0
    outer loop
      vertex -26.25 0.360655 10.7391
      vertex -26.25 -0.349999 10.4
      vertex -26.25 0.349999 10.4
    endloop
  endfacet
  facet normal 1 0 0
    outer loop
      vertex -26.25 -0.360655 10.7391
      vertex -26.25 0.360655 10.7391
      vertex -26.25 0.39258 11.0768
    endloop
  endfacet
  facet normal 1 0 0
    outer loop
      vertex -26.25 -0.39258 11.0768
      vertex -26.25 0.39258 11.0768
      vertex -26.25 0.445648 11.4119
    endloop
  endfacet
  facet normal 1 0 0
    outer loop
      vertex -26.25 -0.445648 11.4119
      vertex -26.25 0.445648 11.4119
      vertex -26.25 0.51965 11.7429
    endloop
  endfacet
  facet normal 1 0 0
    outer loop
      vertex -26.25 -0.51965 11.7429
      vertex -26.25 0.51965 11.7429
      vertex -26.25 0.614294 12.0687
    endloop
  endfacet
  facet normal 1 0 0
    outer loop
      vertex -26.25 -0.614294 12.0687
      vertex -26.25 0.614294 12.0687
      vertex -26.25 0.69757 12.3
    endloop
  endfacet
  facet normal 1 0 0
    outer loop
      vertex -26.25 0.360655 10.7391
      vertex -26.25 -0.360655 10.7391
      vertex -26.25 -0.349999 10.4
    endloop
  endfacet
  facet normal 1 0 0
    outer loop
      vertex -26.25 0.39258 11.0768
      vertex -26.25 -0.39258 11.0768
      vertex -26.25 -0.360655 10.7391
    endloop
  endfacet
  facet normal 1 0 0
    outer loop
      vertex -26.25 0.445648 11.4119
      vertex -26.25 -0.445648 11.4119
      vertex -26.25 -0.39258 11.0768
    endloop
  endfacet
  facet normal 1 0 0
    outer loop
      vertex -26.25 0.51965 11.7429
      vertex -26.25 -0.51965 11.7429
      vertex -26.25 -0.445648 11.4119
    endloop
  endfacet
  facet normal 1 0 0
    outer loop
      vertex -26.25 0.614294 12.0687
      vertex -26.25 -0.614294 12.0687
      vertex -26.25 -0.51965 11.7429
    endloop
  endfacet
  facet normal 1 0 -0
    outer loop
      vertex -26.25 -0.614294 12.0687
      vertex -26.25 0.69757 12.3
      vertex -26.25 -0.69757 12.3
    endloop
  endfacet
  facet normal 1 -0 0
    outer loop
      vertex -26.25 -0.349999 10.4
      vertex -26.25 0.360655 10.0609
      vertex -26.25 0.349999 10.4
    endloop
  endfacet
  facet normal 1 0 0
    outer loop
      vertex -26.25 -0.360655 10.0609
      vertex -26.25 0.360655 10.0609
      vertex -26.25 -0.349999 10.4
    endloop
  endfacet
  facet normal 1 0 0
    outer loop
      vertex -26.25 0.360655 10.0609
      vertex -26.25 -0.360655 10.0609
      vertex -26.25 0.366414 10
    endloop
  endfacet
  facet normal 1 0 0
    outer loop
      vertex -26.25 0.366414 10
      vertex -26.25 -0.360655 10.0609
      vertex -26.25 -0.366414 10
    endloop
  endfacet
  facet normal 1 0 0
    outer loop
      vertex -26.25 -11.1398 10.7239
      vertex -26.25 -11.2145 10.5773
      vertex -26.25 -11.15 10.4
    endloop
  endfacet
  facet normal 1 -0 0
    outer loop
      vertex -26.25 -11.2893 10.4044
      vertex -26.25 -11.15 10.4
      vertex -26.25 -11.2145 10.5773
    endloop
  endfacet
  facet normal 1 0 0
    outer loop
      vertex -26.25 -11.3532 10.2271
      vertex -26.25 -11.15 10.4
      vertex -26.25 -11.2893 10.4044
    endloop
  endfacet
  facet normal 1 0 0
    outer loop
      vertex -26.25 -11.15 10.4
      vertex -26.25 -11.3532 10.2271
      vertex -26.25 -11.1393 10.0609
    endloop
  endfacet
  facet normal 1 0 0
    outer loop
      vertex -26.25 -11.4058 10.0461
      vertex -26.25 -11.1393 10.0609
      vertex -26.25 -11.3532 10.2271
    endloop
  endfacet
  facet normal 1 0 0
    outer loop
      vertex -26.25 -11.1393 10.0609
      vertex -26.25 -11.4058 10.0461
      vertex -26.25 -11.1336 10
    endloop
  endfacet
  facet normal 1 0 0
    outer loop
      vertex -26.25 -11.1336 10
      vertex -26.25 -11.4058 10.0461
      vertex -26.25 -11.416 10
    endloop
  endfacet
  facet normal 1 0 0
    outer loop
      vertex -26.25 11.1289 10.7453
      vertex -26.25 11.15 10.4
      vertex -26.25 11.1398 10.7239
    endloop
  endfacet
  facet normal 1 0 0
    outer loop
      vertex -26.25 11.033 10.9075
      vertex -26.25 11.15 10.4
      vertex -26.25 11.1289 10.7453
    endloop
  endfacet
  facet normal 1 0 0
    outer loop
      vertex -26.25 10.9271 11.0634
      vertex -26.25 11.15 10.4
      vertex -26.25 11.033 10.9075
    endloop
  endfacet
  facet normal 1 0 0
    outer loop
      vertex -26.25 10.8115 11.2123
      vertex -26.25 11.15 10.4
      vertex -26.25 10.9271 11.0634
    endloop
  endfacet
  facet normal 1 0 0
    outer loop
      vertex -26.25 11.15 10.4
      vertex -26.25 10.8115 11.2123
      vertex -26.25 11.1393 10.0609
    endloop
  endfacet
  facet normal 1 0 0
    outer loop
      vertex -26.25 10.6869 11.3536
      vertex -26.25 11.1393 10.0609
      vertex -26.25 10.8115 11.2123
    endloop
  endfacet
  facet normal 1 0 0
    outer loop
      vertex -26.25 11.1393 10.0609
      vertex -26.25 10.6869 11.3536
      vertex -26.25 11.1336 10
    endloop
  endfacet
  facet normal 1 0 0
    outer loop
      vertex -26.25 10.5536 11.4869
      vertex -26.25 11.1336 10
      vertex -26.25 10.6869 11.3536
    endloop
  endfacet
  facet normal 1 0 0
    outer loop
      vertex -26.25 10.4123 11.6115
      vertex -26.25 11.1336 10
      vertex -26.25 10.5536 11.4869
    endloop
  endfacet
  facet normal 1 0 0
    outer loop
      vertex -26.25 11.1336 10
      vertex -26.25 10.4123 11.6115
      vertex -26.25 11.1074 9.7232
    endloop
  endfacet
  facet normal 1 0 0
    outer loop
      vertex -26.25 10.2634 11.7271
      vertex -26.25 11.1074 9.7232
      vertex -26.25 10.4123 11.6115
    endloop
  endfacet
  facet normal 1 0 0
    outer loop
      vertex -26.25 10.1075 11.833
      vertex -26.25 11.1074 9.7232
      vertex -26.25 10.2634 11.7271
    endloop
  endfacet
  facet normal 1 0 0
    outer loop
      vertex -26.25 9.94526 11.9289
      vertex -26.25 11.1074 9.7232
      vertex -26.25 10.1075 11.833
    endloop
  endfacet
  facet normal 1 0 0
    outer loop
      vertex -26.25 11.1074 9.7232
      vertex -26.25 9.94526 11.9289
      vertex -26.25 11.0544 9.38814
    endloop
  endfacet
  facet normal 1 0 0
    outer loop
      vertex -26.25 9.77734 12.0145
      vertex -26.25 11.0544 9.38814
      vertex -26.25 9.94526 11.9289
    endloop
  endfacet
  facet normal 1 0 0
    outer loop
      vertex -26.25 9.60437 12.0893
      vertex -26.25 11.0544 9.38814
      vertex -26.25 9.77734 12.0145
    endloop
  endfacet
  facet normal 1 0 0
    outer loop
      vertex -26.25 9.42705 12.1532
      vertex -26.25 11.0544 9.38814
      vertex -26.25 9.60437 12.0893
    endloop
  endfacet
  facet normal 1 0 0
    outer loop
      vertex -26.25 9.24607 12.2058
      vertex -26.25 11.0544 9.38814
      vertex -26.25 9.42705 12.1532
    endloop
  endfacet
  facet normal 1 0 0
    outer loop
      vertex -26.25 9.06214 12.2469
      vertex -26.25 11.0544 9.38814
      vertex -26.25 9.24607 12.2058
    endloop
  endfacet
  facet normal 1 0 0
    outer loop
      vertex -26.25 11.0544 9.38814
      vertex -26.25 9.06214 12.2469
      vertex -26.25 10.9803 9.05707
    endloop
  endfacet
  facet normal 1 0 0
    outer loop
      vertex -26.25 8.876 12.2763
      vertex -26.25 10.9803 9.05707
      vertex -26.25 9.06214 12.2469
    endloop
  endfacet
  facet normal 1 0 0
    outer loop
      vertex -26.25 8.68837 12.2941
      vertex -26.25 10.9803 9.05707
      vertex -26.25 8.876 12.2763
    endloop
  endfacet
  facet normal 1 0 0
    outer loop
      vertex -26.25 8.50002 12.3
      vertex -26.25 10.9803 9.05707
      vertex -26.25 8.68837 12.2941
    endloop
  endfacet
  facet normal 1 0 0
    outer loop
      vertex -26.25 10.9803 9.05707
      vertex -26.25 8.50002 12.3
      vertex -26.25 10.8857 8.73131
    endloop
  endfacet
  facet normal 1 0 0
    outer loop
      vertex -26.25 10.8857 8.73131
      vertex -26.25 8.50002 12.3
      vertex -26.25 10.7708 8.41213
    endloop
  endfacet
  facet normal 1 0 0
    outer loop
      vertex -26.25 10.7708 8.41213
      vertex -26.25 8.50002 12.3
      vertex -26.25 10.6361 8.10079
    endloop
  endfacet
  facet normal 1 0 0
    outer loop
      vertex -26.25 10.6361 8.10079
      vertex -26.25 8.50002 12.3
      vertex -26.25 10.4821 7.79853
    endloop
  endfacet
  facet normal 1 0 0
    outer loop
      vertex -26.25 10.4821 7.79853
      vertex -26.25 8.50002 12.3
      vertex -26.25 10.3094 7.50653
    endloop
  endfacet
  facet normal 1 0 0
    outer loop
      vertex -26.25 10.3094 7.50653
      vertex -26.25 8.50002 12.3
      vertex -26.25 10.1187 7.22596
    endloop
  endfacet
  facet normal 1 0 0
    outer loop
      vertex -26.25 10.1187 7.22596
      vertex -26.25 8.50002 12.3
      vertex -26.25 9.91077 6.95791
    endloop
  endfacet
  facet normal 1 0 0
    outer loop
      vertex -26.25 9.91077 6.95791
      vertex -26.25 8.50002 12.3
      vertex -26.25 9.68643 6.70345
    endloop
  endfacet
  facet normal 1 0 0
    outer loop
      vertex -26.25 9.68643 6.70345
      vertex -26.25 8.50002 12.3
      vertex -26.25 9.44655 6.46357
    endloop
  endfacet
  facet normal 1 0 0
    outer loop
      vertex -26.25 9.44655 6.46357
      vertex -26.25 8.50002 12.3
      vertex -26.25 9.19209 6.23923
    endloop
  endfacet
  facet normal 1 0 0
    outer loop
      vertex -26.25 9.19209 6.23923
      vertex -26.25 8.50002 12.3
      vertex -26.25 8.92404 6.03131
    endloop
  endfacet
  facet normal 1 0 0
    outer loop
      vertex -26.25 8.92404 6.03131
      vertex -26.25 8.50002 12.3
      vertex -26.25 8.64346 5.84063
    endloop
  endfacet
  facet normal 1 0 0
    outer loop
      vertex -26.25 8.50002 12.3
      vertex -26.25 8.35147 5.66794
      vertex -26.25 8.64346 5.84063
    endloop
  endfacet
  facet normal 1 0 0
    outer loop
      vertex -26.25 8.50002 12.3
      vertex -26.25 8.04921 5.51393
      vertex -26.25 8.35147 5.66794
    endloop
  endfacet
  facet normal 1 0 0
    outer loop
      vertex -26.25 8.50002 12.3
      vertex -26.25 7.73787 5.37921
      vertex -26.25 8.04921 5.51393
    endloop
  endfacet
  facet normal 1 0 0
    outer loop
      vertex -26.25 8.50002 12.3
      vertex -26.25 7.41869 5.26429
      vertex -26.25 7.73787 5.37921
    endloop
  endfacet
  facet normal 1 0 0
    outer loop
      vertex -26.25 8.50002 12.3
      vertex -26.25 7.09293 5.16965
      vertex -26.25 7.41869 5.26429
    endloop
  endfacet
  facet normal 1 0 0
    outer loop
      vertex -26.25 8.50002 12.3
      vertex -26.25 6.76186 5.09565
      vertex -26.25 7.09293 5.16965
    endloop
  endfacet
  facet normal 1 0 0
    outer loop
      vertex -26.25 8.50002 12.3
      vertex -26.25 6.4268 5.04258
      vertex -26.25 6.76186 5.09565
    endloop
  endfacet
  facet normal 1 0 0
    outer loop
      vertex -26.25 8.50002 12.3
      vertex -26.25 6.08907 5.01066
      vertex -26.25 6.4268 5.04258
    endloop
  endfacet
  facet normal 1 0 0
    outer loop
      vertex -26.25 8.50002 12.3
      vertex -26.25 5.75 5
      vertex -26.25 6.08907 5.01066
    endloop
  endfacet
  facet normal 1 0 0
    outer loop
      vertex -26.25 8.50002 12.3
      vertex -26.25 5.41093 5.01066
      vertex -26.25 5.75 5
    endloop
  endfacet
  facet normal 1 0 0
    outer loop
      vertex -26.25 8.50002 12.3
      vertex -26.25 5.0732 5.04258
      vertex -26.25 5.41093 5.01066
    endloop
  endfacet
  facet normal 1 0 0
    outer loop
      vertex -26.25 8.50002 12.3
      vertex -26.25 4.73814 5.09565
      vertex -26.25 5.0732 5.04258
    endloop
  endfacet
  facet normal 1 0 0
    outer loop
      vertex -26.25 8.50002 12.3
      vertex -26.25 4.40707 5.16965
      vertex -26.25 4.73814 5.09565
    endloop
  endfacet
  facet normal 1 0 0
    outer loop
      vertex -26.25 8.50002 12.3
      vertex -26.25 4.08131 5.26429
      vertex -26.25 4.40707 5.16965
    endloop
  endfacet
  facet normal 1 0 0
    outer loop
      vertex -26.25 8.50002 12.3
      vertex -26.25 3.76213 5.37921
      vertex -26.25 4.08131 5.26429
    endloop
  endfacet
  facet normal 1 0 0
    outer loop
      vertex -26.25 8.50002 12.3
      vertex -26.25 3.45079 5.51393
      vertex -26.25 3.76213 5.37921
    endloop
  endfacet
  facet normal 1 0 0
    outer loop
      vertex -26.25 8.50002 12.3
      vertex -26.25 3.14853 5.66794
      vertex -26.25 3.45079 5.51393
    endloop
  endfacet
  facet normal 1 0 0
    outer loop
      vertex -26.25 8.50002 12.3
      vertex -26.25 2.85653 5.84063
      vertex -26.25 3.14853 5.66794
    endloop
  endfacet
  facet normal 1 0 0
    outer loop
      vertex -26.25 8.50002 12.3
      vertex -26.25 2.57596 6.03131
      vertex -26.25 2.85653 5.84063
    endloop
  endfacet
  facet normal 1 0 0
    outer loop
      vertex -26.25 8.50002 12.3
      vertex -26.25 2.30791 6.23923
      vertex -26.25 2.57596 6.03131
    endloop
  endfacet
  facet normal 1 0 0
    outer loop
      vertex -26.25 8.50002 12.3
      vertex -26.25 2.05344 6.46357
      vertex -26.25 2.30791 6.23923
    endloop
  endfacet
  facet normal 1 0 0
    outer loop
      vertex -26.25 8.50002 12.3
      vertex -26.25 1.81357 6.70345
      vertex -26.25 2.05344 6.46357
    endloop
  endfacet
  facet normal 1 0 0
    outer loop
      vertex -26.25 8.50002 12.3
      vertex -26.25 1.58923 6.95791
      vertex -26.25 1.81357 6.70345
    endloop
  endfacet
  facet normal 1 0 0
    outer loop
      vertex -26.25 8.50002 12.3
      vertex -26.25 1.38131 7.22596
      vertex -26.25 1.58923 6.95791
    endloop
  endfacet
  facet normal 1 0 0
    outer loop
      vertex -26.25 8.50002 12.3
      vertex -26.25 1.19063 7.50653
      vertex -26.25 1.38131 7.22596
    endloop
  endfacet
  facet normal 1 0 0
    outer loop
      vertex -26.25 8.50002 12.3
      vertex -26.25 1.01794 7.79853
      vertex -26.25 1.19063 7.50653
    endloop
  endfacet
  facet normal 1 0 0
    outer loop
      vertex -26.25 8.50002 12.3
      vertex -26.25 0.863934 8.10079
      vertex -26.25 1.01794 7.79853
    endloop
  endfacet
  facet normal 1 0 0
    outer loop
      vertex -26.25 8.50002 12.3
      vertex -26.25 0.729206 8.41213
      vertex -26.25 0.863934 8.10079
    endloop
  endfacet
  facet normal 1 0 0
    outer loop
      vertex -26.25 0.614294 12.0687
      vertex -26.25 8.50002 12.3
      vertex -26.25 0.69757 12.3
    endloop
  endfacet
  facet normal 1 0 0
    outer loop
      vertex -26.25 0.51965 11.7429
      vertex -26.25 8.50002 12.3
      vertex -26.25 0.614294 12.0687
    endloop
  endfacet
  facet normal 1 0 0
    outer loop
      vertex -26.25 8.50002 12.3
      vertex -26.25 0.614294 8.73131
      vertex -26.25 0.729206 8.41213
    endloop
  endfacet
  facet normal 1 0 0
    outer loop
      vertex -26.25 0.445648 11.4119
      vertex -26.25 8.50002 12.3
      vertex -26.25 0.51965 11.7429
    endloop
  endfacet
  facet normal 1 0 0
    outer loop
      vertex -26.25 8.50002 12.3
      vertex -26.25 0.51965 9.05707
      vertex -26.25 0.614294 8.73131
    endloop
  endfacet
  facet normal 1 0 0
    outer loop
      vertex -26.25 0.39258 11.0768
      vertex -26.25 8.50002 12.3
      vertex -26.25 0.445648 11.4119
    endloop
  endfacet
  facet normal 1 0 0
    outer loop
      vertex -26.25 8.50002 12.3
      vertex -26.25 0.445648 9.38814
      vertex -26.25 0.51965 9.05707
    endloop
  endfacet
  facet normal 1 0 0
    outer loop
      vertex -26.25 0.360655 10.7391
      vertex -26.25 8.50002 12.3
      vertex -26.25 0.39258 11.0768
    endloop
  endfacet
  facet normal 1 0 0
    outer loop
      vertex -26.25 8.50002 12.3
      vertex -26.25 0.39258 9.7232
      vertex -26.25 0.445648 9.38814
    endloop
  endfacet
  facet normal 1 0 0
    outer loop
      vertex -26.25 8.50002 12.3
      vertex -26.25 0.366414 10
      vertex -26.25 0.39258 9.7232
    endloop
  endfacet
  facet normal 1 0 0
    outer loop
      vertex -26.25 0.349999 10.4
      vertex -26.25 8.50002 12.3
      vertex -26.25 0.360655 10.7391
    endloop
  endfacet
  facet normal 1 0 0
    outer loop
      vertex -26.25 8.50002 12.3
      vertex -26.25 0.349999 10.4
      vertex -26.25 0.366414 10
    endloop
  endfacet
  facet normal 1 0 0
    outer loop
      vertex -26.25 0.366414 10
      vertex -26.25 0.349999 10.4
      vertex -26.25 0.360655 10.0609
    endloop
  endfacet
  facet normal 1 0 0
    outer loop
      vertex -26.25 11.2145 10.5773
      vertex -26.25 11.1398 10.7239
      vertex -26.25 11.15 10.4
    endloop
  endfacet
  facet normal 1 -0 0
    outer loop
      vertex -26.25 11.1393 10.0609
      vertex -26.25 11.4058 10.0461
      vertex -26.25 11.3532 10.2271
    endloop
  endfacet
  facet normal 1 -0 0
    outer loop
      vertex -26.25 11.15 10.4
      vertex -26.25 11.3532 10.2271
      vertex -26.25 11.2893 10.4044
    endloop
  endfacet
  facet normal 1 0 0
    outer loop
      vertex -26.25 11.15 10.4
      vertex -26.25 11.2893 10.4044
      vertex -26.25 11.2145 10.5773
    endloop
  endfacet
  facet normal 1 0 0
    outer loop
      vertex -26.25 11.3532 10.2271
      vertex -26.25 11.15 10.4
      vertex -26.25 11.1393 10.0609
    endloop
  endfacet
  facet normal 1 0 0
    outer loop
      vertex -26.25 11.1336 10
      vertex -26.25 11.4058 10.0461
      vertex -26.25 11.1393 10.0609
    endloop
  endfacet
  facet normal 1 0 0
    outer loop
      vertex -26.25 11.4058 10.0461
      vertex -26.25 11.1336 10
      vertex -26.25 11.416 10
    endloop
  endfacet
  facet normal -1 0 0
    outer loop
      vertex 26.25 -0.366414 10
      vertex 26.25 -0.349999 10.4
      vertex 26.25 -0.360655 10.0609
    endloop
  endfacet
  facet normal -1 0 0
    outer loop
      vertex 26.25 -8.50002 12.3
      vertex 26.25 -0.349999 10.4
      vertex 26.25 -0.366414 10
    endloop
  endfacet
  facet normal -1 0 0
    outer loop
      vertex 26.25 -8.50002 12.3
      vertex 26.25 -0.366414 10
      vertex 26.25 -0.39258 9.7232
    endloop
  endfacet
  facet normal -1 0 0
    outer loop
      vertex 26.25 -0.349999 10.4
      vertex 26.25 -8.50002 12.3
      vertex 26.25 -0.360655 10.7391
    endloop
  endfacet
  facet normal -1 0 0
    outer loop
      vertex 26.25 -8.50002 12.3
      vertex 26.25 -0.39258 9.7232
      vertex 26.25 -0.445648 9.38814
    endloop
  endfacet
  facet normal -1 0 0
    outer loop
      vertex 26.25 -0.360655 10.7391
      vertex 26.25 -8.50002 12.3
      vertex 26.25 -0.39258 11.0768
    endloop
  endfacet
  facet normal -1 0 0
    outer loop
      vertex 26.25 -8.50002 12.3
      vertex 26.25 -0.445648 9.38814
      vertex 26.25 -0.51965 9.05707
    endloop
  endfacet
  facet normal -1 0 0
    outer loop
      vertex 26.25 -0.39258 11.0768
      vertex 26.25 -8.50002 12.3
      vertex 26.25 -0.445648 11.4119
    endloop
  endfacet
  facet normal -1 0 0
    outer loop
      vertex 26.25 -8.50002 12.3
      vertex 26.25 -0.51965 9.05707
      vertex 26.25 -0.614294 8.73131
    endloop
  endfacet
  facet normal -1 0 0
    outer loop
      vertex 26.25 -0.445648 11.4119
      vertex 26.25 -8.50002 12.3
      vertex 26.25 -0.51965 11.7429
    endloop
  endfacet
  facet normal -1 0 0
    outer loop
      vertex 26.25 -0.51965 11.7429
      vertex 26.25 -8.50002 12.3
      vertex 26.25 -0.614294 12.0687
    endloop
  endfacet
  facet normal -1 0 0
    outer loop
      vertex 26.25 -8.50002 12.3
      vertex 26.25 -0.614294 8.73131
      vertex 26.25 -0.729206 8.41213
    endloop
  endfacet
  facet normal -1 0 0
    outer loop
      vertex 26.25 -8.50002 12.3
      vertex 26.25 -0.729206 8.41213
      vertex 26.25 -0.863934 8.10079
    endloop
  endfacet
  facet normal -1 0 0
    outer loop
      vertex 26.25 -8.50002 12.3
      vertex 26.25 -0.863934 8.10079
      vertex 26.25 -1.01794 7.79853
    endloop
  endfacet
  facet normal -1 0 0
    outer loop
      vertex 26.25 -8.50002 12.3
      vertex 26.25 -1.01794 7.79853
      vertex 26.25 -1.19063 7.50653
    endloop
  endfacet
  facet normal -1 0 0
    outer loop
      vertex 26.25 -8.50002 12.3
      vertex 26.25 -1.19063 7.50653
      vertex 26.25 -1.38131 7.22596
    endloop
  endfacet
  facet normal -1 0 0
    outer loop
      vertex 26.25 -8.50002 12.3
      vertex 26.25 -1.38131 7.22596
      vertex 26.25 -1.58923 6.95791
    endloop
  endfacet
  facet normal -1 0 0
    outer loop
      vertex 26.25 -8.50002 12.3
      vertex 26.25 -1.58923 6.95791
      vertex 26.25 -1.81357 6.70345
    endloop
  endfacet
  facet normal -1 0 0
    outer loop
      vertex 26.25 -8.50002 12.3
      vertex 26.25 -1.81357 6.70345
      vertex 26.25 -2.05344 6.46357
    endloop
  endfacet
  facet normal -1 0 0
    outer loop
      vertex 26.25 -8.50002 12.3
      vertex 26.25 -2.05344 6.46357
      vertex 26.25 -2.30791 6.23923
    endloop
  endfacet
  facet normal -1 0 0
    outer loop
      vertex 26.25 -8.50002 12.3
      vertex 26.25 -2.30791 6.23923
      vertex 26.25 -2.57596 6.03131
    endloop
  endfacet
  facet normal -1 0 0
    outer loop
      vertex 26.25 -8.50002 12.3
      vertex 26.25 -2.57596 6.03131
      vertex 26.25 -2.85653 5.84063
    endloop
  endfacet
  facet normal -1 0 0
    outer loop
      vertex 26.25 -8.50002 12.3
      vertex 26.25 -2.85653 5.84063
      vertex 26.25 -3.14853 5.66794
    endloop
  endfacet
  facet normal -1 0 0
    outer loop
      vertex 26.25 -8.50002 12.3
      vertex 26.25 -3.14853 5.66794
      vertex 26.25 -3.45079 5.51393
    endloop
  endfacet
  facet normal -1 0 0
    outer loop
      vertex 26.25 -8.50002 12.3
      vertex 26.25 -3.45079 5.51393
      vertex 26.25 -3.76213 5.37921
    endloop
  endfacet
  facet normal -1 0 0
    outer loop
      vertex 26.25 -8.50002 12.3
      vertex 26.25 -3.76213 5.37921
      vertex 26.25 -4.08131 5.26429
    endloop
  endfacet
  facet normal -1 0 0
    outer loop
      vertex 26.25 -8.50002 12.3
      vertex 26.25 -4.08131 5.26429
      vertex 26.25 -4.40707 5.16965
    endloop
  endfacet
  facet normal -1 0 0
    outer loop
      vertex 26.25 -8.50002 12.3
      vertex 26.25 -4.40707 5.16965
      vertex 26.25 -4.73814 5.09565
    endloop
  endfacet
  facet normal -1 0 0
    outer loop
      vertex 26.25 -8.50002 12.3
      vertex 26.25 -4.73814 5.09565
      vertex 26.25 -5.0732 5.04258
    endloop
  endfacet
  facet normal -1 0 0
    outer loop
      vertex 26.25 -8.50002 12.3
      vertex 26.25 -5.0732 5.04258
      vertex 26.25 -5.41093 5.01066
    endloop
  endfacet
  facet normal -1 0 0
    outer loop
      vertex 26.25 -8.50002 12.3
      vertex 26.25 -5.41093 5.01066
      vertex 26.25 -5.75 5
    endloop
  endfacet
  facet normal -1 0 0
    outer loop
      vertex 26.25 -8.50002 12.3
      vertex 26.25 -5.75 5
      vertex 26.25 -6.08907 5.01066
    endloop
  endfacet
  facet normal -1 0 0
    outer loop
      vertex 26.25 -8.50002 12.3
      vertex 26.25 -6.08907 5.01066
      vertex 26.25 -6.4268 5.04258
    endloop
  endfacet
  facet normal -1 0 0
    outer loop
      vertex 26.25 -8.50002 12.3
      vertex 26.25 -6.4268 5.04258
      vertex 26.25 -6.76186 5.09565
    endloop
  endfacet
  facet normal -1 0 0
    outer loop
      vertex 26.25 -8.50002 12.3
      vertex 26.25 -6.76186 5.09565
      vertex 26.25 -7.09293 5.16965
    endloop
  endfacet
  facet normal -1 0 0
    outer loop
      vertex 26.25 -8.50002 12.3
      vertex 26.25 -7.09293 5.16965
      vertex 26.25 -7.41869 5.26429
    endloop
  endfacet
  facet normal -1 0 0
    outer loop
      vertex 26.25 -8.50002 12.3
      vertex 26.25 -7.41869 5.26429
      vertex 26.25 -7.73787 5.37921
    endloop
  endfacet
  facet normal -1 0 0
    outer loop
      vertex 26.25 -8.50002 12.3
      vertex 26.25 -7.73787 5.37921
      vertex 26.25 -8.04921 5.51393
    endloop
  endfacet
  facet normal -1 0 0
    outer loop
      vertex 26.25 -8.50002 12.3
      vertex 26.25 -8.04921 5.51393
      vertex 26.25 -8.35147 5.66794
    endloop
  endfacet
  facet normal -1 0 0
    outer loop
      vertex 26.25 -0.614294 12.0687
      vertex 26.25 -8.50002 12.3
      vertex 26.25 -0.69757 12.3
    endloop
  endfacet
  facet normal -1 0 0
    outer loop
      vertex 26.25 -8.64346 5.84063
      vertex 26.25 -8.50002 12.3
      vertex 26.25 -8.35147 5.66794
    endloop
  endfacet
  facet normal -1 0 0
    outer loop
      vertex 26.25 -8.92404 6.03131
      vertex 26.25 -8.50002 12.3
      vertex 26.25 -8.64346 5.84063
    endloop
  endfacet
  facet normal -1 0 0
    outer loop
      vertex 26.25 -9.19209 6.23923
      vertex 26.25 -8.50002 12.3
      vertex 26.25 -8.92404 6.03131
    endloop
  endfacet
  facet normal -1 0 0
    outer loop
      vertex 26.25 -9.44655 6.46357
      vertex 26.25 -8.50002 12.3
      vertex 26.25 -9.19209 6.23923
    endloop
  endfacet
  facet normal -1 0 0
    outer loop
      vertex 26.25 -9.68643 6.70345
      vertex 26.25 -8.50002 12.3
      vertex 26.25 -9.44655 6.46357
    endloop
  endfacet
  facet normal -1 0 0
    outer loop
      vertex 26.25 -9.91077 6.95791
      vertex 26.25 -8.50002 12.3
      vertex 26.25 -9.68643 6.70345
    endloop
  endfacet
  facet normal -1 0 0
    outer loop
      vertex 26.25 -10.1187 7.22596
      vertex 26.25 -8.50002 12.3
      vertex 26.25 -9.91077 6.95791
    endloop
  endfacet
  facet normal -1 0 0
    outer loop
      vertex 26.25 -10.3094 7.50653
      vertex 26.25 -8.50002 12.3
      vertex 26.25 -10.1187 7.22596
    endloop
  endfacet
  facet normal -1 0 0
    outer loop
      vertex 26.25 -10.4821 7.79853
      vertex 26.25 -8.50002 12.3
      vertex 26.25 -10.3094 7.50653
    endloop
  endfacet
  facet normal -1 0 0
    outer loop
      vertex 26.25 -10.6361 8.10079
      vertex 26.25 -8.50002 12.3
      vertex 26.25 -10.4821 7.79853
    endloop
  endfacet
  facet normal -1 0 0
    outer loop
      vertex 26.25 -10.7708 8.41213
      vertex 26.25 -8.50002 12.3
      vertex 26.25 -10.6361 8.10079
    endloop
  endfacet
  facet normal -1 0 0
    outer loop
      vertex 26.25 -10.8857 8.73131
      vertex 26.25 -8.50002 12.3
      vertex 26.25 -10.7708 8.41213
    endloop
  endfacet
  facet normal -1 0 0
    outer loop
      vertex 26.25 -10.9803 9.05707
      vertex 26.25 -8.50002 12.3
      vertex 26.25 -10.8857 8.73131
    endloop
  endfacet
  facet normal -1 0 0
    outer loop
      vertex 26.25 -8.50002 12.3
      vertex 26.25 -10.9803 9.05707
      vertex 26.25 -8.68837 12.2941
    endloop
  endfacet
  facet normal -1 0 0
    outer loop
      vertex 26.25 -8.68837 12.2941
      vertex 26.25 -10.9803 9.05707
      vertex 26.25 -8.876 12.2763
    endloop
  endfacet
  facet normal -1 0 0
    outer loop
      vertex 26.25 -8.876 12.2763
      vertex 26.25 -10.9803 9.05707
      vertex 26.25 -9.06214 12.2469
    endloop
  endfacet
  facet normal -1 0 0
    outer loop
      vertex 26.25 -11.0544 9.38814
      vertex 26.25 -9.06214 12.2469
      vertex 26.25 -10.9803 9.05707
    endloop
  endfacet
  facet normal -1 0 0
    outer loop
      vertex 26.25 -9.06214 12.2469
      vertex 26.25 -11.0544 9.38814
      vertex 26.25 -9.24607 12.2058
    endloop
  endfacet
  facet normal -1 0 0
    outer loop
      vertex 26.25 -9.24607 12.2058
      vertex 26.25 -11.0544 9.38814
      vertex 26.25 -9.42705 12.1532
    endloop
  endfacet
  facet normal -1 0 0
    outer loop
      vertex 26.25 -9.42705 12.1532
      vertex 26.25 -11.0544 9.38814
      vertex 26.25 -9.60437 12.0893
    endloop
  endfacet
  facet normal -1 0 0
    outer loop
      vertex 26.25 -9.60437 12.0893
      vertex 26.25 -11.0544 9.38814
      vertex 26.25 -9.77734 12.0145
    endloop
  endfacet
  facet normal -1 0 0
    outer loop
      vertex 26.25 -9.77734 12.0145
      vertex 26.25 -11.0544 9.38814
      vertex 26.25 -9.94526 11.9289
    endloop
  endfacet
  facet normal -1 0 0
    outer loop
      vertex 26.25 -11.1074 9.7232
      vertex 26.25 -9.94526 11.9289
      vertex 26.25 -11.0544 9.38814
    endloop
  endfacet
  facet normal -1 0 0
    outer loop
      vertex 26.25 -9.94526 11.9289
      vertex 26.25 -11.1074 9.7232
      vertex 26.25 -10.1075 11.833
    endloop
  endfacet
  facet normal -1 0 0
    outer loop
      vertex 26.25 -10.1075 11.833
      vertex 26.25 -11.1074 9.7232
      vertex 26.25 -10.2634 11.7271
    endloop
  endfacet
  facet normal -1 0 0
    outer loop
      vertex 26.25 -10.2634 11.7271
      vertex 26.25 -11.1074 9.7232
      vertex 26.25 -10.4123 11.6115
    endloop
  endfacet
  facet normal -1 0 0
    outer loop
      vertex 26.25 -11.1336 10
      vertex 26.25 -10.4123 11.6115
      vertex 26.25 -11.1074 9.7232
    endloop
  endfacet
  facet normal -1 0 0
    outer loop
      vertex 26.25 -10.4123 11.6115
      vertex 26.25 -11.1336 10
      vertex 26.25 -10.5536 11.4869
    endloop
  endfacet
  facet normal -1 0 0
    outer loop
      vertex 26.25 -10.5536 11.4869
      vertex 26.25 -11.1336 10
      vertex 26.25 -10.6869 11.3536
    endloop
  endfacet
  facet normal -1 0 0
    outer loop
      vertex 26.25 -11.1393 10.0609
      vertex 26.25 -10.6869 11.3536
      vertex 26.25 -11.1336 10
    endloop
  endfacet
  facet normal -1 0 0
    outer loop
      vertex 26.25 -10.6869 11.3536
      vertex 26.25 -11.1393 10.0609
      vertex 26.25 -10.8115 11.2123
    endloop
  endfacet
  facet normal -1 0 0
    outer loop
      vertex 26.25 -11.15 10.4
      vertex 26.25 -10.8115 11.2123
      vertex 26.25 -11.1393 10.0609
    endloop
  endfacet
  facet normal -1 0 0
    outer loop
      vertex 26.25 -10.8115 11.2123
      vertex 26.25 -11.15 10.4
      vertex 26.25 -10.9271 11.0634
    endloop
  endfacet
  facet normal -1 0 0
    outer loop
      vertex 26.25 -10.9271 11.0634
      vertex 26.25 -11.15 10.4
      vertex 26.25 -11.033 10.9075
    endloop
  endfacet
  facet normal -1 0 0
    outer loop
      vertex 26.25 -11.033 10.9075
      vertex 26.25 -11.15 10.4
      vertex 26.25 -11.1289 10.7453
    endloop
  endfacet
  facet normal -1 0 0
    outer loop
      vertex 26.25 -11.1289 10.7453
      vertex 26.25 -11.15 10.4
      vertex 26.25 -11.1398 10.7239
    endloop
  endfacet
  facet normal -1 0 0
    outer loop
      vertex 26.25 0.360655 10.0609
      vertex 26.25 -0.349999 10.4
      vertex 26.25 0.349999 10.4
    endloop
  endfacet
  facet normal -1 0 0
    outer loop
      vertex 26.25 -0.360655 10.0609
      vertex 26.25 0.360655 10.0609
      vertex 26.25 0.366414 10
    endloop
  endfacet
  facet normal -1 0 0
    outer loop
      vertex 26.25 0.360655 10.0609
      vertex 26.25 -0.360655 10.0609
      vertex 26.25 -0.349999 10.4
    endloop
  endfacet
  facet normal -1 0 -0
    outer loop
      vertex 26.25 -0.360655 10.0609
      vertex 26.25 0.366414 10
      vertex 26.25 -0.366414 10
    endloop
  endfacet
  facet normal -1 0 0
    outer loop
      vertex 26.25 -0.349999 10.4
      vertex 26.25 0.360655 10.7391
      vertex 26.25 0.349999 10.4
    endloop
  endfacet
  facet normal -1 0 0
    outer loop
      vertex 26.25 -0.360655 10.7391
      vertex 26.25 0.360655 10.7391
      vertex 26.25 -0.349999 10.4
    endloop
  endfacet
  facet normal -1 0 0
    outer loop
      vertex 26.25 0.360655 10.7391
      vertex 26.25 -0.360655 10.7391
      vertex 26.25 0.39258 11.0768
    endloop
  endfacet
  facet normal -1 0 0
    outer loop
      vertex 26.25 -0.39258 11.0768
      vertex 26.25 0.39258 11.0768
      vertex 26.25 -0.360655 10.7391
    endloop
  endfacet
  facet normal -1 0 0
    outer loop
      vertex 26.25 0.39258 11.0768
      vertex 26.25 -0.39258 11.0768
      vertex 26.25 0.445648 11.4119
    endloop
  endfacet
  facet normal -1 0 0
    outer loop
      vertex 26.25 -0.445648 11.4119
      vertex 26.25 0.445648 11.4119
      vertex 26.25 -0.39258 11.0768
    endloop
  endfacet
  facet normal -1 0 0
    outer loop
      vertex 26.25 0.445648 11.4119
      vertex 26.25 -0.445648 11.4119
      vertex 26.25 0.51965 11.7429
    endloop
  endfacet
  facet normal -1 0 0
    outer loop
      vertex 26.25 -0.51965 11.7429
      vertex 26.25 0.51965 11.7429
      vertex 26.25 -0.445648 11.4119
    endloop
  endfacet
  facet normal -1 0 0
    outer loop
      vertex 26.25 0.51965 11.7429
      vertex 26.25 -0.51965 11.7429
      vertex 26.25 0.614294 12.0687
    endloop
  endfacet
  facet normal -1 0 0
    outer loop
      vertex 26.25 -0.614294 12.0687
      vertex 26.25 0.614294 12.0687
      vertex 26.25 -0.51965 11.7429
    endloop
  endfacet
  facet normal -1 0 0
    outer loop
      vertex 26.25 0.614294 12.0687
      vertex 26.25 -0.614294 12.0687
      vertex 26.25 0.69757 12.3
    endloop
  endfacet
  facet normal -1 -0 0
    outer loop
      vertex 26.25 0.69757 12.3
      vertex 26.25 -0.614294 12.0687
      vertex 26.25 -0.69757 12.3
    endloop
  endfacet
  facet normal -1 0 0
    outer loop
      vertex 26.25 -11.3532 10.2271
      vertex 26.25 -11.15 10.4
      vertex 26.25 -11.1393 10.0609
    endloop
  endfacet
  facet normal -1 0 0
    outer loop
      vertex 26.25 -11.4058 10.0461
      vertex 26.25 -11.1393 10.0609
      vertex 26.25 -11.1336 10
    endloop
  endfacet
  facet normal -1 0 0
    outer loop
      vertex 26.25 -11.15 10.4
      vertex 26.25 -11.2893 10.4044
      vertex 26.25 -11.2145 10.5773
    endloop
  endfacet
  facet normal -1 -0 0
    outer loop
      vertex 26.25 -11.15 10.4
      vertex 26.25 -11.3532 10.2271
      vertex 26.25 -11.2893 10.4044
    endloop
  endfacet
  facet normal -1 -0 0
    outer loop
      vertex 26.25 -11.1393 10.0609
      vertex 26.25 -11.4058 10.0461
      vertex 26.25 -11.3532 10.2271
    endloop
  endfacet
  facet normal -1 0 -0
    outer loop
      vertex 26.25 -11.4058 10.0461
      vertex 26.25 -11.1336 10
      vertex 26.25 -11.416 10
    endloop
  endfacet
  facet normal -1 0 0
    outer loop
      vertex 26.25 -11.1398 10.7239
      vertex 26.25 -11.15 10.4
      vertex 26.25 -11.2145 10.5773
    endloop
  endfacet
  facet normal -1 0 0
    outer loop
      vertex 26.25 10.8115 11.2123
      vertex 26.25 11.15 10.4
      vertex 26.25 11.1393 10.0609
    endloop
  endfacet
  facet normal -1 0 0
    outer loop
      vertex 26.25 10.6869 11.3536
      vertex 26.25 11.1393 10.0609
      vertex 26.25 11.1336 10
    endloop
  endfacet
  facet normal -1 0 0
    outer loop
      vertex 26.25 11.15 10.4
      vertex 26.25 11.1289 10.7453
      vertex 26.25 11.1398 10.7239
    endloop
  endfacet
  facet normal -1 0 0
    outer loop
      vertex 26.25 10.4123 11.6115
      vertex 26.25 11.1336 10
      vertex 26.25 11.1074 9.7232
    endloop
  endfacet
  facet normal -1 0 0
    outer loop
      vertex 26.25 9.94526 11.9289
      vertex 26.25 11.1074 9.7232
      vertex 26.25 11.0544 9.38814
    endloop
  endfacet
  facet normal -1 0 0
    outer loop
      vertex 26.25 11.15 10.4
      vertex 26.25 11.033 10.9075
      vertex 26.25 11.1289 10.7453
    endloop
  endfacet
  facet normal -1 0 0
    outer loop
      vertex 26.25 9.06214 12.2469
      vertex 26.25 11.0544 9.38814
      vertex 26.25 10.9803 9.05707
    endloop
  endfacet
  facet normal -1 0 0
    outer loop
      vertex 26.25 11.15 10.4
      vertex 26.25 10.9271 11.0634
      vertex 26.25 11.033 10.9075
    endloop
  endfacet
  facet normal -1 0 0
    outer loop
      vertex 26.25 8.50002 12.3
      vertex 26.25 10.9803 9.05707
      vertex 26.25 10.8857 8.73131
    endloop
  endfacet
  facet normal -1 0 0
    outer loop
      vertex 26.25 11.15 10.4
      vertex 26.25 10.8115 11.2123
      vertex 26.25 10.9271 11.0634
    endloop
  endfacet
  facet normal -1 0 0
    outer loop
      vertex 26.25 8.50002 12.3
      vertex 26.25 10.8857 8.73131
      vertex 26.25 10.7708 8.41213
    endloop
  endfacet
  facet normal -1 0 0
    outer loop
      vertex 26.25 11.1393 10.0609
      vertex 26.25 10.6869 11.3536
      vertex 26.25 10.8115 11.2123
    endloop
  endfacet
  facet normal -1 0 0
    outer loop
      vertex 26.25 8.50002 12.3
      vertex 26.25 10.7708 8.41213
      vertex 26.25 10.6361 8.10079
    endloop
  endfacet
  facet normal -1 0 0
    outer loop
      vertex 26.25 11.1336 10
      vertex 26.25 10.5536 11.4869
      vertex 26.25 10.6869 11.3536
    endloop
  endfacet
  facet normal -1 0 0
    outer loop
      vertex 26.25 8.50002 12.3
      vertex 26.25 10.6361 8.10079
      vertex 26.25 10.4821 7.79853
    endloop
  endfacet
  facet normal -1 0 0
    outer loop
      vertex 26.25 11.1336 10
      vertex 26.25 10.4123 11.6115
      vertex 26.25 10.5536 11.4869
    endloop
  endfacet
  facet normal -1 0 0
    outer loop
      vertex 26.25 8.50002 12.3
      vertex 26.25 10.4821 7.79853
      vertex 26.25 10.3094 7.50653
    endloop
  endfacet
  facet normal -1 0 0
    outer loop
      vertex 26.25 11.1074 9.7232
      vertex 26.25 10.2634 11.7271
      vertex 26.25 10.4123 11.6115
    endloop
  endfacet
  facet normal -1 0 0
    outer loop
      vertex 26.25 8.50002 12.3
      vertex 26.25 10.3094 7.50653
      vertex 26.25 10.1187 7.22596
    endloop
  endfacet
  facet normal -1 0 0
    outer loop
      vertex 26.25 11.1074 9.7232
      vertex 26.25 10.1075 11.833
      vertex 26.25 10.2634 11.7271
    endloop
  endfacet
  facet normal -1 0 0
    outer loop
      vertex 26.25 11.1074 9.7232
      vertex 26.25 9.94526 11.9289
      vertex 26.25 10.1075 11.833
    endloop
  endfacet
  facet normal -1 0 0
    outer loop
      vertex 26.25 8.50002 12.3
      vertex 26.25 10.1187 7.22596
      vertex 26.25 9.91077 6.95791
    endloop
  endfacet
  facet normal -1 0 0
    outer loop
      vertex 26.25 11.0544 9.38814
      vertex 26.25 9.77734 12.0145
      vertex 26.25 9.94526 11.9289
    endloop
  endfacet
  facet normal -1 0 0
    outer loop
      vertex 26.25 8.50002 12.3
      vertex 26.25 9.91077 6.95791
      vertex 26.25 9.68643 6.70345
    endloop
  endfacet
  facet normal -1 0 0
    outer loop
      vertex 26.25 11.0544 9.38814
      vertex 26.25 9.60437 12.0893
      vertex 26.25 9.77734 12.0145
    endloop
  endfacet
  facet normal -1 0 0
    outer loop
      vertex 26.25 8.50002 12.3
      vertex 26.25 9.68643 6.70345
      vertex 26.25 9.44655 6.46357
    endloop
  endfacet
  facet normal -1 0 0
    outer loop
      vertex 26.25 11.0544 9.38814
      vertex 26.25 9.42705 12.1532
      vertex 26.25 9.60437 12.0893
    endloop
  endfacet
  facet normal -1 0 0
    outer loop
      vertex 26.25 11.0544 9.38814
      vertex 26.25 9.24607 12.2058
      vertex 26.25 9.42705 12.1532
    endloop
  endfacet
  facet normal -1 0 0
    outer loop
      vertex 26.25 8.50002 12.3
      vertex 26.25 9.44655 6.46357
      vertex 26.25 9.19209 6.23923
    endloop
  endfacet
  facet normal -1 0 0
    outer loop
      vertex 26.25 11.0544 9.38814
      vertex 26.25 9.06214 12.2469
      vertex 26.25 9.24607 12.2058
    endloop
  endfacet
  facet normal -1 0 0
    outer loop
      vertex 26.25 8.50002 12.3
      vertex 26.25 9.19209 6.23923
      vertex 26.25 8.92404 6.03131
    endloop
  endfacet
  facet normal -1 0 0
    outer loop
      vertex 26.25 10.9803 9.05707
      vertex 26.25 8.876 12.2763
      vertex 26.25 9.06214 12.2469
    endloop
  endfacet
  facet normal -1 0 0
    outer loop
      vertex 26.25 10.9803 9.05707
      vertex 26.25 8.68837 12.2941
      vertex 26.25 8.876 12.2763
    endloop
  endfacet
  facet normal -1 0 0
    outer loop
      vertex 26.25 8.50002 12.3
      vertex 26.25 8.92404 6.03131
      vertex 26.25 8.64346 5.84063
    endloop
  endfacet
  facet normal -1 0 0
    outer loop
      vertex 26.25 10.9803 9.05707
      vertex 26.25 8.50002 12.3
      vertex 26.25 8.68837 12.2941
    endloop
  endfacet
  facet normal -1 0 0
    outer loop
      vertex 26.25 8.35147 5.66794
      vertex 26.25 8.50002 12.3
      vertex 26.25 8.64346 5.84063
    endloop
  endfacet
  facet normal -1 0 0
    outer loop
      vertex 26.25 8.04921 5.51393
      vertex 26.25 8.50002 12.3
      vertex 26.25 8.35147 5.66794
    endloop
  endfacet
  facet normal -1 0 0
    outer loop
      vertex 26.25 7.73787 5.37921
      vertex 26.25 8.50002 12.3
      vertex 26.25 8.04921 5.51393
    endloop
  endfacet
  facet normal -1 0 0
    outer loop
      vertex 26.25 7.41869 5.26429
      vertex 26.25 8.50002 12.3
      vertex 26.25 7.73787 5.37921
    endloop
  endfacet
  facet normal -1 0 0
    outer loop
      vertex 26.25 7.09293 5.16965
      vertex 26.25 8.50002 12.3
      vertex 26.25 7.41869 5.26429
    endloop
  endfacet
  facet normal -1 0 0
    outer loop
      vertex 26.25 6.76186 5.09565
      vertex 26.25 8.50002 12.3
      vertex 26.25 7.09293 5.16965
    endloop
  endfacet
  facet normal -1 0 0
    outer loop
      vertex 26.25 6.4268 5.04258
      vertex 26.25 8.50002 12.3
      vertex 26.25 6.76186 5.09565
    endloop
  endfacet
  facet normal -1 0 0
    outer loop
      vertex 26.25 6.08907 5.01066
      vertex 26.25 8.50002 12.3
      vertex 26.25 6.4268 5.04258
    endloop
  endfacet
  facet normal -1 0 0
    outer loop
      vertex 26.25 5.75 5
      vertex 26.25 8.50002 12.3
      vertex 26.25 6.08907 5.01066
    endloop
  endfacet
  facet normal -1 0 0
    outer loop
      vertex 26.25 5.41093 5.01066
      vertex 26.25 8.50002 12.3
      vertex 26.25 5.75 5
    endloop
  endfacet
  facet normal -1 0 0
    outer loop
      vertex 26.25 5.0732 5.04258
      vertex 26.25 8.50002 12.3
      vertex 26.25 5.41093 5.01066
    endloop
  endfacet
  facet normal -1 0 0
    outer loop
      vertex 26.25 4.73814 5.09565
      vertex 26.25 8.50002 12.3
      vertex 26.25 5.0732 5.04258
    endloop
  endfacet
  facet normal -1 0 0
    outer loop
      vertex 26.25 4.40707 5.16965
      vertex 26.25 8.50002 12.3
      vertex 26.25 4.73814 5.09565
    endloop
  endfacet
  facet normal -1 0 0
    outer loop
      vertex 26.25 4.08131 5.26429
      vertex 26.25 8.50002 12.3
      vertex 26.25 4.40707 5.16965
    endloop
  endfacet
  facet normal -1 0 0
    outer loop
      vertex 26.25 3.76213 5.37921
      vertex 26.25 8.50002 12.3
      vertex 26.25 4.08131 5.26429
    endloop
  endfacet
  facet normal -1 0 0
    outer loop
      vertex 26.25 3.45079 5.51393
      vertex 26.25 8.50002 12.3
      vertex 26.25 3.76213 5.37921
    endloop
  endfacet
  facet normal -1 0 0
    outer loop
      vertex 26.25 3.14853 5.66794
      vertex 26.25 8.50002 12.3
      vertex 26.25 3.45079 5.51393
    endloop
  endfacet
  facet normal -1 0 0
    outer loop
      vertex 26.25 2.85653 5.84063
      vertex 26.25 8.50002 12.3
      vertex 26.25 3.14853 5.66794
    endloop
  endfacet
  facet normal -1 0 0
    outer loop
      vertex 26.25 2.57596 6.03131
      vertex 26.25 8.50002 12.3
      vertex 26.25 2.85653 5.84063
    endloop
  endfacet
  facet normal -1 0 0
    outer loop
      vertex 26.25 2.30791 6.23923
      vertex 26.25 8.50002 12.3
      vertex 26.25 2.57596 6.03131
    endloop
  endfacet
  facet normal -1 0 0
    outer loop
      vertex 26.25 2.05344 6.46357
      vertex 26.25 8.50002 12.3
      vertex 26.25 2.30791 6.23923
    endloop
  endfacet
  facet normal -1 0 0
    outer loop
      vertex 26.25 1.81357 6.70345
      vertex 26.25 8.50002 12.3
      vertex 26.25 2.05344 6.46357
    endloop
  endfacet
  facet normal -1 0 0
    outer loop
      vertex 26.25 1.58923 6.95791
      vertex 26.25 8.50002 12.3
      vertex 26.25 1.81357 6.70345
    endloop
  endfacet
  facet normal -1 0 0
    outer loop
      vertex 26.25 1.38131 7.22596
      vertex 26.25 8.50002 12.3
      vertex 26.25 1.58923 6.95791
    endloop
  endfacet
  facet normal -1 0 0
    outer loop
      vertex 26.25 1.19063 7.50653
      vertex 26.25 8.50002 12.3
      vertex 26.25 1.38131 7.22596
    endloop
  endfacet
  facet normal -1 0 0
    outer loop
      vertex 26.25 1.01794 7.79853
      vertex 26.25 8.50002 12.3
      vertex 26.25 1.19063 7.50653
    endloop
  endfacet
  facet normal -1 0 0
    outer loop
      vertex 26.25 0.863934 8.10079
      vertex 26.25 8.50002 12.3
      vertex 26.25 1.01794 7.79853
    endloop
  endfacet
  facet normal -1 0 0
    outer loop
      vertex 26.25 0.729206 8.41213
      vertex 26.25 8.50002 12.3
      vertex 26.25 0.863934 8.10079
    endloop
  endfacet
  facet normal -1 0 0
    outer loop
      vertex 26.25 0.614294 8.73131
      vertex 26.25 8.50002 12.3
      vertex 26.25 0.729206 8.41213
    endloop
  endfacet
  facet normal -1 0 0
    outer loop
      vertex 26.25 0.51965 9.05707
      vertex 26.25 8.50002 12.3
      vertex 26.25 0.614294 8.73131
    endloop
  endfacet
  facet normal -1 -0 0
    outer loop
      vertex 26.25 8.50002 12.3
      vertex 26.25 0.614294 12.0687
      vertex 26.25 0.69757 12.3
    endloop
  endfacet
  facet normal -1 0 0
    outer loop
      vertex 26.25 0.445648 9.38814
      vertex 26.25 8.50002 12.3
      vertex 26.25 0.51965 9.05707
    endloop
  endfacet
  facet normal -1 0 0
    outer loop
      vertex 26.25 8.50002 12.3
      vertex 26.25 0.51965 11.7429
      vertex 26.25 0.614294 12.0687
    endloop
  endfacet
  facet normal -1 0 0
    outer loop
      vertex 26.25 0.39258 9.7232
      vertex 26.25 8.50002 12.3
      vertex 26.25 0.445648 9.38814
    endloop
  endfacet
  facet normal -1 0 0
    outer loop
      vertex 26.25 8.50002 12.3
      vertex 26.25 0.445648 11.4119
      vertex 26.25 0.51965 11.7429
    endloop
  endfacet
  facet normal -1 0 0
    outer loop
      vertex 26.25 0.366414 10
      vertex 26.25 8.50002 12.3
      vertex 26.25 0.39258 9.7232
    endloop
  endfacet
  facet normal -1 0 0
    outer loop
      vertex 26.25 8.50002 12.3
      vertex 26.25 0.39258 11.0768
      vertex 26.25 0.445648 11.4119
    endloop
  endfacet
  facet normal -1 0 0
    outer loop
      vertex 26.25 0.349999 10.4
      vertex 26.25 8.50002 12.3
      vertex 26.25 0.366414 10
    endloop
  endfacet
  facet normal -1 0 0
    outer loop
      vertex 26.25 0.349999 10.4
      vertex 26.25 0.366414 10
      vertex 26.25 0.360655 10.0609
    endloop
  endfacet
  facet normal -1 0 0
    outer loop
      vertex 26.25 8.50002 12.3
      vertex 26.25 0.360655 10.7391
      vertex 26.25 0.39258 11.0768
    endloop
  endfacet
  facet normal -1 0 0
    outer loop
      vertex 26.25 8.50002 12.3
      vertex 26.25 0.349999 10.4
      vertex 26.25 0.360655 10.7391
    endloop
  endfacet
  facet normal -1 0 0
    outer loop
      vertex 26.25 11.1336 10
      vertex 26.25 11.4058 10.0461
      vertex 26.25 11.416 10
    endloop
  endfacet
  facet normal -1 0 0
    outer loop
      vertex 26.25 11.4058 10.0461
      vertex 26.25 11.1393 10.0609
      vertex 26.25 11.3532 10.2271
    endloop
  endfacet
  facet normal -1 0 -0
    outer loop
      vertex 26.25 11.15 10.4
      vertex 26.25 11.3532 10.2271
      vertex 26.25 11.1393 10.0609
    endloop
  endfacet
  facet normal -1 -0 0
    outer loop
      vertex 26.25 11.2893 10.4044
      vertex 26.25 11.15 10.4
      vertex 26.25 11.2145 10.5773
    endloop
  endfacet
  facet normal -1 0 0
    outer loop
      vertex 26.25 11.3532 10.2271
      vertex 26.25 11.15 10.4
      vertex 26.25 11.2893 10.4044
    endloop
  endfacet
  facet normal -1 -0 0
    outer loop
      vertex 26.25 11.4058 10.0461
      vertex 26.25 11.1336 10
      vertex 26.25 11.1393 10.0609
    endloop
  endfacet
  facet normal -1 -0 0
    outer loop
      vertex 26.25 11.2145 10.5773
      vertex 26.25 11.15 10.4
      vertex 26.25 11.1398 10.7239
    endloop
  endfacet
  facet normal -0 0 1
    outer loop
      vertex 26.25 0.69757 12.3
      vertex 27.85 0.549999 12.3
      vertex 27.85 8.50002 12.3
    endloop
  endfacet
  facet normal 0 0 1
    outer loop
      vertex 27.85 0.549999 12.3
      vertex 26.25 0.69757 12.3
      vertex 27.85 -0.549999 12.3
    endloop
  endfacet
  facet normal 0 0 1
    outer loop
      vertex 26.25 0.69757 12.3
      vertex 27.85 8.50002 12.3
      vertex 26.25 8.50002 12.3
    endloop
  endfacet
  facet normal 0 0 1
    outer loop
      vertex 26.25 -0.69757 12.3
      vertex 27.85 -0.549999 12.3
      vertex 26.25 0.69757 12.3
    endloop
  endfacet
  facet normal 0 0 1
    outer loop
      vertex 27.85 -0.549999 12.3
      vertex 26.25 -0.69757 12.3
      vertex 27.85 -8.50002 12.3
    endloop
  endfacet
  facet normal 0 0 1
    outer loop
      vertex 27.85 -8.50002 12.3
      vertex 26.25 -0.69757 12.3
      vertex 26.25 -8.50002 12.3
    endloop
  endfacet
  facet normal -0 0 1
    outer loop
      vertex 27.85 0.549999 12.3
      vertex 29.25 -0.549999 12.3
      vertex 29.25 0.549999 12.3
    endloop
  endfacet
  facet normal 0 0 1
    outer loop
      vertex 29.25 -0.549999 12.3
      vertex 27.85 0.549999 12.3
      vertex 27.85 -0.549999 12.3
    endloop
  endfacet
  facet normal -1 0 0
    outer loop
      vertex 13.75 11.5 0
      vertex 13.75 15.5 3
      vertex 13.75 15.5 0
    endloop
  endfacet
  facet normal -1 -0 0
    outer loop
      vertex 13.75 15.5 3
      vertex 13.75 11.5 0
      vertex 13.75 11.5 3
    endloop
  endfacet
  facet normal 0 0 1
    outer loop
      vertex 20.7308 15.8658 3
      vertex 18.8639 15.8431 3
      vertex 18.9 15.5 3
    endloop
  endfacet
  facet normal 0 0 1
    outer loop
      vertex 19.3072 18.3316 3
      vertex 18.7574 16.1711 3
      vertex 18.8639 15.8431 3
    endloop
  endfacet
  facet normal 0 0 1
    outer loop
      vertex 18.075 16.9289 3
      vertex 19 18.5311 3
      vertex 18.6736 18.6974 3
    endloop
  endfacet
  facet normal 0 0 1
    outer loop
      vertex 19.3072 18.3316 3
      vertex 18.5849 16.4698 3
      vertex 18.7574 16.1711 3
    endloop
  endfacet
  facet normal 0 0 1
    outer loop
      vertex 19.3072 18.3316 3
      vertex 18.3541 16.7262 3
      vertex 18.5849 16.4698 3
    endloop
  endfacet
  facet normal 0 0 1
    outer loop
      vertex 17.7599 17.0692 3
      vertex 18.6736 18.6974 3
      vertex 18.3316 18.8287 3
    endloop
  endfacet
  facet normal 0 0 1
    outer loop
      vertex 19.3072 18.3316 3
      vertex 18.075 16.9289 3
      vertex 18.3541 16.7262 3
    endloop
  endfacet
  facet normal 0 0 1
    outer loop
      vertex 17.7599 17.0692 3
      vertex 18.3316 18.8287 3
      vertex 17.9777 18.9235 3
    endloop
  endfacet
  facet normal 0 0 1
    outer loop
      vertex 18.6736 18.6974 3
      vertex 17.7599 17.0692 3
      vertex 18.075 16.9289 3
    endloop
  endfacet
  facet normal 0 0 1
    outer loop
      vertex 17.4225 17.141 3
      vertex 17.9777 18.9235 3
      vertex 17.6158 18.9808 3
    endloop
  endfacet
  facet normal 0 0 1
    outer loop
      vertex 17.9777 18.9235 3
      vertex 17.4225 17.141 3
      vertex 17.7599 17.0692 3
    endloop
  endfacet
  facet normal 0 0 1
    outer loop
      vertex 17.25 19 3
      vertex 17.4225 17.141 3
      vertex 17.6158 18.9808 3
    endloop
  endfacet
  facet normal 0 0 1
    outer loop
      vertex 17.25 19 3
      vertex 17.0775 17.141 3
      vertex 17.4225 17.141 3
    endloop
  endfacet
  facet normal -0 0 1
    outer loop
      vertex 16.8841 18.9808 3
      vertex 17.0775 17.141 3
      vertex 17.25 19 3
    endloop
  endfacet
  facet normal -0 0 1
    outer loop
      vertex 16.5223 18.9235 3
      vertex 17.0775 17.141 3
      vertex 16.8841 18.9808 3
    endloop
  endfacet
  facet normal 0 0 1
    outer loop
      vertex 17.0775 17.141 3
      vertex 16.5223 18.9235 3
      vertex 16.7401 17.0692 3
    endloop
  endfacet
  facet normal -0 0 1
    outer loop
      vertex 16.1684 18.8287 3
      vertex 16.7401 17.0692 3
      vertex 16.5223 18.9235 3
    endloop
  endfacet
  facet normal -0 0 1
    outer loop
      vertex 15.8264 18.6974 3
      vertex 16.7401 17.0692 3
      vertex 16.1684 18.8287 3
    endloop
  endfacet
  facet normal 0 0 1
    outer loop
      vertex 16.7401 17.0692 3
      vertex 15.8264 18.6974 3
      vertex 16.425 16.9289 3
    endloop
  endfacet
  facet normal -0 0 1
    outer loop
      vertex 15.5 18.5311 3
      vertex 16.425 16.9289 3
      vertex 15.8264 18.6974 3
    endloop
  endfacet
  facet normal -0 0 1
    outer loop
      vertex 15.1928 18.3316 3
      vertex 16.425 16.9289 3
      vertex 15.5 18.5311 3
    endloop
  endfacet
  facet normal 0 0 1
    outer loop
      vertex 16.425 16.9289 3
      vertex 15.1928 18.3316 3
      vertex 16.1459 16.7262 3
    endloop
  endfacet
  facet normal -0 0 1
    outer loop
      vertex 14.908 18.101 3
      vertex 16.1459 16.7262 3
      vertex 15.1928 18.3316 3
    endloop
  endfacet
  facet normal -0 0 1
    outer loop
      vertex 14.649 17.842 3
      vertex 16.1459 16.7262 3
      vertex 14.908 18.101 3
    endloop
  endfacet
  facet normal 0 0 1
    outer loop
      vertex 16.1459 16.7262 3
      vertex 14.649 17.842 3
      vertex 15.9151 16.4698 3
    endloop
  endfacet
  facet normal 0 0 1
    outer loop
      vertex 18.9 15.5 3
      vertex 20.75 15.5 3
      vertex 20.7308 15.8658 3
    endloop
  endfacet
  facet normal 0 0 1
    outer loop
      vertex 18.8639 15.8431 3
      vertex 20.7308 15.8658 3
      vertex 20.6735 16.2277 3
    endloop
  endfacet
  facet normal 0 0 1
    outer loop
      vertex 18.8639 15.8431 3
      vertex 20.6735 16.2277 3
      vertex 20.5787 16.5816 3
    endloop
  endfacet
  facet normal 0 0 1
    outer loop
      vertex 18.8639 15.8431 3
      vertex 20.5787 16.5816 3
      vertex 20.4474 16.9236 3
    endloop
  endfacet
  facet normal 0 0 1
    outer loop
      vertex 18.8639 15.8431 3
      vertex 20.4474 16.9236 3
      vertex 20.2811 17.25 3
    endloop
  endfacet
  facet normal 0 0 1
    outer loop
      vertex 18.8639 15.8431 3
      vertex 20.2811 17.25 3
      vertex 20.0816 17.5572 3
    endloop
  endfacet
  facet normal 0 0 1
    outer loop
      vertex 18.8639 15.8431 3
      vertex 20.0816 17.5572 3
      vertex 19.851 17.842 3
    endloop
  endfacet
  facet normal 0 0 1
    outer loop
      vertex 18.8639 15.8431 3
      vertex 19.851 17.842 3
      vertex 19.592 18.101 3
    endloop
  endfacet
  facet normal 0 0 1
    outer loop
      vertex 18.8639 15.8431 3
      vertex 19.592 18.101 3
      vertex 19.3072 18.3316 3
    endloop
  endfacet
  facet normal 0 0 1
    outer loop
      vertex 18.075 16.9289 3
      vertex 19.3072 18.3316 3
      vertex 19 18.5311 3
    endloop
  endfacet
  facet normal 0 0 1
    outer loop
      vertex 20.75 15.5 3
      vertex 18.9 15.5 3
      vertex 18.8639 15.1569 3
    endloop
  endfacet
  facet normal 0 0 1
    outer loop
      vertex 20.75 15.5 3
      vertex 18.8639 15.1569 3
      vertex 18.7574 14.8289 3
    endloop
  endfacet
  facet normal 0 0 1
    outer loop
      vertex 18.5849 14.5302 3
      vertex 20.75 15.5 3
      vertex 18.7574 14.8289 3
    endloop
  endfacet
  facet normal 0 0 1
    outer loop
      vertex 20.75 15.5 3
      vertex 18.5849 14.5302 3
      vertex 20.75 11.5 3
    endloop
  endfacet
  facet normal -0 0 1
    outer loop
      vertex 18.3541 14.2738 3
      vertex 20.75 11.5 3
      vertex 18.5849 14.5302 3
    endloop
  endfacet
  facet normal -0 0 1
    outer loop
      vertex 18.075 14.0711 3
      vertex 20.75 11.5 3
      vertex 18.3541 14.2738 3
    endloop
  endfacet
  facet normal -0 0 1
    outer loop
      vertex 17.7599 13.9308 3
      vertex 20.75 11.5 3
      vertex 18.075 14.0711 3
    endloop
  endfacet
  facet normal -0 0 1
    outer loop
      vertex 17.4225 13.859 3
      vertex 20.75 11.5 3
      vertex 17.7599 13.9308 3
    endloop
  endfacet
  facet normal -0 0 1
    outer loop
      vertex 17.0775 13.859 3
      vertex 20.75 11.5 3
      vertex 17.4225 13.859 3
    endloop
  endfacet
  facet normal 0 0 1
    outer loop
      vertex 13.75 11.5 3
      vertex 17.0775 13.859 3
      vertex 16.7401 13.9308 3
    endloop
  endfacet
  facet normal 0 0 1
    outer loop
      vertex 13.75 11.5 3
      vertex 16.7401 13.9308 3
      vertex 16.425 14.0711 3
    endloop
  endfacet
  facet normal -0 0 1
    outer loop
      vertex 14.4184 17.5572 3
      vertex 15.9151 16.4698 3
      vertex 14.649 17.842 3
    endloop
  endfacet
  facet normal -0 0 1
    outer loop
      vertex 14.2189 17.25 3
      vertex 15.9151 16.4698 3
      vertex 14.4184 17.5572 3
    endloop
  endfacet
  facet normal 0 0 1
    outer loop
      vertex 15.9151 16.4698 3
      vertex 14.2189 17.25 3
      vertex 15.7426 16.1711 3
    endloop
  endfacet
  facet normal -0 0 1
    outer loop
      vertex 14.0526 16.9236 3
      vertex 15.7426 16.1711 3
      vertex 14.2189 17.25 3
    endloop
  endfacet
  facet normal -0 0 1
    outer loop
      vertex 13.9213 16.5816 3
      vertex 15.7426 16.1711 3
      vertex 14.0526 16.9236 3
    endloop
  endfacet
  facet normal 0 0 1
    outer loop
      vertex 15.7426 16.1711 3
      vertex 13.9213 16.5816 3
      vertex 15.6361 15.8431 3
    endloop
  endfacet
  facet normal -0 0 1
    outer loop
      vertex 13.8265 16.2277 3
      vertex 15.6361 15.8431 3
      vertex 13.9213 16.5816 3
    endloop
  endfacet
  facet normal -0 0 1
    outer loop
      vertex 13.7692 15.8658 3
      vertex 15.6361 15.8431 3
      vertex 13.8265 16.2277 3
    endloop
  endfacet
  facet normal 0 0 1
    outer loop
      vertex 15.6361 15.8431 3
      vertex 13.7692 15.8658 3
      vertex 15.6 15.5 3
    endloop
  endfacet
  facet normal 0 0 1
    outer loop
      vertex 13.75 15.5 3
      vertex 15.6 15.5 3
      vertex 13.7692 15.8658 3
    endloop
  endfacet
  facet normal 0 0 1
    outer loop
      vertex 15.6 15.5 3
      vertex 13.75 15.5 3
      vertex 15.6361 15.1569 3
    endloop
  endfacet
  facet normal 0 0 1
    outer loop
      vertex 15.6361 15.1569 3
      vertex 13.75 15.5 3
      vertex 15.7426 14.8289 3
    endloop
  endfacet
  facet normal 0 0 1
    outer loop
      vertex 15.7426 14.8289 3
      vertex 13.75 15.5 3
      vertex 15.9151 14.5302 3
    endloop
  endfacet
  facet normal 0 0 1
    outer loop
      vertex 13.75 11.5 3
      vertex 15.9151 14.5302 3
      vertex 13.75 15.5 3
    endloop
  endfacet
  facet normal 0 0 1
    outer loop
      vertex 15.9151 14.5302 3
      vertex 13.75 11.5 3
      vertex 16.1459 14.2738 3
    endloop
  endfacet
  facet normal 0 0 1
    outer loop
      vertex 16.1459 14.2738 3
      vertex 13.75 11.5 3
      vertex 16.425 14.0711 3
    endloop
  endfacet
  facet normal 0 0 1
    outer loop
      vertex 17.0775 13.859 3
      vertex 13.75 11.5 3
      vertex 20.75 11.5 3
    endloop
  endfacet
  facet normal 1 -0 0
    outer loop
      vertex 20.75 11.5 3
      vertex 20.75 15.5 0
      vertex 20.75 15.5 3
    endloop
  endfacet
  facet normal 1 0 0
    outer loop
      vertex 20.75 15.5 0
      vertex 20.75 11.5 3
      vertex 20.75 11.5 0
    endloop
  endfacet
  facet normal 0.998625 0.0524155 0
    outer loop
      vertex 20.75 15.5 3
      vertex 20.7308 15.8658 0
      vertex 20.7308 15.8658 3
    endloop
  endfacet
  facet normal 0.998625 0.0524155 0
    outer loop
      vertex 20.7308 15.8658 0
      vertex 20.75 15.5 3
      vertex 20.75 15.5 0
    endloop
  endfacet
  facet normal -0.0524013 0.998626 0
    outer loop
      vertex 17.25 19 0
      vertex 16.8841 18.9808 3
      vertex 17.25 19 3
    endloop
  endfacet
  facet normal -0.0524013 0.998626 0
    outer loop
      vertex 16.8841 18.9808 3
      vertex 17.25 19 0
      vertex 16.8841 18.9808 0
    endloop
  endfacet
  facet normal 0.707107 0.707107 0
    outer loop
      vertex 19.851 17.842 3
      vertex 19.592 18.101 0
      vertex 19.592 18.101 3
    endloop
  endfacet
  facet normal 0.707107 0.707107 0
    outer loop
      vertex 19.592 18.101 0
      vertex 19.851 17.842 3
      vertex 19.851 17.842 0
    endloop
  endfacet
  facet normal -0.707107 0.707107 0
    outer loop
      vertex 14.908 18.101 0
      vertex 14.649 17.842 3
      vertex 14.908 18.101 3
    endloop
  endfacet
  facet normal -0.707107 0.707107 0
    outer loop
      vertex 14.649 17.842 3
      vertex 14.908 18.101 0
      vertex 14.649 17.842 0
    endloop
  endfacet
  facet normal -0.453971 0.891017 0
    outer loop
      vertex 15.8264 18.6974 0
      vertex 15.5 18.5311 3
      vertex 15.8264 18.6974 3
    endloop
  endfacet
  facet normal -0.453971 0.891017 0
    outer loop
      vertex 15.5 18.5311 3
      vertex 15.8264 18.6974 0
      vertex 15.5 18.5311 0
    endloop
  endfacet
  facet normal 0.891017 0.453971 0
    outer loop
      vertex 20.4474 16.9236 3
      vertex 20.2811 17.25 0
      vertex 20.2811 17.25 3
    endloop
  endfacet
  facet normal 0.891017 0.453971 0
    outer loop
      vertex 20.2811 17.25 0
      vertex 20.4474 16.9236 3
      vertex 20.4474 16.9236 0
    endloop
  endfacet
  facet normal 0.358412 0.933564 -0
    outer loop
      vertex 18.6736 18.6974 0
      vertex 18.3316 18.8287 3
      vertex 18.6736 18.6974 3
    endloop
  endfacet
  facet normal 0.358412 0.933564 0
    outer loop
      vertex 18.3316 18.8287 3
      vertex 18.6736 18.6974 0
      vertex 18.3316 18.8287 0
    endloop
  endfacet
  facet normal 0.544643 0.838668 -0
    outer loop
      vertex 19.3072 18.3316 0
      vertex 19 18.5311 3
      vertex 19.3072 18.3316 3
    endloop
  endfacet
  facet normal 0.544643 0.838668 0
    outer loop
      vertex 19 18.5311 3
      vertex 19.3072 18.3316 0
      vertex 19 18.5311 0
    endloop
  endfacet
  facet normal -0.933564 0.358412 0
    outer loop
      vertex 13.9213 16.5816 0
      vertex 14.0526 16.9236 3
      vertex 14.0526 16.9236 0
    endloop
  endfacet
  facet normal -0.933564 0.358412 0
    outer loop
      vertex 14.0526 16.9236 3
      vertex 13.9213 16.5816 0
      vertex 13.9213 16.5816 3
    endloop
  endfacet
  facet normal -0.544643 0.838668 0
    outer loop
      vertex 15.5 18.5311 0
      vertex 15.1928 18.3316 3
      vertex 15.5 18.5311 3
    endloop
  endfacet
  facet normal -0.544643 0.838668 0
    outer loop
      vertex 15.1928 18.3316 3
      vertex 15.5 18.5311 0
      vertex 15.1928 18.3316 0
    endloop
  endfacet
  facet normal -0.25875 0.965944 0
    outer loop
      vertex 16.5223 18.9235 0
      vertex 16.1684 18.8287 3
      vertex 16.5223 18.9235 3
    endloop
  endfacet
  facet normal -0.25875 0.965944 0
    outer loop
      vertex 16.1684 18.8287 3
      vertex 16.5223 18.9235 0
      vertex 16.1684 18.8287 0
    endloop
  endfacet
  facet normal 0.965944 0.25875 0
    outer loop
      vertex 20.6735 16.2277 3
      vertex 20.5787 16.5816 0
      vertex 20.5787 16.5816 3
    endloop
  endfacet
  facet normal 0.965944 0.25875 0
    outer loop
      vertex 20.5787 16.5816 0
      vertex 20.6735 16.2277 3
      vertex 20.6735 16.2277 0
    endloop
  endfacet
  facet normal 0.987696 0.156383 0
    outer loop
      vertex 20.7308 15.8658 3
      vertex 20.6735 16.2277 0
      vertex 20.6735 16.2277 3
    endloop
  endfacet
  facet normal 0.987696 0.156383 0
    outer loop
      vertex 20.6735 16.2277 0
      vertex 20.7308 15.8658 3
      vertex 20.7308 15.8658 0
    endloop
  endfacet
  facet normal 0.933564 0.358412 0
    outer loop
      vertex 20.5787 16.5816 3
      vertex 20.4474 16.9236 0
      vertex 20.4474 16.9236 3
    endloop
  endfacet
  facet normal 0.933564 0.358412 0
    outer loop
      vertex 20.4474 16.9236 0
      vertex 20.5787 16.5816 3
      vertex 20.5787 16.5816 0
    endloop
  endfacet
  facet normal 0.777181 0.629277 0
    outer loop
      vertex 20.0816 17.5572 3
      vertex 19.851 17.842 0
      vertex 19.851 17.842 3
    endloop
  endfacet
  facet normal 0.777181 0.629277 0
    outer loop
      vertex 19.851 17.842 0
      vertex 20.0816 17.5572 3
      vertex 20.0816 17.5572 0
    endloop
  endfacet
  facet normal 0.838668 0.544643 0
    outer loop
      vertex 20.2811 17.25 3
      vertex 20.0816 17.5572 0
      vertex 20.0816 17.5572 3
    endloop
  endfacet
  facet normal 0.838668 0.544643 0
    outer loop
      vertex 20.0816 17.5572 0
      vertex 20.2811 17.25 3
      vertex 20.2811 17.25 0
    endloop
  endfacet
  facet normal 0.156383 0.987696 -0
    outer loop
      vertex 17.9777 18.9235 0
      vertex 17.6158 18.9808 3
      vertex 17.9777 18.9235 3
    endloop
  endfacet
  facet normal 0.156383 0.987696 0
    outer loop
      vertex 17.6158 18.9808 3
      vertex 17.9777 18.9235 0
      vertex 17.6158 18.9808 0
    endloop
  endfacet
  facet normal 0.25875 0.965944 -0
    outer loop
      vertex 18.3316 18.8287 0
      vertex 17.9777 18.9235 3
      vertex 18.3316 18.8287 3
    endloop
  endfacet
  facet normal 0.25875 0.965944 0
    outer loop
      vertex 17.9777 18.9235 3
      vertex 18.3316 18.8287 0
      vertex 17.9777 18.9235 0
    endloop
  endfacet
  facet normal 0.0524155 0.998625 -0
    outer loop
      vertex 17.6158 18.9808 0
      vertex 17.25 19 3
      vertex 17.6158 18.9808 3
    endloop
  endfacet
  facet normal 0.0524155 0.998625 0
    outer loop
      vertex 17.25 19 3
      vertex 17.6158 18.9808 0
      vertex 17.25 19 0
    endloop
  endfacet
  facet normal 0.453971 0.891017 -0
    outer loop
      vertex 19 18.5311 0
      vertex 18.6736 18.6974 3
      vertex 19 18.5311 3
    endloop
  endfacet
  facet normal 0.453971 0.891017 0
    outer loop
      vertex 18.6736 18.6974 3
      vertex 19 18.5311 0
      vertex 18.6736 18.6974 0
    endloop
  endfacet
  facet normal 0.629277 0.777181 -0
    outer loop
      vertex 19.592 18.101 0
      vertex 19.3072 18.3316 3
      vertex 19.592 18.101 3
    endloop
  endfacet
  facet normal 0.629277 0.777181 0
    outer loop
      vertex 19.3072 18.3316 3
      vertex 19.592 18.101 0
      vertex 19.3072 18.3316 0
    endloop
  endfacet
  facet normal -0.987696 0.156383 0
    outer loop
      vertex 13.7692 15.8658 0
      vertex 13.8265 16.2277 3
      vertex 13.8265 16.2277 0
    endloop
  endfacet
  facet normal -0.987696 0.156383 0
    outer loop
      vertex 13.8265 16.2277 3
      vertex 13.7692 15.8658 0
      vertex 13.7692 15.8658 3
    endloop
  endfacet
  facet normal -0.838668 0.544643 0
    outer loop
      vertex 14.2189 17.25 0
      vertex 14.4184 17.5572 3
      vertex 14.4184 17.5572 0
    endloop
  endfacet
  facet normal -0.838668 0.544643 0
    outer loop
      vertex 14.4184 17.5572 3
      vertex 14.2189 17.25 0
      vertex 14.2189 17.25 3
    endloop
  endfacet
  facet normal -0.777181 0.629277 0
    outer loop
      vertex 14.4184 17.5572 0
      vertex 14.649 17.842 3
      vertex 14.649 17.842 0
    endloop
  endfacet
  facet normal -0.777181 0.629277 0
    outer loop
      vertex 14.649 17.842 3
      vertex 14.4184 17.5572 0
      vertex 14.4184 17.5572 3
    endloop
  endfacet
  facet normal -0.891017 0.453971 0
    outer loop
      vertex 14.0526 16.9236 0
      vertex 14.2189 17.25 3
      vertex 14.2189 17.25 0
    endloop
  endfacet
  facet normal -0.891017 0.453971 0
    outer loop
      vertex 14.2189 17.25 3
      vertex 14.0526 16.9236 0
      vertex 14.0526 16.9236 3
    endloop
  endfacet
  facet normal -0.965944 0.25875 0
    outer loop
      vertex 13.8265 16.2277 0
      vertex 13.9213 16.5816 3
      vertex 13.9213 16.5816 0
    endloop
  endfacet
  facet normal -0.965944 0.25875 0
    outer loop
      vertex 13.9213 16.5816 3
      vertex 13.8265 16.2277 0
      vertex 13.8265 16.2277 3
    endloop
  endfacet
  facet normal -0.998625 0.0524155 0
    outer loop
      vertex 13.75 15.5 0
      vertex 13.7692 15.8658 3
      vertex 13.7692 15.8658 0
    endloop
  endfacet
  facet normal -0.998625 0.0524155 0
    outer loop
      vertex 13.7692 15.8658 3
      vertex 13.75 15.5 0
      vertex 13.75 15.5 3
    endloop
  endfacet
  facet normal -0.629277 0.777181 0
    outer loop
      vertex 15.1928 18.3316 0
      vertex 14.908 18.101 3
      vertex 15.1928 18.3316 3
    endloop
  endfacet
  facet normal -0.629277 0.777181 0
    outer loop
      vertex 14.908 18.101 3
      vertex 15.1928 18.3316 0
      vertex 14.908 18.101 0
    endloop
  endfacet
  facet normal -0.358412 0.933564 0
    outer loop
      vertex 16.1684 18.8287 0
      vertex 15.8264 18.6974 3
      vertex 16.1684 18.8287 3
    endloop
  endfacet
  facet normal -0.358412 0.933564 0
    outer loop
      vertex 15.8264 18.6974 3
      vertex 16.1684 18.8287 0
      vertex 15.8264 18.6974 0
    endloop
  endfacet
  facet normal -0.156425 0.98769 0
    outer loop
      vertex 16.8841 18.9808 0
      vertex 16.5223 18.9235 3
      vertex 16.8841 18.9808 3
    endloop
  endfacet
  facet normal -0.156425 0.98769 0
    outer loop
      vertex 16.5223 18.9235 3
      vertex 16.8841 18.9808 0
      vertex 16.5223 18.9235 0
    endloop
  endfacet
  facet normal -1 0 0
    outer loop
      vertex -20.75 11.5 0
      vertex -20.75 15.5 3
      vertex -20.75 15.5 0
    endloop
  endfacet
  facet normal -1 -0 0
    outer loop
      vertex -20.75 15.5 3
      vertex -20.75 11.5 0
      vertex -20.75 11.5 3
    endloop
  endfacet
  facet normal 0 0 1
    outer loop
      vertex -13.7692 15.8658 3
      vertex -15.6361 15.8431 3
      vertex -15.6 15.5 3
    endloop
  endfacet
  facet normal 0 0 1
    outer loop
      vertex -15.1928 18.3316 3
      vertex -15.7426 16.1711 3
      vertex -15.6361 15.8431 3
    endloop
  endfacet
  facet normal 0 0 1
    outer loop
      vertex -16.425 16.9289 3
      vertex -15.5 18.5311 3
      vertex -15.8264 18.6974 3
    endloop
  endfacet
  facet normal 0 0 1
    outer loop
      vertex -15.1928 18.3316 3
      vertex -15.9151 16.4698 3
      vertex -15.7426 16.1711 3
    endloop
  endfacet
  facet normal 0 0 1
    outer loop
      vertex -15.1928 18.3316 3
      vertex -16.1459 16.7262 3
      vertex -15.9151 16.4698 3
    endloop
  endfacet
  facet normal 0 0 1
    outer loop
      vertex -16.7401 17.0692 3
      vertex -15.8264 18.6974 3
      vertex -16.1684 18.8287 3
    endloop
  endfacet
  facet normal 0 0 1
    outer loop
      vertex -15.1928 18.3316 3
      vertex -16.425 16.9289 3
      vertex -16.1459 16.7262 3
    endloop
  endfacet
  facet normal 0 0 1
    outer loop
      vertex -16.7401 17.0692 3
      vertex -16.1684 18.8287 3
      vertex -16.5223 18.9235 3
    endloop
  endfacet
  facet normal 0 0 1
    outer loop
      vertex -15.8264 18.6974 3
      vertex -16.7401 17.0692 3
      vertex -16.425 16.9289 3
    endloop
  endfacet
  facet normal 0 0 1
    outer loop
      vertex -17.0775 17.141 3
      vertex -16.5223 18.9235 3
      vertex -16.8841 18.9808 3
    endloop
  endfacet
  facet normal 0 0 1
    outer loop
      vertex -16.5223 18.9235 3
      vertex -17.0775 17.141 3
      vertex -16.7401 17.0692 3
    endloop
  endfacet
  facet normal 0 0 1
    outer loop
      vertex -17.25 19 3
      vertex -17.0775 17.141 3
      vertex -16.8841 18.9808 3
    endloop
  endfacet
  facet normal 0 0 1
    outer loop
      vertex -17.25 19 3
      vertex -17.4225 17.141 3
      vertex -17.0775 17.141 3
    endloop
  endfacet
  facet normal -0 0 1
    outer loop
      vertex -17.6158 18.9808 3
      vertex -17.4225 17.141 3
      vertex -17.25 19 3
    endloop
  endfacet
  facet normal -0 0 1
    outer loop
      vertex -17.9777 18.9235 3
      vertex -17.4225 17.141 3
      vertex -17.6158 18.9808 3
    endloop
  endfacet
  facet normal 0 0 1
    outer loop
      vertex -17.4225 17.141 3
      vertex -17.9777 18.9235 3
      vertex -17.7599 17.0692 3
    endloop
  endfacet
  facet normal -0 0 1
    outer loop
      vertex -18.3316 18.8287 3
      vertex -17.7599 17.0692 3
      vertex -17.9777 18.9235 3
    endloop
  endfacet
  facet normal -0 0 1
    outer loop
      vertex -18.6736 18.6974 3
      vertex -17.7599 17.0692 3
      vertex -18.3316 18.8287 3
    endloop
  endfacet
  facet normal 0 0 1
    outer loop
      vertex -17.7599 17.0692 3
      vertex -18.6736 18.6974 3
      vertex -18.075 16.9289 3
    endloop
  endfacet
  facet normal -0 0 1
    outer loop
      vertex -19 18.5311 3
      vertex -18.075 16.9289 3
      vertex -18.6736 18.6974 3
    endloop
  endfacet
  facet normal -0 0 1
    outer loop
      vertex -19.3072 18.3316 3
      vertex -18.075 16.9289 3
      vertex -19 18.5311 3
    endloop
  endfacet
  facet normal 0 0 1
    outer loop
      vertex -18.075 16.9289 3
      vertex -19.3072 18.3316 3
      vertex -18.3541 16.7262 3
    endloop
  endfacet
  facet normal -0 0 1
    outer loop
      vertex -19.592 18.101 3
      vertex -18.3541 16.7262 3
      vertex -19.3072 18.3316 3
    endloop
  endfacet
  facet normal -0 0 1
    outer loop
      vertex -19.851 17.842 3
      vertex -18.3541 16.7262 3
      vertex -19.592 18.101 3
    endloop
  endfacet
  facet normal 0 0 1
    outer loop
      vertex -18.3541 16.7262 3
      vertex -19.851 17.842 3
      vertex -18.5849 16.4698 3
    endloop
  endfacet
  facet normal 0 0 1
    outer loop
      vertex -15.6 15.5 3
      vertex -13.75 15.5 3
      vertex -13.7692 15.8658 3
    endloop
  endfacet
  facet normal 0 0 1
    outer loop
      vertex -15.6361 15.8431 3
      vertex -13.7692 15.8658 3
      vertex -13.8265 16.2277 3
    endloop
  endfacet
  facet normal 0 0 1
    outer loop
      vertex -15.6361 15.8431 3
      vertex -13.8265 16.2277 3
      vertex -13.9213 16.5816 3
    endloop
  endfacet
  facet normal 0 0 1
    outer loop
      vertex -15.6361 15.8431 3
      vertex -13.9213 16.5816 3
      vertex -14.0526 16.9236 3
    endloop
  endfacet
  facet normal 0 0 1
    outer loop
      vertex -15.6361 15.8431 3
      vertex -14.0526 16.9236 3
      vertex -14.2189 17.25 3
    endloop
  endfacet
  facet normal 0 0 1
    outer loop
      vertex -15.6361 15.8431 3
      vertex -14.2189 17.25 3
      vertex -14.4184 17.5572 3
    endloop
  endfacet
  facet normal 0 0 1
    outer loop
      vertex -15.6361 15.8431 3
      vertex -14.4184 17.5572 3
      vertex -14.649 17.842 3
    endloop
  endfacet
  facet normal 0 0 1
    outer loop
      vertex -15.6361 15.8431 3
      vertex -14.649 17.842 3
      vertex -14.908 18.101 3
    endloop
  endfacet
  facet normal 0 0 1
    outer loop
      vertex -15.6361 15.8431 3
      vertex -14.908 18.101 3
      vertex -15.1928 18.3316 3
    endloop
  endfacet
  facet normal 0 0 1
    outer loop
      vertex -16.425 16.9289 3
      vertex -15.1928 18.3316 3
      vertex -15.5 18.5311 3
    endloop
  endfacet
  facet normal 0 0 1
    outer loop
      vertex -13.75 15.5 3
      vertex -15.6 15.5 3
      vertex -15.6361 15.1569 3
    endloop
  endfacet
  facet normal 0 0 1
    outer loop
      vertex -13.75 15.5 3
      vertex -15.6361 15.1569 3
      vertex -15.7426 14.8289 3
    endloop
  endfacet
  facet normal 0 0 1
    outer loop
      vertex -15.9151 14.5302 3
      vertex -13.75 15.5 3
      vertex -15.7426 14.8289 3
    endloop
  endfacet
  facet normal 0 0 1
    outer loop
      vertex -13.75 15.5 3
      vertex -15.9151 14.5302 3
      vertex -13.75 11.5 3
    endloop
  endfacet
  facet normal -0 0 1
    outer loop
      vertex -16.1459 14.2738 3
      vertex -13.75 11.5 3
      vertex -15.9151 14.5302 3
    endloop
  endfacet
  facet normal -0 0 1
    outer loop
      vertex -16.425 14.0711 3
      vertex -13.75 11.5 3
      vertex -16.1459 14.2738 3
    endloop
  endfacet
  facet normal -0 0 1
    outer loop
      vertex -16.7401 13.9308 3
      vertex -13.75 11.5 3
      vertex -16.425 14.0711 3
    endloop
  endfacet
  facet normal -0 0 1
    outer loop
      vertex -17.0775 13.859 3
      vertex -13.75 11.5 3
      vertex -16.7401 13.9308 3
    endloop
  endfacet
  facet normal -0 0 1
    outer loop
      vertex -17.4225 13.859 3
      vertex -13.75 11.5 3
      vertex -17.0775 13.859 3
    endloop
  endfacet
  facet normal 0 0 1
    outer loop
      vertex -20.75 11.5 3
      vertex -17.4225 13.859 3
      vertex -17.7599 13.9308 3
    endloop
  endfacet
  facet normal 0 0 1
    outer loop
      vertex -20.75 11.5 3
      vertex -17.7599 13.9308 3
      vertex -18.075 14.0711 3
    endloop
  endfacet
  facet normal -0 0 1
    outer loop
      vertex -20.0816 17.5572 3
      vertex -18.5849 16.4698 3
      vertex -19.851 17.842 3
    endloop
  endfacet
  facet normal -0 0 1
    outer loop
      vertex -20.2811 17.25 3
      vertex -18.5849 16.4698 3
      vertex -20.0816 17.5572 3
    endloop
  endfacet
  facet normal 0 0 1
    outer loop
      vertex -18.5849 16.4698 3
      vertex -20.2811 17.25 3
      vertex -18.7574 16.1711 3
    endloop
  endfacet
  facet normal -0 0 1
    outer loop
      vertex -20.4474 16.9236 3
      vertex -18.7574 16.1711 3
      vertex -20.2811 17.25 3
    endloop
  endfacet
  facet normal -0 0 1
    outer loop
      vertex -20.5787 16.5816 3
      vertex -18.7574 16.1711 3
      vertex -20.4474 16.9236 3
    endloop
  endfacet
  facet normal 0 0 1
    outer loop
      vertex -18.7574 16.1711 3
      vertex -20.5787 16.5816 3
      vertex -18.8639 15.8431 3
    endloop
  endfacet
  facet normal -0 0 1
    outer loop
      vertex -20.6735 16.2277 3
      vertex -18.8639 15.8431 3
      vertex -20.5787 16.5816 3
    endloop
  endfacet
  facet normal -0 0 1
    outer loop
      vertex -20.7308 15.8658 3
      vertex -18.8639 15.8431 3
      vertex -20.6735 16.2277 3
    endloop
  endfacet
  facet normal 0 0 1
    outer loop
      vertex -18.8639 15.8431 3
      vertex -20.7308 15.8658 3
      vertex -18.9 15.5 3
    endloop
  endfacet
  facet normal 0 0 1
    outer loop
      vertex -20.75 15.5 3
      vertex -18.9 15.5 3
      vertex -20.7308 15.8658 3
    endloop
  endfacet
  facet normal 0 0 1
    outer loop
      vertex -18.9 15.5 3
      vertex -20.75 15.5 3
      vertex -18.8639 15.1569 3
    endloop
  endfacet
  facet normal 0 0 1
    outer loop
      vertex -18.8639 15.1569 3
      vertex -20.75 15.5 3
      vertex -18.7574 14.8289 3
    endloop
  endfacet
  facet normal 0 0 1
    outer loop
      vertex -18.7574 14.8289 3
      vertex -20.75 15.5 3
      vertex -18.5849 14.5302 3
    endloop
  endfacet
  facet normal 0 0 1
    outer loop
      vertex -20.75 11.5 3
      vertex -18.5849 14.5302 3
      vertex -20.75 15.5 3
    endloop
  endfacet
  facet normal 0 0 1
    outer loop
      vertex -18.5849 14.5302 3
      vertex -20.75 11.5 3
      vertex -18.3541 14.2738 3
    endloop
  endfacet
  facet normal 0 0 1
    outer loop
      vertex -18.3541 14.2738 3
      vertex -20.75 11.5 3
      vertex -18.075 14.0711 3
    endloop
  endfacet
  facet normal 0 0 1
    outer loop
      vertex -17.4225 13.859 3
      vertex -20.75 11.5 3
      vertex -13.75 11.5 3
    endloop
  endfacet
  facet normal 1 -0 0
    outer loop
      vertex -13.75 11.5 3
      vertex -13.75 15.5 0
      vertex -13.75 15.5 3
    endloop
  endfacet
  facet normal 1 0 0
    outer loop
      vertex -13.75 15.5 0
      vertex -13.75 11.5 3
      vertex -13.75 11.5 0
    endloop
  endfacet
  facet normal 0.998625 0.0524155 0
    outer loop
      vertex -13.75 15.5 3
      vertex -13.7692 15.8658 0
      vertex -13.7692 15.8658 3
    endloop
  endfacet
  facet normal 0.998625 0.0524155 0
    outer loop
      vertex -13.7692 15.8658 0
      vertex -13.75 15.5 3
      vertex -13.75 15.5 0
    endloop
  endfacet
  facet normal -0.998625 0.0524155 0
    outer loop
      vertex -20.75 15.5 0
      vertex -20.7308 15.8658 3
      vertex -20.7308 15.8658 0
    endloop
  endfacet
  facet normal -0.998625 0.0524155 0
    outer loop
      vertex -20.7308 15.8658 3
      vertex -20.75 15.5 0
      vertex -20.75 15.5 3
    endloop
  endfacet
  facet normal 0.0524013 0.998626 -0
    outer loop
      vertex -16.8841 18.9808 0
      vertex -17.25 19 3
      vertex -16.8841 18.9808 3
    endloop
  endfacet
  facet normal 0.0524013 0.998626 0
    outer loop
      vertex -17.25 19 3
      vertex -16.8841 18.9808 0
      vertex -17.25 19 0
    endloop
  endfacet
  facet normal 0.707107 0.707107 -0
    outer loop
      vertex -14.649 17.842 0
      vertex -14.908 18.101 3
      vertex -14.649 17.842 3
    endloop
  endfacet
  facet normal 0.707107 0.707107 0
    outer loop
      vertex -14.908 18.101 3
      vertex -14.649 17.842 0
      vertex -14.908 18.101 0
    endloop
  endfacet
  facet normal -0.629277 0.777181 0
    outer loop
      vertex -19.3072 18.3316 0
      vertex -19.592 18.101 3
      vertex -19.3072 18.3316 3
    endloop
  endfacet
  facet normal -0.629277 0.777181 0
    outer loop
      vertex -19.592 18.101 3
      vertex -19.3072 18.3316 0
      vertex -19.592 18.101 0
    endloop
  endfacet
  facet normal -0.25875 0.965944 0
    outer loop
      vertex -17.9777 18.9235 0
      vertex -18.3316 18.8287 3
      vertex -17.9777 18.9235 3
    endloop
  endfacet
  facet normal -0.25875 0.965944 0
    outer loop
      vertex -18.3316 18.8287 3
      vertex -17.9777 18.9235 0
      vertex -18.3316 18.8287 0
    endloop
  endfacet
  facet normal 0.891017 0.453971 0
    outer loop
      vertex -14.0526 16.9236 3
      vertex -14.2189 17.25 0
      vertex -14.2189 17.25 3
    endloop
  endfacet
  facet normal 0.891017 0.453971 0
    outer loop
      vertex -14.2189 17.25 0
      vertex -14.0526 16.9236 3
      vertex -14.0526 16.9236 0
    endloop
  endfacet
  facet normal 0.358412 0.933564 -0
    outer loop
      vertex -15.8264 18.6974 0
      vertex -16.1684 18.8287 3
      vertex -15.8264 18.6974 3
    endloop
  endfacet
  facet normal 0.358412 0.933564 0
    outer loop
      vertex -16.1684 18.8287 3
      vertex -15.8264 18.6974 0
      vertex -16.1684 18.8287 0
    endloop
  endfacet
  facet normal 0.25875 0.965944 -0
    outer loop
      vertex -16.1684 18.8287 0
      vertex -16.5223 18.9235 3
      vertex -16.1684 18.8287 3
    endloop
  endfacet
  facet normal 0.25875 0.965944 0
    outer loop
      vertex -16.5223 18.9235 3
      vertex -16.1684 18.8287 0
      vertex -16.5223 18.9235 0
    endloop
  endfacet
  facet normal 0.544643 0.838668 -0
    outer loop
      vertex -15.1928 18.3316 0
      vertex -15.5 18.5311 3
      vertex -15.1928 18.3316 3
    endloop
  endfacet
  facet normal 0.544643 0.838668 0
    outer loop
      vertex -15.5 18.5311 3
      vertex -15.1928 18.3316 0
      vertex -15.5 18.5311 0
    endloop
  endfacet
  facet normal -0.891017 0.453971 0
    outer loop
      vertex -20.4474 16.9236 0
      vertex -20.2811 17.25 3
      vertex -20.2811 17.25 0
    endloop
  endfacet
  facet normal -0.891017 0.453971 0
    outer loop
      vertex -20.2811 17.25 3
      vertex -20.4474 16.9236 0
      vertex -20.4474 16.9236 3
    endloop
  endfacet
  facet normal -0.156383 0.987696 0
    outer loop
      vertex -17.6158 18.9808 0
      vertex -17.9777 18.9235 3
      vertex -17.6158 18.9808 3
    endloop
  endfacet
  facet normal -0.156383 0.987696 0
    outer loop
      vertex -17.9777 18.9235 3
      vertex -17.6158 18.9808 0
      vertex -17.9777 18.9235 0
    endloop
  endfacet
  facet normal 0.965944 0.25875 0
    outer loop
      vertex -13.8265 16.2277 3
      vertex -13.9213 16.5816 0
      vertex -13.9213 16.5816 3
    endloop
  endfacet
  facet normal 0.965944 0.25875 0
    outer loop
      vertex -13.9213 16.5816 0
      vertex -13.8265 16.2277 3
      vertex -13.8265 16.2277 0
    endloop
  endfacet
  facet normal 0.987696 0.156383 0
    outer loop
      vertex -13.7692 15.8658 3
      vertex -13.8265 16.2277 0
      vertex -13.8265 16.2277 3
    endloop
  endfacet
  facet normal 0.987696 0.156383 0
    outer loop
      vertex -13.8265 16.2277 0
      vertex -13.7692 15.8658 3
      vertex -13.7692 15.8658 0
    endloop
  endfacet
  facet normal 0.933564 0.358412 0
    outer loop
      vertex -13.9213 16.5816 3
      vertex -14.0526 16.9236 0
      vertex -14.0526 16.9236 3
    endloop
  endfacet
  facet normal 0.933564 0.358412 0
    outer loop
      vertex -14.0526 16.9236 0
      vertex -13.9213 16.5816 3
      vertex -13.9213 16.5816 0
    endloop
  endfacet
  facet normal 0.777181 0.629277 0
    outer loop
      vertex -14.4184 17.5572 3
      vertex -14.649 17.842 0
      vertex -14.649 17.842 3
    endloop
  endfacet
  facet normal 0.777181 0.629277 0
    outer loop
      vertex -14.649 17.842 0
      vertex -14.4184 17.5572 3
      vertex -14.4184 17.5572 0
    endloop
  endfacet
  facet normal 0.838668 0.544643 0
    outer loop
      vertex -14.2189 17.25 3
      vertex -14.4184 17.5572 0
      vertex -14.4184 17.5572 3
    endloop
  endfacet
  facet normal 0.838668 0.544643 0
    outer loop
      vertex -14.4184 17.5572 0
      vertex -14.2189 17.25 3
      vertex -14.2189 17.25 0
    endloop
  endfacet
  facet normal 0.156425 0.98769 -0
    outer loop
      vertex -16.5223 18.9235 0
      vertex -16.8841 18.9808 3
      vertex -16.5223 18.9235 3
    endloop
  endfacet
  facet normal 0.156425 0.98769 0
    outer loop
      vertex -16.8841 18.9808 3
      vertex -16.5223 18.9235 0
      vertex -16.8841 18.9808 0
    endloop
  endfacet
  facet normal 0.453971 0.891017 -0
    outer loop
      vertex -15.5 18.5311 0
      vertex -15.8264 18.6974 3
      vertex -15.5 18.5311 3
    endloop
  endfacet
  facet normal 0.453971 0.891017 0
    outer loop
      vertex -15.8264 18.6974 3
      vertex -15.5 18.5311 0
      vertex -15.8264 18.6974 0
    endloop
  endfacet
  facet normal 0.629277 0.777181 -0
    outer loop
      vertex -14.908 18.101 0
      vertex -15.1928 18.3316 3
      vertex -14.908 18.101 3
    endloop
  endfacet
  facet normal 0.629277 0.777181 0
    outer loop
      vertex -15.1928 18.3316 3
      vertex -14.908 18.101 0
      vertex -15.1928 18.3316 0
    endloop
  endfacet
  facet normal -0.965944 0.25875 0
    outer loop
      vertex -20.6735 16.2277 0
      vertex -20.5787 16.5816 3
      vertex -20.5787 16.5816 0
    endloop
  endfacet
  facet normal -0.965944 0.25875 0
    outer loop
      vertex -20.5787 16.5816 3
      vertex -20.6735 16.2277 0
      vertex -20.6735 16.2277 3
    endloop
  endfacet
  facet normal -0.777181 0.629277 0
    outer loop
      vertex -20.0816 17.5572 0
      vertex -19.851 17.842 3
      vertex -19.851 17.842 0
    endloop
  endfacet
  facet normal -0.777181 0.629277 0
    outer loop
      vertex -19.851 17.842 3
      vertex -20.0816 17.5572 0
      vertex -20.0816 17.5572 3
    endloop
  endfacet
  facet normal -0.707107 0.707107 0
    outer loop
      vertex -19.851 17.842 0
      vertex -19.592 18.101 3
      vertex -19.592 18.101 0
    endloop
  endfacet
  facet normal -0.707107 0.707107 0
    outer loop
      vertex -19.592 18.101 3
      vertex -19.851 17.842 0
      vertex -19.851 17.842 3
    endloop
  endfacet
  facet normal -0.838668 0.544643 0
    outer loop
      vertex -20.2811 17.25 0
      vertex -20.0816 17.5572 3
      vertex -20.0816 17.5572 0
    endloop
  endfacet
  facet normal -0.838668 0.544643 0
    outer loop
      vertex -20.0816 17.5572 3
      vertex -20.2811 17.25 0
      vertex -20.2811 17.25 3
    endloop
  endfacet
  facet normal -0.933564 0.358412 0
    outer loop
      vertex -20.5787 16.5816 0
      vertex -20.4474 16.9236 3
      vertex -20.4474 16.9236 0
    endloop
  endfacet
  facet normal -0.933564 0.358412 0
    outer loop
      vertex -20.4474 16.9236 3
      vertex -20.5787 16.5816 0
      vertex -20.5787 16.5816 3
    endloop
  endfacet
  facet normal -0.987696 0.156383 0
    outer loop
      vertex -20.7308 15.8658 0
      vertex -20.6735 16.2277 3
      vertex -20.6735 16.2277 0
    endloop
  endfacet
  facet normal -0.987696 0.156383 0
    outer loop
      vertex -20.6735 16.2277 3
      vertex -20.7308 15.8658 0
      vertex -20.7308 15.8658 3
    endloop
  endfacet
  facet normal -0.453971 0.891017 0
    outer loop
      vertex -18.6736 18.6974 0
      vertex -19 18.5311 3
      vertex -18.6736 18.6974 3
    endloop
  endfacet
  facet normal -0.453971 0.891017 0
    outer loop
      vertex -19 18.5311 3
      vertex -18.6736 18.6974 0
      vertex -19 18.5311 0
    endloop
  endfacet
  facet normal -0.358412 0.933564 0
    outer loop
      vertex -18.3316 18.8287 0
      vertex -18.6736 18.6974 3
      vertex -18.3316 18.8287 3
    endloop
  endfacet
  facet normal -0.358412 0.933564 0
    outer loop
      vertex -18.6736 18.6974 3
      vertex -18.3316 18.8287 0
      vertex -18.6736 18.6974 0
    endloop
  endfacet
  facet normal -0.544643 0.838668 0
    outer loop
      vertex -19 18.5311 0
      vertex -19.3072 18.3316 3
      vertex -19 18.5311 3
    endloop
  endfacet
  facet normal -0.544643 0.838668 0
    outer loop
      vertex -19.3072 18.3316 3
      vertex -19 18.5311 0
      vertex -19.3072 18.3316 0
    endloop
  endfacet
  facet normal -0.0524155 0.998625 0
    outer loop
      vertex -17.25 19 0
      vertex -17.6158 18.9808 3
      vertex -17.25 19 3
    endloop
  endfacet
  facet normal -0.0524155 0.998625 0
    outer loop
      vertex -17.6158 18.9808 3
      vertex -17.25 19 0
      vertex -17.6158 18.9808 0
    endloop
  endfacet
  facet normal -1 0 0
    outer loop
      vertex 13.75 -15.5 0
      vertex 13.75 -11.5 3
      vertex 13.75 -11.5 0
    endloop
  endfacet
  facet normal -1 -0 0
    outer loop
      vertex 13.75 -11.5 3
      vertex 13.75 -15.5 0
      vertex 13.75 -15.5 3
    endloop
  endfacet
  facet normal -0 0 1
    outer loop
      vertex 18.5849 -14.5302 3
      vertex 20.75 -15.5 3
      vertex 20.75 -11.5 3
    endloop
  endfacet
  facet normal -0 -0 1
    outer loop
      vertex 18.8639 -15.1569 3
      vertex 20.75 -15.5 3
      vertex 18.7574 -14.8289 3
    endloop
  endfacet
  facet normal 0 -0 1
    outer loop
      vertex 18.9 -15.5 3
      vertex 20.75 -15.5 3
      vertex 18.8639 -15.1569 3
    endloop
  endfacet
  facet normal 0 0 1
    outer loop
      vertex 20.75 -15.5 3
      vertex 18.9 -15.5 3
      vertex 20.7308 -15.8658 3
    endloop
  endfacet
  facet normal 0 0 1
    outer loop
      vertex 20.7308 -15.8658 3
      vertex 18.8639 -15.8431 3
      vertex 20.6735 -16.2277 3
    endloop
  endfacet
  facet normal 0 0 1
    outer loop
      vertex 20.6735 -16.2277 3
      vertex 18.8639 -15.8431 3
      vertex 20.5787 -16.5816 3
    endloop
  endfacet
  facet normal -0 0 1
    outer loop
      vertex 18.7574 -16.1711 3
      vertex 20.5787 -16.5816 3
      vertex 18.8639 -15.8431 3
    endloop
  endfacet
  facet normal 0 0 1
    outer loop
      vertex 20.4474 -16.9236 3
      vertex 18.7574 -16.1711 3
      vertex 20.2811 -17.25 3
    endloop
  endfacet
  facet normal -0 0 1
    outer loop
      vertex 18.5849 -16.4698 3
      vertex 20.2811 -17.25 3
      vertex 18.7574 -16.1711 3
    endloop
  endfacet
  facet normal 0 0 1
    outer loop
      vertex 20.2811 -17.25 3
      vertex 18.5849 -16.4698 3
      vertex 20.0816 -17.5572 3
    endloop
  endfacet
  facet normal 0 0 1
    outer loop
      vertex 20.0816 -17.5572 3
      vertex 18.5849 -16.4698 3
      vertex 19.851 -17.842 3
    endloop
  endfacet
  facet normal 0 0 1
    outer loop
      vertex 20.5787 -16.5816 3
      vertex 18.7574 -16.1711 3
      vertex 20.4474 -16.9236 3
    endloop
  endfacet
  facet normal -0 0 1
    outer loop
      vertex 18.8639 -15.8431 3
      vertex 20.7308 -15.8658 3
      vertex 18.9 -15.5 3
    endloop
  endfacet
  facet normal 0 0 1
    outer loop
      vertex 20.75 -15.5 3
      vertex 18.5849 -14.5302 3
      vertex 18.7574 -14.8289 3
    endloop
  endfacet
  facet normal 0 0 1
    outer loop
      vertex 20.75 -11.5 3
      vertex 18.3541 -14.2738 3
      vertex 18.5849 -14.5302 3
    endloop
  endfacet
  facet normal 0 0 1
    outer loop
      vertex 20.75 -11.5 3
      vertex 18.075 -14.0711 3
      vertex 18.3541 -14.2738 3
    endloop
  endfacet
  facet normal 0 0 1
    outer loop
      vertex 20.75 -11.5 3
      vertex 17.7599 -13.9308 3
      vertex 18.075 -14.0711 3
    endloop
  endfacet
  facet normal 0 0 1
    outer loop
      vertex 20.75 -11.5 3
      vertex 17.4225 -13.859 3
      vertex 17.7599 -13.9308 3
    endloop
  endfacet
  facet normal 0 0 1
    outer loop
      vertex 20.75 -11.5 3
      vertex 17.0775 -13.859 3
      vertex 17.4225 -13.859 3
    endloop
  endfacet
  facet normal -0 0 1
    outer loop
      vertex 13.75 -11.5 3
      vertex 17.0775 -13.859 3
      vertex 20.75 -11.5 3
    endloop
  endfacet
  facet normal 0 0 1
    outer loop
      vertex 17.0775 -13.859 3
      vertex 13.75 -11.5 3
      vertex 16.7401 -13.9308 3
    endloop
  endfacet
  facet normal 0 0 1
    outer loop
      vertex 16.425 -16.9289 3
      vertex 15.1928 -18.3316 3
      vertex 15.5 -18.5311 3
    endloop
  endfacet
  facet normal 0 0 1
    outer loop
      vertex 13.75 -15.5 3
      vertex 15.6 -15.5 3
      vertex 15.6361 -15.1569 3
    endloop
  endfacet
  facet normal 0 0 1
    outer loop
      vertex 15.6361 -15.8431 3
      vertex 14.908 -18.101 3
      vertex 15.1928 -18.3316 3
    endloop
  endfacet
  facet normal 0 0 1
    outer loop
      vertex 15.6361 -15.8431 3
      vertex 14.649 -17.842 3
      vertex 14.908 -18.101 3
    endloop
  endfacet
  facet normal 0 0 1
    outer loop
      vertex 13.75 -15.5 3
      vertex 15.6361 -15.1569 3
      vertex 15.7426 -14.8289 3
    endloop
  endfacet
  facet normal 0 0 1
    outer loop
      vertex 15.6361 -15.8431 3
      vertex 14.4184 -17.5572 3
      vertex 14.649 -17.842 3
    endloop
  endfacet
  facet normal 0 0 1
    outer loop
      vertex 15.6361 -15.8431 3
      vertex 14.2189 -17.25 3
      vertex 14.4184 -17.5572 3
    endloop
  endfacet
  facet normal 0 0 1
    outer loop
      vertex 13.75 -15.5 3
      vertex 15.7426 -14.8289 3
      vertex 15.9151 -14.5302 3
    endloop
  endfacet
  facet normal 0 0 1
    outer loop
      vertex 15.6361 -15.8431 3
      vertex 14.0526 -16.9236 3
      vertex 14.2189 -17.25 3
    endloop
  endfacet
  facet normal 0 0 1
    outer loop
      vertex 15.6361 -15.8431 3
      vertex 13.9213 -16.5816 3
      vertex 14.0526 -16.9236 3
    endloop
  endfacet
  facet normal 0 0 1
    outer loop
      vertex 13.75 -11.5 3
      vertex 15.9151 -14.5302 3
      vertex 16.1459 -14.2738 3
    endloop
  endfacet
  facet normal 0 0 1
    outer loop
      vertex 15.6361 -15.8431 3
      vertex 13.8265 -16.2277 3
      vertex 13.9213 -16.5816 3
    endloop
  endfacet
  facet normal 0 0 1
    outer loop
      vertex 15.6361 -15.8431 3
      vertex 13.7692 -15.8658 3
      vertex 13.8265 -16.2277 3
    endloop
  endfacet
  facet normal 0 0 1
    outer loop
      vertex 13.75 -11.5 3
      vertex 16.1459 -14.2738 3
      vertex 16.425 -14.0711 3
    endloop
  endfacet
  facet normal 0 0 1
    outer loop
      vertex 16.7401 -13.9308 3
      vertex 13.75 -11.5 3
      vertex 16.425 -14.0711 3
    endloop
  endfacet
  facet normal 0 0 1
    outer loop
      vertex 15.9151 -14.5302 3
      vertex 13.75 -11.5 3
      vertex 13.75 -15.5 3
    endloop
  endfacet
  facet normal 0 0 1
    outer loop
      vertex 15.6 -15.5 3
      vertex 13.75 -15.5 3
      vertex 13.7692 -15.8658 3
    endloop
  endfacet
  facet normal -0 0 1
    outer loop
      vertex 18.3541 -16.7262 3
      vertex 19.851 -17.842 3
      vertex 18.5849 -16.4698 3
    endloop
  endfacet
  facet normal 0 0 1
    outer loop
      vertex 19.851 -17.842 3
      vertex 18.3541 -16.7262 3
      vertex 19.592 -18.101 3
    endloop
  endfacet
  facet normal 0 0 1
    outer loop
      vertex 19.592 -18.101 3
      vertex 18.3541 -16.7262 3
      vertex 19.3072 -18.3316 3
    endloop
  endfacet
  facet normal -0 0 1
    outer loop
      vertex 18.075 -16.9289 3
      vertex 19.3072 -18.3316 3
      vertex 18.3541 -16.7262 3
    endloop
  endfacet
  facet normal 0 0 1
    outer loop
      vertex 19.3072 -18.3316 3
      vertex 18.075 -16.9289 3
      vertex 19 -18.5311 3
    endloop
  endfacet
  facet normal 0 0 1
    outer loop
      vertex 19 -18.5311 3
      vertex 18.075 -16.9289 3
      vertex 18.6736 -18.6974 3
    endloop
  endfacet
  facet normal -0 0 1
    outer loop
      vertex 17.7599 -17.0692 3
      vertex 18.6736 -18.6974 3
      vertex 18.075 -16.9289 3
    endloop
  endfacet
  facet normal 0 0 1
    outer loop
      vertex 18.6736 -18.6974 3
      vertex 17.7599 -17.0692 3
      vertex 18.3316 -18.8287 3
    endloop
  endfacet
  facet normal 0 0 1
    outer loop
      vertex 18.3316 -18.8287 3
      vertex 17.7599 -17.0692 3
      vertex 17.9777 -18.9235 3
    endloop
  endfacet
  facet normal -0 0 1
    outer loop
      vertex 17.4225 -17.141 3
      vertex 17.9777 -18.9235 3
      vertex 17.7599 -17.0692 3
    endloop
  endfacet
  facet normal 0 0 1
    outer loop
      vertex 17.9777 -18.9235 3
      vertex 17.4225 -17.141 3
      vertex 17.6158 -18.9808 3
    endloop
  endfacet
  facet normal 0 0 1
    outer loop
      vertex 17.4225 -17.141 3
      vertex 17.25 -19 3
      vertex 17.6158 -18.9808 3
    endloop
  endfacet
  facet normal -0 0 1
    outer loop
      vertex 17.0775 -17.141 3
      vertex 17.25 -19 3
      vertex 17.4225 -17.141 3
    endloop
  endfacet
  facet normal 0 0 1
    outer loop
      vertex 17.0775 -17.141 3
      vertex 16.8841 -18.9808 3
      vertex 17.25 -19 3
    endloop
  endfacet
  facet normal 0 0 1
    outer loop
      vertex 16.5223 -18.9235 3
      vertex 17.0775 -17.141 3
      vertex 16.7401 -17.0692 3
    endloop
  endfacet
  facet normal 0 0 1
    outer loop
      vertex 17.0775 -17.141 3
      vertex 16.5223 -18.9235 3
      vertex 16.8841 -18.9808 3
    endloop
  endfacet
  facet normal 0 0 1
    outer loop
      vertex 15.8264 -18.6974 3
      vertex 16.7401 -17.0692 3
      vertex 16.425 -16.9289 3
    endloop
  endfacet
  facet normal 0 0 1
    outer loop
      vertex 16.7401 -17.0692 3
      vertex 16.1684 -18.8287 3
      vertex 16.5223 -18.9235 3
    endloop
  endfacet
  facet normal 0 0 1
    outer loop
      vertex 15.1928 -18.3316 3
      vertex 16.425 -16.9289 3
      vertex 16.1459 -16.7262 3
    endloop
  endfacet
  facet normal 0 0 1
    outer loop
      vertex 15.1928 -18.3316 3
      vertex 16.1459 -16.7262 3
      vertex 15.9151 -16.4698 3
    endloop
  endfacet
  facet normal 0 0 1
    outer loop
      vertex 16.7401 -17.0692 3
      vertex 15.8264 -18.6974 3
      vertex 16.1684 -18.8287 3
    endloop
  endfacet
  facet normal 0 0 1
    outer loop
      vertex 15.1928 -18.3316 3
      vertex 15.9151 -16.4698 3
      vertex 15.7426 -16.1711 3
    endloop
  endfacet
  facet normal 0 0 1
    outer loop
      vertex 15.1928 -18.3316 3
      vertex 15.7426 -16.1711 3
      vertex 15.6361 -15.8431 3
    endloop
  endfacet
  facet normal 0 0 1
    outer loop
      vertex 13.7692 -15.8658 3
      vertex 15.6361 -15.8431 3
      vertex 15.6 -15.5 3
    endloop
  endfacet
  facet normal 0 0 1
    outer loop
      vertex 16.425 -16.9289 3
      vertex 15.5 -18.5311 3
      vertex 15.8264 -18.6974 3
    endloop
  endfacet
  facet normal 1 -0 0
    outer loop
      vertex 20.75 -15.5 3
      vertex 20.75 -11.5 0
      vertex 20.75 -11.5 3
    endloop
  endfacet
  facet normal 1 0 0
    outer loop
      vertex 20.75 -11.5 0
      vertex 20.75 -15.5 3
      vertex 20.75 -15.5 0
    endloop
  endfacet
  facet normal 0.0524155 -0.998625 0
    outer loop
      vertex 17.25 -19 0
      vertex 17.6158 -18.9808 3
      vertex 17.25 -19 3
    endloop
  endfacet
  facet normal 0.0524155 -0.998625 0
    outer loop
      vertex 17.6158 -18.9808 3
      vertex 17.25 -19 0
      vertex 17.6158 -18.9808 0
    endloop
  endfacet
  facet normal 0.987696 -0.156383 0
    outer loop
      vertex 20.6735 -16.2277 3
      vertex 20.7308 -15.8658 0
      vertex 20.7308 -15.8658 3
    endloop
  endfacet
  facet normal 0.987696 -0.156383 0
    outer loop
      vertex 20.7308 -15.8658 0
      vertex 20.6735 -16.2277 3
      vertex 20.6735 -16.2277 0
    endloop
  endfacet
  facet normal 0.156383 -0.987696 0
    outer loop
      vertex 17.6158 -18.9808 0
      vertex 17.9777 -18.9235 3
      vertex 17.6158 -18.9808 3
    endloop
  endfacet
  facet normal 0.156383 -0.987696 0
    outer loop
      vertex 17.9777 -18.9235 3
      vertex 17.6158 -18.9808 0
      vertex 17.9777 -18.9235 0
    endloop
  endfacet
  facet normal 0.998625 -0.0524155 0
    outer loop
      vertex 20.7308 -15.8658 3
      vertex 20.75 -15.5 0
      vertex 20.75 -15.5 3
    endloop
  endfacet
  facet normal 0.998625 -0.0524155 0
    outer loop
      vertex 20.75 -15.5 0
      vertex 20.7308 -15.8658 3
      vertex 20.7308 -15.8658 0
    endloop
  endfacet
  facet normal 0.544643 -0.838668 0
    outer loop
      vertex 19 -18.5311 0
      vertex 19.3072 -18.3316 3
      vertex 19 -18.5311 3
    endloop
  endfacet
  facet normal 0.544643 -0.838668 0
    outer loop
      vertex 19.3072 -18.3316 3
      vertex 19 -18.5311 0
      vertex 19.3072 -18.3316 0
    endloop
  endfacet
  facet normal 0.707107 -0.707107 0
    outer loop
      vertex 19.592 -18.101 3
      vertex 19.851 -17.842 0
      vertex 19.851 -17.842 3
    endloop
  endfacet
  facet normal 0.707107 -0.707107 0
    outer loop
      vertex 19.851 -17.842 0
      vertex 19.592 -18.101 3
      vertex 19.592 -18.101 0
    endloop
  endfacet
  facet normal -0.629277 -0.777181 0
    outer loop
      vertex 14.908 -18.101 0
      vertex 15.1928 -18.3316 3
      vertex 14.908 -18.101 3
    endloop
  endfacet
  facet normal -0.629277 -0.777181 -0
    outer loop
      vertex 15.1928 -18.3316 3
      vertex 14.908 -18.101 0
      vertex 15.1928 -18.3316 0
    endloop
  endfacet
  facet normal -0.838668 -0.544643 0
    outer loop
      vertex 14.4184 -17.5572 0
      vertex 14.2189 -17.25 3
      vertex 14.2189 -17.25 0
    endloop
  endfacet
  facet normal -0.838668 -0.544643 0
    outer loop
      vertex 14.2189 -17.25 3
      vertex 14.4184 -17.5572 0
      vertex 14.4184 -17.5572 3
    endloop
  endfacet
  facet normal -0.707107 -0.707107 0
    outer loop
      vertex 14.649 -17.842 0
      vertex 14.908 -18.101 3
      vertex 14.649 -17.842 3
    endloop
  endfacet
  facet normal -0.707107 -0.707107 -0
    outer loop
      vertex 14.908 -18.101 3
      vertex 14.649 -17.842 0
      vertex 14.908 -18.101 0
    endloop
  endfacet
  facet normal -0.998625 -0.0524155 0
    outer loop
      vertex 13.7692 -15.8658 0
      vertex 13.75 -15.5 3
      vertex 13.75 -15.5 0
    endloop
  endfacet
  facet normal -0.998625 -0.0524155 0
    outer loop
      vertex 13.75 -15.5 3
      vertex 13.7692 -15.8658 0
      vertex 13.7692 -15.8658 3
    endloop
  endfacet
  facet normal 0.965944 -0.25875 0
    outer loop
      vertex 20.5787 -16.5816 3
      vertex 20.6735 -16.2277 0
      vertex 20.6735 -16.2277 3
    endloop
  endfacet
  facet normal 0.965944 -0.25875 0
    outer loop
      vertex 20.6735 -16.2277 0
      vertex 20.5787 -16.5816 3
      vertex 20.5787 -16.5816 0
    endloop
  endfacet
  facet normal 0.891017 -0.453971 0
    outer loop
      vertex 20.2811 -17.25 3
      vertex 20.4474 -16.9236 0
      vertex 20.4474 -16.9236 3
    endloop
  endfacet
  facet normal 0.891017 -0.453971 0
    outer loop
      vertex 20.4474 -16.9236 0
      vertex 20.2811 -17.25 3
      vertex 20.2811 -17.25 0
    endloop
  endfacet
  facet normal 0.777181 -0.629277 0
    outer loop
      vertex 19.851 -17.842 3
      vertex 20.0816 -17.5572 0
      vertex 20.0816 -17.5572 3
    endloop
  endfacet
  facet normal 0.777181 -0.629277 0
    outer loop
      vertex 20.0816 -17.5572 0
      vertex 19.851 -17.842 3
      vertex 19.851 -17.842 0
    endloop
  endfacet
  facet normal -0.933564 -0.358412 0
    outer loop
      vertex 14.0526 -16.9236 0
      vertex 13.9213 -16.5816 3
      vertex 13.9213 -16.5816 0
    endloop
  endfacet
  facet normal -0.933564 -0.358412 0
    outer loop
      vertex 13.9213 -16.5816 3
      vertex 14.0526 -16.9236 0
      vertex 14.0526 -16.9236 3
    endloop
  endfacet
  facet normal -0.891017 -0.453971 0
    outer loop
      vertex 14.2189 -17.25 0
      vertex 14.0526 -16.9236 3
      vertex 14.0526 -16.9236 0
    endloop
  endfacet
  facet normal -0.891017 -0.453971 0
    outer loop
      vertex 14.0526 -16.9236 3
      vertex 14.2189 -17.25 0
      vertex 14.2189 -17.25 3
    endloop
  endfacet
  facet normal 0.453971 -0.891017 0
    outer loop
      vertex 18.6736 -18.6974 0
      vertex 19 -18.5311 3
      vertex 18.6736 -18.6974 3
    endloop
  endfacet
  facet normal 0.453971 -0.891017 0
    outer loop
      vertex 19 -18.5311 3
      vertex 18.6736 -18.6974 0
      vertex 19 -18.5311 0
    endloop
  endfacet
  facet normal 0.358412 -0.933564 0
    outer loop
      vertex 18.3316 -18.8287 0
      vertex 18.6736 -18.6974 3
      vertex 18.3316 -18.8287 3
    endloop
  endfacet
  facet normal 0.358412 -0.933564 0
    outer loop
      vertex 18.6736 -18.6974 3
      vertex 18.3316 -18.8287 0
      vertex 18.6736 -18.6974 0
    endloop
  endfacet
  facet normal 0.25875 -0.965944 0
    outer loop
      vertex 17.9777 -18.9235 0
      vertex 18.3316 -18.8287 3
      vertex 17.9777 -18.9235 3
    endloop
  endfacet
  facet normal 0.25875 -0.965944 0
    outer loop
      vertex 18.3316 -18.8287 3
      vertex 17.9777 -18.9235 0
      vertex 18.3316 -18.8287 0
    endloop
  endfacet
  facet normal 0.629277 -0.777181 0
    outer loop
      vertex 19.3072 -18.3316 0
      vertex 19.592 -18.101 3
      vertex 19.3072 -18.3316 3
    endloop
  endfacet
  facet normal 0.629277 -0.777181 0
    outer loop
      vertex 19.592 -18.101 3
      vertex 19.3072 -18.3316 0
      vertex 19.592 -18.101 0
    endloop
  endfacet
  facet normal 0.933564 -0.358412 0
    outer loop
      vertex 20.4474 -16.9236 3
      vertex 20.5787 -16.5816 0
      vertex 20.5787 -16.5816 3
    endloop
  endfacet
  facet normal 0.933564 -0.358412 0
    outer loop
      vertex 20.5787 -16.5816 0
      vertex 20.4474 -16.9236 3
      vertex 20.4474 -16.9236 0
    endloop
  endfacet
  facet normal 0.838668 -0.544643 0
    outer loop
      vertex 20.0816 -17.5572 3
      vertex 20.2811 -17.25 0
      vertex 20.2811 -17.25 3
    endloop
  endfacet
  facet normal 0.838668 -0.544643 0
    outer loop
      vertex 20.2811 -17.25 0
      vertex 20.0816 -17.5572 3
      vertex 20.0816 -17.5572 0
    endloop
  endfacet
  facet normal -0.0524013 -0.998626 0
    outer loop
      vertex 16.8841 -18.9808 0
      vertex 17.25 -19 3
      vertex 16.8841 -18.9808 3
    endloop
  endfacet
  facet normal -0.0524013 -0.998626 -0
    outer loop
      vertex 17.25 -19 3
      vertex 16.8841 -18.9808 0
      vertex 17.25 -19 0
    endloop
  endfacet
  facet normal -0.453971 -0.891017 0
    outer loop
      vertex 15.5 -18.5311 0
      vertex 15.8264 -18.6974 3
      vertex 15.5 -18.5311 3
    endloop
  endfacet
  facet normal -0.453971 -0.891017 -0
    outer loop
      vertex 15.8264 -18.6974 3
      vertex 15.5 -18.5311 0
      vertex 15.8264 -18.6974 0
    endloop
  endfacet
  facet normal -0.777181 -0.629277 0
    outer loop
      vertex 14.649 -17.842 0
      vertex 14.4184 -17.5572 3
      vertex 14.4184 -17.5572 0
    endloop
  endfacet
  facet normal -0.777181 -0.629277 0
    outer loop
      vertex 14.4184 -17.5572 3
      vertex 14.649 -17.842 0
      vertex 14.649 -17.842 3
    endloop
  endfacet
  facet normal -0.965944 -0.25875 0
    outer loop
      vertex 13.9213 -16.5816 0
      vertex 13.8265 -16.2277 3
      vertex 13.8265 -16.2277 0
    endloop
  endfacet
  facet normal -0.965944 -0.25875 0
    outer loop
      vertex 13.8265 -16.2277 3
      vertex 13.9213 -16.5816 0
      vertex 13.9213 -16.5816 3
    endloop
  endfacet
  facet normal -0.987696 -0.156383 0
    outer loop
      vertex 13.8265 -16.2277 0
      vertex 13.7692 -15.8658 3
      vertex 13.7692 -15.8658 0
    endloop
  endfacet
  facet normal -0.987696 -0.156383 0
    outer loop
      vertex 13.7692 -15.8658 3
      vertex 13.8265 -16.2277 0
      vertex 13.8265 -16.2277 3
    endloop
  endfacet
  facet normal -0.156425 -0.98769 0
    outer loop
      vertex 16.5223 -18.9235 0
      vertex 16.8841 -18.9808 3
      vertex 16.5223 -18.9235 3
    endloop
  endfacet
  facet normal -0.156425 -0.98769 -0
    outer loop
      vertex 16.8841 -18.9808 3
      vertex 16.5223 -18.9235 0
      vertex 16.8841 -18.9808 0
    endloop
  endfacet
  facet normal -0.25875 -0.965944 0
    outer loop
      vertex 16.1684 -18.8287 0
      vertex 16.5223 -18.9235 3
      vertex 16.1684 -18.8287 3
    endloop
  endfacet
  facet normal -0.25875 -0.965944 -0
    outer loop
      vertex 16.5223 -18.9235 3
      vertex 16.1684 -18.8287 0
      vertex 16.5223 -18.9235 0
    endloop
  endfacet
  facet normal -0.544643 -0.838668 0
    outer loop
      vertex 15.1928 -18.3316 0
      vertex 15.5 -18.5311 3
      vertex 15.1928 -18.3316 3
    endloop
  endfacet
  facet normal -0.544643 -0.838668 -0
    outer loop
      vertex 15.5 -18.5311 3
      vertex 15.1928 -18.3316 0
      vertex 15.5 -18.5311 0
    endloop
  endfacet
  facet normal -0.358412 -0.933564 0
    outer loop
      vertex 15.8264 -18.6974 0
      vertex 16.1684 -18.8287 3
      vertex 15.8264 -18.6974 3
    endloop
  endfacet
  facet normal -0.358412 -0.933564 -0
    outer loop
      vertex 16.1684 -18.8287 3
      vertex 15.8264 -18.6974 0
      vertex 16.1684 -18.8287 0
    endloop
  endfacet
  facet normal -1 0 0
    outer loop
      vertex -20.75 -15.5 0
      vertex -20.75 -11.5 3
      vertex -20.75 -11.5 0
    endloop
  endfacet
  facet normal -1 -0 0
    outer loop
      vertex -20.75 -11.5 3
      vertex -20.75 -15.5 0
      vertex -20.75 -15.5 3
    endloop
  endfacet
  facet normal -0 0 1
    outer loop
      vertex -15.9151 -14.5302 3
      vertex -13.75 -15.5 3
      vertex -13.75 -11.5 3
    endloop
  endfacet
  facet normal -0 -0 1
    outer loop
      vertex -15.6361 -15.1569 3
      vertex -13.75 -15.5 3
      vertex -15.7426 -14.8289 3
    endloop
  endfacet
  facet normal 0 -0 1
    outer loop
      vertex -15.6 -15.5 3
      vertex -13.75 -15.5 3
      vertex -15.6361 -15.1569 3
    endloop
  endfacet
  facet normal 0 0 1
    outer loop
      vertex -13.75 -15.5 3
      vertex -15.6 -15.5 3
      vertex -13.7692 -15.8658 3
    endloop
  endfacet
  facet normal 0 0 1
    outer loop
      vertex -13.7692 -15.8658 3
      vertex -15.6361 -15.8431 3
      vertex -13.8265 -16.2277 3
    endloop
  endfacet
  facet normal 0 0 1
    outer loop
      vertex -13.8265 -16.2277 3
      vertex -15.6361 -15.8431 3
      vertex -13.9213 -16.5816 3
    endloop
  endfacet
  facet normal -0 0 1
    outer loop
      vertex -15.7426 -16.1711 3
      vertex -13.9213 -16.5816 3
      vertex -15.6361 -15.8431 3
    endloop
  endfacet
  facet normal 0 0 1
    outer loop
      vertex -14.0526 -16.9236 3
      vertex -15.7426 -16.1711 3
      vertex -14.2189 -17.25 3
    endloop
  endfacet
  facet normal -0 0 1
    outer loop
      vertex -15.9151 -16.4698 3
      vertex -14.2189 -17.25 3
      vertex -15.7426 -16.1711 3
    endloop
  endfacet
  facet normal 0 0 1
    outer loop
      vertex -14.2189 -17.25 3
      vertex -15.9151 -16.4698 3
      vertex -14.4184 -17.5572 3
    endloop
  endfacet
  facet normal 0 0 1
    outer loop
      vertex -14.4184 -17.5572 3
      vertex -15.9151 -16.4698 3
      vertex -14.649 -17.842 3
    endloop
  endfacet
  facet normal 0 0 1
    outer loop
      vertex -13.9213 -16.5816 3
      vertex -15.7426 -16.1711 3
      vertex -14.0526 -16.9236 3
    endloop
  endfacet
  facet normal -0 0 1
    outer loop
      vertex -15.6361 -15.8431 3
      vertex -13.7692 -15.8658 3
      vertex -15.6 -15.5 3
    endloop
  endfacet
  facet normal 0 0 1
    outer loop
      vertex -13.75 -15.5 3
      vertex -15.9151 -14.5302 3
      vertex -15.7426 -14.8289 3
    endloop
  endfacet
  facet normal 0 0 1
    outer loop
      vertex -13.75 -11.5 3
      vertex -16.1459 -14.2738 3
      vertex -15.9151 -14.5302 3
    endloop
  endfacet
  facet normal 0 0 1
    outer loop
      vertex -13.75 -11.5 3
      vertex -16.425 -14.0711 3
      vertex -16.1459 -14.2738 3
    endloop
  endfacet
  facet normal 0 0 1
    outer loop
      vertex -13.75 -11.5 3
      vertex -16.7401 -13.9308 3
      vertex -16.425 -14.0711 3
    endloop
  endfacet
  facet normal 0 0 1
    outer loop
      vertex -13.75 -11.5 3
      vertex -17.0775 -13.859 3
      vertex -16.7401 -13.9308 3
    endloop
  endfacet
  facet normal 0 0 1
    outer loop
      vertex -13.75 -11.5 3
      vertex -17.4225 -13.859 3
      vertex -17.0775 -13.859 3
    endloop
  endfacet
  facet normal -0 0 1
    outer loop
      vertex -20.75 -11.5 3
      vertex -17.4225 -13.859 3
      vertex -13.75 -11.5 3
    endloop
  endfacet
  facet normal 0 0 1
    outer loop
      vertex -17.4225 -13.859 3
      vertex -20.75 -11.5 3
      vertex -17.7599 -13.9308 3
    endloop
  endfacet
  facet normal 0 0 1
    outer loop
      vertex -18.075 -16.9289 3
      vertex -19.3072 -18.3316 3
      vertex -19 -18.5311 3
    endloop
  endfacet
  facet normal 0 0 1
    outer loop
      vertex -20.75 -15.5 3
      vertex -18.9 -15.5 3
      vertex -18.8639 -15.1569 3
    endloop
  endfacet
  facet normal 0 0 1
    outer loop
      vertex -18.8639 -15.8431 3
      vertex -19.592 -18.101 3
      vertex -19.3072 -18.3316 3
    endloop
  endfacet
  facet normal 0 0 1
    outer loop
      vertex -18.8639 -15.8431 3
      vertex -19.851 -17.842 3
      vertex -19.592 -18.101 3
    endloop
  endfacet
  facet normal 0 0 1
    outer loop
      vertex -20.75 -15.5 3
      vertex -18.8639 -15.1569 3
      vertex -18.7574 -14.8289 3
    endloop
  endfacet
  facet normal 0 0 1
    outer loop
      vertex -18.8639 -15.8431 3
      vertex -20.0816 -17.5572 3
      vertex -19.851 -17.842 3
    endloop
  endfacet
  facet normal 0 0 1
    outer loop
      vertex -18.8639 -15.8431 3
      vertex -20.2811 -17.25 3
      vertex -20.0816 -17.5572 3
    endloop
  endfacet
  facet normal 0 0 1
    outer loop
      vertex -20.75 -15.5 3
      vertex -18.7574 -14.8289 3
      vertex -18.5849 -14.5302 3
    endloop
  endfacet
  facet normal 0 0 1
    outer loop
      vertex -18.8639 -15.8431 3
      vertex -20.4474 -16.9236 3
      vertex -20.2811 -17.25 3
    endloop
  endfacet
  facet normal 0 0 1
    outer loop
      vertex -18.8639 -15.8431 3
      vertex -20.5787 -16.5816 3
      vertex -20.4474 -16.9236 3
    endloop
  endfacet
  facet normal 0 0 1
    outer loop
      vertex -20.75 -11.5 3
      vertex -18.5849 -14.5302 3
      vertex -18.3541 -14.2738 3
    endloop
  endfacet
  facet normal 0 0 1
    outer loop
      vertex -18.8639 -15.8431 3
      vertex -20.6735 -16.2277 3
      vertex -20.5787 -16.5816 3
    endloop
  endfacet
  facet normal 0 0 1
    outer loop
      vertex -18.8639 -15.8431 3
      vertex -20.7308 -15.8658 3
      vertex -20.6735 -16.2277 3
    endloop
  endfacet
  facet normal 0 0 1
    outer loop
      vertex -20.75 -11.5 3
      vertex -18.3541 -14.2738 3
      vertex -18.075 -14.0711 3
    endloop
  endfacet
  facet normal 0 0 1
    outer loop
      vertex -17.7599 -13.9308 3
      vertex -20.75 -11.5 3
      vertex -18.075 -14.0711 3
    endloop
  endfacet
  facet normal 0 0 1
    outer loop
      vertex -18.5849 -14.5302 3
      vertex -20.75 -11.5 3
      vertex -20.75 -15.5 3
    endloop
  endfacet
  facet normal 0 0 1
    outer loop
      vertex -18.9 -15.5 3
      vertex -20.75 -15.5 3
      vertex -20.7308 -15.8658 3
    endloop
  endfacet
  facet normal -0 0 1
    outer loop
      vertex -16.1459 -16.7262 3
      vertex -14.649 -17.842 3
      vertex -15.9151 -16.4698 3
    endloop
  endfacet
  facet normal 0 0 1
    outer loop
      vertex -14.649 -17.842 3
      vertex -16.1459 -16.7262 3
      vertex -14.908 -18.101 3
    endloop
  endfacet
  facet normal 0 0 1
    outer loop
      vertex -14.908 -18.101 3
      vertex -16.1459 -16.7262 3
      vertex -15.1928 -18.3316 3
    endloop
  endfacet
  facet normal -0 0 1
    outer loop
      vertex -16.425 -16.9289 3
      vertex -15.1928 -18.3316 3
      vertex -16.1459 -16.7262 3
    endloop
  endfacet
  facet normal 0 0 1
    outer loop
      vertex -15.1928 -18.3316 3
      vertex -16.425 -16.9289 3
      vertex -15.5 -18.5311 3
    endloop
  endfacet
  facet normal 0 0 1
    outer loop
      vertex -15.5 -18.5311 3
      vertex -16.425 -16.9289 3
      vertex -15.8264 -18.6974 3
    endloop
  endfacet
  facet normal -0 0 1
    outer loop
      vertex -16.7401 -17.0692 3
      vertex -15.8264 -18.6974 3
      vertex -16.425 -16.9289 3
    endloop
  endfacet
  facet normal 0 0 1
    outer loop
      vertex -15.8264 -18.6974 3
      vertex -16.7401 -17.0692 3
      vertex -16.1684 -18.8287 3
    endloop
  endfacet
  facet normal 0 0 1
    outer loop
      vertex -16.1684 -18.8287 3
      vertex -16.7401 -17.0692 3
      vertex -16.5223 -18.9235 3
    endloop
  endfacet
  facet normal -0 0 1
    outer loop
      vertex -17.0775 -17.141 3
      vertex -16.5223 -18.9235 3
      vertex -16.7401 -17.0692 3
    endloop
  endfacet
  facet normal 0 0 1
    outer loop
      vertex -16.5223 -18.9235 3
      vertex -17.0775 -17.141 3
      vertex -16.8841 -18.9808 3
    endloop
  endfacet
  facet normal 0 0 1
    outer loop
      vertex -17.0775 -17.141 3
      vertex -17.25 -19 3
      vertex -16.8841 -18.9808 3
    endloop
  endfacet
  facet normal -0 0 1
    outer loop
      vertex -17.4225 -17.141 3
      vertex -17.25 -19 3
      vertex -17.0775 -17.141 3
    endloop
  endfacet
  facet normal 0 0 1
    outer loop
      vertex -17.4225 -17.141 3
      vertex -17.6158 -18.9808 3
      vertex -17.25 -19 3
    endloop
  endfacet
  facet normal 0 0 1
    outer loop
      vertex -17.9777 -18.9235 3
      vertex -17.4225 -17.141 3
      vertex -17.7599 -17.0692 3
    endloop
  endfacet
  facet normal 0 0 1
    outer loop
      vertex -17.4225 -17.141 3
      vertex -17.9777 -18.9235 3
      vertex -17.6158 -18.9808 3
    endloop
  endfacet
  facet normal 0 0 1
    outer loop
      vertex -18.6736 -18.6974 3
      vertex -17.7599 -17.0692 3
      vertex -18.075 -16.9289 3
    endloop
  endfacet
  facet normal 0 0 1
    outer loop
      vertex -17.7599 -17.0692 3
      vertex -18.3316 -18.8287 3
      vertex -17.9777 -18.9235 3
    endloop
  endfacet
  facet normal 0 0 1
    outer loop
      vertex -19.3072 -18.3316 3
      vertex -18.075 -16.9289 3
      vertex -18.3541 -16.7262 3
    endloop
  endfacet
  facet normal 0 0 1
    outer loop
      vertex -19.3072 -18.3316 3
      vertex -18.3541 -16.7262 3
      vertex -18.5849 -16.4698 3
    endloop
  endfacet
  facet normal 0 0 1
    outer loop
      vertex -17.7599 -17.0692 3
      vertex -18.6736 -18.6974 3
      vertex -18.3316 -18.8287 3
    endloop
  endfacet
  facet normal 0 0 1
    outer loop
      vertex -19.3072 -18.3316 3
      vertex -18.5849 -16.4698 3
      vertex -18.7574 -16.1711 3
    endloop
  endfacet
  facet normal 0 0 1
    outer loop
      vertex -19.3072 -18.3316 3
      vertex -18.7574 -16.1711 3
      vertex -18.8639 -15.8431 3
    endloop
  endfacet
  facet normal 0 0 1
    outer loop
      vertex -20.7308 -15.8658 3
      vertex -18.8639 -15.8431 3
      vertex -18.9 -15.5 3
    endloop
  endfacet
  facet normal 0 0 1
    outer loop
      vertex -18.075 -16.9289 3
      vertex -19 -18.5311 3
      vertex -18.6736 -18.6974 3
    endloop
  endfacet
  facet normal 1 -0 0
    outer loop
      vertex -13.75 -15.5 3
      vertex -13.75 -11.5 0
      vertex -13.75 -11.5 3
    endloop
  endfacet
  facet normal 1 0 0
    outer loop
      vertex -13.75 -11.5 0
      vertex -13.75 -15.5 3
      vertex -13.75 -15.5 0
    endloop
  endfacet
  facet normal 0.998625 -0.0524155 0
    outer loop
      vertex -13.7692 -15.8658 3
      vertex -13.75 -15.5 0
      vertex -13.75 -15.5 3
    endloop
  endfacet
  facet normal 0.998625 -0.0524155 0
    outer loop
      vertex -13.75 -15.5 0
      vertex -13.7692 -15.8658 3
      vertex -13.7692 -15.8658 0
    endloop
  endfacet
  facet normal 0.0524013 -0.998626 0
    outer loop
      vertex -17.25 -19 0
      vertex -16.8841 -18.9808 3
      vertex -17.25 -19 3
    endloop
  endfacet
  facet normal 0.0524013 -0.998626 0
    outer loop
      vertex -16.8841 -18.9808 3
      vertex -17.25 -19 0
      vertex -16.8841 -18.9808 0
    endloop
  endfacet
  facet normal 0.25875 -0.965944 0
    outer loop
      vertex -16.5223 -18.9235 0
      vertex -16.1684 -18.8287 3
      vertex -16.5223 -18.9235 3
    endloop
  endfacet
  facet normal 0.25875 -0.965944 0
    outer loop
      vertex -16.1684 -18.8287 3
      vertex -16.5223 -18.9235 0
      vertex -16.1684 -18.8287 0
    endloop
  endfacet
  facet normal 0.629277 -0.777181 0
    outer loop
      vertex -15.1928 -18.3316 0
      vertex -14.908 -18.101 3
      vertex -15.1928 -18.3316 3
    endloop
  endfacet
  facet normal 0.629277 -0.777181 0
    outer loop
      vertex -14.908 -18.101 3
      vertex -15.1928 -18.3316 0
      vertex -14.908 -18.101 0
    endloop
  endfacet
  facet normal 0.453971 -0.891017 0
    outer loop
      vertex -15.8264 -18.6974 0
      vertex -15.5 -18.5311 3
      vertex -15.8264 -18.6974 3
    endloop
  endfacet
  facet normal 0.453971 -0.891017 0
    outer loop
      vertex -15.5 -18.5311 3
      vertex -15.8264 -18.6974 0
      vertex -15.5 -18.5311 0
    endloop
  endfacet
  facet normal 0.777181 -0.629277 0
    outer loop
      vertex -14.649 -17.842 3
      vertex -14.4184 -17.5572 0
      vertex -14.4184 -17.5572 3
    endloop
  endfacet
  facet normal 0.777181 -0.629277 0
    outer loop
      vertex -14.4184 -17.5572 0
      vertex -14.649 -17.842 3
      vertex -14.649 -17.842 0
    endloop
  endfacet
  facet normal 0.891017 -0.453971 0
    outer loop
      vertex -14.2189 -17.25 3
      vertex -14.0526 -16.9236 0
      vertex -14.0526 -16.9236 3
    endloop
  endfacet
  facet normal 0.891017 -0.453971 0
    outer loop
      vertex -14.0526 -16.9236 0
      vertex -14.2189 -17.25 3
      vertex -14.2189 -17.25 0
    endloop
  endfacet
  facet normal 0.965944 -0.25875 0
    outer loop
      vertex -13.9213 -16.5816 3
      vertex -13.8265 -16.2277 0
      vertex -13.8265 -16.2277 3
    endloop
  endfacet
  facet normal 0.965944 -0.25875 0
    outer loop
      vertex -13.8265 -16.2277 0
      vertex -13.9213 -16.5816 3
      vertex -13.9213 -16.5816 0
    endloop
  endfacet
  facet normal -0.707107 -0.707107 0
    outer loop
      vertex -19.592 -18.101 0
      vertex -19.851 -17.842 3
      vertex -19.851 -17.842 0
    endloop
  endfacet
  facet normal -0.707107 -0.707107 0
    outer loop
      vertex -19.851 -17.842 3
      vertex -19.592 -18.101 0
      vertex -19.592 -18.101 3
    endloop
  endfacet
  facet normal -0.544643 -0.838668 0
    outer loop
      vertex -19.3072 -18.3316 0
      vertex -19 -18.5311 3
      vertex -19.3072 -18.3316 3
    endloop
  endfacet
  facet normal -0.544643 -0.838668 -0
    outer loop
      vertex -19 -18.5311 3
      vertex -19.3072 -18.3316 0
      vertex -19 -18.5311 0
    endloop
  endfacet
  facet normal -0.358412 -0.933564 0
    outer loop
      vertex -18.6736 -18.6974 0
      vertex -18.3316 -18.8287 3
      vertex -18.6736 -18.6974 3
    endloop
  endfacet
  facet normal -0.358412 -0.933564 -0
    outer loop
      vertex -18.3316 -18.8287 3
      vertex -18.6736 -18.6974 0
      vertex -18.3316 -18.8287 0
    endloop
  endfacet
  facet normal -0.156383 -0.987696 0
    outer loop
      vertex -17.9777 -18.9235 0
      vertex -17.6158 -18.9808 3
      vertex -17.9777 -18.9235 3
    endloop
  endfacet
  facet normal -0.156383 -0.987696 -0
    outer loop
      vertex -17.6158 -18.9808 3
      vertex -17.9777 -18.9235 0
      vertex -17.6158 -18.9808 0
    endloop
  endfacet
  facet normal -0.933564 -0.358412 0
    outer loop
      vertex -20.4474 -16.9236 0
      vertex -20.5787 -16.5816 3
      vertex -20.5787 -16.5816 0
    endloop
  endfacet
  facet normal -0.933564 -0.358412 0
    outer loop
      vertex -20.5787 -16.5816 3
      vertex -20.4474 -16.9236 0
      vertex -20.4474 -16.9236 3
    endloop
  endfacet
  facet normal -0.838668 -0.544643 0
    outer loop
      vertex -20.0816 -17.5572 0
      vertex -20.2811 -17.25 3
      vertex -20.2811 -17.25 0
    endloop
  endfacet
  facet normal -0.838668 -0.544643 0
    outer loop
      vertex -20.2811 -17.25 3
      vertex -20.0816 -17.5572 0
      vertex -20.0816 -17.5572 3
    endloop
  endfacet
  facet normal -0.965944 -0.25875 0
    outer loop
      vertex -20.5787 -16.5816 0
      vertex -20.6735 -16.2277 3
      vertex -20.6735 -16.2277 0
    endloop
  endfacet
  facet normal -0.965944 -0.25875 0
    outer loop
      vertex -20.6735 -16.2277 3
      vertex -20.5787 -16.5816 0
      vertex -20.5787 -16.5816 3
    endloop
  endfacet
  facet normal -0.998625 -0.0524155 0
    outer loop
      vertex -20.7308 -15.8658 0
      vertex -20.75 -15.5 3
      vertex -20.75 -15.5 0
    endloop
  endfacet
  facet normal -0.998625 -0.0524155 0
    outer loop
      vertex -20.75 -15.5 3
      vertex -20.7308 -15.8658 0
      vertex -20.7308 -15.8658 3
    endloop
  endfacet
  facet normal 0.156425 -0.98769 0
    outer loop
      vertex -16.8841 -18.9808 0
      vertex -16.5223 -18.9235 3
      vertex -16.8841 -18.9808 3
    endloop
  endfacet
  facet normal 0.156425 -0.98769 0
    outer loop
      vertex -16.5223 -18.9235 3
      vertex -16.8841 -18.9808 0
      vertex -16.5223 -18.9235 0
    endloop
  endfacet
  facet normal 0.358412 -0.933564 0
    outer loop
      vertex -16.1684 -18.8287 0
      vertex -15.8264 -18.6974 3
      vertex -16.1684 -18.8287 3
    endloop
  endfacet
  facet normal 0.358412 -0.933564 0
    outer loop
      vertex -15.8264 -18.6974 3
      vertex -16.1684 -18.8287 0
      vertex -15.8264 -18.6974 0
    endloop
  endfacet
  facet normal 0.707107 -0.707107 0
    outer loop
      vertex -14.908 -18.101 0
      vertex -14.649 -17.842 3
      vertex -14.908 -18.101 3
    endloop
  endfacet
  facet normal 0.707107 -0.707107 0
    outer loop
      vertex -14.649 -17.842 3
      vertex -14.908 -18.101 0
      vertex -14.649 -17.842 0
    endloop
  endfacet
  facet normal 0.544643 -0.838668 0
    outer loop
      vertex -15.5 -18.5311 0
      vertex -15.1928 -18.3316 3
      vertex -15.5 -18.5311 3
    endloop
  endfacet
  facet normal 0.544643 -0.838668 0
    outer loop
      vertex -15.1928 -18.3316 3
      vertex -15.5 -18.5311 0
      vertex -15.1928 -18.3316 0
    endloop
  endfacet
  facet normal 0.838668 -0.544643 0
    outer loop
      vertex -14.4184 -17.5572 3
      vertex -14.2189 -17.25 0
      vertex -14.2189 -17.25 3
    endloop
  endfacet
  facet normal 0.838668 -0.544643 0
    outer loop
      vertex -14.2189 -17.25 0
      vertex -14.4184 -17.5572 3
      vertex -14.4184 -17.5572 0
    endloop
  endfacet
  facet normal 0.933564 -0.358412 0
    outer loop
      vertex -14.0526 -16.9236 3
      vertex -13.9213 -16.5816 0
      vertex -13.9213 -16.5816 3
    endloop
  endfacet
  facet normal 0.933564 -0.358412 0
    outer loop
      vertex -13.9213 -16.5816 0
      vertex -14.0526 -16.9236 3
      vertex -14.0526 -16.9236 0
    endloop
  endfacet
  facet normal 0.987696 -0.156383 0
    outer loop
      vertex -13.8265 -16.2277 3
      vertex -13.7692 -15.8658 0
      vertex -13.7692 -15.8658 3
    endloop
  endfacet
  facet normal 0.987696 -0.156383 0
    outer loop
      vertex -13.7692 -15.8658 0
      vertex -13.8265 -16.2277 3
      vertex -13.8265 -16.2277 0
    endloop
  endfacet
  facet normal -0.629277 -0.777181 0
    outer loop
      vertex -19.592 -18.101 0
      vertex -19.3072 -18.3316 3
      vertex -19.592 -18.101 3
    endloop
  endfacet
  facet normal -0.629277 -0.777181 -0
    outer loop
      vertex -19.3072 -18.3316 3
      vertex -19.592 -18.101 0
      vertex -19.3072 -18.3316 0
    endloop
  endfacet
  facet normal -0.453971 -0.891017 0
    outer loop
      vertex -19 -18.5311 0
      vertex -18.6736 -18.6974 3
      vertex -19 -18.5311 3
    endloop
  endfacet
  facet normal -0.453971 -0.891017 -0
    outer loop
      vertex -18.6736 -18.6974 3
      vertex -19 -18.5311 0
      vertex -18.6736 -18.6974 0
    endloop
  endfacet
  facet normal -0.25875 -0.965944 0
    outer loop
      vertex -18.3316 -18.8287 0
      vertex -17.9777 -18.9235 3
      vertex -18.3316 -18.8287 3
    endloop
  endfacet
  facet normal -0.25875 -0.965944 -0
    outer loop
      vertex -17.9777 -18.9235 3
      vertex -18.3316 -18.8287 0
      vertex -17.9777 -18.9235 0
    endloop
  endfacet
  facet normal -0.0524155 -0.998625 0
    outer loop
      vertex -17.6158 -18.9808 0
      vertex -17.25 -19 3
      vertex -17.6158 -18.9808 3
    endloop
  endfacet
  facet normal -0.0524155 -0.998625 -0
    outer loop
      vertex -17.25 -19 3
      vertex -17.6158 -18.9808 0
      vertex -17.25 -19 0
    endloop
  endfacet
  facet normal -0.891017 -0.453971 0
    outer loop
      vertex -20.2811 -17.25 0
      vertex -20.4474 -16.9236 3
      vertex -20.4474 -16.9236 0
    endloop
  endfacet
  facet normal -0.891017 -0.453971 0
    outer loop
      vertex -20.4474 -16.9236 3
      vertex -20.2811 -17.25 0
      vertex -20.2811 -17.25 3
    endloop
  endfacet
  facet normal -0.777181 -0.629277 0
    outer loop
      vertex -19.851 -17.842 0
      vertex -20.0816 -17.5572 3
      vertex -20.0816 -17.5572 0
    endloop
  endfacet
  facet normal -0.777181 -0.629277 0
    outer loop
      vertex -20.0816 -17.5572 3
      vertex -19.851 -17.842 0
      vertex -19.851 -17.842 3
    endloop
  endfacet
  facet normal -0.987696 -0.156383 0
    outer loop
      vertex -20.6735 -16.2277 0
      vertex -20.7308 -15.8658 3
      vertex -20.7308 -15.8658 0
    endloop
  endfacet
  facet normal -0.987696 -0.156383 0
    outer loop
      vertex -20.7308 -15.8658 3
      vertex -20.6735 -16.2277 0
      vertex -20.6735 -16.2277 3
    endloop
  endfacet
  facet normal 0 -0.453992 0.891006
    outer loop
      vertex 18.25 -3.14853 5.66794
      vertex 26.25 -3.45079 5.51393
      vertex 26.25 -3.14853 5.66794
    endloop
  endfacet
  facet normal 0 -0.453992 0.891006
    outer loop
      vertex 26.25 -3.45079 5.51393
      vertex 18.25 -3.14853 5.66794
      vertex 18.25 -3.45079 5.51393
    endloop
  endfacet
  facet normal 0 -0.453992 0.891006
    outer loop
      vertex -26.25 -3.14853 5.66794
      vertex 16.25 -3.45079 5.51393
      vertex 16.25 -3.14853 5.66794
    endloop
  endfacet
  facet normal 0 -0.453992 0.891006
    outer loop
      vertex 16.25 -3.45079 5.51393
      vertex -26.25 -3.14853 5.66794
      vertex -26.25 -3.45079 5.51393
    endloop
  endfacet
  facet normal -0 0.0314234 0.999506
    outer loop
      vertex -26.25 -5.75 5
      vertex -20.25 -6.08907 5.01066
      vertex -20.25 -5.75 5
    endloop
  endfacet
  facet normal 0 0.0314234 0.999506
    outer loop
      vertex -20.25 -6.08907 5.01066
      vertex -26.25 -5.75 5
      vertex -26.25 -6.08907 5.01066
    endloop
  endfacet
  facet normal -0 0.0314234 0.999506
    outer loop
      vertex 20.25 -5.75 5
      vertex 26.25 -6.08907 5.01066
      vertex 26.25 -5.75 5
    endloop
  endfacet
  facet normal 0 0.0314234 0.999506
    outer loop
      vertex 26.25 -6.08907 5.01066
      vertex 20.25 -5.75 5
      vertex 20.25 -6.08907 5.01066
    endloop
  endfacet
  facet normal -0 0.0314234 0.999506
    outer loop
      vertex -14.25 -5.75 5
      vertex 14.25 -6.08907 5.01066
      vertex 14.25 -5.75 5
    endloop
  endfacet
  facet normal 0 0.0314234 0.999506
    outer loop
      vertex 14.25 -6.08907 5.01066
      vertex -14.25 -5.75 5
      vertex -14.25 -6.08907 5.01066
    endloop
  endfacet
  facet normal 0 -0.995562 0.0941108
    outer loop
      vertex -26.25 -0.39258 9.7232
      vertex -5.36125 -0.366414 10
      vertex -26.25 -0.366414 10
    endloop
  endfacet
  facet normal 0 -0.995562 0.0941108
    outer loop
      vertex -5.36125 -0.366414 10
      vertex -26.25 -0.39258 9.7232
      vertex -5.04728 -0.39258 9.7232
    endloop
  endfacet
  facet normal 0 -0.995562 0.0941108
    outer loop
      vertex 26.25 -0.39258 9.7232
      vertex 5.36125 -0.366414 10
      vertex 5.04728 -0.39258 9.7232
    endloop
  endfacet
  facet normal 0 -0.995562 0.0941108
    outer loop
      vertex 5.36125 -0.366414 10
      vertex 26.25 -0.39258 9.7232
      vertex 26.25 -0.366414 10
    endloop
  endfacet
  facet normal 0 -0.86074 0.509045
    outer loop
      vertex -26.25 -1.19063 7.50653
      vertex 26.25 -1.01794 7.79853
      vertex -26.25 -1.01794 7.79853
    endloop
  endfacet
  facet normal 0 -0.86074 0.509045
    outer loop
      vertex 26.25 -1.01794 7.79853
      vertex -26.25 -1.19063 7.50653
      vertex 26.25 -1.19063 7.50653
    endloop
  endfacet
  facet normal 0 -0.094094 0.995563
    outer loop
      vertex 20.25 -5.0732 5.04258
      vertex 26.25 -5.41093 5.01066
      vertex 26.25 -5.0732 5.04258
    endloop
  endfacet
  facet normal 0 -0.094094 0.995563
    outer loop
      vertex 26.25 -5.41093 5.01066
      vertex 20.25 -5.0732 5.04258
      vertex 20.25 -5.41093 5.01066
    endloop
  endfacet
  facet normal 0 -0.094094 0.995563
    outer loop
      vertex -26.25 -5.0732 5.04258
      vertex -20.25 -5.41093 5.01066
      vertex -20.25 -5.0732 5.04258
    endloop
  endfacet
  facet normal 0 -0.094094 0.995563
    outer loop
      vertex -20.25 -5.41093 5.01066
      vertex -26.25 -5.0732 5.04258
      vertex -26.25 -5.41093 5.01066
    endloop
  endfacet
  facet normal 0 -0.094094 0.995563
    outer loop
      vertex -14.25 -5.0732 5.04258
      vertex 14.25 -5.41093 5.01066
      vertex 14.25 -5.0732 5.04258
    endloop
  endfacet
  facet normal 0 -0.094094 0.995563
    outer loop
      vertex 14.25 -5.41093 5.01066
      vertex -14.25 -5.0732 5.04258
      vertex -14.25 -5.41093 5.01066
    endloop
  endfacet
  facet normal 0 -0.661303 0.750119
    outer loop
      vertex -26.25 -2.05344 6.46357
      vertex 26.25 -2.30791 6.23923
      vertex 26.25 -2.05344 6.46357
    endloop
  endfacet
  facet normal 0 -0.661303 0.750119
    outer loop
      vertex 26.25 -2.30791 6.23923
      vertex -26.25 -2.05344 6.46357
      vertex -26.25 -2.30791 6.23923
    endloop
  endfacet
  facet normal 0 -0.707122 0.707092
    outer loop
      vertex -26.25 -2.05344 6.46357
      vertex 26.25 -1.81357 6.70345
      vertex -26.25 -1.81357 6.70345
    endloop
  endfacet
  facet normal 0 -0.707122 0.707092
    outer loop
      vertex 26.25 -1.81357 6.70345
      vertex -26.25 -2.05344 6.46357
      vertex 26.25 -2.05344 6.46357
    endloop
  endfacet
  facet normal 0 -0.790156 0.612905
    outer loop
      vertex -26.25 -1.58923 6.95791
      vertex 26.25 -1.38131 7.22596
      vertex -26.25 -1.38131 7.22596
    endloop
  endfacet
  facet normal 0 -0.790156 0.612905
    outer loop
      vertex 26.25 -1.38131 7.22596
      vertex -26.25 -1.58923 6.95791
      vertex 26.25 -1.58923 6.95791
    endloop
  endfacet
  facet normal 0 -0.0314234 0.999506
    outer loop
      vertex 20.25 -5.41093 5.01066
      vertex 26.25 -5.75 5
      vertex 26.25 -5.41093 5.01066
    endloop
  endfacet
  facet normal 0 -0.0314234 0.999506
    outer loop
      vertex 26.25 -5.75 5
      vertex 20.25 -5.41093 5.01066
      vertex 20.25 -5.75 5
    endloop
  endfacet
  facet normal 0 -0.0314234 0.999506
    outer loop
      vertex -26.25 -5.41093 5.01066
      vertex -20.25 -5.75 5
      vertex -20.25 -5.41093 5.01066
    endloop
  endfacet
  facet normal 0 -0.0314234 0.999506
    outer loop
      vertex -20.25 -5.75 5
      vertex -26.25 -5.41093 5.01066
      vertex -26.25 -5.75 5
    endloop
  endfacet
  facet normal 0 -0.0314234 0.999506
    outer loop
      vertex -14.25 -5.41093 5.01066
      vertex 14.25 -5.75 5
      vertex 14.25 -5.41093 5.01066
    endloop
  endfacet
  facet normal 0 -0.0314234 0.999506
    outer loop
      vertex 14.25 -5.75 5
      vertex -14.25 -5.41093 5.01066
      vertex -14.25 -5.75 5
    endloop
  endfacet
  facet normal 0 0.940892 0.338707
    outer loop
      vertex 26.25 -10.7708 8.41213
      vertex 3.51957 -10.8857 8.73131
      vertex 26.25 -10.8857 8.73131
    endloop
  endfacet
  facet normal 4.5232e-07 0.940882 0.338735
    outer loop
      vertex 3.51957 -10.8857 8.73131
      vertex 26.25 -10.7708 8.41213
      vertex 3.36366 -10.8571 8.65187
    endloop
  endfacet
  facet normal 2.40495e-06 0.940822 0.3389
    outer loop
      vertex 3.36366 -10.8571 8.65187
      vertex 26.25 -10.7708 8.41213
      vertex 2.90818 -10.7861 8.45477
    endloop
  endfacet
  facet normal 0 0.941241 0.337734
    outer loop
      vertex 2.90818 -10.7861 8.45477
      vertex 26.25 -10.7708 8.41213
      vertex 2.78975 -10.7708 8.41213
    endloop
  endfacet
  facet normal -4.5232e-07 0.940882 0.338735
    outer loop
      vertex -26.25 -10.7708 8.41213
      vertex -3.51957 -10.8857 8.73131
      vertex -3.36366 -10.8571 8.65187
    endloop
  endfacet
  facet normal -2.40495e-06 0.940822 0.3389
    outer loop
      vertex -26.25 -10.7708 8.41213
      vertex -3.36366 -10.8571 8.65187
      vertex -2.90818 -10.7861 8.45477
    endloop
  endfacet
  facet normal -0 0.941241 0.337734
    outer loop
      vertex -26.25 -10.7708 8.41213
      vertex -2.90818 -10.7861 8.45477
      vertex -2.78975 -10.7708 8.41213
    endloop
  endfacet
  facet normal 0 0.940892 0.338707
    outer loop
      vertex -3.51957 -10.8857 8.73131
      vertex -26.25 -10.7708 8.41213
      vertex -26.25 -10.8857 8.73131
    endloop
  endfacet
  facet normal -2.46927e-07 -0.156439 0.987688
    outer loop
      vertex 26.25 -4.73814 5.09565
      vertex 20.25 -4.75 5.09377
      vertex 26.25 -5.0732 5.04258
    endloop
  endfacet
  facet normal 0 -0.156561 0.987668
    outer loop
      vertex 18.25 -4.73814 5.09565
      vertex 20.25 -4.75 5.09377
      vertex 26.25 -4.73814 5.09565
    endloop
  endfacet
  facet normal 0 -0.156561 0.987668
    outer loop
      vertex 20.25 -4.75 5.09377
      vertex 18.25 -4.73814 5.09565
      vertex 18.25 -4.75 5.09377
    endloop
  endfacet
  facet normal 0 -0.156435 0.987688
    outer loop
      vertex 26.25 -5.0732 5.04258
      vertex 20.25 -4.75 5.09377
      vertex 20.25 -5.0732 5.04258
    endloop
  endfacet
  facet normal 0 -0.156561 0.987668
    outer loop
      vertex 16.25 -4.73814 5.09565
      vertex 14.25 -4.75 5.09377
      vertex 16.25 -4.75 5.09377
    endloop
  endfacet
  facet normal 0 -0.156435 0.987688
    outer loop
      vertex 14.25 -4.75 5.09377
      vertex -14.25 -4.75 5.09377
      vertex 14.25 -5.0732 5.04258
    endloop
  endfacet
  facet normal 0 -0.156561 0.987668
    outer loop
      vertex 16.25 -4.73814 5.09565
      vertex -14.25 -4.75 5.09377
      vertex 14.25 -4.75 5.09377
    endloop
  endfacet
  facet normal 0 -0.156561 0.987668
    outer loop
      vertex 16.25 -4.73814 5.09565
      vertex -20.25 -4.75 5.09377
      vertex -14.25 -4.75 5.09377
    endloop
  endfacet
  facet normal 0 -0.156561 0.987668
    outer loop
      vertex -26.25 -4.73814 5.09565
      vertex -20.25 -4.75 5.09377
      vertex 16.25 -4.73814 5.09565
    endloop
  endfacet
  facet normal 2.55988e-07 -0.156435 0.987688
    outer loop
      vertex -26.25 -4.73814 5.09565
      vertex -20.25 -5.0732 5.04258
      vertex -20.25 -4.75 5.09377
    endloop
  endfacet
  facet normal 0 -0.156439 0.987688
    outer loop
      vertex -20.25 -5.0732 5.04258
      vertex -26.25 -4.73814 5.09565
      vertex -26.25 -5.0732 5.04258
    endloop
  endfacet
  facet normal 0 -0.156435 0.987688
    outer loop
      vertex 14.25 -5.0732 5.04258
      vertex -14.25 -4.75 5.09377
      vertex -14.25 -5.0732 5.04258
    endloop
  endfacet
  facet normal 0 -0.397126 0.917764
    outer loop
      vertex 18.25 -3.45079 5.51393
      vertex 26.25 -3.76213 5.37921
      vertex 26.25 -3.45079 5.51393
    endloop
  endfacet
  facet normal 0 -0.397126 0.917764
    outer loop
      vertex 26.25 -3.76213 5.37921
      vertex 18.25 -3.45079 5.51393
      vertex 18.25 -3.76213 5.37921
    endloop
  endfacet
  facet normal 0 -0.397126 0.917764
    outer loop
      vertex -26.25 -3.45079 5.51393
      vertex 16.25 -3.76213 5.37921
      vertex 16.25 -3.45079 5.51393
    endloop
  endfacet
  facet normal 0 -0.397126 0.917764
    outer loop
      vertex 16.25 -3.76213 5.37921
      vertex -26.25 -3.45079 5.51393
      vertex -26.25 -3.76213 5.37921
    endloop
  endfacet
  facet normal 4.7018e-08 -0.562093 0.827074
    outer loop
      vertex 26.25 -2.57596 6.03131
      vertex 18.25 -2.75 5.91303
      vertex 26.25 -2.85653 5.84063
    endloop
  endfacet
  facet normal 0 -0.562092 0.827075
    outer loop
      vertex 26.25 -2.57596 6.03131
      vertex 16.25 -2.75 5.91303
      vertex 18.25 -2.75 5.91303
    endloop
  endfacet
  facet normal 0 -0.562092 0.827075
    outer loop
      vertex -26.25 -2.57596 6.03131
      vertex 16.25 -2.75 5.91303
      vertex 26.25 -2.57596 6.03131
    endloop
  endfacet
  facet normal -2.33095e-08 -0.562096 0.827072
    outer loop
      vertex -26.25 -2.57596 6.03131
      vertex 16.25 -2.85653 5.84063
      vertex 16.25 -2.75 5.91303
    endloop
  endfacet
  facet normal 0 -0.562093 0.827074
    outer loop
      vertex 16.25 -2.85653 5.84063
      vertex -26.25 -2.57596 6.03131
      vertex -26.25 -2.85653 5.84063
    endloop
  endfacet
  facet normal 0 -0.562096 0.827072
    outer loop
      vertex 26.25 -2.85653 5.84063
      vertex 18.25 -2.75 5.91303
      vertex 18.25 -2.85653 5.84063
    endloop
  endfacet
  facet normal 0 -0.960292 0.278996
    outer loop
      vertex -26.25 -0.614294 8.73131
      vertex -4.11004 -0.51965 9.05707
      vertex -26.25 -0.51965 9.05707
    endloop
  endfacet
  facet normal -1.55976e-07 -0.960289 0.279006
    outer loop
      vertex -4.11004 -0.51965 9.05707
      vertex -26.25 -0.614294 8.73131
      vertex -3.80585 -0.571916 8.87718
    endloop
  endfacet
  facet normal 0 -0.960296 0.278984
    outer loop
      vertex -3.80585 -0.571916 8.87718
      vertex -26.25 -0.614294 8.73131
      vertex -3.51957 -0.614294 8.73131
    endloop
  endfacet
  facet normal 1.55976e-07 -0.960289 0.279006
    outer loop
      vertex 26.25 -0.614294 8.73131
      vertex 4.11004 -0.51965 9.05707
      vertex 3.80585 -0.571916 8.87718
    endloop
  endfacet
  facet normal 0 -0.960296 0.278984
    outer loop
      vertex 26.25 -0.614294 8.73131
      vertex 3.80585 -0.571916 8.87718
      vertex 3.51957 -0.614294 8.73131
    endloop
  endfacet
  facet normal 0 -0.960292 0.278996
    outer loop
      vertex 4.11004 -0.51965 9.05707
      vertex 26.25 -0.614294 8.73131
      vertex 26.25 -0.51965 9.05707
    endloop
  endfacet
  facet normal 0 -0.987688 0.156434
    outer loop
      vertex -26.25 -0.445648 9.38814
      vertex -5.04728 -0.39258 9.7232
      vertex -26.25 -0.39258 9.7232
    endloop
  endfacet
  facet normal 1.51762e-06 -0.987703 0.15634
    outer loop
      vertex -5.04728 -0.39258 9.7232
      vertex -26.25 -0.445648 9.38814
      vertex -5.03565 -0.394204 9.71294
    endloop
  endfacet
  facet normal 3.23008e-09 -0.987688 0.156436
    outer loop
      vertex -5.03565 -0.394204 9.71294
      vertex -26.25 -0.445648 9.38814
      vertex -4.6435 -0.442382 9.40876
    endloop
  endfacet
  facet normal 0 -0.987688 0.15644
    outer loop
      vertex -4.6435 -0.442382 9.40876
      vertex -26.25 -0.445648 9.38814
      vertex -4.61316 -0.445648 9.38814
    endloop
  endfacet
  facet normal -1.51762e-06 -0.987703 0.15634
    outer loop
      vertex 26.25 -0.445648 9.38814
      vertex 5.04728 -0.39258 9.7232
      vertex 5.03565 -0.394204 9.71294
    endloop
  endfacet
  facet normal -3.23008e-09 -0.987688 0.156436
    outer loop
      vertex 26.25 -0.445648 9.38814
      vertex 5.03565 -0.394204 9.71294
      vertex 4.6435 -0.442382 9.40876
    endloop
  endfacet
  facet normal 0 -0.987688 0.15644
    outer loop
      vertex 26.25 -0.445648 9.38814
      vertex 4.6435 -0.442382 9.40876
      vertex 4.61316 -0.445648 9.38814
    endloop
  endfacet
  facet normal 0 -0.987688 0.156434
    outer loop
      vertex 5.04728 -0.39258 9.7232
      vertex 26.25 -0.445648 9.38814
      vertex 26.25 -0.39258 9.7232
    endloop
  endfacet
  facet normal 0 -0.89101 0.453983
    outer loop
      vertex -26.25 -1.01794 7.79853
      vertex -1.75259 -0.863934 8.10079
      vertex -26.25 -0.863934 8.10079
    endloop
  endfacet
  facet normal -1.57131e-07 -0.891005 0.453993
    outer loop
      vertex -1.75259 -0.863934 8.10079
      vertex -26.25 -1.01794 7.79853
      vertex -1.48031 -0.894944 8.03993
    endloop
  endfacet
  facet normal 1.52605e-07 -0.891018 0.453968
    outer loop
      vertex -1.48031 -0.894944 8.03993
      vertex -26.25 -1.01794 7.79853
      vertex -0.990132 -0.934501 7.96229
    endloop
  endfacet
  facet normal -3.95241e-07 -0.890984 0.454035
    outer loop
      vertex -0.990132 -0.934501 7.96229
      vertex -26.25 -1.01794 7.79853
      vertex -0.496044 -0.958299 7.91559
    endloop
  endfacet
  facet normal -8.51135e-09 -0.891018 0.453968
    outer loop
      vertex -0.496044 -0.958299 7.91559
      vertex -26.25 -1.01794 7.79853
      vertex 0 -0.966242 7.9
    endloop
  endfacet
  facet normal 1.57131e-07 -0.891005 0.453993
    outer loop
      vertex 26.25 -1.01794 7.79853
      vertex 1.75259 -0.863934 8.10079
      vertex 1.48031 -0.894944 8.03993
    endloop
  endfacet
  facet normal -1.52605e-07 -0.891018 0.453968
    outer loop
      vertex 26.25 -1.01794 7.79853
      vertex 1.48031 -0.894944 8.03993
      vertex 0.990132 -0.934501 7.96229
    endloop
  endfacet
  facet normal 3.95241e-07 -0.890984 0.454035
    outer loop
      vertex 26.25 -1.01794 7.79853
      vertex 0.990132 -0.934501 7.96229
      vertex 0.496044 -0.958299 7.91559
    endloop
  endfacet
  facet normal 8.51135e-09 -0.891018 0.453968
    outer loop
      vertex 26.25 -1.01794 7.79853
      vertex 0.496044 -0.958299 7.91559
      vertex 0 -0.966242 7.9
    endloop
  endfacet
  facet normal 0 -0.89101 0.453983
    outer loop
      vertex 1.75259 -0.863934 8.10079
      vertex 26.25 -1.01794 7.79853
      vertex 26.25 -0.863934 8.10079
    endloop
  endfacet
  facet normal 0 -0.891019 0.453966
    outer loop
      vertex 26.25 -1.01794 7.79853
      vertex 0 -0.966242 7.9
      vertex -26.25 -1.01794 7.79853
    endloop
  endfacet
  facet normal 0 -0.940881 0.338738
    outer loop
      vertex -26.25 -0.729206 8.41213
      vertex -3.51957 -0.614294 8.73131
      vertex -26.25 -0.614294 8.73131
    endloop
  endfacet
  facet normal -1.30777e-07 -0.940878 0.338747
    outer loop
      vertex -3.51957 -0.614294 8.73131
      vertex -26.25 -0.729206 8.41213
      vertex -3.36366 -0.642895 8.65187
    endloop
  endfacet
  facet normal -1.06509e-08 -0.940881 0.338736
    outer loop
      vertex -3.36366 -0.642895 8.65187
      vertex -26.25 -0.729206 8.41213
      vertex -2.90818 -0.713855 8.45477
    endloop
  endfacet
  facet normal 0 -0.940883 0.338731
    outer loop
      vertex -2.90818 -0.713855 8.45477
      vertex -26.25 -0.729206 8.41213
      vertex -2.78975 -0.729206 8.41213
    endloop
  endfacet
  facet normal 1.30777e-07 -0.940878 0.338747
    outer loop
      vertex 26.25 -0.729206 8.41213
      vertex 3.51957 -0.614294 8.73131
      vertex 3.36366 -0.642895 8.65187
    endloop
  endfacet
  facet normal 1.06509e-08 -0.940881 0.338736
    outer loop
      vertex 26.25 -0.729206 8.41213
      vertex 3.36366 -0.642895 8.65187
      vertex 2.90818 -0.713855 8.45477
    endloop
  endfacet
  facet normal 0 -0.940883 0.338731
    outer loop
      vertex 26.25 -0.729206 8.41213
      vertex 2.90818 -0.713855 8.45477
      vertex 2.78975 -0.729206 8.41213
    endloop
  endfacet
  facet normal 0 -0.940881 0.338738
    outer loop
      vertex 3.51957 -0.614294 8.73131
      vertex 26.25 -0.729206 8.41213
      vertex 26.25 -0.614294 8.73131
    endloop
  endfacet
  facet normal 0 -0.827074 0.562093
    outer loop
      vertex -26.25 -1.38131 7.22596
      vertex 26.25 -1.19063 7.50653
      vertex -26.25 -1.19063 7.50653
    endloop
  endfacet
  facet normal 0 -0.827074 0.562093
    outer loop
      vertex 26.25 -1.19063 7.50653
      vertex -26.25 -1.38131 7.22596
      vertex 26.25 -1.38131 7.22596
    endloop
  endfacet
  facet normal -0 0.453992 0.891006
    outer loop
      vertex 18.25 -8.04921 5.51393
      vertex 26.25 -8.35147 5.66794
      vertex 26.25 -8.04921 5.51393
    endloop
  endfacet
  facet normal 0 0.453992 0.891006
    outer loop
      vertex 26.25 -8.35147 5.66794
      vertex 18.25 -8.04921 5.51393
      vertex 18.25 -8.35147 5.66794
    endloop
  endfacet
  facet normal -0 0.453992 0.891006
    outer loop
      vertex -26.25 -8.04921 5.51393
      vertex 16.25 -8.35147 5.66794
      vertex 16.25 -8.04921 5.51393
    endloop
  endfacet
  facet normal 0 0.453992 0.891006
    outer loop
      vertex 16.25 -8.35147 5.66794
      vertex -26.25 -8.04921 5.51393
      vertex -26.25 -8.35147 5.66794
    endloop
  endfacet
  facet normal -0 0.99555 0.094232
    outer loop
      vertex -26.25 -11.1074 9.7232
      vertex -5.36125 -11.1336 10
      vertex -5.04728 -11.1074 9.7232
    endloop
  endfacet
  facet normal 0 0.99555 0.094232
    outer loop
      vertex -5.36125 -11.1336 10
      vertex -26.25 -11.1074 9.7232
      vertex -26.25 -11.1336 10
    endloop
  endfacet
  facet normal 0 0.99555 0.094232
    outer loop
      vertex 26.25 -11.1074 9.7232
      vertex 5.36125 -11.1336 10
      vertex 26.25 -11.1336 10
    endloop
  endfacet
  facet normal 0 0.99555 0.094232
    outer loop
      vertex 5.36125 -11.1336 10
      vertex 26.25 -11.1074 9.7232
      vertex 5.04728 -11.1074 9.7232
    endloop
  endfacet
  facet normal 0 -0.338759 0.940873
    outer loop
      vertex 18.25 -3.76213 5.37921
      vertex 26.25 -4.08131 5.26429
      vertex 26.25 -3.76213 5.37921
    endloop
  endfacet
  facet normal 0 -0.338759 0.940873
    outer loop
      vertex 26.25 -4.08131 5.26429
      vertex 18.25 -3.76213 5.37921
      vertex 18.25 -4.08131 5.26429
    endloop
  endfacet
  facet normal 0 -0.338759 0.940873
    outer loop
      vertex -26.25 -3.76213 5.37921
      vertex 16.25 -4.08131 5.26429
      vertex 16.25 -3.76213 5.37921
    endloop
  endfacet
  facet normal 0 -0.338759 0.940873
    outer loop
      vertex 16.25 -4.08131 5.26429
      vertex -26.25 -3.76213 5.37921
      vertex -26.25 -4.08131 5.26429
    endloop
  endfacet
  facet normal 0 -0.278986 0.960295
    outer loop
      vertex -26.25 -4.08131 5.26429
      vertex 16.25 -4.40707 5.16965
      vertex 16.25 -4.08131 5.26429
    endloop
  endfacet
  facet normal 0 -0.278986 0.960295
    outer loop
      vertex 16.25 -4.40707 5.16965
      vertex -26.25 -4.08131 5.26429
      vertex -26.25 -4.40707 5.16965
    endloop
  endfacet
  facet normal 0 -0.278986 0.960295
    outer loop
      vertex 18.25 -4.08131 5.26429
      vertex 26.25 -4.40707 5.16965
      vertex 26.25 -4.08131 5.26429
    endloop
  endfacet
  facet normal 0 -0.278986 0.960295
    outer loop
      vertex 26.25 -4.40707 5.16965
      vertex 18.25 -4.08131 5.26429
      vertex 18.25 -4.40707 5.16965
    endloop
  endfacet
  facet normal 0 -0.509045 0.86074
    outer loop
      vertex 18.25 -2.85653 5.84063
      vertex 26.25 -3.14853 5.66794
      vertex 26.25 -2.85653 5.84063
    endloop
  endfacet
  facet normal 0 -0.509045 0.86074
    outer loop
      vertex 26.25 -3.14853 5.66794
      vertex 18.25 -2.85653 5.84063
      vertex 18.25 -3.14853 5.66794
    endloop
  endfacet
  facet normal 0 -0.509045 0.86074
    outer loop
      vertex -26.25 -2.85653 5.84063
      vertex 16.25 -3.14853 5.66794
      vertex 16.25 -2.85653 5.84063
    endloop
  endfacet
  facet normal 0 -0.509045 0.86074
    outer loop
      vertex 16.25 -3.14853 5.66794
      vertex -26.25 -2.85653 5.84063
      vertex -26.25 -3.14853 5.66794
    endloop
  endfacet
  facet normal 0 -0.612905 0.790156
    outer loop
      vertex -26.25 -2.30791 6.23923
      vertex 26.25 -2.57596 6.03131
      vertex 26.25 -2.30791 6.23923
    endloop
  endfacet
  facet normal 0 -0.612905 0.790156
    outer loop
      vertex 26.25 -2.57596 6.03131
      vertex -26.25 -2.30791 6.23923
      vertex -26.25 -2.57596 6.03131
    endloop
  endfacet
  facet normal 0 -0.750106 0.661317
    outer loop
      vertex -26.25 -1.81357 6.70345
      vertex 26.25 -1.58923 6.95791
      vertex -26.25 -1.58923 6.95791
    endloop
  endfacet
  facet normal 0 -0.750106 0.661317
    outer loop
      vertex 26.25 -1.58923 6.95791
      vertex -26.25 -1.81357 6.70345
      vertex 26.25 -1.81357 6.70345
    endloop
  endfacet
  facet normal 6.30804e-08 -0.975916 0.218145
    outer loop
      vertex 26.25 -0.51965 9.05707
      vertex 4.61316 -0.445648 9.38814
      vertex 4.23303 -0.503392 9.12981
    endloop
  endfacet
  facet normal 0 -0.975921 0.218126
    outer loop
      vertex 26.25 -0.51965 9.05707
      vertex 4.23303 -0.503392 9.12981
      vertex 4.11004 -0.51965 9.05707
    endloop
  endfacet
  facet normal 0 -0.975917 0.218141
    outer loop
      vertex 4.61316 -0.445648 9.38814
      vertex 26.25 -0.51965 9.05707
      vertex 26.25 -0.445648 9.38814
    endloop
  endfacet
  facet normal 0 -0.975917 0.218141
    outer loop
      vertex -26.25 -0.51965 9.05707
      vertex -4.61316 -0.445648 9.38814
      vertex -26.25 -0.445648 9.38814
    endloop
  endfacet
  facet normal -6.30804e-08 -0.975916 0.218145
    outer loop
      vertex -4.61316 -0.445648 9.38814
      vertex -26.25 -0.51965 9.05707
      vertex -4.23303 -0.503392 9.12981
    endloop
  endfacet
  facet normal 0 -0.975921 0.218126
    outer loop
      vertex -4.23303 -0.503392 9.12981
      vertex -26.25 -0.51965 9.05707
      vertex -4.11004 -0.51965 9.05707
    endloop
  endfacet
  facet normal -2.53009e-07 -0.917762 0.39713
    outer loop
      vertex 26.25 -0.863934 8.10079
      vertex 2.78975 -0.729206 8.41213
      vertex 2.44123 -0.783503 8.28665
    endloop
  endfacet
  facet normal -3.16605e-08 -0.917752 0.397154
    outer loop
      vertex 26.25 -0.863934 8.10079
      vertex 2.44123 -0.783503 8.28665
      vertex 1.96465 -0.843421 8.14819
    endloop
  endfacet
  facet normal 0 -0.917746 0.397167
    outer loop
      vertex 26.25 -0.863934 8.10079
      vertex 1.96465 -0.843421 8.14819
      vertex 1.75259 -0.863934 8.10079
    endloop
  endfacet
  facet normal 0 -0.917756 0.397146
    outer loop
      vertex 2.78975 -0.729206 8.41213
      vertex 26.25 -0.863934 8.10079
      vertex 26.25 -0.729206 8.41213
    endloop
  endfacet
  facet normal 0 -0.917756 0.397146
    outer loop
      vertex -26.25 -0.863934 8.10079
      vertex -2.78975 -0.729206 8.41213
      vertex -26.25 -0.729206 8.41213
    endloop
  endfacet
  facet normal 2.53009e-07 -0.917762 0.39713
    outer loop
      vertex -2.78975 -0.729206 8.41213
      vertex -26.25 -0.863934 8.10079
      vertex -2.44123 -0.783503 8.28665
    endloop
  endfacet
  facet normal 3.16605e-08 -0.917752 0.397154
    outer loop
      vertex -2.44123 -0.783503 8.28665
      vertex -26.25 -0.863934 8.10079
      vertex -1.96465 -0.843421 8.14819
    endloop
  endfacet
  facet normal 0 -0.917746 0.397167
    outer loop
      vertex -1.96465 -0.843421 8.14819
      vertex -26.25 -0.863934 8.10079
      vertex -1.75259 -0.863934 8.10079
    endloop
  endfacet
  facet normal -0 0.094094 0.995563
    outer loop
      vertex -26.25 -6.08907 5.01066
      vertex -20.25 -6.4268 5.04258
      vertex -20.25 -6.08907 5.01066
    endloop
  endfacet
  facet normal 0 0.094094 0.995563
    outer loop
      vertex -20.25 -6.4268 5.04258
      vertex -26.25 -6.08907 5.01066
      vertex -26.25 -6.4268 5.04258
    endloop
  endfacet
  facet normal -0 0.094094 0.995563
    outer loop
      vertex 20.25 -6.08907 5.01066
      vertex 26.25 -6.4268 5.04258
      vertex 26.25 -6.08907 5.01066
    endloop
  endfacet
  facet normal 0 0.094094 0.995563
    outer loop
      vertex 26.25 -6.4268 5.04258
      vertex 20.25 -6.08907 5.01066
      vertex 20.25 -6.4268 5.04258
    endloop
  endfacet
  facet normal -0 0.094094 0.995563
    outer loop
      vertex -14.25 -6.08907 5.01066
      vertex 14.25 -6.4268 5.04258
      vertex 14.25 -6.08907 5.01066
    endloop
  endfacet
  facet normal 0 0.094094 0.995563
    outer loop
      vertex 14.25 -6.4268 5.04258
      vertex -14.25 -6.08907 5.01066
      vertex -14.25 -6.4268 5.04258
    endloop
  endfacet
  facet normal -0 0.218135 0.975919
    outer loop
      vertex -26.25 -6.76186 5.09565
      vertex 16.25 -7.09293 5.16965
      vertex 16.25 -6.76186 5.09565
    endloop
  endfacet
  facet normal 0 0.218135 0.975919
    outer loop
      vertex 16.25 -7.09293 5.16965
      vertex -26.25 -6.76186 5.09565
      vertex -26.25 -7.09293 5.16965
    endloop
  endfacet
  facet normal -0 0.218135 0.975919
    outer loop
      vertex 18.25 -6.76186 5.09565
      vertex 26.25 -7.09293 5.16965
      vertex 26.25 -6.76186 5.09565
    endloop
  endfacet
  facet normal 0 0.218135 0.975919
    outer loop
      vertex 26.25 -7.09293 5.16965
      vertex 18.25 -6.76186 5.09565
      vertex 18.25 -7.09293 5.16965
    endloop
  endfacet
  facet normal -0 0.278986 0.960295
    outer loop
      vertex -26.25 -7.09293 5.16965
      vertex 16.25 -7.41869 5.26429
      vertex 16.25 -7.09293 5.16965
    endloop
  endfacet
  facet normal 0 0.278986 0.960295
    outer loop
      vertex 16.25 -7.41869 5.26429
      vertex -26.25 -7.09293 5.16965
      vertex -26.25 -7.41869 5.26429
    endloop
  endfacet
  facet normal -0 0.278986 0.960295
    outer loop
      vertex 18.25 -7.09293 5.16965
      vertex 26.25 -7.41869 5.26429
      vertex 26.25 -7.09293 5.16965
    endloop
  endfacet
  facet normal 0 0.278986 0.960295
    outer loop
      vertex 26.25 -7.41869 5.26429
      vertex 18.25 -7.09293 5.16965
      vertex 18.25 -7.41869 5.26429
    endloop
  endfacet
  facet normal -0 0.397126 0.917764
    outer loop
      vertex 18.25 -7.73787 5.37921
      vertex 26.25 -8.04921 5.51393
      vertex 26.25 -7.73787 5.37921
    endloop
  endfacet
  facet normal 0 0.397126 0.917764
    outer loop
      vertex 26.25 -8.04921 5.51393
      vertex 18.25 -7.73787 5.37921
      vertex 18.25 -8.04921 5.51393
    endloop
  endfacet
  facet normal -0 0.397126 0.917764
    outer loop
      vertex -26.25 -7.73787 5.37921
      vertex 16.25 -8.04921 5.51393
      vertex 16.25 -7.73787 5.37921
    endloop
  endfacet
  facet normal 0 0.397126 0.917764
    outer loop
      vertex 16.25 -8.04921 5.51393
      vertex -26.25 -7.73787 5.37921
      vertex -26.25 -8.04921 5.51393
    endloop
  endfacet
  facet normal 0 0.891017 0.453969
    outer loop
      vertex 26.25 -10.4821 7.79853
      vertex 1.75259 -10.6361 8.10079
      vertex 26.25 -10.6361 8.10079
    endloop
  endfacet
  facet normal -1.34802e-06 0.891062 0.453882
    outer loop
      vertex 1.75259 -10.6361 8.10079
      vertex 26.25 -10.4821 7.79853
      vertex 1.48031 -10.6051 8.03993
    endloop
  endfacet
  facet normal 4.24153e-06 0.89083 0.454338
    outer loop
      vertex 1.48031 -10.6051 8.03993
      vertex 26.25 -10.4821 7.79853
      vertex 0.990132 -10.5655 7.96229
    endloop
  endfacet
  facet normal 1.91406e-06 0.890975 0.454053
    outer loop
      vertex 0.990132 -10.5655 7.96229
      vertex 26.25 -10.4821 7.79853
      vertex 0.496044 -10.5417 7.91559
    endloop
  endfacet
  facet normal -8.51979e-06 0.891902 0.452229
    outer loop
      vertex 0.496044 -10.5417 7.91559
      vertex 26.25 -10.4821 7.79853
      vertex 0 -10.5338 7.9
    endloop
  endfacet
  facet normal 1.34802e-06 0.891062 0.453882
    outer loop
      vertex -26.25 -10.4821 7.79853
      vertex -1.75259 -10.6361 8.10079
      vertex -1.48031 -10.6051 8.03993
    endloop
  endfacet
  facet normal -4.24153e-06 0.89083 0.454338
    outer loop
      vertex -26.25 -10.4821 7.79853
      vertex -1.48031 -10.6051 8.03993
      vertex -0.990132 -10.5655 7.96229
    endloop
  endfacet
  facet normal -1.91406e-06 0.890975 0.454053
    outer loop
      vertex -26.25 -10.4821 7.79853
      vertex -0.990132 -10.5655 7.96229
      vertex -0.496044 -10.5417 7.91559
    endloop
  endfacet
  facet normal 8.51979e-06 0.891902 0.452229
    outer loop
      vertex -26.25 -10.4821 7.79853
      vertex -0.496044 -10.5417 7.91559
      vertex 0 -10.5338 7.9
    endloop
  endfacet
  facet normal 0 0.891017 0.453969
    outer loop
      vertex -1.75259 -10.6361 8.10079
      vertex -26.25 -10.4821 7.79853
      vertex -26.25 -10.6361 8.10079
    endloop
  endfacet
  facet normal -0 0.891012 0.45398
    outer loop
      vertex -26.25 -10.4821 7.79853
      vertex 0 -10.5338 7.9
      vertex 26.25 -10.4821 7.79853
    endloop
  endfacet
  facet normal 0 0.790142 0.612924
    outer loop
      vertex 26.25 -9.91077 6.95791
      vertex -26.25 -10.1187 7.22596
      vertex 26.25 -10.1187 7.22596
    endloop
  endfacet
  facet normal 0 0.790142 0.612924
    outer loop
      vertex -26.25 -10.1187 7.22596
      vertex 26.25 -9.91077 6.95791
      vertex -26.25 -9.91077 6.95791
    endloop
  endfacet
  facet normal -0 0.661317 0.750106
    outer loop
      vertex -26.25 -9.19209 6.23923
      vertex 26.25 -9.44655 6.46357
      vertex 26.25 -9.19209 6.23923
    endloop
  endfacet
  facet normal 0 0.661317 0.750106
    outer loop
      vertex 26.25 -9.44655 6.46357
      vertex -26.25 -9.19209 6.23923
      vertex -26.25 -9.44655 6.46357
    endloop
  endfacet
  facet normal 3.42861e-05 0.988052 0.154121
    outer loop
      vertex -26.25 -11.0544 9.38814
      vertex -5.04728 -11.1074 9.7232
      vertex -5.03565 -11.1058 9.71294
    endloop
  endfacet
  facet normal -3.07815e-06 0.987678 0.156502
    outer loop
      vertex -26.25 -11.0544 9.38814
      vertex -5.03565 -11.1058 9.71294
      vertex -4.6435 -11.0576 9.40876
    endloop
  endfacet
  facet normal -0 0.988171 0.153353
    outer loop
      vertex -26.25 -11.0544 9.38814
      vertex -4.6435 -11.0576 9.40876
      vertex -4.61316 -11.0544 9.38814
    endloop
  endfacet
  facet normal 0 0.987719 0.156238
    outer loop
      vertex -5.04728 -11.1074 9.7232
      vertex -26.25 -11.0544 9.38814
      vertex -26.25 -11.1074 9.7232
    endloop
  endfacet
  facet normal 0 0.987719 0.156238
    outer loop
      vertex 26.25 -11.0544 9.38814
      vertex 5.04728 -11.1074 9.7232
      vertex 26.25 -11.1074 9.7232
    endloop
  endfacet
  facet normal -3.42861e-05 0.988052 0.154121
    outer loop
      vertex 5.04728 -11.1074 9.7232
      vertex 26.25 -11.0544 9.38814
      vertex 5.03565 -11.1058 9.71294
    endloop
  endfacet
  facet normal 3.07815e-06 0.987678 0.156502
    outer loop
      vertex 5.03565 -11.1058 9.71294
      vertex 26.25 -11.0544 9.38814
      vertex 4.6435 -11.0576 9.40876
    endloop
  endfacet
  facet normal 0 0.988171 0.153353
    outer loop
      vertex 4.6435 -11.0576 9.40876
      vertex 26.25 -11.0544 9.38814
      vertex 4.61316 -11.0544 9.38814
    endloop
  endfacet
  facet normal 0 0.917786 0.397076
    outer loop
      vertex 26.25 -10.6361 8.10079
      vertex 2.78975 -10.7708 8.41213
      vertex 26.25 -10.7708 8.41213
    endloop
  endfacet
  facet normal 1.08424e-06 0.917756 0.397145
    outer loop
      vertex 2.78975 -10.7708 8.41213
      vertex 26.25 -10.6361 8.10079
      vertex 2.44123 -10.7165 8.28665
    endloop
  endfacet
  facet normal 2.25034e-07 0.917796 0.397052
    outer loop
      vertex 2.44123 -10.7165 8.28665
      vertex 26.25 -10.6361 8.10079
      vertex 1.96465 -10.6566 8.14819
    endloop
  endfacet
  facet normal 0 0.917838 0.396955
    outer loop
      vertex 1.96465 -10.6566 8.14819
      vertex 26.25 -10.6361 8.10079
      vertex 1.75259 -10.6361 8.10079
    endloop
  endfacet
  facet normal -1.08424e-06 0.917756 0.397145
    outer loop
      vertex -26.25 -10.6361 8.10079
      vertex -2.78975 -10.7708 8.41213
      vertex -2.44123 -10.7165 8.28665
    endloop
  endfacet
  facet normal -2.25034e-07 0.917796 0.397052
    outer loop
      vertex -26.25 -10.6361 8.10079
      vertex -2.44123 -10.7165 8.28665
      vertex -1.96465 -10.6566 8.14819
    endloop
  endfacet
  facet normal -0 0.917838 0.396955
    outer loop
      vertex -26.25 -10.6361 8.10079
      vertex -1.96465 -10.6566 8.14819
      vertex -1.75259 -10.6361 8.10079
    endloop
  endfacet
  facet normal 0 0.917786 0.397076
    outer loop
      vertex -2.78975 -10.7708 8.41213
      vertex -26.25 -10.6361 8.10079
      vertex -26.25 -10.7708 8.41213
    endloop
  endfacet
  facet normal 0 -0.218135 0.975919
    outer loop
      vertex -26.25 -4.40707 5.16965
      vertex 16.25 -4.73814 5.09565
      vertex 16.25 -4.40707 5.16965
    endloop
  endfacet
  facet normal 0 -0.218135 0.975919
    outer loop
      vertex 16.25 -4.73814 5.09565
      vertex -26.25 -4.40707 5.16965
      vertex -26.25 -4.73814 5.09565
    endloop
  endfacet
  facet normal 0 -0.218135 0.975919
    outer loop
      vertex 18.25 -4.40707 5.16965
      vertex 26.25 -4.73814 5.09565
      vertex 26.25 -4.40707 5.16965
    endloop
  endfacet
  facet normal 0 -0.218135 0.975919
    outer loop
      vertex 26.25 -4.73814 5.09565
      vertex 18.25 -4.40707 5.16965
      vertex 18.25 -4.73814 5.09565
    endloop
  endfacet
  facet normal -0 0.156439 0.987688
    outer loop
      vertex 20.25 -6.4268 5.04258
      vertex 26.25 -6.76186 5.09565
      vertex 26.25 -6.4268 5.04258
    endloop
  endfacet
  facet normal -2.55988e-07 0.156435 0.987688
    outer loop
      vertex 20.25 -6.75 5.09377
      vertex 26.25 -6.76186 5.09565
      vertex 20.25 -6.4268 5.04258
    endloop
  endfacet
  facet normal 0 0.156561 0.987668
    outer loop
      vertex 18.25 -6.76186 5.09565
      vertex 20.25 -6.75 5.09377
      vertex 18.25 -6.75 5.09377
    endloop
  endfacet
  facet normal 0 0.156561 0.987668
    outer loop
      vertex 20.25 -6.75 5.09377
      vertex 18.25 -6.76186 5.09565
      vertex 26.25 -6.76186 5.09565
    endloop
  endfacet
  facet normal 0 0.156435 0.987688
    outer loop
      vertex -20.25 -6.4268 5.04258
      vertex -26.25 -6.4268 5.04258
      vertex -20.25 -6.75 5.09377
    endloop
  endfacet
  facet normal 0 0.156435 0.987688
    outer loop
      vertex 14.25 -6.4268 5.04258
      vertex -14.25 -6.4268 5.04258
      vertex 14.25 -6.75 5.09377
    endloop
  endfacet
  facet normal -0 0.156561 0.987668
    outer loop
      vertex 14.25 -6.75 5.09377
      vertex 16.25 -6.76186 5.09565
      vertex 16.25 -6.75 5.09377
    endloop
  endfacet
  facet normal -0 0.156435 0.987688
    outer loop
      vertex -14.25 -6.75 5.09377
      vertex 14.25 -6.75 5.09377
      vertex -14.25 -6.4268 5.04258
    endloop
  endfacet
  facet normal -0 0.156561 0.987668
    outer loop
      vertex -14.25 -6.75 5.09377
      vertex 16.25 -6.76186 5.09565
      vertex 14.25 -6.75 5.09377
    endloop
  endfacet
  facet normal -0 0.156561 0.987668
    outer loop
      vertex -20.25 -6.75 5.09377
      vertex 16.25 -6.76186 5.09565
      vertex -14.25 -6.75 5.09377
    endloop
  endfacet
  facet normal 0 0.156561 0.987668
    outer loop
      vertex -20.25 -6.75 5.09377
      vertex -26.25 -6.76186 5.09565
      vertex 16.25 -6.76186 5.09565
    endloop
  endfacet
  facet normal 2.46927e-07 0.156439 0.987688
    outer loop
      vertex -26.25 -6.76186 5.09565
      vertex -20.25 -6.75 5.09377
      vertex -26.25 -6.4268 5.04258
    endloop
  endfacet
  facet normal 0 0.827047 0.562133
    outer loop
      vertex 26.25 -10.1187 7.22596
      vertex -26.25 -10.3094 7.50653
      vertex 26.25 -10.3094 7.50653
    endloop
  endfacet
  facet normal 0 0.827047 0.562133
    outer loop
      vertex -26.25 -10.3094 7.50653
      vertex 26.25 -10.1187 7.22596
      vertex -26.25 -10.1187 7.22596
    endloop
  endfacet
  facet normal 0 0.860727 0.509067
    outer loop
      vertex 26.25 -10.3094 7.50653
      vertex -26.25 -10.4821 7.79853
      vertex 26.25 -10.4821 7.79853
    endloop
  endfacet
  facet normal 0 0.860727 0.509067
    outer loop
      vertex -26.25 -10.4821 7.79853
      vertex 26.25 -10.3094 7.50653
      vertex -26.25 -10.3094 7.50653
    endloop
  endfacet
  facet normal 0 0.707107 0.707107
    outer loop
      vertex 26.25 -9.44655 6.46357
      vertex -26.25 -9.68643 6.70345
      vertex 26.25 -9.68643 6.70345
    endloop
  endfacet
  facet normal 0 0.707107 0.707107
    outer loop
      vertex -26.25 -9.68643 6.70345
      vertex 26.25 -9.44655 6.46357
      vertex -26.25 -9.44655 6.46357
    endloop
  endfacet
  facet normal -0 0.612905 0.790156
    outer loop
      vertex -26.25 -8.92404 6.03131
      vertex 26.25 -9.19209 6.23923
      vertex 26.25 -8.92404 6.03131
    endloop
  endfacet
  facet normal 0 0.612905 0.790156
    outer loop
      vertex 26.25 -9.19209 6.23923
      vertex -26.25 -8.92404 6.03131
      vertex -26.25 -9.19209 6.23923
    endloop
  endfacet
  facet normal 0 0.960327 0.278877
    outer loop
      vertex 26.25 -10.8857 8.73131
      vertex 4.11004 -10.9803 9.05707
      vertex 26.25 -10.9803 9.05707
    endloop
  endfacet
  facet normal -3.0403e-06 0.960382 0.278686
    outer loop
      vertex 4.11004 -10.9803 9.05707
      vertex 26.25 -10.8857 8.73131
      vertex 3.80585 -10.9281 8.87718
    endloop
  endfacet
  facet normal 0 0.960257 0.279118
    outer loop
      vertex 3.80585 -10.9281 8.87718
      vertex 26.25 -10.8857 8.73131
      vertex 3.51957 -10.8857 8.73131
    endloop
  endfacet
  facet normal 3.0403e-06 0.960382 0.278686
    outer loop
      vertex -26.25 -10.8857 8.73131
      vertex -4.11004 -10.9803 9.05707
      vertex -3.80585 -10.9281 8.87718
    endloop
  endfacet
  facet normal -0 0.960257 0.279118
    outer loop
      vertex -26.25 -10.8857 8.73131
      vertex -3.80585 -10.9281 8.87718
      vertex -3.51957 -10.8857 8.73131
    endloop
  endfacet
  facet normal 0 0.960327 0.278877
    outer loop
      vertex -4.11004 -10.9803 9.05707
      vertex -26.25 -10.8857 8.73131
      vertex -26.25 -10.9803 9.05707
    endloop
  endfacet
  facet normal 1.09398e-06 0.975871 0.218348
    outer loop
      vertex -26.25 -10.9803 9.05707
      vertex -4.61316 -11.0544 9.38814
      vertex -4.23303 -10.9966 9.12981
    endloop
  endfacet
  facet normal -0 0.9758 0.218663
    outer loop
      vertex -26.25 -10.9803 9.05707
      vertex -4.23303 -10.9966 9.12981
      vertex -4.11004 -10.9803 9.05707
    endloop
  endfacet
  facet normal 0 0.975856 0.218416
    outer loop
      vertex -4.61316 -11.0544 9.38814
      vertex -26.25 -10.9803 9.05707
      vertex -26.25 -11.0544 9.38814
    endloop
  endfacet
  facet normal 0 0.975856 0.218416
    outer loop
      vertex 26.25 -10.9803 9.05707
      vertex 4.61316 -11.0544 9.38814
      vertex 26.25 -11.0544 9.38814
    endloop
  endfacet
  facet normal -1.09398e-06 0.975871 0.218348
    outer loop
      vertex 4.61316 -11.0544 9.38814
      vertex 26.25 -10.9803 9.05707
      vertex 4.23303 -10.9966 9.12981
    endloop
  endfacet
  facet normal 0 0.9758 0.218663
    outer loop
      vertex 4.23303 -10.9966 9.12981
      vertex 26.25 -10.9803 9.05707
      vertex 4.11004 -10.9803 9.05707
    endloop
  endfacet
  facet normal -0 0.338759 0.940873
    outer loop
      vertex 18.25 -7.41869 5.26429
      vertex 26.25 -7.73787 5.37921
      vertex 26.25 -7.41869 5.26429
    endloop
  endfacet
  facet normal 0 0.338759 0.940873
    outer loop
      vertex 26.25 -7.73787 5.37921
      vertex 18.25 -7.41869 5.26429
      vertex 18.25 -7.73787 5.37921
    endloop
  endfacet
  facet normal -0 0.338759 0.940873
    outer loop
      vertex -26.25 -7.41869 5.26429
      vertex 16.25 -7.73787 5.37921
      vertex 16.25 -7.41869 5.26429
    endloop
  endfacet
  facet normal 0 0.338759 0.940873
    outer loop
      vertex 16.25 -7.73787 5.37921
      vertex -26.25 -7.41869 5.26429
      vertex -26.25 -7.73787 5.37921
    endloop
  endfacet
  facet normal 0 0.750106 0.661317
    outer loop
      vertex 26.25 -9.68643 6.70345
      vertex -26.25 -9.91077 6.95791
      vertex 26.25 -9.91077 6.95791
    endloop
  endfacet
  facet normal 0 0.750106 0.661317
    outer loop
      vertex -26.25 -9.91077 6.95791
      vertex 26.25 -9.68643 6.70345
      vertex -26.25 -9.68643 6.70345
    endloop
  endfacet
  facet normal 0 0.562059 0.827097
    outer loop
      vertex 16.25 -8.64346 5.84063
      vertex -26.25 -8.64346 5.84063
      vertex 16.25 -8.75 5.91303
    endloop
  endfacet
  facet normal 0 0.562059 0.827097
    outer loop
      vertex 18.25 -8.75 5.91303
      vertex 26.25 -8.64346 5.84063
      vertex 18.25 -8.64346 5.84063
    endloop
  endfacet
  facet normal -3.8881e-07 0.562079 0.827083
    outer loop
      vertex 26.25 -8.64346 5.84063
      vertex 18.25 -8.75 5.91303
      vertex 26.25 -8.92404 6.03131
    endloop
  endfacet
  facet normal -0 0.562092 0.827075
    outer loop
      vertex 16.25 -8.75 5.91303
      vertex 26.25 -8.92404 6.03131
      vertex 18.25 -8.75 5.91303
    endloop
  endfacet
  facet normal 7.31877e-08 0.562079 0.827083
    outer loop
      vertex -26.25 -8.92404 6.03131
      vertex 16.25 -8.75 5.91303
      vertex -26.25 -8.64346 5.84063
    endloop
  endfacet
  facet normal 0 0.562092 0.827075
    outer loop
      vertex 16.25 -8.75 5.91303
      vertex -26.25 -8.92404 6.03131
      vertex 26.25 -8.92404 6.03131
    endloop
  endfacet
  facet normal -0 0.509058 0.860732
    outer loop
      vertex 18.25 -8.35147 5.66794
      vertex 26.25 -8.64346 5.84063
      vertex 26.25 -8.35147 5.66794
    endloop
  endfacet
  facet normal 0 0.509058 0.860732
    outer loop
      vertex 26.25 -8.64346 5.84063
      vertex 18.25 -8.35147 5.66794
      vertex 18.25 -8.64346 5.84063
    endloop
  endfacet
  facet normal -0 0.509058 0.860732
    outer loop
      vertex -26.25 -8.35147 5.66794
      vertex 16.25 -8.64346 5.84063
      vertex 16.25 -8.35147 5.66794
    endloop
  endfacet
  facet normal 0 0.509058 0.860732
    outer loop
      vertex 16.25 -8.64346 5.84063
      vertex -26.25 -8.35147 5.66794
      vertex -26.25 -8.64346 5.84063
    endloop
  endfacet
  facet normal 1 -0 0
    outer loop
      vertex 28.25 -8.5 5
      vertex 28.25 -3 3.05
      vertex 28.25 -3 5
    endloop
  endfacet
  facet normal 1 0 0
    outer loop
      vertex 28.25 -3 3.05
      vertex 28.25 -8.5 5
      vertex 28.25 -8.5 3.05
    endloop
  endfacet
  facet normal 0 1 0
    outer loop
      vertex 29.25 -8.5 5
      vertex 28.25 -8.5 3.05
      vertex 28.25 -8.5 5
    endloop
  endfacet
  facet normal 0 1 -0
    outer loop
      vertex 29.25 -8.5 0
      vertex 28.25 -8.5 3.05
      vertex 29.25 -8.5 5
    endloop
  endfacet
  facet normal 0 1 0
    outer loop
      vertex 22.25 -8.5 0
      vertex 28.25 -8.5 3.05
      vertex 29.25 -8.5 0
    endloop
  endfacet
  facet normal 0 1 0
    outer loop
      vertex 28.25 -8.5 3.05
      vertex 22.25 -8.5 0
      vertex 22.25 -8.5 3.05
    endloop
  endfacet
  facet normal 0 -1 0
    outer loop
      vertex 22.25 -3 3.05
      vertex 22.25 -3 0
      vertex 28.25 -3 3.05
    endloop
  endfacet
  facet normal 0 -1 0
    outer loop
      vertex 28.25 -3 3.05
      vertex 29.25 -3 5
      vertex 28.25 -3 5
    endloop
  endfacet
  facet normal 0 -1 0
    outer loop
      vertex 28.25 -3 3.05
      vertex 29.25 -3 0
      vertex 29.25 -3 5
    endloop
  endfacet
  facet normal 0 -1 0
    outer loop
      vertex 29.25 -3 0
      vertex 28.25 -3 3.05
      vertex 22.25 -3 0
    endloop
  endfacet
  facet normal 1 -0 0
    outer loop
      vertex 27.85 -8.50002 12.3
      vertex 27.85 -0.549999 5
      vertex 27.85 -0.549999 12.3
    endloop
  endfacet
  facet normal 1 0 0
    outer loop
      vertex 27.85 -10.95 11.0296
      vertex 27.85 -8.50002 12.3
      vertex 27.85 -8.68837 12.2941
    endloop
  endfacet
  facet normal 1 0 0
    outer loop
      vertex 27.85 -10.95 11.0296
      vertex 27.85 -8.68837 12.2941
      vertex 27.85 -8.876 12.2763
    endloop
  endfacet
  facet normal 1 0 0
    outer loop
      vertex 27.85 -10.95 11.0296
      vertex 27.85 -8.876 12.2763
      vertex 27.85 -9.06214 12.2469
    endloop
  endfacet
  facet normal 1 0 0
    outer loop
      vertex 27.85 -10.95 11.0296
      vertex 27.85 -9.06214 12.2469
      vertex 27.85 -9.24607 12.2058
    endloop
  endfacet
  facet normal 1 0 0
    outer loop
      vertex 27.85 -10.95 11.0296
      vertex 27.85 -9.24607 12.2058
      vertex 27.85 -9.42705 12.1532
    endloop
  endfacet
  facet normal 1 0 0
    outer loop
      vertex 27.85 -10.95 11.0296
      vertex 27.85 -9.42705 12.1532
      vertex 27.85 -9.60437 12.0893
    endloop
  endfacet
  facet normal 1 0 0
    outer loop
      vertex 27.85 -10.95 11.0296
      vertex 27.85 -9.60437 12.0893
      vertex 27.85 -9.77734 12.0145
    endloop
  endfacet
  facet normal 1 0 0
    outer loop
      vertex 27.85 -10.95 11.0296
      vertex 27.85 -9.77734 12.0145
      vertex 27.85 -9.94526 11.9289
    endloop
  endfacet
  facet normal 1 0 0
    outer loop
      vertex 27.85 -10.95 11.0296
      vertex 27.85 -9.94526 11.9289
      vertex 27.85 -10.1075 11.833
    endloop
  endfacet
  facet normal 1 0 0
    outer loop
      vertex 27.85 -10.95 11.0296
      vertex 27.85 -10.1075 11.833
      vertex 27.85 -10.2634 11.7271
    endloop
  endfacet
  facet normal 1 0 0
    outer loop
      vertex 27.85 -10.95 11.0296
      vertex 27.85 -10.2634 11.7271
      vertex 27.85 -10.4123 11.6115
    endloop
  endfacet
  facet normal 1 0 0
    outer loop
      vertex 27.85 -10.95 11.0296
      vertex 27.85 -10.4123 11.6115
      vertex 27.85 -10.5536 11.4869
    endloop
  endfacet
  facet normal 1 0 0
    outer loop
      vertex 27.85 -10.95 11.0296
      vertex 27.85 -10.5536 11.4869
      vertex 27.85 -10.6869 11.3536
    endloop
  endfacet
  facet normal 1 0 0
    outer loop
      vertex 27.85 -10.95 11.0296
      vertex 27.85 -10.6869 11.3536
      vertex 27.85 -10.8115 11.2123
    endloop
  endfacet
  facet normal 1 0 0
    outer loop
      vertex 27.85 -10.95 11.0296
      vertex 27.85 -10.8115 11.2123
      vertex 27.85 -10.9271 11.0634
    endloop
  endfacet
  facet normal 1 0 0
    outer loop
      vertex 27.85 -8.50002 12.3
      vertex 27.85 -10.95 11.0296
      vertex 27.85 -10.95 5
    endloop
  endfacet
  facet normal 1 0 0
    outer loop
      vertex 27.85 -8.50002 12.3
      vertex 27.85 -10.95 5
      vertex 27.85 -0.549999 5
    endloop
  endfacet
  facet normal 0 -1 0
    outer loop
      vertex 27.85 -0.549999 5
      vertex 29.25 -0.549999 12.3
      vertex 27.85 -0.549999 12.3
    endloop
  endfacet
  facet normal 0 -1 -0
    outer loop
      vertex 29.25 -0.549999 12.3
      vertex 27.85 -0.549999 5
      vertex 29.25 -0.549999 5
    endloop
  endfacet
  facet normal 0 0 1
    outer loop
      vertex 29.25 -0.549999 5
      vertex 28.25 -3 5
      vertex 29.25 -3 5
    endloop
  endfacet
  facet normal 0 0 1
    outer loop
      vertex 28.25 -3 5
      vertex 27.85 -0.549999 5
      vertex 28.25 -8.5 5
    endloop
  endfacet
  facet normal -0 0 1
    outer loop
      vertex 27.85 -0.549999 5
      vertex 28.25 -3 5
      vertex 29.25 -0.549999 5
    endloop
  endfacet
  facet normal -0 0 1
    outer loop
      vertex 28.25 -8.5 5
      vertex 29.25 -10.95 5
      vertex 29.25 -8.5 5
    endloop
  endfacet
  facet normal 0 0 1
    outer loop
      vertex 28.25 -8.5 5
      vertex 27.85 -10.95 5
      vertex 29.25 -10.95 5
    endloop
  endfacet
  facet normal 0 0 1
    outer loop
      vertex 27.85 -10.95 5
      vertex 28.25 -8.5 5
      vertex 27.85 -0.549999 5
    endloop
  endfacet
  facet normal 0 1 -0
    outer loop
      vertex 29.25 -10.95 5
      vertex 27.85 -10.95 11.0296
      vertex 29.25 -10.95 11.0296
    endloop
  endfacet
  facet normal 0 1 0
    outer loop
      vertex 27.85 -10.95 11.0296
      vertex 29.25 -10.95 5
      vertex 27.85 -10.95 5
    endloop
  endfacet
  facet normal -1 0 0
    outer loop
      vertex -28.25 -8.5 3.05
      vertex -28.25 -3 5
      vertex -28.25 -3 3.05
    endloop
  endfacet
  facet normal -1 -0 0
    outer loop
      vertex -28.25 -3 5
      vertex -28.25 -8.5 3.05
      vertex -28.25 -8.5 5
    endloop
  endfacet
  facet normal 0 -1 0
    outer loop
      vertex -29.25 -3 5
      vertex -28.25 -3 3.05
      vertex -28.25 -3 5
    endloop
  endfacet
  facet normal 0 -1 0
    outer loop
      vertex -29.25 -3 0
      vertex -28.25 -3 3.05
      vertex -29.25 -3 5
    endloop
  endfacet
  facet normal 0 -1 0
    outer loop
      vertex -22.25 -3 0
      vertex -28.25 -3 3.05
      vertex -29.25 -3 0
    endloop
  endfacet
  facet normal 0 -1 0
    outer loop
      vertex -28.25 -3 3.05
      vertex -22.25 -3 0
      vertex -22.25 -3 3.05
    endloop
  endfacet
  facet normal 0 1 0
    outer loop
      vertex -22.25 -8.5 3.05
      vertex -22.25 -8.5 0
      vertex -28.25 -8.5 3.05
    endloop
  endfacet
  facet normal 0 1 -0
    outer loop
      vertex -28.25 -8.5 3.05
      vertex -29.25 -8.5 5
      vertex -28.25 -8.5 5
    endloop
  endfacet
  facet normal 0 1 0
    outer loop
      vertex -28.25 -8.5 3.05
      vertex -29.25 -8.5 0
      vertex -29.25 -8.5 5
    endloop
  endfacet
  facet normal 0 1 0
    outer loop
      vertex -29.25 -8.5 0
      vertex -28.25 -8.5 3.05
      vertex -22.25 -8.5 0
    endloop
  endfacet
  facet normal -1 0 0
    outer loop
      vertex -27.85 -0.549999 5
      vertex -27.85 -8.50002 12.3
      vertex -27.85 -0.549999 12.3
    endloop
  endfacet
  facet normal -1 0 0
    outer loop
      vertex -27.85 -10.95 5
      vertex -27.85 -8.50002 12.3
      vertex -27.85 -0.549999 5
    endloop
  endfacet
  facet normal -1 0 0
    outer loop
      vertex -27.85 -10.95 11.0296
      vertex -27.85 -8.50002 12.3
      vertex -27.85 -10.95 5
    endloop
  endfacet
  facet normal -1 0 0
    outer loop
      vertex -27.85 -8.50002 12.3
      vertex -27.85 -10.95 11.0296
      vertex -27.85 -8.68837 12.2941
    endloop
  endfacet
  facet normal -1 0 0
    outer loop
      vertex -27.85 -8.68837 12.2941
      vertex -27.85 -10.95 11.0296
      vertex -27.85 -8.876 12.2763
    endloop
  endfacet
  facet normal -1 0 0
    outer loop
      vertex -27.85 -8.876 12.2763
      vertex -27.85 -10.95 11.0296
      vertex -27.85 -9.06214 12.2469
    endloop
  endfacet
  facet normal -1 0 0
    outer loop
      vertex -27.85 -9.06214 12.2469
      vertex -27.85 -10.95 11.0296
      vertex -27.85 -9.24607 12.2058
    endloop
  endfacet
  facet normal -1 0 0
    outer loop
      vertex -27.85 -9.24607 12.2058
      vertex -27.85 -10.95 11.0296
      vertex -27.85 -9.42705 12.1532
    endloop
  endfacet
  facet normal -1 0 0
    outer loop
      vertex -27.85 -9.42705 12.1532
      vertex -27.85 -10.95 11.0296
      vertex -27.85 -9.60437 12.0893
    endloop
  endfacet
  facet normal -1 0 0
    outer loop
      vertex -27.85 -9.60437 12.0893
      vertex -27.85 -10.95 11.0296
      vertex -27.85 -9.77734 12.0145
    endloop
  endfacet
  facet normal -1 0 0
    outer loop
      vertex -27.85 -9.77734 12.0145
      vertex -27.85 -10.95 11.0296
      vertex -27.85 -9.94526 11.9289
    endloop
  endfacet
  facet normal -1 0 0
    outer loop
      vertex -27.85 -9.94526 11.9289
      vertex -27.85 -10.95 11.0296
      vertex -27.85 -10.1075 11.833
    endloop
  endfacet
  facet normal -1 0 0
    outer loop
      vertex -27.85 -10.1075 11.833
      vertex -27.85 -10.95 11.0296
      vertex -27.85 -10.2634 11.7271
    endloop
  endfacet
  facet normal -1 0 0
    outer loop
      vertex -27.85 -10.2634 11.7271
      vertex -27.85 -10.95 11.0296
      vertex -27.85 -10.4123 11.6115
    endloop
  endfacet
  facet normal -1 0 0
    outer loop
      vertex -27.85 -10.4123 11.6115
      vertex -27.85 -10.95 11.0296
      vertex -27.85 -10.5536 11.4869
    endloop
  endfacet
  facet normal -1 0 0
    outer loop
      vertex -27.85 -10.5536 11.4869
      vertex -27.85 -10.95 11.0296
      vertex -27.85 -10.6869 11.3536
    endloop
  endfacet
  facet normal -1 0 0
    outer loop
      vertex -27.85 -10.6869 11.3536
      vertex -27.85 -10.95 11.0296
      vertex -27.85 -10.8115 11.2123
    endloop
  endfacet
  facet normal -1 0 0
    outer loop
      vertex -27.85 -10.8115 11.2123
      vertex -27.85 -10.95 11.0296
      vertex -27.85 -10.9271 11.0634
    endloop
  endfacet
  facet normal 0 -1 0
    outer loop
      vertex -29.25 -0.549999 5
      vertex -27.85 -0.549999 12.3
      vertex -29.25 -0.549999 12.3
    endloop
  endfacet
  facet normal 0 -1 -0
    outer loop
      vertex -27.85 -0.549999 12.3
      vertex -29.25 -0.549999 5
      vertex -27.85 -0.549999 5
    endloop
  endfacet
  facet normal 0 0 1
    outer loop
      vertex -27.85 -0.549999 5
      vertex -28.25 -3 5
      vertex -27.85 -10.95 5
    endloop
  endfacet
  facet normal -0 0 1
    outer loop
      vertex -29.25 -0.549999 5
      vertex -28.25 -3 5
      vertex -27.85 -0.549999 5
    endloop
  endfacet
  facet normal 0 0 1
    outer loop
      vertex -28.25 -3 5
      vertex -29.25 -0.549999 5
      vertex -29.25 -3 5
    endloop
  endfacet
  facet normal -0 0 1
    outer loop
      vertex -28.25 -8.5 5
      vertex -27.85 -10.95 5
      vertex -28.25 -3 5
    endloop
  endfacet
  facet normal 0 0 1
    outer loop
      vertex -29.25 -10.95 5
      vertex -28.25 -8.5 5
      vertex -29.25 -8.5 5
    endloop
  endfacet
  facet normal 0 0 1
    outer loop
      vertex -28.25 -8.5 5
      vertex -29.25 -10.95 5
      vertex -27.85 -10.95 5
    endloop
  endfacet
  facet normal 0 1 -0
    outer loop
      vertex -27.85 -10.95 5
      vertex -29.25 -10.95 11.0296
      vertex -27.85 -10.95 11.0296
    endloop
  endfacet
  facet normal 0 1 0
    outer loop
      vertex -29.25 -10.95 11.0296
      vertex -27.85 -10.95 5
      vertex -29.25 -10.95 5
    endloop
  endfacet
  facet normal 1 -0 0
    outer loop
      vertex 22.25 -8.5 3.05
      vertex 22.25 -8.49457 0
      vertex 22.25 -8.49457 3.05
    endloop
  endfacet
  facet normal 1 0 0
    outer loop
      vertex 22.25 -8.49457 0
      vertex 22.25 -8.5 3.05
      vertex 22.25 -8.5 0
    endloop
  endfacet
  facet normal 1 -0 0
    outer loop
      vertex 22.25 -3.00543 3.05
      vertex 22.25 -3 0
      vertex 22.25 -3 3.05
    endloop
  endfacet
  facet normal 1 0 0
    outer loop
      vertex 22.25 -3 0
      vertex 22.25 -3.00543 3.05
      vertex 22.25 -3.00543 0
    endloop
  endfacet
  facet normal 0 0 -1
    outer loop
      vertex 21.7347 -8.45129 3.05
      vertex 22.25 -8.49457 3.05
      vertex 22.0773 -8.49457 3.05
    endloop
  endfacet
  facet normal 0 0 -1
    outer loop
      vertex 21.4002 -8.36541 3.05
      vertex 22.25 -8.49457 3.05
      vertex 21.7347 -8.45129 3.05
    endloop
  endfacet
  facet normal 0 0 -1
    outer loop
      vertex 22.25 -8.49457 3.05
      vertex 21.4002 -8.36541 3.05
      vertex 22.25 -3.00543 3.05
    endloop
  endfacet
  facet normal -0 0 -1
    outer loop
      vertex 22.25 -3.00543 3.05
      vertex 21.7347 -3.04871 3.05
      vertex 22.0773 -3.00543 3.05
    endloop
  endfacet
  facet normal 0 0 -1
    outer loop
      vertex 21.4002 -3.13459 3.05
      vertex 22.25 -3.00543 3.05
      vertex 21.4002 -8.36541 3.05
    endloop
  endfacet
  facet normal 0 0 -1
    outer loop
      vertex 22.25 -3.00543 3.05
      vertex 21.4002 -3.13459 3.05
      vertex 21.7347 -3.04871 3.05
    endloop
  endfacet
  facet normal 0 0 -1
    outer loop
      vertex 21.0791 -8.23827 3.05
      vertex 21.4002 -3.13459 3.05
      vertex 21.4002 -8.36541 3.05
    endloop
  endfacet
  facet normal 0 0 -1
    outer loop
      vertex 21.0791 -8.23827 3.05
      vertex 21.0791 -3.26173 3.05
      vertex 21.4002 -3.13459 3.05
    endloop
  endfacet
  facet normal 0 0 -1
    outer loop
      vertex 20.7765 -8.0719 3.05
      vertex 21.0791 -3.26173 3.05
      vertex 21.0791 -8.23827 3.05
    endloop
  endfacet
  facet normal 0 0 -1
    outer loop
      vertex 20.7765 -8.0719 3.05
      vertex 20.7765 -3.4281 3.05
      vertex 21.0791 -3.26173 3.05
    endloop
  endfacet
  facet normal 0 0 -1
    outer loop
      vertex 20.4971 -7.86891 3.05
      vertex 20.7765 -3.4281 3.05
      vertex 20.7765 -8.0719 3.05
    endloop
  endfacet
  facet normal 0 0 -1
    outer loop
      vertex 20.4971 -7.86891 3.05
      vertex 20.4971 -3.63109 3.05
      vertex 20.7765 -3.4281 3.05
    endloop
  endfacet
  facet normal 0 0 -1
    outer loop
      vertex 20.2453 -7.6325 3.05
      vertex 20.4971 -3.63109 3.05
      vertex 20.4971 -7.86891 3.05
    endloop
  endfacet
  facet normal 0 0 -1
    outer loop
      vertex 20.2453 -7.6325 3.05
      vertex 20.2453 -3.86749 3.05
      vertex 20.4971 -3.63109 3.05
    endloop
  endfacet
  facet normal 0 0 -1
    outer loop
      vertex 20.0252 -7.36641 3.05
      vertex 20.2453 -3.86749 3.05
      vertex 20.2453 -7.6325 3.05
    endloop
  endfacet
  facet normal 0 0 -1
    outer loop
      vertex 20.0252 -7.36641 3.05
      vertex 20.0252 -4.13359 3.05
      vertex 20.2453 -3.86749 3.05
    endloop
  endfacet
  facet normal 0 0 -1
    outer loop
      vertex 19.8402 -7.07482 3.05
      vertex 20.0252 -4.13359 3.05
      vertex 20.0252 -7.36641 3.05
    endloop
  endfacet
  facet normal 0 0 -1
    outer loop
      vertex 19.8402 -7.07482 3.05
      vertex 19.8402 -4.42518 3.05
      vertex 20.0252 -4.13359 3.05
    endloop
  endfacet
  facet normal 0 0 -1
    outer loop
      vertex 19.6931 -6.76234 3.05
      vertex 19.8402 -4.42518 3.05
      vertex 19.8402 -7.07482 3.05
    endloop
  endfacet
  facet normal 0 0 -1
    outer loop
      vertex 19.6931 -6.76234 3.05
      vertex 19.6931 -4.73766 3.05
      vertex 19.8402 -4.42518 3.05
    endloop
  endfacet
  facet normal 0 0 -1
    outer loop
      vertex 19.5864 -6.4339 3.05
      vertex 19.6931 -4.73766 3.05
      vertex 19.6931 -6.76234 3.05
    endloop
  endfacet
  facet normal 0 0 -1
    outer loop
      vertex 19.5864 -6.4339 3.05
      vertex 19.5864 -5.0661 3.05
      vertex 19.6931 -4.73766 3.05
    endloop
  endfacet
  facet normal 0 0 -1
    outer loop
      vertex 19.5217 -6.09467 3.05
      vertex 19.5864 -5.0661 3.05
      vertex 19.5864 -6.4339 3.05
    endloop
  endfacet
  facet normal 0 0 -1
    outer loop
      vertex 19.5217 -6.09467 3.05
      vertex 19.5217 -5.40533 3.05
      vertex 19.5864 -5.0661 3.05
    endloop
  endfacet
  facet normal 0 -0 -1
    outer loop
      vertex 19.5217 -5.40533 3.05
      vertex 19.5217 -6.09467 3.05
      vertex 19.5 -5.75 3.05
    endloop
  endfacet
  facet normal 0 0 -1
    outer loop
      vertex 22.25 -8.49457 3.05
      vertex 28.25 -8.5 3.05
      vertex 22.25 -8.5 3.05
    endloop
  endfacet
  facet normal 0 0 -1
    outer loop
      vertex 28.25 -8.5 3.05
      vertex 22.25 -8.49457 3.05
      vertex 28.25 -3 3.05
    endloop
  endfacet
  facet normal 0 0 -1
    outer loop
      vertex 22.25 -3.00543 3.05
      vertex 28.25 -3 3.05
      vertex 22.25 -8.49457 3.05
    endloop
  endfacet
  facet normal -0 0 -1
    outer loop
      vertex 28.25 -3 3.05
      vertex 22.25 -3.00543 3.05
      vertex 22.25 -3 3.05
    endloop
  endfacet
  facet normal 0.125332 -0.992115 0
    outer loop
      vertex 21.7347 -3.04871 0
      vertex 22.0773 -3.00543 3.05
      vertex 21.7347 -3.04871 3.05
    endloop
  endfacet
  facet normal 0.125332 -0.992115 0
    outer loop
      vertex 22.0773 -3.00543 3.05
      vertex 21.7347 -3.04871 0
      vertex 22.0773 -3.00543 0
    endloop
  endfacet
  facet normal 0.770566 -0.63736 0
    outer loop
      vertex 20.0252 -4.13359 3.05
      vertex 20.2453 -3.86749 0
      vertex 20.2453 -3.86749 3.05
    endloop
  endfacet
  facet normal 0.770566 -0.63736 0
    outer loop
      vertex 20.2453 -3.86749 0
      vertex 20.0252 -4.13359 3.05
      vertex 20.0252 -4.13359 0
    endloop
  endfacet
  facet normal 0.481785 -0.876289 0
    outer loop
      vertex 20.7765 -3.4281 0
      vertex 21.0791 -3.26173 3.05
      vertex 20.7765 -3.4281 3.05
    endloop
  endfacet
  facet normal 0.481785 -0.876289 0
    outer loop
      vertex 21.0791 -3.26173 3.05
      vertex 20.7765 -3.4281 0
      vertex 21.0791 -3.26173 0
    endloop
  endfacet
  facet normal 0.951272 -0.308354 0
    outer loop
      vertex 19.6931 -4.73766 3.05
      vertex 19.6891 -4.75 2.55
      vertex 19.6931 -4.73766 0
    endloop
  endfacet
  facet normal 0.951071 -0.308973 1.68994e-05
    outer loop
      vertex 19.5864 -5.0661 3.05
      vertex 19.6891 -4.75 2.55
      vertex 19.6931 -4.73766 3.05
    endloop
  endfacet
  facet normal 0.951063 -0.308998 0
    outer loop
      vertex 19.6891 -4.75 2.55
      vertex 19.5864 -5.0661 3.05
      vertex 19.5864 -5.0661 2.55
    endloop
  endfacet
  facet normal 0.951272 -0.308354 0
    outer loop
      vertex 19.6931 -4.73766 0
      vertex 19.6891 -4.75 2.55
      vertex 19.6891 -4.75 0
    endloop
  endfacet
  facet normal 0.982293 -0.187349 0
    outer loop
      vertex 19.5217 -5.40533 3.05
      vertex 19.5864 -5.0661 2.55
      vertex 19.5864 -5.0661 3.05
    endloop
  endfacet
  facet normal 0.982293 -0.187349 0
    outer loop
      vertex 19.5864 -5.0661 2.55
      vertex 19.5217 -5.40533 3.05
      vertex 19.5217 -5.40533 2.55
    endloop
  endfacet
  facet normal 0.248676 -0.968587 0
    outer loop
      vertex 21.4002 -3.13459 0
      vertex 21.7347 -3.04871 3.05
      vertex 21.4002 -3.13459 3.05
    endloop
  endfacet
  facet normal 0.248676 -0.968587 0
    outer loop
      vertex 21.7347 -3.04871 3.05
      vertex 21.4002 -3.13459 0
      vertex 21.7347 -3.04871 0
    endloop
  endfacet
  facet normal 0 -1 0
    outer loop
      vertex 22.0773 -3.00543 0
      vertex 22.25 -3.00543 3.05
      vertex 22.0773 -3.00543 3.05
    endloop
  endfacet
  facet normal 0 -1 -0
    outer loop
      vertex 22.25 -3.00543 3.05
      vertex 22.0773 -3.00543 0
      vertex 22.25 -3.00543 0
    endloop
  endfacet
  facet normal 0.904762 -0.425917 0
    outer loop
      vertex 19.6931 -4.73766 3.05
      vertex 19.8402 -4.42518 0
      vertex 19.8402 -4.42518 3.05
    endloop
  endfacet
  facet normal 0.904762 -0.425917 0
    outer loop
      vertex 19.8402 -4.42518 0
      vertex 19.6931 -4.73766 3.05
      vertex 19.6931 -4.73766 0
    endloop
  endfacet
  facet normal 0.844392 -0.535726 0
    outer loop
      vertex 19.8402 -4.42518 3.05
      vertex 20.0252 -4.13359 0
      vertex 20.0252 -4.13359 3.05
    endloop
  endfacet
  facet normal 0.844392 -0.535726 0
    outer loop
      vertex 20.0252 -4.13359 0
      vertex 19.8402 -4.42518 3.05
      vertex 19.8402 -4.42518 0
    endloop
  endfacet
  facet normal 0.998024 -0.0628344 0
    outer loop
      vertex 19.5 -5.75 3.05
      vertex 19.5217 -5.40533 2.55
      vertex 19.5217 -5.40533 3.05
    endloop
  endfacet
  facet normal 0.998024 -0.0628344 0
    outer loop
      vertex 19.5217 -5.40533 2.55
      vertex 19.5 -5.75 3.05
      vertex 19.5 -5.75 2.55
    endloop
  endfacet
  facet normal 0.587774 -0.809025 0
    outer loop
      vertex 20.4971 -3.63109 0
      vertex 20.7765 -3.4281 3.05
      vertex 20.4971 -3.63109 3.05
    endloop
  endfacet
  facet normal 0.587774 -0.809025 0
    outer loop
      vertex 20.7765 -3.4281 3.05
      vertex 20.4971 -3.63109 0
      vertex 20.7765 -3.4281 0
    endloop
  endfacet
  facet normal 0.684461 -0.729049 0
    outer loop
      vertex 20.2453 -3.86749 0
      vertex 20.4971 -3.63109 3.05
      vertex 20.2453 -3.86749 3.05
    endloop
  endfacet
  facet normal 0.684461 -0.729049 0
    outer loop
      vertex 20.4971 -3.63109 3.05
      vertex 20.2453 -3.86749 0
      vertex 20.4971 -3.63109 0
    endloop
  endfacet
  facet normal 0.368143 -0.929769 0
    outer loop
      vertex 21.0791 -3.26173 0
      vertex 21.4002 -3.13459 3.05
      vertex 21.0791 -3.26173 3.05
    endloop
  endfacet
  facet normal 0.368143 -0.929769 0
    outer loop
      vertex 21.4002 -3.13459 3.05
      vertex 21.0791 -3.26173 0
      vertex 21.4002 -3.13459 0
    endloop
  endfacet
  facet normal 0.998024 0.0628344 0
    outer loop
      vertex 19.5217 -6.09467 3.05
      vertex 19.5 -5.75 2.55
      vertex 19.5 -5.75 3.05
    endloop
  endfacet
  facet normal 0.998024 0.0628344 0
    outer loop
      vertex 19.5 -5.75 2.55
      vertex 19.5217 -6.09467 3.05
      vertex 19.5217 -6.09467 2.55
    endloop
  endfacet
  facet normal 0.904762 0.425917 0
    outer loop
      vertex 19.8402 -7.07482 3.05
      vertex 19.6931 -6.76234 0
      vertex 19.6931 -6.76234 3.05
    endloop
  endfacet
  facet normal 0.904762 0.425917 0
    outer loop
      vertex 19.6931 -6.76234 0
      vertex 19.8402 -7.07482 3.05
      vertex 19.8402 -7.07482 0
    endloop
  endfacet
  facet normal 0.982293 0.187349 0
    outer loop
      vertex 19.5864 -6.4339 3.05
      vertex 19.5217 -6.09467 2.55
      vertex 19.5217 -6.09467 3.05
    endloop
  endfacet
  facet normal 0.982293 0.187349 0
    outer loop
      vertex 19.5217 -6.09467 2.55
      vertex 19.5864 -6.4339 3.05
      vertex 19.5864 -6.4339 2.55
    endloop
  endfacet
  facet normal 0.248676 0.968587 -0
    outer loop
      vertex 21.7347 -8.45129 0
      vertex 21.4002 -8.36541 3.05
      vertex 21.7347 -8.45129 3.05
    endloop
  endfacet
  facet normal 0.248676 0.968587 0
    outer loop
      vertex 21.4002 -8.36541 3.05
      vertex 21.7347 -8.45129 0
      vertex 21.4002 -8.36541 0
    endloop
  endfacet
  facet normal 0.125332 0.992115 -0
    outer loop
      vertex 22.0773 -8.49457 0
      vertex 21.7347 -8.45129 3.05
      vertex 22.0773 -8.49457 3.05
    endloop
  endfacet
  facet normal 0.125332 0.992115 0
    outer loop
      vertex 21.7347 -8.45129 3.05
      vertex 22.0773 -8.49457 0
      vertex 21.7347 -8.45129 0
    endloop
  endfacet
  facet normal 0.684476 0.729035 -0
    outer loop
      vertex 20.4971 -7.86891 0
      vertex 20.2453 -7.6325 3.05
      vertex 20.4971 -7.86891 3.05
    endloop
  endfacet
  facet normal 0.684476 0.729035 0
    outer loop
      vertex 20.2453 -7.6325 3.05
      vertex 20.4971 -7.86891 0
      vertex 20.2453 -7.6325 0
    endloop
  endfacet
  facet normal 0.587774 0.809025 -0
    outer loop
      vertex 20.7765 -8.0719 0
      vertex 20.4971 -7.86891 3.05
      vertex 20.7765 -8.0719 3.05
    endloop
  endfacet
  facet normal 0.587774 0.809025 0
    outer loop
      vertex 20.4971 -7.86891 3.05
      vertex 20.7765 -8.0719 0
      vertex 20.4971 -7.86891 0
    endloop
  endfacet
  facet normal 0.844392 0.535726 0
    outer loop
      vertex 20.0252 -7.36641 3.05
      vertex 19.8402 -7.07482 0
      vertex 19.8402 -7.07482 3.05
    endloop
  endfacet
  facet normal 0.844392 0.535726 0
    outer loop
      vertex 19.8402 -7.07482 0
      vertex 20.0252 -7.36641 3.05
      vertex 20.0252 -7.36641 0
    endloop
  endfacet
  facet normal 0.951063 0.308998 0
    outer loop
      vertex 19.5864 -6.4339 3.05
      vertex 19.6891 -6.75 2.55
      vertex 19.5864 -6.4339 2.55
    endloop
  endfacet
  facet normal 0.951071 0.308973 1.68994e-05
    outer loop
      vertex 19.6931 -6.76234 3.05
      vertex 19.6891 -6.75 2.55
      vertex 19.5864 -6.4339 3.05
    endloop
  endfacet
  facet normal 0.951272 0.308354 -0
    outer loop
      vertex 19.6931 -6.76234 0
      vertex 19.6891 -6.75 2.55
      vertex 19.6931 -6.76234 3.05
    endloop
  endfacet
  facet normal 0.951272 0.308354 0
    outer loop
      vertex 19.6891 -6.75 2.55
      vertex 19.6931 -6.76234 0
      vertex 19.6891 -6.75 0
    endloop
  endfacet
  facet normal 0 1 -0
    outer loop
      vertex 22.25 -8.49457 0
      vertex 22.0773 -8.49457 3.05
      vertex 22.25 -8.49457 3.05
    endloop
  endfacet
  facet normal 0 1 0
    outer loop
      vertex 22.0773 -8.49457 3.05
      vertex 22.25 -8.49457 0
      vertex 22.0773 -8.49457 0
    endloop
  endfacet
  facet normal 0.770554 0.637374 0
    outer loop
      vertex 20.2453 -7.6325 3.05
      vertex 20.0252 -7.36641 0
      vertex 20.0252 -7.36641 3.05
    endloop
  endfacet
  facet normal 0.770554 0.637374 0
    outer loop
      vertex 20.0252 -7.36641 0
      vertex 20.2453 -7.6325 3.05
      vertex 20.2453 -7.6325 0
    endloop
  endfacet
  facet normal 0.368143 0.929769 -0
    outer loop
      vertex 21.4002 -8.36541 0
      vertex 21.0791 -8.23827 3.05
      vertex 21.4002 -8.36541 3.05
    endloop
  endfacet
  facet normal 0.368143 0.929769 0
    outer loop
      vertex 21.0791 -8.23827 3.05
      vertex 21.4002 -8.36541 0
      vertex 21.0791 -8.23827 0
    endloop
  endfacet
  facet normal 0.481785 0.876289 -0
    outer loop
      vertex 21.0791 -8.23827 0
      vertex 20.7765 -8.0719 3.05
      vertex 21.0791 -8.23827 3.05
    endloop
  endfacet
  facet normal 0.481785 0.876289 0
    outer loop
      vertex 20.7765 -8.0719 3.05
      vertex 21.0791 -8.23827 0
      vertex 20.7765 -8.0719 0
    endloop
  endfacet
  facet normal 0 0 -1
    outer loop
      vertex -28.25 -8.5 3.05
      vertex -22.25 -8.49457 3.05
      vertex -22.25 -8.5 3.05
    endloop
  endfacet
  facet normal -0 0 -1
    outer loop
      vertex -22.25 -8.49457 3.05
      vertex -28.25 -8.5 3.05
      vertex -22.25 -3.00543 3.05
    endloop
  endfacet
  facet normal 0 0 -1
    outer loop
      vertex -28.25 -3 3.05
      vertex -22.25 -3.00543 3.05
      vertex -28.25 -8.5 3.05
    endloop
  endfacet
  facet normal 0 0 -1
    outer loop
      vertex -22.25 -3.00543 3.05
      vertex -28.25 -3 3.05
      vertex -22.25 -3 3.05
    endloop
  endfacet
  facet normal 0 0 -1
    outer loop
      vertex -19.5217 -6.09467 3.05
      vertex -19.5217 -5.40533 3.05
      vertex -19.5 -5.75 3.05
    endloop
  endfacet
  facet normal 0 0 -1
    outer loop
      vertex -19.5864 -6.4339 3.05
      vertex -19.5217 -5.40533 3.05
      vertex -19.5217 -6.09467 3.05
    endloop
  endfacet
  facet normal 0 0 -1
    outer loop
      vertex -19.5864 -6.4339 3.05
      vertex -19.5864 -5.0661 3.05
      vertex -19.5217 -5.40533 3.05
    endloop
  endfacet
  facet normal 0 0 -1
    outer loop
      vertex -19.6931 -6.76234 3.05
      vertex -19.5864 -5.0661 3.05
      vertex -19.5864 -6.4339 3.05
    endloop
  endfacet
  facet normal 0 0 -1
    outer loop
      vertex -19.6931 -6.76234 3.05
      vertex -19.6931 -4.73766 3.05
      vertex -19.5864 -5.0661 3.05
    endloop
  endfacet
  facet normal 0 0 -1
    outer loop
      vertex -19.8402 -7.07482 3.05
      vertex -19.6931 -4.73766 3.05
      vertex -19.6931 -6.76234 3.05
    endloop
  endfacet
  facet normal 0 0 -1
    outer loop
      vertex -19.8402 -7.07482 3.05
      vertex -19.8402 -4.42518 3.05
      vertex -19.6931 -4.73766 3.05
    endloop
  endfacet
  facet normal 0 0 -1
    outer loop
      vertex -20.0252 -7.36641 3.05
      vertex -19.8402 -4.42518 3.05
      vertex -19.8402 -7.07482 3.05
    endloop
  endfacet
  facet normal 0 0 -1
    outer loop
      vertex -20.0252 -7.36641 3.05
      vertex -20.0252 -4.13359 3.05
      vertex -19.8402 -4.42518 3.05
    endloop
  endfacet
  facet normal 0 0 -1
    outer loop
      vertex -20.2453 -7.6325 3.05
      vertex -20.0252 -4.13359 3.05
      vertex -20.0252 -7.36641 3.05
    endloop
  endfacet
  facet normal 0 0 -1
    outer loop
      vertex -20.2453 -7.6325 3.05
      vertex -20.2453 -3.86749 3.05
      vertex -20.0252 -4.13359 3.05
    endloop
  endfacet
  facet normal 0 0 -1
    outer loop
      vertex -20.4971 -7.86891 3.05
      vertex -20.2453 -3.86749 3.05
      vertex -20.2453 -7.6325 3.05
    endloop
  endfacet
  facet normal 0 0 -1
    outer loop
      vertex -20.4971 -7.86891 3.05
      vertex -20.4971 -3.63109 3.05
      vertex -20.2453 -3.86749 3.05
    endloop
  endfacet
  facet normal 0 0 -1
    outer loop
      vertex -20.7765 -8.0719 3.05
      vertex -20.4971 -3.63109 3.05
      vertex -20.4971 -7.86891 3.05
    endloop
  endfacet
  facet normal 0 0 -1
    outer loop
      vertex -20.7765 -8.0719 3.05
      vertex -20.7765 -3.4281 3.05
      vertex -20.4971 -3.63109 3.05
    endloop
  endfacet
  facet normal 0 0 -1
    outer loop
      vertex -21.0791 -8.23827 3.05
      vertex -20.7765 -3.4281 3.05
      vertex -20.7765 -8.0719 3.05
    endloop
  endfacet
  facet normal 0 0 -1
    outer loop
      vertex -21.0791 -8.23827 3.05
      vertex -21.0791 -3.26173 3.05
      vertex -20.7765 -3.4281 3.05
    endloop
  endfacet
  facet normal 0 0 -1
    outer loop
      vertex -21.4002 -8.36541 3.05
      vertex -21.0791 -3.26173 3.05
      vertex -21.0791 -8.23827 3.05
    endloop
  endfacet
  facet normal 0 0 -1
    outer loop
      vertex -21.4002 -8.36541 3.05
      vertex -21.4002 -3.13459 3.05
      vertex -21.0791 -3.26173 3.05
    endloop
  endfacet
  facet normal 0 0 -1
    outer loop
      vertex -22.25 -8.49457 3.05
      vertex -21.4002 -8.36541 3.05
      vertex -21.7347 -8.45129 3.05
    endloop
  endfacet
  facet normal -0 0 -1
    outer loop
      vertex -21.4002 -8.36541 3.05
      vertex -22.25 -8.49457 3.05
      vertex -21.4002 -3.13459 3.05
    endloop
  endfacet
  facet normal 0 0 -1
    outer loop
      vertex -22.25 -8.49457 3.05
      vertex -21.7347 -8.45129 3.05
      vertex -22.0773 -8.49457 3.05
    endloop
  endfacet
  facet normal 0 0 -1
    outer loop
      vertex -22.25 -3.00543 3.05
      vertex -21.4002 -3.13459 3.05
      vertex -22.25 -8.49457 3.05
    endloop
  endfacet
  facet normal 0 0 -1
    outer loop
      vertex -21.4002 -3.13459 3.05
      vertex -22.25 -3.00543 3.05
      vertex -21.7347 -3.04871 3.05
    endloop
  endfacet
  facet normal 0 0 -1
    outer loop
      vertex -21.7347 -3.04871 3.05
      vertex -22.25 -3.00543 3.05
      vertex -22.0773 -3.00543 3.05
    endloop
  endfacet
  facet normal -1 0 0
    outer loop
      vertex -22.25 -8.5 0
      vertex -22.25 -8.49457 3.05
      vertex -22.25 -8.49457 0
    endloop
  endfacet
  facet normal -1 -0 0
    outer loop
      vertex -22.25 -8.49457 3.05
      vertex -22.25 -8.5 0
      vertex -22.25 -8.5 3.05
    endloop
  endfacet
  facet normal -1 0 0
    outer loop
      vertex -22.25 -3.00543 0
      vertex -22.25 -3 3.05
      vertex -22.25 -3 0
    endloop
  endfacet
  facet normal -1 -0 0
    outer loop
      vertex -22.25 -3 3.05
      vertex -22.25 -3.00543 0
      vertex -22.25 -3.00543 3.05
    endloop
  endfacet
  facet normal -0.998024 -0.0628344 0
    outer loop
      vertex -19.5 -5.75 2.55
      vertex -19.5217 -5.40533 3.05
      vertex -19.5217 -5.40533 2.55
    endloop
  endfacet
  facet normal -0.998024 -0.0628344 0
    outer loop
      vertex -19.5217 -5.40533 3.05
      vertex -19.5 -5.75 2.55
      vertex -19.5 -5.75 3.05
    endloop
  endfacet
  facet normal 0 -1 0
    outer loop
      vertex -22.25 -3.00543 0
      vertex -22.0773 -3.00543 3.05
      vertex -22.25 -3.00543 3.05
    endloop
  endfacet
  facet normal 0 -1 -0
    outer loop
      vertex -22.0773 -3.00543 3.05
      vertex -22.25 -3.00543 0
      vertex -22.0773 -3.00543 0
    endloop
  endfacet
  facet normal 0 1 -0
    outer loop
      vertex -22.0773 -8.49457 0
      vertex -22.25 -8.49457 3.05
      vertex -22.0773 -8.49457 3.05
    endloop
  endfacet
  facet normal 0 1 0
    outer loop
      vertex -22.25 -8.49457 3.05
      vertex -22.0773 -8.49457 0
      vertex -22.25 -8.49457 0
    endloop
  endfacet
  facet normal -0.684461 -0.729049 0
    outer loop
      vertex -20.4971 -3.63109 0
      vertex -20.2453 -3.86749 3.05
      vertex -20.4971 -3.63109 3.05
    endloop
  endfacet
  facet normal -0.684461 -0.729049 -0
    outer loop
      vertex -20.2453 -3.86749 3.05
      vertex -20.4971 -3.63109 0
      vertex -20.2453 -3.86749 0
    endloop
  endfacet
  facet normal -0.770554 0.637374 0
    outer loop
      vertex -20.2453 -7.6325 0
      vertex -20.0252 -7.36641 3.05
      vertex -20.0252 -7.36641 0
    endloop
  endfacet
  facet normal -0.770554 0.637374 0
    outer loop
      vertex -20.0252 -7.36641 3.05
      vertex -20.2453 -7.6325 0
      vertex -20.2453 -7.6325 3.05
    endloop
  endfacet
  facet normal -0.904762 -0.425917 0
    outer loop
      vertex -19.6931 -4.73766 0
      vertex -19.8402 -4.42518 3.05
      vertex -19.8402 -4.42518 0
    endloop
  endfacet
  facet normal -0.904762 -0.425917 0
    outer loop
      vertex -19.8402 -4.42518 3.05
      vertex -19.6931 -4.73766 0
      vertex -19.6931 -4.73766 3.05
    endloop
  endfacet
  facet normal -0.368143 -0.929769 0
    outer loop
      vertex -21.4002 -3.13459 0
      vertex -21.0791 -3.26173 3.05
      vertex -21.4002 -3.13459 3.05
    endloop
  endfacet
  facet normal -0.368143 -0.929769 -0
    outer loop
      vertex -21.0791 -3.26173 3.05
      vertex -21.4002 -3.13459 0
      vertex -21.0791 -3.26173 0
    endloop
  endfacet
  facet normal -0.587774 -0.809025 0
    outer loop
      vertex -20.7765 -3.4281 0
      vertex -20.4971 -3.63109 3.05
      vertex -20.7765 -3.4281 3.05
    endloop
  endfacet
  facet normal -0.587774 -0.809025 -0
    outer loop
      vertex -20.4971 -3.63109 3.05
      vertex -20.7765 -3.4281 0
      vertex -20.4971 -3.63109 0
    endloop
  endfacet
  facet normal -0.125332 0.992115 0
    outer loop
      vertex -21.7347 -8.45129 0
      vertex -22.0773 -8.49457 3.05
      vertex -21.7347 -8.45129 3.05
    endloop
  endfacet
  facet normal -0.125332 0.992115 0
    outer loop
      vertex -22.0773 -8.49457 3.05
      vertex -21.7347 -8.45129 0
      vertex -22.0773 -8.49457 0
    endloop
  endfacet
  facet normal -0.951026 -0.309112 -0
    outer loop
      vertex -19.6229 -4.95364 2.55
      vertex -19.6931 -4.73766 0
      vertex -19.6229 -4.95364 0
    endloop
  endfacet
  facet normal -0.951026 -0.309112 0
    outer loop
      vertex -19.6931 -4.73766 0
      vertex -19.6229 -4.95364 2.55
      vertex -19.6931 -4.73766 3.05
    endloop
  endfacet
  facet normal -0.951157 -0.308707 -0
    outer loop
      vertex -19.5864 -5.0661 3.05
      vertex -19.6229 -4.95364 2.55
      vertex -19.5864 -5.0661 2.55
    endloop
  endfacet
  facet normal -0.951071 -0.308973 -6.61499e-05
    outer loop
      vertex -19.6229 -4.95364 2.55
      vertex -19.5864 -5.0661 3.05
      vertex -19.6931 -4.73766 3.05
    endloop
  endfacet
  facet normal -0.982293 -0.187349 0
    outer loop
      vertex -19.5217 -5.40533 2.55
      vertex -19.5864 -5.0661 3.05
      vertex -19.5864 -5.0661 2.55
    endloop
  endfacet
  facet normal -0.982293 -0.187349 0
    outer loop
      vertex -19.5864 -5.0661 3.05
      vertex -19.5217 -5.40533 2.55
      vertex -19.5217 -5.40533 3.05
    endloop
  endfacet
  facet normal -0.770566 -0.63736 0
    outer loop
      vertex -20.0252 -4.13359 0
      vertex -20.2453 -3.86749 3.05
      vertex -20.2453 -3.86749 0
    endloop
  endfacet
  facet normal -0.770566 -0.63736 0
    outer loop
      vertex -20.2453 -3.86749 3.05
      vertex -20.0252 -4.13359 0
      vertex -20.0252 -4.13359 3.05
    endloop
  endfacet
  facet normal -0.844392 -0.535726 0
    outer loop
      vertex -19.8402 -4.42518 0
      vertex -20.0252 -4.13359 3.05
      vertex -20.0252 -4.13359 0
    endloop
  endfacet
  facet normal -0.844392 -0.535726 0
    outer loop
      vertex -20.0252 -4.13359 3.05
      vertex -19.8402 -4.42518 0
      vertex -19.8402 -4.42518 3.05
    endloop
  endfacet
  facet normal -0.248676 -0.968587 0
    outer loop
      vertex -21.7347 -3.04871 0
      vertex -21.4002 -3.13459 3.05
      vertex -21.7347 -3.04871 3.05
    endloop
  endfacet
  facet normal -0.248676 -0.968587 -0
    outer loop
      vertex -21.4002 -3.13459 3.05
      vertex -21.7347 -3.04871 0
      vertex -21.4002 -3.13459 0
    endloop
  endfacet
  facet normal -0.125332 -0.992115 0
    outer loop
      vertex -22.0773 -3.00543 0
      vertex -21.7347 -3.04871 3.05
      vertex -22.0773 -3.00543 3.05
    endloop
  endfacet
  facet normal -0.125332 -0.992115 -0
    outer loop
      vertex -21.7347 -3.04871 3.05
      vertex -22.0773 -3.00543 0
      vertex -21.7347 -3.04871 0
    endloop
  endfacet
  facet normal -0.481785 -0.876289 0
    outer loop
      vertex -21.0791 -3.26173 0
      vertex -20.7765 -3.4281 3.05
      vertex -21.0791 -3.26173 3.05
    endloop
  endfacet
  facet normal -0.481785 -0.876289 -0
    outer loop
      vertex -20.7765 -3.4281 3.05
      vertex -21.0791 -3.26173 0
      vertex -20.7765 -3.4281 0
    endloop
  endfacet
  facet normal -0.998024 0.0628344 0
    outer loop
      vertex -19.5217 -6.09467 2.55
      vertex -19.5 -5.75 3.05
      vertex -19.5 -5.75 2.55
    endloop
  endfacet
  facet normal -0.998024 0.0628344 0
    outer loop
      vertex -19.5 -5.75 3.05
      vertex -19.5217 -6.09467 2.55
      vertex -19.5217 -6.09467 3.05
    endloop
  endfacet
  facet normal -0.684476 0.729035 0
    outer loop
      vertex -20.2453 -7.6325 0
      vertex -20.4971 -7.86891 3.05
      vertex -20.2453 -7.6325 3.05
    endloop
  endfacet
  facet normal -0.684476 0.729035 0
    outer loop
      vertex -20.4971 -7.86891 3.05
      vertex -20.2453 -7.6325 0
      vertex -20.4971 -7.86891 0
    endloop
  endfacet
  facet normal -0.368143 0.929769 0
    outer loop
      vertex -21.0791 -8.23827 0
      vertex -21.4002 -8.36541 3.05
      vertex -21.0791 -8.23827 3.05
    endloop
  endfacet
  facet normal -0.368143 0.929769 0
    outer loop
      vertex -21.4002 -8.36541 3.05
      vertex -21.0791 -8.23827 0
      vertex -21.4002 -8.36541 0
    endloop
  endfacet
  facet normal -0.904762 0.425917 0
    outer loop
      vertex -19.8402 -7.07482 2.55
      vertex -19.6931 -6.76234 3.05
      vertex -19.6931 -6.76234 2.55
    endloop
  endfacet
  facet normal -0.904762 0.425917 0
    outer loop
      vertex -19.6931 -6.76234 3.05
      vertex -19.8402 -7.07482 2.55
      vertex -19.8402 -7.07482 3.05
    endloop
  endfacet
  facet normal -0.951071 0.308973 0
    outer loop
      vertex -19.6931 -6.76234 2.55
      vertex -19.5864 -6.4339 3.05
      vertex -19.5864 -6.4339 2.55
    endloop
  endfacet
  facet normal -0.951071 0.308973 0
    outer loop
      vertex -19.5864 -6.4339 3.05
      vertex -19.6931 -6.76234 2.55
      vertex -19.6931 -6.76234 3.05
    endloop
  endfacet
  facet normal -0.982293 0.187349 0
    outer loop
      vertex -19.5864 -6.4339 2.55
      vertex -19.5217 -6.09467 3.05
      vertex -19.5217 -6.09467 2.55
    endloop
  endfacet
  facet normal -0.982293 0.187349 0
    outer loop
      vertex -19.5217 -6.09467 3.05
      vertex -19.5864 -6.4339 2.55
      vertex -19.5864 -6.4339 3.05
    endloop
  endfacet
  facet normal -0.481785 0.876289 0
    outer loop
      vertex -20.7765 -8.0719 0
      vertex -21.0791 -8.23827 3.05
      vertex -20.7765 -8.0719 3.05
    endloop
  endfacet
  facet normal -0.481785 0.876289 0
    outer loop
      vertex -21.0791 -8.23827 3.05
      vertex -20.7765 -8.0719 0
      vertex -21.0791 -8.23827 0
    endloop
  endfacet
  facet normal -0.587774 0.809025 0
    outer loop
      vertex -20.4971 -7.86891 0
      vertex -20.7765 -8.0719 3.05
      vertex -20.4971 -7.86891 3.05
    endloop
  endfacet
  facet normal -0.587774 0.809025 0
    outer loop
      vertex -20.7765 -8.0719 3.05
      vertex -20.4971 -7.86891 0
      vertex -20.7765 -8.0719 0
    endloop
  endfacet
  facet normal -0.844356 0.535783 0
    outer loop
      vertex -19.869 -7.12025 0
      vertex -20.0252 -7.36641 0
      vertex -19.869 -7.12025 2.55
    endloop
  endfacet
  facet normal -0.844586 0.535419 0
    outer loop
      vertex -19.869 -7.12025 2.55
      vertex -19.8402 -7.07482 3.05
      vertex -19.8402 -7.07482 2.55
    endloop
  endfacet
  facet normal -0.844356 0.535783 0
    outer loop
      vertex -20.0252 -7.36641 3.05
      vertex -19.869 -7.12025 2.55
      vertex -20.0252 -7.36641 0
    endloop
  endfacet
  facet normal -0.844392 0.535726 -3.91399e-05
    outer loop
      vertex -19.869 -7.12025 2.55
      vertex -20.0252 -7.36641 3.05
      vertex -19.8402 -7.07482 3.05
    endloop
  endfacet
  facet normal -0.248676 0.968587 0
    outer loop
      vertex -21.4002 -8.36541 0
      vertex -21.7347 -8.45129 3.05
      vertex -21.4002 -8.36541 3.05
    endloop
  endfacet
  facet normal -0.248676 0.968587 0
    outer loop
      vertex -21.7347 -8.45129 3.05
      vertex -21.4002 -8.36541 0
      vertex -21.7347 -8.45129 0
    endloop
  endfacet
  facet normal 1 -0 0
    outer loop
      vertex 14.25 -5.0732 5.04258
      vertex 14.25 -4.75 4.5
      vertex 14.25 -4.75 5.09377
    endloop
  endfacet
  facet normal 1 -0 0
    outer loop
      vertex 14.25 -5.41093 5.01066
      vertex 14.25 -4.75 4.5
      vertex 14.25 -5.0732 5.04258
    endloop
  endfacet
  facet normal 1 -0 0
    outer loop
      vertex 14.25 -5.75 5
      vertex 14.25 -4.75 4.5
      vertex 14.25 -5.41093 5.01066
    endloop
  endfacet
  facet normal 1 0 0
    outer loop
      vertex 14.25 -6.75 4.5
      vertex 14.25 -5.75 5
      vertex 14.25 -6.08907 5.01066
    endloop
  endfacet
  facet normal 1 0 0
    outer loop
      vertex 14.25 -6.75 4.5
      vertex 14.25 -6.08907 5.01066
      vertex 14.25 -6.4268 5.04258
    endloop
  endfacet
  facet normal 1 0 0
    outer loop
      vertex 14.25 -6.75 4.5
      vertex 14.25 -6.4268 5.04258
      vertex 14.25 -6.75 5.09377
    endloop
  endfacet
  facet normal 1 0 0
    outer loop
      vertex 14.25 -5.75 5
      vertex 14.25 -6.75 4.5
      vertex 14.25 -4.75 4.5
    endloop
  endfacet
  facet normal -1 0 0
    outer loop
      vertex 20.25 -4.75 4.5
      vertex 20.25 -5.0732 5.04258
      vertex 20.25 -4.75 5.09377
    endloop
  endfacet
  facet normal -1 0 0
    outer loop
      vertex 20.25 -4.75 4.5
      vertex 20.25 -5.41093 5.01066
      vertex 20.25 -5.0732 5.04258
    endloop
  endfacet
  facet normal -1 0 0
    outer loop
      vertex 20.25 -4.75 4.5
      vertex 20.25 -5.75 5
      vertex 20.25 -5.41093 5.01066
    endloop
  endfacet
  facet normal -1 0 0
    outer loop
      vertex 20.25 -6.75 4.5
      vertex 20.25 -5.75 5
      vertex 20.25 -4.75 4.5
    endloop
  endfacet
  facet normal -1 -0 0
    outer loop
      vertex 20.25 -5.75 5
      vertex 20.25 -6.75 4.5
      vertex 20.25 -6.08907 5.01066
    endloop
  endfacet
  facet normal -1 -0 0
    outer loop
      vertex 20.25 -6.08907 5.01066
      vertex 20.25 -6.75 4.5
      vertex 20.25 -6.4268 5.04258
    endloop
  endfacet
  facet normal -1 -0 0
    outer loop
      vertex 20.25 -6.4268 5.04258
      vertex 20.25 -6.75 4.5
      vertex 20.25 -6.75 5.09377
    endloop
  endfacet
  facet normal 0 -1 0
    outer loop
      vertex 18.25 -4.75 4.5
      vertex 20.25 -4.75 5.09377
      vertex 18.25 -4.75 5.09377
    endloop
  endfacet
  facet normal 0 -1 -0
    outer loop
      vertex 20.25 -4.75 5.09377
      vertex 18.25 -4.75 4.5
      vertex 20.25 -4.75 4.5
    endloop
  endfacet
  facet normal 0 -1 0
    outer loop
      vertex 14.25 -4.75 4.5
      vertex 16.25 -4.75 5.09377
      vertex 14.25 -4.75 5.09377
    endloop
  endfacet
  facet normal 0 -1 -0
    outer loop
      vertex 16.25 -4.75 5.09377
      vertex 14.25 -4.75 4.5
      vertex 16.25 -4.75 4.5
    endloop
  endfacet
  facet normal -0 0 1
    outer loop
      vertex 14.25 -4.75 4.5
      vertex 16.25 -6.75 4.5
      vertex 16.25 -4.75 4.5
    endloop
  endfacet
  facet normal 0 0 1
    outer loop
      vertex 16.25 -6.75 4.5
      vertex 14.25 -4.75 4.5
      vertex 14.25 -6.75 4.5
    endloop
  endfacet
  facet normal 0 0 1
    outer loop
      vertex 16.25 -4.75 4.5
      vertex 18.25 -4.75 4.5
      vertex 18.25 -2.75 4.5
    endloop
  endfacet
  facet normal 0 0 1
    outer loop
      vertex 18.25 -4.75 4.5
      vertex 16.25 -4.75 4.5
      vertex 18.25 -6.75 4.5
    endloop
  endfacet
  facet normal 0 0 1
    outer loop
      vertex 16.25 -4.75 4.5
      vertex 18.25 -2.75 4.5
      vertex 16.25 -2.75 4.5
    endloop
  endfacet
  facet normal 0 0 1
    outer loop
      vertex 16.25 -6.75 4.5
      vertex 18.25 -6.75 4.5
      vertex 16.25 -4.75 4.5
    endloop
  endfacet
  facet normal 0 0 1
    outer loop
      vertex 18.25 -6.75 4.5
      vertex 16.25 -6.75 4.5
      vertex 18.25 -8.75 4.5
    endloop
  endfacet
  facet normal 0 0 1
    outer loop
      vertex 18.25 -8.75 4.5
      vertex 16.25 -6.75 4.5
      vertex 16.25 -8.75 4.5
    endloop
  endfacet
  facet normal -0 0 1
    outer loop
      vertex 18.25 -4.75 4.5
      vertex 20.25 -6.75 4.5
      vertex 20.25 -4.75 4.5
    endloop
  endfacet
  facet normal 0 0 1
    outer loop
      vertex 20.25 -6.75 4.5
      vertex 18.25 -4.75 4.5
      vertex 18.25 -6.75 4.5
    endloop
  endfacet
  facet normal 0 1 -0
    outer loop
      vertex 16.25 -6.75 4.5
      vertex 14.25 -6.75 5.09377
      vertex 16.25 -6.75 5.09377
    endloop
  endfacet
  facet normal 0 1 0
    outer loop
      vertex 14.25 -6.75 5.09377
      vertex 16.25 -6.75 4.5
      vertex 14.25 -6.75 4.5
    endloop
  endfacet
  facet normal 0 1 -0
    outer loop
      vertex 20.25 -6.75 4.5
      vertex 18.25 -6.75 5.09377
      vertex 20.25 -6.75 5.09377
    endloop
  endfacet
  facet normal 0 1 0
    outer loop
      vertex 18.25 -6.75 5.09377
      vertex 20.25 -6.75 4.5
      vertex 18.25 -6.75 4.5
    endloop
  endfacet
  facet normal 1 0 0
    outer loop
      vertex 16.25 -6.76186 5.09565
      vertex 16.25 -6.75 4.5
      vertex 16.25 -6.75 5.09377
    endloop
  endfacet
  facet normal 1 0 0
    outer loop
      vertex 16.25 -7.09293 5.16965
      vertex 16.25 -6.75 4.5
      vertex 16.25 -6.76186 5.09565
    endloop
  endfacet
  facet normal 1 0 0
    outer loop
      vertex 16.25 -7.41869 5.26429
      vertex 16.25 -6.75 4.5
      vertex 16.25 -7.09293 5.16965
    endloop
  endfacet
  facet normal 1 0 0
    outer loop
      vertex 16.25 -8.75 4.5
      vertex 16.25 -7.41869 5.26429
      vertex 16.25 -7.73787 5.37921
    endloop
  endfacet
  facet normal 1 0 0
    outer loop
      vertex 16.25 -8.75 4.5
      vertex 16.25 -7.73787 5.37921
      vertex 16.25 -8.04921 5.51393
    endloop
  endfacet
  facet normal 1 0 0
    outer loop
      vertex 16.25 -8.75 4.5
      vertex 16.25 -8.04921 5.51393
      vertex 16.25 -8.35147 5.66794
    endloop
  endfacet
  facet normal 1 0 0
    outer loop
      vertex 16.25 -8.75 4.5
      vertex 16.25 -8.35147 5.66794
      vertex 16.25 -8.64346 5.84063
    endloop
  endfacet
  facet normal 1 0 0
    outer loop
      vertex 16.25 -8.75 4.5
      vertex 16.25 -8.64346 5.84063
      vertex 16.25 -8.75 5.91303
    endloop
  endfacet
  facet normal 1 0 0
    outer loop
      vertex 16.25 -7.41869 5.26429
      vertex 16.25 -8.75 4.5
      vertex 16.25 -6.75 4.5
    endloop
  endfacet
  facet normal 1 -0 0
    outer loop
      vertex 16.25 -2.85653 5.84063
      vertex 16.25 -2.75 4.5
      vertex 16.25 -2.75 5.91303
    endloop
  endfacet
  facet normal 1 -0 0
    outer loop
      vertex 16.25 -3.14853 5.66794
      vertex 16.25 -2.75 4.5
      vertex 16.25 -2.85653 5.84063
    endloop
  endfacet
  facet normal 1 -0 0
    outer loop
      vertex 16.25 -3.45079 5.51393
      vertex 16.25 -2.75 4.5
      vertex 16.25 -3.14853 5.66794
    endloop
  endfacet
  facet normal 1 -0 0
    outer loop
      vertex 16.25 -3.76213 5.37921
      vertex 16.25 -2.75 4.5
      vertex 16.25 -3.45079 5.51393
    endloop
  endfacet
  facet normal 1 -0 0
    outer loop
      vertex 16.25 -4.08131 5.26429
      vertex 16.25 -2.75 4.5
      vertex 16.25 -3.76213 5.37921
    endloop
  endfacet
  facet normal 1 0 0
    outer loop
      vertex 16.25 -4.75 4.5
      vertex 16.25 -4.08131 5.26429
      vertex 16.25 -4.40707 5.16965
    endloop
  endfacet
  facet normal 1 0 0
    outer loop
      vertex 16.25 -4.75 4.5
      vertex 16.25 -4.40707 5.16965
      vertex 16.25 -4.73814 5.09565
    endloop
  endfacet
  facet normal 1 0 0
    outer loop
      vertex 16.25 -4.75 4.5
      vertex 16.25 -4.73814 5.09565
      vertex 16.25 -4.75 5.09377
    endloop
  endfacet
  facet normal 1 0 0
    outer loop
      vertex 16.25 -4.08131 5.26429
      vertex 16.25 -4.75 4.5
      vertex 16.25 -2.75 4.5
    endloop
  endfacet
  facet normal -1 0 0
    outer loop
      vertex 18.25 -2.75 4.5
      vertex 18.25 -2.85653 5.84063
      vertex 18.25 -2.75 5.91303
    endloop
  endfacet
  facet normal -1 0 0
    outer loop
      vertex 18.25 -2.75 4.5
      vertex 18.25 -3.14853 5.66794
      vertex 18.25 -2.85653 5.84063
    endloop
  endfacet
  facet normal -1 0 0
    outer loop
      vertex 18.25 -2.75 4.5
      vertex 18.25 -3.45079 5.51393
      vertex 18.25 -3.14853 5.66794
    endloop
  endfacet
  facet normal -1 0 0
    outer loop
      vertex 18.25 -2.75 4.5
      vertex 18.25 -3.76213 5.37921
      vertex 18.25 -3.45079 5.51393
    endloop
  endfacet
  facet normal -1 0 0
    outer loop
      vertex 18.25 -2.75 4.5
      vertex 18.25 -4.08131 5.26429
      vertex 18.25 -3.76213 5.37921
    endloop
  endfacet
  facet normal -1 0 0
    outer loop
      vertex 18.25 -4.75 4.5
      vertex 18.25 -4.08131 5.26429
      vertex 18.25 -2.75 4.5
    endloop
  endfacet
  facet normal -1 0 0
    outer loop
      vertex 18.25 -4.08131 5.26429
      vertex 18.25 -4.75 4.5
      vertex 18.25 -4.40707 5.16965
    endloop
  endfacet
  facet normal -1 0 0
    outer loop
      vertex 18.25 -4.40707 5.16965
      vertex 18.25 -4.75 4.5
      vertex 18.25 -4.73814 5.09565
    endloop
  endfacet
  facet normal -1 0 0
    outer loop
      vertex 18.25 -4.73814 5.09565
      vertex 18.25 -4.75 4.5
      vertex 18.25 -4.75 5.09377
    endloop
  endfacet
  facet normal -1 0 0
    outer loop
      vertex 18.25 -6.75 4.5
      vertex 18.25 -6.76186 5.09565
      vertex 18.25 -6.75 5.09377
    endloop
  endfacet
  facet normal -1 0 0
    outer loop
      vertex 18.25 -6.75 4.5
      vertex 18.25 -7.09293 5.16965
      vertex 18.25 -6.76186 5.09565
    endloop
  endfacet
  facet normal -1 0 0
    outer loop
      vertex 18.25 -6.75 4.5
      vertex 18.25 -7.41869 5.26429
      vertex 18.25 -7.09293 5.16965
    endloop
  endfacet
  facet normal -1 0 0
    outer loop
      vertex 18.25 -8.75 4.5
      vertex 18.25 -7.41869 5.26429
      vertex 18.25 -6.75 4.5
    endloop
  endfacet
  facet normal -1 -0 0
    outer loop
      vertex 18.25 -7.41869 5.26429
      vertex 18.25 -8.75 4.5
      vertex 18.25 -7.73787 5.37921
    endloop
  endfacet
  facet normal -1 -0 0
    outer loop
      vertex 18.25 -7.73787 5.37921
      vertex 18.25 -8.75 4.5
      vertex 18.25 -8.04921 5.51393
    endloop
  endfacet
  facet normal -1 -0 0
    outer loop
      vertex 18.25 -8.04921 5.51393
      vertex 18.25 -8.75 4.5
      vertex 18.25 -8.35147 5.66794
    endloop
  endfacet
  facet normal -1 -0 0
    outer loop
      vertex 18.25 -8.35147 5.66794
      vertex 18.25 -8.75 4.5
      vertex 18.25 -8.64346 5.84063
    endloop
  endfacet
  facet normal -1 -0 0
    outer loop
      vertex 18.25 -8.64346 5.84063
      vertex 18.25 -8.75 4.5
      vertex 18.25 -8.75 5.91303
    endloop
  endfacet
  facet normal 0 -1 0
    outer loop
      vertex 16.25 -2.75 4.5
      vertex 18.25 -2.75 5.91303
      vertex 16.25 -2.75 5.91303
    endloop
  endfacet
  facet normal 0 -1 -0
    outer loop
      vertex 18.25 -2.75 5.91303
      vertex 16.25 -2.75 4.5
      vertex 18.25 -2.75 4.5
    endloop
  endfacet
  facet normal 0 1 -0
    outer loop
      vertex 18.25 -8.75 4.5
      vertex 16.25 -8.75 5.91303
      vertex 18.25 -8.75 5.91303
    endloop
  endfacet
  facet normal 0 1 0
    outer loop
      vertex 16.25 -8.75 5.91303
      vertex 18.25 -8.75 4.5
      vertex 16.25 -8.75 4.5
    endloop
  endfacet
  facet normal 1 -0 0
    outer loop
      vertex -20.25 -5.0732 5.04258
      vertex -20.25 -4.75 4.5
      vertex -20.25 -4.75 5.09377
    endloop
  endfacet
  facet normal 1 -0 0
    outer loop
      vertex -20.25 -5.41093 5.01066
      vertex -20.25 -4.75 4.5
      vertex -20.25 -5.0732 5.04258
    endloop
  endfacet
  facet normal 1 -0 0
    outer loop
      vertex -20.25 -5.75 5
      vertex -20.25 -4.75 4.5
      vertex -20.25 -5.41093 5.01066
    endloop
  endfacet
  facet normal 1 0 0
    outer loop
      vertex -20.25 -6.75 4.5
      vertex -20.25 -5.75 5
      vertex -20.25 -6.08907 5.01066
    endloop
  endfacet
  facet normal 1 0 0
    outer loop
      vertex -20.25 -6.75 4.5
      vertex -20.25 -6.08907 5.01066
      vertex -20.25 -6.4268 5.04258
    endloop
  endfacet
  facet normal 1 0 0
    outer loop
      vertex -20.25 -6.75 4.5
      vertex -20.25 -6.4268 5.04258
      vertex -20.25 -6.75 5.09377
    endloop
  endfacet
  facet normal 1 0 0
    outer loop
      vertex -20.25 -5.75 5
      vertex -20.25 -6.75 4.5
      vertex -20.25 -4.75 4.5
    endloop
  endfacet
  facet normal -1 0 0
    outer loop
      vertex -14.25 -4.75 4.5
      vertex -14.25 -5.0732 5.04258
      vertex -14.25 -4.75 5.09377
    endloop
  endfacet
  facet normal -1 0 0
    outer loop
      vertex -14.25 -4.75 4.5
      vertex -14.25 -5.41093 5.01066
      vertex -14.25 -5.0732 5.04258
    endloop
  endfacet
  facet normal -1 0 0
    outer loop
      vertex -14.25 -4.75 4.5
      vertex -14.25 -5.75 5
      vertex -14.25 -5.41093 5.01066
    endloop
  endfacet
  facet normal -1 0 0
    outer loop
      vertex -14.25 -6.75 4.5
      vertex -14.25 -5.75 5
      vertex -14.25 -4.75 4.5
    endloop
  endfacet
  facet normal -1 -0 0
    outer loop
      vertex -14.25 -5.75 5
      vertex -14.25 -6.75 4.5
      vertex -14.25 -6.08907 5.01066
    endloop
  endfacet
  facet normal -1 -0 0
    outer loop
      vertex -14.25 -6.08907 5.01066
      vertex -14.25 -6.75 4.5
      vertex -14.25 -6.4268 5.04258
    endloop
  endfacet
  facet normal -1 -0 0
    outer loop
      vertex -14.25 -6.4268 5.04258
      vertex -14.25 -6.75 4.5
      vertex -14.25 -6.75 5.09377
    endloop
  endfacet
  facet normal 0 -1 0
    outer loop
      vertex -20.25 -4.75 4.5
      vertex -14.25 -4.75 5.09377
      vertex -20.25 -4.75 5.09377
    endloop
  endfacet
  facet normal 0 -1 -0
    outer loop
      vertex -14.25 -4.75 5.09377
      vertex -20.25 -4.75 4.5
      vertex -14.25 -4.75 4.5
    endloop
  endfacet
  facet normal -0 0 1
    outer loop
      vertex -20.25 -4.75 4.5
      vertex -14.25 -6.75 4.5
      vertex -14.25 -4.75 4.5
    endloop
  endfacet
  facet normal 0 0 1
    outer loop
      vertex -14.25 -6.75 4.5
      vertex -20.25 -4.75 4.5
      vertex -20.25 -6.75 4.5
    endloop
  endfacet
  facet normal 0 1 -0
    outer loop
      vertex -14.25 -6.75 4.5
      vertex -20.25 -6.75 5.09377
      vertex -14.25 -6.75 5.09377
    endloop
  endfacet
  facet normal 0 1 0
    outer loop
      vertex -20.25 -6.75 5.09377
      vertex -14.25 -6.75 4.5
      vertex -20.25 -6.75 4.5
    endloop
  endfacet
  facet normal -2.46927e-07 -0.156439 0.987688
    outer loop
      vertex 26.25 6.76186 5.09565
      vertex 20.25 6.75 5.09377
      vertex 26.25 6.4268 5.04258
    endloop
  endfacet
  facet normal 0 -0.156561 0.987668
    outer loop
      vertex 18.25 6.76186 5.09565
      vertex 20.25 6.75 5.09377
      vertex 26.25 6.76186 5.09565
    endloop
  endfacet
  facet normal 0 -0.156561 0.987668
    outer loop
      vertex 20.25 6.75 5.09377
      vertex 18.25 6.76186 5.09565
      vertex 18.25 6.75 5.09377
    endloop
  endfacet
  facet normal 0 -0.156435 0.987688
    outer loop
      vertex 26.25 6.4268 5.04258
      vertex 20.25 6.75 5.09377
      vertex 20.25 6.4268 5.04258
    endloop
  endfacet
  facet normal 0 -0.156561 0.987668
    outer loop
      vertex 16.25 6.76186 5.09565
      vertex 14.25 6.75 5.09377
      vertex 16.25 6.75 5.09377
    endloop
  endfacet
  facet normal 0 -0.156435 0.987688
    outer loop
      vertex 14.25 6.75 5.09377
      vertex -14.25 6.75 5.09377
      vertex 14.25 6.4268 5.04258
    endloop
  endfacet
  facet normal 0 -0.156561 0.987668
    outer loop
      vertex 16.25 6.76186 5.09565
      vertex -14.25 6.75 5.09377
      vertex 14.25 6.75 5.09377
    endloop
  endfacet
  facet normal 0 -0.156561 0.987668
    outer loop
      vertex 16.25 6.76186 5.09565
      vertex -20.25 6.75 5.09377
      vertex -14.25 6.75 5.09377
    endloop
  endfacet
  facet normal 0 -0.156561 0.987668
    outer loop
      vertex -26.25 6.76186 5.09565
      vertex -20.25 6.75 5.09377
      vertex 16.25 6.76186 5.09565
    endloop
  endfacet
  facet normal 2.55988e-07 -0.156435 0.987688
    outer loop
      vertex -26.25 6.76186 5.09565
      vertex -20.25 6.4268 5.04258
      vertex -20.25 6.75 5.09377
    endloop
  endfacet
  facet normal 0 -0.156439 0.987688
    outer loop
      vertex -20.25 6.4268 5.04258
      vertex -26.25 6.76186 5.09565
      vertex -26.25 6.4268 5.04258
    endloop
  endfacet
  facet normal 0 -0.156435 0.987688
    outer loop
      vertex 14.25 6.4268 5.04258
      vertex -14.25 6.75 5.09377
      vertex -14.25 6.4268 5.04258
    endloop
  endfacet
  facet normal 0 -0.278986 0.960295
    outer loop
      vertex 18.25 7.41869 5.26429
      vertex 26.25 7.09293 5.16965
      vertex 26.25 7.41869 5.26429
    endloop
  endfacet
  facet normal 0 -0.278986 0.960295
    outer loop
      vertex 26.25 7.09293 5.16965
      vertex 18.25 7.41869 5.26429
      vertex 18.25 7.09293 5.16965
    endloop
  endfacet
  facet normal 0 -0.278986 0.960295
    outer loop
      vertex -26.25 7.41869 5.26429
      vertex 16.25 7.09293 5.16965
      vertex 16.25 7.41869 5.26429
    endloop
  endfacet
  facet normal 0 -0.278986 0.960295
    outer loop
      vertex 16.25 7.09293 5.16965
      vertex -26.25 7.41869 5.26429
      vertex -26.25 7.09293 5.16965
    endloop
  endfacet
  facet normal 0 -0.750106 0.661317
    outer loop
      vertex -26.25 9.68643 6.70345
      vertex 26.25 9.91077 6.95791
      vertex -26.25 9.91077 6.95791
    endloop
  endfacet
  facet normal 0 -0.750106 0.661317
    outer loop
      vertex 26.25 9.91077 6.95791
      vertex -26.25 9.68643 6.70345
      vertex 26.25 9.68643 6.70345
    endloop
  endfacet
  facet normal 0 -0.940892 0.338707
    outer loop
      vertex -26.25 10.7708 8.41213
      vertex -3.51957 10.8857 8.73131
      vertex -26.25 10.8857 8.73131
    endloop
  endfacet
  facet normal -4.5232e-07 -0.940882 0.338735
    outer loop
      vertex -3.51957 10.8857 8.73131
      vertex -26.25 10.7708 8.41213
      vertex -3.36366 10.8571 8.65187
    endloop
  endfacet
  facet normal -2.40495e-06 -0.940822 0.3389
    outer loop
      vertex -3.36366 10.8571 8.65187
      vertex -26.25 10.7708 8.41213
      vertex -2.90818 10.7861 8.45477
    endloop
  endfacet
  facet normal 0 -0.941241 0.337734
    outer loop
      vertex -2.90818 10.7861 8.45477
      vertex -26.25 10.7708 8.41213
      vertex -2.78975 10.7708 8.41213
    endloop
  endfacet
  facet normal 4.5232e-07 -0.940882 0.338735
    outer loop
      vertex 26.25 10.7708 8.41213
      vertex 3.51957 10.8857 8.73131
      vertex 3.36366 10.8571 8.65187
    endloop
  endfacet
  facet normal 2.40495e-06 -0.940822 0.3389
    outer loop
      vertex 26.25 10.7708 8.41213
      vertex 3.36366 10.8571 8.65187
      vertex 2.90818 10.7861 8.45477
    endloop
  endfacet
  facet normal 0 -0.941241 0.337734
    outer loop
      vertex 26.25 10.7708 8.41213
      vertex 2.90818 10.7861 8.45477
      vertex 2.78975 10.7708 8.41213
    endloop
  endfacet
  facet normal 0 -0.940892 0.338707
    outer loop
      vertex 3.51957 10.8857 8.73131
      vertex 26.25 10.7708 8.41213
      vertex 26.25 10.8857 8.73131
    endloop
  endfacet
  facet normal -0 0.453992 0.891006
    outer loop
      vertex 18.25 3.45079 5.51393
      vertex 26.25 3.14853 5.66794
      vertex 26.25 3.45079 5.51393
    endloop
  endfacet
  facet normal 0 0.453992 0.891006
    outer loop
      vertex 26.25 3.14853 5.66794
      vertex 18.25 3.45079 5.51393
      vertex 18.25 3.14853 5.66794
    endloop
  endfacet
  facet normal -0 0.453992 0.891006
    outer loop
      vertex -26.25 3.45079 5.51393
      vertex 16.25 3.14853 5.66794
      vertex 16.25 3.45079 5.51393
    endloop
  endfacet
  facet normal 0 0.453992 0.891006
    outer loop
      vertex 16.25 3.14853 5.66794
      vertex -26.25 3.45079 5.51393
      vertex -26.25 3.14853 5.66794
    endloop
  endfacet
  facet normal 0 0.960292 0.278996
    outer loop
      vertex 26.25 0.614294 8.73131
      vertex 4.11004 0.51965 9.05707
      vertex 26.25 0.51965 9.05707
    endloop
  endfacet
  facet normal 1.55976e-07 0.960289 0.279006
    outer loop
      vertex 4.11004 0.51965 9.05707
      vertex 26.25 0.614294 8.73131
      vertex 3.80585 0.571916 8.87718
    endloop
  endfacet
  facet normal 0 0.960296 0.278984
    outer loop
      vertex 3.80585 0.571916 8.87718
      vertex 26.25 0.614294 8.73131
      vertex 3.51957 0.614294 8.73131
    endloop
  endfacet
  facet normal -1.55976e-07 0.960289 0.279006
    outer loop
      vertex -26.25 0.614294 8.73131
      vertex -4.11004 0.51965 9.05707
      vertex -3.80585 0.571916 8.87718
    endloop
  endfacet
  facet normal -0 0.960296 0.278984
    outer loop
      vertex -26.25 0.614294 8.73131
      vertex -3.80585 0.571916 8.87718
      vertex -3.51957 0.614294 8.73131
    endloop
  endfacet
  facet normal 0 0.960292 0.278996
    outer loop
      vertex -4.11004 0.51965 9.05707
      vertex -26.25 0.614294 8.73131
      vertex -26.25 0.51965 9.05707
    endloop
  endfacet
  facet normal 0 0.707122 0.707092
    outer loop
      vertex 26.25 2.05344 6.46357
      vertex -26.25 1.81357 6.70345
      vertex 26.25 1.81357 6.70345
    endloop
  endfacet
  facet normal 0 0.707122 0.707092
    outer loop
      vertex -26.25 1.81357 6.70345
      vertex 26.25 2.05344 6.46357
      vertex -26.25 2.05344 6.46357
    endloop
  endfacet
  facet normal -0 0.612905 0.790156
    outer loop
      vertex -26.25 2.57596 6.03131
      vertex 26.25 2.30791 6.23923
      vertex 26.25 2.57596 6.03131
    endloop
  endfacet
  facet normal 0 0.612905 0.790156
    outer loop
      vertex 26.25 2.30791 6.23923
      vertex -26.25 2.57596 6.03131
      vertex -26.25 2.30791 6.23923
    endloop
  endfacet
  facet normal -0 0.0314234 0.999506
    outer loop
      vertex 20.25 5.75 5
      vertex 26.25 5.41093 5.01066
      vertex 26.25 5.75 5
    endloop
  endfacet
  facet normal 0 0.0314234 0.999506
    outer loop
      vertex 26.25 5.41093 5.01066
      vertex 20.25 5.75 5
      vertex 20.25 5.41093 5.01066
    endloop
  endfacet
  facet normal -0 0.0314234 0.999506
    outer loop
      vertex -26.25 5.75 5
      vertex -20.25 5.41093 5.01066
      vertex -20.25 5.75 5
    endloop
  endfacet
  facet normal 0 0.0314234 0.999506
    outer loop
      vertex -20.25 5.41093 5.01066
      vertex -26.25 5.75 5
      vertex -26.25 5.41093 5.01066
    endloop
  endfacet
  facet normal -0 0.0314234 0.999506
    outer loop
      vertex -14.25 5.75 5
      vertex 14.25 5.41093 5.01066
      vertex 14.25 5.75 5
    endloop
  endfacet
  facet normal 0 0.0314234 0.999506
    outer loop
      vertex 14.25 5.41093 5.01066
      vertex -14.25 5.75 5
      vertex -14.25 5.41093 5.01066
    endloop
  endfacet
  facet normal 0 -0.094094 0.995563
    outer loop
      vertex -26.25 6.4268 5.04258
      vertex -20.25 6.08907 5.01066
      vertex -20.25 6.4268 5.04258
    endloop
  endfacet
  facet normal 0 -0.094094 0.995563
    outer loop
      vertex -20.25 6.08907 5.01066
      vertex -26.25 6.4268 5.04258
      vertex -26.25 6.08907 5.01066
    endloop
  endfacet
  facet normal 0 -0.094094 0.995563
    outer loop
      vertex 20.25 6.4268 5.04258
      vertex 26.25 6.08907 5.01066
      vertex 26.25 6.4268 5.04258
    endloop
  endfacet
  facet normal 0 -0.094094 0.995563
    outer loop
      vertex 26.25 6.08907 5.01066
      vertex 20.25 6.4268 5.04258
      vertex 20.25 6.08907 5.01066
    endloop
  endfacet
  facet normal 0 -0.094094 0.995563
    outer loop
      vertex -14.25 6.4268 5.04258
      vertex 14.25 6.08907 5.01066
      vertex 14.25 6.4268 5.04258
    endloop
  endfacet
  facet normal 0 -0.094094 0.995563
    outer loop
      vertex 14.25 6.08907 5.01066
      vertex -14.25 6.4268 5.04258
      vertex -14.25 6.08907 5.01066
    endloop
  endfacet
  facet normal 0 -0.661317 0.750106
    outer loop
      vertex -26.25 9.44655 6.46357
      vertex 26.25 9.19209 6.23923
      vertex 26.25 9.44655 6.46357
    endloop
  endfacet
  facet normal 0 -0.661317 0.750106
    outer loop
      vertex 26.25 9.19209 6.23923
      vertex -26.25 9.44655 6.46357
      vertex -26.25 9.19209 6.23923
    endloop
  endfacet
  facet normal -3.8881e-07 -0.562079 0.827083
    outer loop
      vertex 26.25 8.92404 6.03131
      vertex 18.25 8.75 5.91303
      vertex 26.25 8.64346 5.84063
    endloop
  endfacet
  facet normal 0 -0.562092 0.827075
    outer loop
      vertex 26.25 8.92404 6.03131
      vertex 16.25 8.75 5.91303
      vertex 18.25 8.75 5.91303
    endloop
  endfacet
  facet normal 0 -0.562092 0.827075
    outer loop
      vertex -26.25 8.92404 6.03131
      vertex 16.25 8.75 5.91303
      vertex 26.25 8.92404 6.03131
    endloop
  endfacet
  facet normal 1.92748e-07 -0.562059 0.827097
    outer loop
      vertex -26.25 8.92404 6.03131
      vertex 16.25 8.64346 5.84063
      vertex 16.25 8.75 5.91303
    endloop
  endfacet
  facet normal 0 -0.562079 0.827083
    outer loop
      vertex 16.25 8.64346 5.84063
      vertex -26.25 8.92404 6.03131
      vertex -26.25 8.64346 5.84063
    endloop
  endfacet
  facet normal 0 -0.562059 0.827097
    outer loop
      vertex 26.25 8.64346 5.84063
      vertex 18.25 8.75 5.91303
      vertex 18.25 8.64346 5.84063
    endloop
  endfacet
  facet normal 0 -0.987719 0.156238
    outer loop
      vertex -26.25 11.0544 9.38814
      vertex -5.04728 11.1074 9.7232
      vertex -26.25 11.1074 9.7232
    endloop
  endfacet
  facet normal 3.42861e-05 -0.988052 0.154121
    outer loop
      vertex -5.04728 11.1074 9.7232
      vertex -26.25 11.0544 9.38814
      vertex -5.03565 11.1058 9.71294
    endloop
  endfacet
  facet normal -3.07815e-06 -0.987678 0.156502
    outer loop
      vertex -5.03565 11.1058 9.71294
      vertex -26.25 11.0544 9.38814
      vertex -4.6435 11.0576 9.40876
    endloop
  endfacet
  facet normal 0 -0.988171 0.153353
    outer loop
      vertex -4.6435 11.0576 9.40876
      vertex -26.25 11.0544 9.38814
      vertex -4.61316 11.0544 9.38814
    endloop
  endfacet
  facet normal -3.42861e-05 -0.988052 0.154121
    outer loop
      vertex 26.25 11.0544 9.38814
      vertex 5.04728 11.1074 9.7232
      vertex 5.03565 11.1058 9.71294
    endloop
  endfacet
  facet normal 3.07815e-06 -0.987678 0.156502
    outer loop
      vertex 26.25 11.0544 9.38814
      vertex 5.03565 11.1058 9.71294
      vertex 4.6435 11.0576 9.40876
    endloop
  endfacet
  facet normal 0 -0.988171 0.153353
    outer loop
      vertex 26.25 11.0544 9.38814
      vertex 4.6435 11.0576 9.40876
      vertex 4.61316 11.0544 9.38814
    endloop
  endfacet
  facet normal 0 -0.987719 0.156238
    outer loop
      vertex 5.04728 11.1074 9.7232
      vertex 26.25 11.0544 9.38814
      vertex 26.25 11.1074 9.7232
    endloop
  endfacet
  facet normal 0 -0.99555 0.094232
    outer loop
      vertex -26.25 11.1074 9.7232
      vertex -5.36125 11.1336 10
      vertex -26.25 11.1336 10
    endloop
  endfacet
  facet normal 0 -0.99555 0.094232
    outer loop
      vertex -5.36125 11.1336 10
      vertex -26.25 11.1074 9.7232
      vertex -5.04728 11.1074 9.7232
    endloop
  endfacet
  facet normal 0 -0.99555 0.094232
    outer loop
      vertex 26.25 11.1074 9.7232
      vertex 5.36125 11.1336 10
      vertex 5.04728 11.1074 9.7232
    endloop
  endfacet
  facet normal 0 -0.99555 0.094232
    outer loop
      vertex 5.36125 11.1336 10
      vertex 26.25 11.1074 9.7232
      vertex 26.25 11.1336 10
    endloop
  endfacet
  facet normal 0 -0.790142 0.612924
    outer loop
      vertex -26.25 9.91077 6.95791
      vertex 26.25 10.1187 7.22596
      vertex -26.25 10.1187 7.22596
    endloop
  endfacet
  facet normal 0 -0.790142 0.612924
    outer loop
      vertex 26.25 10.1187 7.22596
      vertex -26.25 9.91077 6.95791
      vertex 26.25 9.91077 6.95791
    endloop
  endfacet
  facet normal 0 -0.827047 0.562133
    outer loop
      vertex -26.25 10.1187 7.22596
      vertex 26.25 10.3094 7.50653
      vertex -26.25 10.3094 7.50653
    endloop
  endfacet
  facet normal 0 -0.827047 0.562133
    outer loop
      vertex 26.25 10.3094 7.50653
      vertex -26.25 10.1187 7.22596
      vertex 26.25 10.1187 7.22596
    endloop
  endfacet
  facet normal -6.30804e-08 0.975916 0.218145
    outer loop
      vertex -26.25 0.51965 9.05707
      vertex -4.61316 0.445648 9.38814
      vertex -4.23303 0.503392 9.12981
    endloop
  endfacet
  facet normal -0 0.975921 0.218126
    outer loop
      vertex -26.25 0.51965 9.05707
      vertex -4.23303 0.503392 9.12981
      vertex -4.11004 0.51965 9.05707
    endloop
  endfacet
  facet normal 0 0.975917 0.218141
    outer loop
      vertex -4.61316 0.445648 9.38814
      vertex -26.25 0.51965 9.05707
      vertex -26.25 0.445648 9.38814
    endloop
  endfacet
  facet normal 0 0.975917 0.218141
    outer loop
      vertex 26.25 0.51965 9.05707
      vertex 4.61316 0.445648 9.38814
      vertex 26.25 0.445648 9.38814
    endloop
  endfacet
  facet normal 6.30804e-08 0.975916 0.218145
    outer loop
      vertex 4.61316 0.445648 9.38814
      vertex 26.25 0.51965 9.05707
      vertex 4.23303 0.503392 9.12981
    endloop
  endfacet
  facet normal 0 0.975921 0.218126
    outer loop
      vertex 4.23303 0.503392 9.12981
      vertex 26.25 0.51965 9.05707
      vertex 4.11004 0.51965 9.05707
    endloop
  endfacet
  facet normal 0 0.89101 0.453983
    outer loop
      vertex 26.25 1.01794 7.79853
      vertex 1.75259 0.863934 8.10079
      vertex 26.25 0.863934 8.10079
    endloop
  endfacet
  facet normal 1.57131e-07 0.891005 0.453993
    outer loop
      vertex 1.75259 0.863934 8.10079
      vertex 26.25 1.01794 7.79853
      vertex 1.48031 0.894944 8.03993
    endloop
  endfacet
  facet normal -1.52605e-07 0.891018 0.453968
    outer loop
      vertex 1.48031 0.894944 8.03993
      vertex 26.25 1.01794 7.79853
      vertex 0.990132 0.934501 7.96229
    endloop
  endfacet
  facet normal 3.95241e-07 0.890984 0.454035
    outer loop
      vertex 0.990132 0.934501 7.96229
      vertex 26.25 1.01794 7.79853
      vertex 0.496044 0.958299 7.91559
    endloop
  endfacet
  facet normal 8.51135e-09 0.891018 0.453968
    outer loop
      vertex 0.496044 0.958299 7.91559
      vertex 26.25 1.01794 7.79853
      vertex 0 0.966242 7.9
    endloop
  endfacet
  facet normal -1.57131e-07 0.891005 0.453993
    outer loop
      vertex -26.25 1.01794 7.79853
      vertex -1.75259 0.863934 8.10079
      vertex -1.48031 0.894944 8.03993
    endloop
  endfacet
  facet normal 1.52605e-07 0.891018 0.453968
    outer loop
      vertex -26.25 1.01794 7.79853
      vertex -1.48031 0.894944 8.03993
      vertex -0.990132 0.934501 7.96229
    endloop
  endfacet
  facet normal -3.95241e-07 0.890984 0.454035
    outer loop
      vertex -26.25 1.01794 7.79853
      vertex -0.990132 0.934501 7.96229
      vertex -0.496044 0.958299 7.91559
    endloop
  endfacet
  facet normal -8.51135e-09 0.891018 0.453968
    outer loop
      vertex -26.25 1.01794 7.79853
      vertex -0.496044 0.958299 7.91559
      vertex 0 0.966242 7.9
    endloop
  endfacet
  facet normal 0 0.89101 0.453983
    outer loop
      vertex -1.75259 0.863934 8.10079
      vertex -26.25 1.01794 7.79853
      vertex -26.25 0.863934 8.10079
    endloop
  endfacet
  facet normal -0 0.891019 0.453966
    outer loop
      vertex -26.25 1.01794 7.79853
      vertex 0 0.966242 7.9
      vertex 26.25 1.01794 7.79853
    endloop
  endfacet
  facet normal 0 0.790156 0.612905
    outer loop
      vertex 26.25 1.58923 6.95791
      vertex -26.25 1.38131 7.22596
      vertex 26.25 1.38131 7.22596
    endloop
  endfacet
  facet normal 0 0.790156 0.612905
    outer loop
      vertex -26.25 1.38131 7.22596
      vertex 26.25 1.58923 6.95791
      vertex -26.25 1.58923 6.95791
    endloop
  endfacet
  facet normal 0 0.86074 0.509045
    outer loop
      vertex 26.25 1.19063 7.50653
      vertex -26.25 1.01794 7.79853
      vertex 26.25 1.01794 7.79853
    endloop
  endfacet
  facet normal 0 0.86074 0.509045
    outer loop
      vertex -26.25 1.01794 7.79853
      vertex 26.25 1.19063 7.50653
      vertex -26.25 1.19063 7.50653
    endloop
  endfacet
  facet normal 0 0.562096 0.827072
    outer loop
      vertex 16.25 2.85653 5.84063
      vertex -26.25 2.85653 5.84063
      vertex 16.25 2.75 5.91303
    endloop
  endfacet
  facet normal 0 0.562096 0.827072
    outer loop
      vertex 18.25 2.75 5.91303
      vertex 26.25 2.85653 5.84063
      vertex 18.25 2.85653 5.84063
    endloop
  endfacet
  facet normal 4.7018e-08 0.562093 0.827074
    outer loop
      vertex 26.25 2.85653 5.84063
      vertex 18.25 2.75 5.91303
      vertex 26.25 2.57596 6.03131
    endloop
  endfacet
  facet normal -0 0.562092 0.827075
    outer loop
      vertex 16.25 2.75 5.91303
      vertex 26.25 2.57596 6.03131
      vertex 18.25 2.75 5.91303
    endloop
  endfacet
  facet normal -8.85044e-09 0.562093 0.827074
    outer loop
      vertex -26.25 2.57596 6.03131
      vertex 16.25 2.75 5.91303
      vertex -26.25 2.85653 5.84063
    endloop
  endfacet
  facet normal 0 0.562092 0.827075
    outer loop
      vertex 16.25 2.75 5.91303
      vertex -26.25 2.57596 6.03131
      vertex 26.25 2.57596 6.03131
    endloop
  endfacet
  facet normal -0 0.338759 0.940873
    outer loop
      vertex -26.25 4.08131 5.26429
      vertex 16.25 3.76213 5.37921
      vertex 16.25 4.08131 5.26429
    endloop
  endfacet
  facet normal 0 0.338759 0.940873
    outer loop
      vertex 16.25 3.76213 5.37921
      vertex -26.25 4.08131 5.26429
      vertex -26.25 3.76213 5.37921
    endloop
  endfacet
  facet normal -0 0.338759 0.940873
    outer loop
      vertex 18.25 4.08131 5.26429
      vertex 26.25 3.76213 5.37921
      vertex 26.25 4.08131 5.26429
    endloop
  endfacet
  facet normal 0 0.338759 0.940873
    outer loop
      vertex 26.25 3.76213 5.37921
      vertex 18.25 4.08131 5.26429
      vertex 18.25 3.76213 5.37921
    endloop
  endfacet
  facet normal -0 0.278986 0.960295
    outer loop
      vertex -26.25 4.40707 5.16965
      vertex 16.25 4.08131 5.26429
      vertex 16.25 4.40707 5.16965
    endloop
  endfacet
  facet normal 0 0.278986 0.960295
    outer loop
      vertex 16.25 4.08131 5.26429
      vertex -26.25 4.40707 5.16965
      vertex -26.25 4.08131 5.26429
    endloop
  endfacet
  facet normal -0 0.278986 0.960295
    outer loop
      vertex 18.25 4.40707 5.16965
      vertex 26.25 4.08131 5.26429
      vertex 26.25 4.40707 5.16965
    endloop
  endfacet
  facet normal 0 0.278986 0.960295
    outer loop
      vertex 26.25 4.08131 5.26429
      vertex 18.25 4.40707 5.16965
      vertex 18.25 4.08131 5.26429
    endloop
  endfacet
  facet normal -0 0.218135 0.975919
    outer loop
      vertex -26.25 4.73814 5.09565
      vertex 16.25 4.40707 5.16965
      vertex 16.25 4.73814 5.09565
    endloop
  endfacet
  facet normal 0 0.218135 0.975919
    outer loop
      vertex 16.25 4.40707 5.16965
      vertex -26.25 4.73814 5.09565
      vertex -26.25 4.40707 5.16965
    endloop
  endfacet
  facet normal -0 0.218135 0.975919
    outer loop
      vertex 18.25 4.73814 5.09565
      vertex 26.25 4.40707 5.16965
      vertex 26.25 4.73814 5.09565
    endloop
  endfacet
  facet normal 0 0.218135 0.975919
    outer loop
      vertex 26.25 4.40707 5.16965
      vertex 18.25 4.73814 5.09565
      vertex 18.25 4.40707 5.16965
    endloop
  endfacet
  facet normal -0 0.094094 0.995563
    outer loop
      vertex 20.25 5.41093 5.01066
      vertex 26.25 5.0732 5.04258
      vertex 26.25 5.41093 5.01066
    endloop
  endfacet
  facet normal 0 0.094094 0.995563
    outer loop
      vertex 26.25 5.0732 5.04258
      vertex 20.25 5.41093 5.01066
      vertex 20.25 5.0732 5.04258
    endloop
  endfacet
  facet normal -0 0.094094 0.995563
    outer loop
      vertex -26.25 5.41093 5.01066
      vertex -20.25 5.0732 5.04258
      vertex -20.25 5.41093 5.01066
    endloop
  endfacet
  facet normal 0 0.094094 0.995563
    outer loop
      vertex -20.25 5.0732 5.04258
      vertex -26.25 5.41093 5.01066
      vertex -26.25 5.0732 5.04258
    endloop
  endfacet
  facet normal -0 0.094094 0.995563
    outer loop
      vertex -14.25 5.41093 5.01066
      vertex 14.25 5.0732 5.04258
      vertex 14.25 5.41093 5.01066
    endloop
  endfacet
  facet normal 0 0.094094 0.995563
    outer loop
      vertex 14.25 5.0732 5.04258
      vertex -14.25 5.41093 5.01066
      vertex -14.25 5.0732 5.04258
    endloop
  endfacet
  facet normal 0 -0.397126 0.917764
    outer loop
      vertex -26.25 8.04921 5.51393
      vertex 16.25 7.73787 5.37921
      vertex 16.25 8.04921 5.51393
    endloop
  endfacet
  facet normal 0 -0.397126 0.917764
    outer loop
      vertex 16.25 7.73787 5.37921
      vertex -26.25 8.04921 5.51393
      vertex -26.25 7.73787 5.37921
    endloop
  endfacet
  facet normal 0 -0.397126 0.917764
    outer loop
      vertex 18.25 8.04921 5.51393
      vertex 26.25 7.73787 5.37921
      vertex 26.25 8.04921 5.51393
    endloop
  endfacet
  facet normal 0 -0.397126 0.917764
    outer loop
      vertex 26.25 7.73787 5.37921
      vertex 18.25 8.04921 5.51393
      vertex 18.25 7.73787 5.37921
    endloop
  endfacet
  facet normal 0 -0.338759 0.940873
    outer loop
      vertex -26.25 7.73787 5.37921
      vertex 16.25 7.41869 5.26429
      vertex 16.25 7.73787 5.37921
    endloop
  endfacet
  facet normal 0 -0.338759 0.940873
    outer loop
      vertex 16.25 7.41869 5.26429
      vertex -26.25 7.73787 5.37921
      vertex -26.25 7.41869 5.26429
    endloop
  endfacet
  facet normal 0 -0.338759 0.940873
    outer loop
      vertex 18.25 7.73787 5.37921
      vertex 26.25 7.41869 5.26429
      vertex 26.25 7.73787 5.37921
    endloop
  endfacet
  facet normal 0 -0.338759 0.940873
    outer loop
      vertex 26.25 7.41869 5.26429
      vertex 18.25 7.73787 5.37921
      vertex 18.25 7.41869 5.26429
    endloop
  endfacet
  facet normal 0 -0.707107 0.707107
    outer loop
      vertex -26.25 9.44655 6.46357
      vertex 26.25 9.68643 6.70345
      vertex -26.25 9.68643 6.70345
    endloop
  endfacet
  facet normal 0 -0.707107 0.707107
    outer loop
      vertex 26.25 9.68643 6.70345
      vertex -26.25 9.44655 6.46357
      vertex 26.25 9.44655 6.46357
    endloop
  endfacet
  facet normal 0 -0.453992 0.891006
    outer loop
      vertex -26.25 8.35147 5.66794
      vertex 16.25 8.04921 5.51393
      vertex 16.25 8.35147 5.66794
    endloop
  endfacet
  facet normal 0 -0.453992 0.891006
    outer loop
      vertex 16.25 8.04921 5.51393
      vertex -26.25 8.35147 5.66794
      vertex -26.25 8.04921 5.51393
    endloop
  endfacet
  facet normal 0 -0.453992 0.891006
    outer loop
      vertex 18.25 8.35147 5.66794
      vertex 26.25 8.04921 5.51393
      vertex 26.25 8.35147 5.66794
    endloop
  endfacet
  facet normal 0 -0.453992 0.891006
    outer loop
      vertex 26.25 8.04921 5.51393
      vertex 18.25 8.35147 5.66794
      vertex 18.25 8.04921 5.51393
    endloop
  endfacet
  facet normal 0 -0.960327 0.278877
    outer loop
      vertex -26.25 10.8857 8.73131
      vertex -4.11004 10.9803 9.05707
      vertex -26.25 10.9803 9.05707
    endloop
  endfacet
  facet normal 3.0403e-06 -0.960382 0.278686
    outer loop
      vertex -4.11004 10.9803 9.05707
      vertex -26.25 10.8857 8.73131
      vertex -3.80585 10.9281 8.87718
    endloop
  endfacet
  facet normal 0 -0.960257 0.279118
    outer loop
      vertex -3.80585 10.9281 8.87718
      vertex -26.25 10.8857 8.73131
      vertex -3.51957 10.8857 8.73131
    endloop
  endfacet
  facet normal -3.0403e-06 -0.960382 0.278686
    outer loop
      vertex 26.25 10.8857 8.73131
      vertex 4.11004 10.9803 9.05707
      vertex 3.80585 10.9281 8.87718
    endloop
  endfacet
  facet normal 0 -0.960257 0.279118
    outer loop
      vertex 26.25 10.8857 8.73131
      vertex 3.80585 10.9281 8.87718
      vertex 3.51957 10.8857 8.73131
    endloop
  endfacet
  facet normal 0 -0.960327 0.278877
    outer loop
      vertex 4.11004 10.9803 9.05707
      vertex 26.25 10.8857 8.73131
      vertex 26.25 10.9803 9.05707
    endloop
  endfacet
  facet normal 0 -0.975856 0.218416
    outer loop
      vertex -26.25 10.9803 9.05707
      vertex -4.61316 11.0544 9.38814
      vertex -26.25 11.0544 9.38814
    endloop
  endfacet
  facet normal 1.09398e-06 -0.975871 0.218348
    outer loop
      vertex -4.61316 11.0544 9.38814
      vertex -26.25 10.9803 9.05707
      vertex -4.23303 10.9966 9.12981
    endloop
  endfacet
  facet normal 0 -0.9758 0.218663
    outer loop
      vertex -4.23303 10.9966 9.12981
      vertex -26.25 10.9803 9.05707
      vertex -4.11004 10.9803 9.05707
    endloop
  endfacet
  facet normal -1.09398e-06 -0.975871 0.218348
    outer loop
      vertex 26.25 10.9803 9.05707
      vertex 4.61316 11.0544 9.38814
      vertex 4.23303 10.9966 9.12981
    endloop
  endfacet
  facet normal 0 -0.9758 0.218663
    outer loop
      vertex 26.25 10.9803 9.05707
      vertex 4.23303 10.9966 9.12981
      vertex 4.11004 10.9803 9.05707
    endloop
  endfacet
  facet normal 0 -0.975856 0.218416
    outer loop
      vertex 4.61316 11.0544 9.38814
      vertex 26.25 10.9803 9.05707
      vertex 26.25 11.0544 9.38814
    endloop
  endfacet
  facet normal 0 -0.891017 0.453969
    outer loop
      vertex -26.25 10.4821 7.79853
      vertex -1.75259 10.6361 8.10079
      vertex -26.25 10.6361 8.10079
    endloop
  endfacet
  facet normal 1.34802e-06 -0.891062 0.453882
    outer loop
      vertex -1.75259 10.6361 8.10079
      vertex -26.25 10.4821 7.79853
      vertex -1.48031 10.6051 8.03993
    endloop
  endfacet
  facet normal -4.24153e-06 -0.89083 0.454338
    outer loop
      vertex -1.48031 10.6051 8.03993
      vertex -26.25 10.4821 7.79853
      vertex -0.990132 10.5655 7.96229
    endloop
  endfacet
  facet normal -1.91406e-06 -0.890975 0.454053
    outer loop
      vertex -0.990132 10.5655 7.96229
      vertex -26.25 10.4821 7.79853
      vertex -0.496044 10.5417 7.91559
    endloop
  endfacet
  facet normal 8.51979e-06 -0.891902 0.452229
    outer loop
      vertex -0.496044 10.5417 7.91559
      vertex -26.25 10.4821 7.79853
      vertex 0 10.5338 7.9
    endloop
  endfacet
  facet normal -1.34802e-06 -0.891062 0.453882
    outer loop
      vertex 26.25 10.4821 7.79853
      vertex 1.75259 10.6361 8.10079
      vertex 1.48031 10.6051 8.03993
    endloop
  endfacet
  facet normal 4.24153e-06 -0.89083 0.454338
    outer loop
      vertex 26.25 10.4821 7.79853
      vertex 1.48031 10.6051 8.03993
      vertex 0.990132 10.5655 7.96229
    endloop
  endfacet
  facet normal 1.91406e-06 -0.890975 0.454053
    outer loop
      vertex 26.25 10.4821 7.79853
      vertex 0.990132 10.5655 7.96229
      vertex 0.496044 10.5417 7.91559
    endloop
  endfacet
  facet normal -8.51979e-06 -0.891902 0.452229
    outer loop
      vertex 26.25 10.4821 7.79853
      vertex 0.496044 10.5417 7.91559
      vertex 0 10.5338 7.9
    endloop
  endfacet
  facet normal 0 -0.891017 0.453969
    outer loop
      vertex 1.75259 10.6361 8.10079
      vertex 26.25 10.4821 7.79853
      vertex 26.25 10.6361 8.10079
    endloop
  endfacet
  facet normal 0 -0.891012 0.45398
    outer loop
      vertex 26.25 10.4821 7.79853
      vertex 0 10.5338 7.9
      vertex -26.25 10.4821 7.79853
    endloop
  endfacet
  facet normal 0 -0.917786 0.397076
    outer loop
      vertex -26.25 10.6361 8.10079
      vertex -2.78975 10.7708 8.41213
      vertex -26.25 10.7708 8.41213
    endloop
  endfacet
  facet normal -1.08424e-06 -0.917756 0.397145
    outer loop
      vertex -2.78975 10.7708 8.41213
      vertex -26.25 10.6361 8.10079
      vertex -2.44123 10.7165 8.28665
    endloop
  endfacet
  facet normal -2.25034e-07 -0.917796 0.397052
    outer loop
      vertex -2.44123 10.7165 8.28665
      vertex -26.25 10.6361 8.10079
      vertex -1.96465 10.6566 8.14819
    endloop
  endfacet
  facet normal 0 -0.917838 0.396955
    outer loop
      vertex -1.96465 10.6566 8.14819
      vertex -26.25 10.6361 8.10079
      vertex -1.75259 10.6361 8.10079
    endloop
  endfacet
  facet normal 1.08424e-06 -0.917756 0.397145
    outer loop
      vertex 26.25 10.6361 8.10079
      vertex 2.78975 10.7708 8.41213
      vertex 2.44123 10.7165 8.28665
    endloop
  endfacet
  facet normal 2.25034e-07 -0.917796 0.397052
    outer loop
      vertex 26.25 10.6361 8.10079
      vertex 2.44123 10.7165 8.28665
      vertex 1.96465 10.6566 8.14819
    endloop
  endfacet
  facet normal 0 -0.917838 0.396955
    outer loop
      vertex 26.25 10.6361 8.10079
      vertex 1.96465 10.6566 8.14819
      vertex 1.75259 10.6361 8.10079
    endloop
  endfacet
  facet normal 0 -0.917786 0.397076
    outer loop
      vertex 2.78975 10.7708 8.41213
      vertex 26.25 10.6361 8.10079
      vertex 26.25 10.7708 8.41213
    endloop
  endfacet
  facet normal 0 -0.0314234 0.999506
    outer loop
      vertex -26.25 6.08907 5.01066
      vertex -20.25 5.75 5
      vertex -20.25 6.08907 5.01066
    endloop
  endfacet
  facet normal 0 -0.0314234 0.999506
    outer loop
      vertex -20.25 5.75 5
      vertex -26.25 6.08907 5.01066
      vertex -26.25 5.75 5
    endloop
  endfacet
  facet normal 0 -0.0314234 0.999506
    outer loop
      vertex 20.25 6.08907 5.01066
      vertex 26.25 5.75 5
      vertex 26.25 6.08907 5.01066
    endloop
  endfacet
  facet normal 0 -0.0314234 0.999506
    outer loop
      vertex 26.25 5.75 5
      vertex 20.25 6.08907 5.01066
      vertex 20.25 5.75 5
    endloop
  endfacet
  facet normal 0 -0.0314234 0.999506
    outer loop
      vertex -14.25 6.08907 5.01066
      vertex 14.25 5.75 5
      vertex 14.25 6.08907 5.01066
    endloop
  endfacet
  facet normal 0 -0.0314234 0.999506
    outer loop
      vertex 14.25 5.75 5
      vertex -14.25 6.08907 5.01066
      vertex -14.25 5.75 5
    endloop
  endfacet
  facet normal 0 0.995562 0.0941108
    outer loop
      vertex 26.25 0.39258 9.7232
      vertex 5.36125 0.366414 10
      vertex 26.25 0.366414 10
    endloop
  endfacet
  facet normal 0 0.995562 0.0941108
    outer loop
      vertex 5.36125 0.366414 10
      vertex 26.25 0.39258 9.7232
      vertex 5.04728 0.39258 9.7232
    endloop
  endfacet
  facet normal -0 0.995562 0.0941108
    outer loop
      vertex -26.25 0.39258 9.7232
      vertex -5.36125 0.366414 10
      vertex -5.04728 0.39258 9.7232
    endloop
  endfacet
  facet normal 0 0.995562 0.0941108
    outer loop
      vertex -5.36125 0.366414 10
      vertex -26.25 0.39258 9.7232
      vertex -26.25 0.366414 10
    endloop
  endfacet
  facet normal 1.51762e-06 0.987703 0.15634
    outer loop
      vertex -26.25 0.445648 9.38814
      vertex -5.04728 0.39258 9.7232
      vertex -5.03565 0.394204 9.71294
    endloop
  endfacet
  facet normal 3.23008e-09 0.987688 0.156436
    outer loop
      vertex -26.25 0.445648 9.38814
      vertex -5.03565 0.394204 9.71294
      vertex -4.6435 0.442382 9.40876
    endloop
  endfacet
  facet normal -0 0.987688 0.15644
    outer loop
      vertex -26.25 0.445648 9.38814
      vertex -4.6435 0.442382 9.40876
      vertex -4.61316 0.445648 9.38814
    endloop
  endfacet
  facet normal 0 0.987688 0.156434
    outer loop
      vertex -5.04728 0.39258 9.7232
      vertex -26.25 0.445648 9.38814
      vertex -26.25 0.39258 9.7232
    endloop
  endfacet
  facet normal 0 0.987688 0.156434
    outer loop
      vertex 26.25 0.445648 9.38814
      vertex 5.04728 0.39258 9.7232
      vertex 26.25 0.39258 9.7232
    endloop
  endfacet
  facet normal -1.51762e-06 0.987703 0.15634
    outer loop
      vertex 5.04728 0.39258 9.7232
      vertex 26.25 0.445648 9.38814
      vertex 5.03565 0.394204 9.71294
    endloop
  endfacet
  facet normal -3.23008e-09 0.987688 0.156436
    outer loop
      vertex 5.03565 0.394204 9.71294
      vertex 26.25 0.445648 9.38814
      vertex 4.6435 0.442382 9.40876
    endloop
  endfacet
  facet normal 0 0.987688 0.15644
    outer loop
      vertex 4.6435 0.442382 9.40876
      vertex 26.25 0.445648 9.38814
      vertex 4.61316 0.445648 9.38814
    endloop
  endfacet
  facet normal 2.53009e-07 0.917762 0.39713
    outer loop
      vertex -26.25 0.863934 8.10079
      vertex -2.78975 0.729206 8.41213
      vertex -2.44123 0.783503 8.28665
    endloop
  endfacet
  facet normal 3.16605e-08 0.917752 0.397154
    outer loop
      vertex -26.25 0.863934 8.10079
      vertex -2.44123 0.783503 8.28665
      vertex -1.96465 0.843421 8.14819
    endloop
  endfacet
  facet normal -0 0.917746 0.397167
    outer loop
      vertex -26.25 0.863934 8.10079
      vertex -1.96465 0.843421 8.14819
      vertex -1.75259 0.863934 8.10079
    endloop
  endfacet
  facet normal 0 0.917756 0.397146
    outer loop
      vertex -2.78975 0.729206 8.41213
      vertex -26.25 0.863934 8.10079
      vertex -26.25 0.729206 8.41213
    endloop
  endfacet
  facet normal 0 0.917756 0.397146
    outer loop
      vertex 26.25 0.863934 8.10079
      vertex 2.78975 0.729206 8.41213
      vertex 26.25 0.729206 8.41213
    endloop
  endfacet
  facet normal -2.53009e-07 0.917762 0.39713
    outer loop
      vertex 2.78975 0.729206 8.41213
      vertex 26.25 0.863934 8.10079
      vertex 2.44123 0.783503 8.28665
    endloop
  endfacet
  facet normal -3.16605e-08 0.917752 0.397154
    outer loop
      vertex 2.44123 0.783503 8.28665
      vertex 26.25 0.863934 8.10079
      vertex 1.96465 0.843421 8.14819
    endloop
  endfacet
  facet normal 0 0.917746 0.397167
    outer loop
      vertex 1.96465 0.843421 8.14819
      vertex 26.25 0.863934 8.10079
      vertex 1.75259 0.863934 8.10079
    endloop
  endfacet
  facet normal -1.30777e-07 0.940878 0.338747
    outer loop
      vertex -26.25 0.729206 8.41213
      vertex -3.51957 0.614294 8.73131
      vertex -3.36366 0.642895 8.65187
    endloop
  endfacet
  facet normal -1.06509e-08 0.940881 0.338736
    outer loop
      vertex -26.25 0.729206 8.41213
      vertex -3.36366 0.642895 8.65187
      vertex -2.90818 0.713855 8.45477
    endloop
  endfacet
  facet normal -0 0.940883 0.338731
    outer loop
      vertex -26.25 0.729206 8.41213
      vertex -2.90818 0.713855 8.45477
      vertex -2.78975 0.729206 8.41213
    endloop
  endfacet
  facet normal 0 0.940881 0.338738
    outer loop
      vertex -3.51957 0.614294 8.73131
      vertex -26.25 0.729206 8.41213
      vertex -26.25 0.614294 8.73131
    endloop
  endfacet
  facet normal 0 0.940881 0.338738
    outer loop
      vertex 26.25 0.729206 8.41213
      vertex 3.51957 0.614294 8.73131
      vertex 26.25 0.614294 8.73131
    endloop
  endfacet
  facet normal 1.30777e-07 0.940878 0.338747
    outer loop
      vertex 3.51957 0.614294 8.73131
      vertex 26.25 0.729206 8.41213
      vertex 3.36366 0.642895 8.65187
    endloop
  endfacet
  facet normal 1.06509e-08 0.940881 0.338736
    outer loop
      vertex 3.36366 0.642895 8.65187
      vertex 26.25 0.729206 8.41213
      vertex 2.90818 0.713855 8.45477
    endloop
  endfacet
  facet normal 0 0.940883 0.338731
    outer loop
      vertex 2.90818 0.713855 8.45477
      vertex 26.25 0.729206 8.41213
      vertex 2.78975 0.729206 8.41213
    endloop
  endfacet
  facet normal 0 0.750106 0.661317
    outer loop
      vertex 26.25 1.81357 6.70345
      vertex -26.25 1.58923 6.95791
      vertex 26.25 1.58923 6.95791
    endloop
  endfacet
  facet normal 0 0.750106 0.661317
    outer loop
      vertex -26.25 1.58923 6.95791
      vertex 26.25 1.81357 6.70345
      vertex -26.25 1.81357 6.70345
    endloop
  endfacet
  facet normal -0 0.661303 0.750119
    outer loop
      vertex -26.25 2.30791 6.23923
      vertex 26.25 2.05344 6.46357
      vertex 26.25 2.30791 6.23923
    endloop
  endfacet
  facet normal 0 0.661303 0.750119
    outer loop
      vertex 26.25 2.05344 6.46357
      vertex -26.25 2.30791 6.23923
      vertex -26.25 2.05344 6.46357
    endloop
  endfacet
  facet normal -0 0.397126 0.917764
    outer loop
      vertex -26.25 3.76213 5.37921
      vertex 16.25 3.45079 5.51393
      vertex 16.25 3.76213 5.37921
    endloop
  endfacet
  facet normal 0 0.397126 0.917764
    outer loop
      vertex 16.25 3.45079 5.51393
      vertex -26.25 3.76213 5.37921
      vertex -26.25 3.45079 5.51393
    endloop
  endfacet
  facet normal -0 0.397126 0.917764
    outer loop
      vertex 18.25 3.76213 5.37921
      vertex 26.25 3.45079 5.51393
      vertex 26.25 3.76213 5.37921
    endloop
  endfacet
  facet normal 0 0.397126 0.917764
    outer loop
      vertex 26.25 3.45079 5.51393
      vertex 18.25 3.76213 5.37921
      vertex 18.25 3.45079 5.51393
    endloop
  endfacet
  facet normal 0 -0.218135 0.975919
    outer loop
      vertex 18.25 7.09293 5.16965
      vertex 26.25 6.76186 5.09565
      vertex 26.25 7.09293 5.16965
    endloop
  endfacet
  facet normal 0 -0.218135 0.975919
    outer loop
      vertex 26.25 6.76186 5.09565
      vertex 18.25 7.09293 5.16965
      vertex 18.25 6.76186 5.09565
    endloop
  endfacet
  facet normal 0 -0.218135 0.975919
    outer loop
      vertex -26.25 7.09293 5.16965
      vertex 16.25 6.76186 5.09565
      vertex 16.25 7.09293 5.16965
    endloop
  endfacet
  facet normal 0 -0.218135 0.975919
    outer loop
      vertex 16.25 6.76186 5.09565
      vertex -26.25 7.09293 5.16965
      vertex -26.25 6.76186 5.09565
    endloop
  endfacet
  facet normal 0 -0.509058 0.860732
    outer loop
      vertex -26.25 8.64346 5.84063
      vertex 16.25 8.35147 5.66794
      vertex 16.25 8.64346 5.84063
    endloop
  endfacet
  facet normal 0 -0.509058 0.860732
    outer loop
      vertex 16.25 8.35147 5.66794
      vertex -26.25 8.64346 5.84063
      vertex -26.25 8.35147 5.66794
    endloop
  endfacet
  facet normal 0 -0.509058 0.860732
    outer loop
      vertex 18.25 8.64346 5.84063
      vertex 26.25 8.35147 5.66794
      vertex 26.25 8.64346 5.84063
    endloop
  endfacet
  facet normal 0 -0.509058 0.860732
    outer loop
      vertex 26.25 8.35147 5.66794
      vertex 18.25 8.64346 5.84063
      vertex 18.25 8.35147 5.66794
    endloop
  endfacet
  facet normal 0 -0.612905 0.790156
    outer loop
      vertex -26.25 9.19209 6.23923
      vertex 26.25 8.92404 6.03131
      vertex 26.25 9.19209 6.23923
    endloop
  endfacet
  facet normal 0 -0.612905 0.790156
    outer loop
      vertex 26.25 8.92404 6.03131
      vertex -26.25 9.19209 6.23923
      vertex -26.25 8.92404 6.03131
    endloop
  endfacet
  facet normal 0 -0.860727 0.509067
    outer loop
      vertex -26.25 10.3094 7.50653
      vertex 26.25 10.4821 7.79853
      vertex -26.25 10.4821 7.79853
    endloop
  endfacet
  facet normal 0 -0.860727 0.509067
    outer loop
      vertex 26.25 10.4821 7.79853
      vertex -26.25 10.3094 7.50653
      vertex 26.25 10.3094 7.50653
    endloop
  endfacet
  facet normal 0 0.827074 0.562093
    outer loop
      vertex 26.25 1.38131 7.22596
      vertex -26.25 1.19063 7.50653
      vertex 26.25 1.19063 7.50653
    endloop
  endfacet
  facet normal 0 0.827074 0.562093
    outer loop
      vertex -26.25 1.19063 7.50653
      vertex 26.25 1.38131 7.22596
      vertex -26.25 1.38131 7.22596
    endloop
  endfacet
  facet normal -0 0.509045 0.86074
    outer loop
      vertex 18.25 3.14853 5.66794
      vertex 26.25 2.85653 5.84063
      vertex 26.25 3.14853 5.66794
    endloop
  endfacet
  facet normal 0 0.509045 0.86074
    outer loop
      vertex 26.25 2.85653 5.84063
      vertex 18.25 3.14853 5.66794
      vertex 18.25 2.85653 5.84063
    endloop
  endfacet
  facet normal -0 0.509045 0.86074
    outer loop
      vertex -26.25 3.14853 5.66794
      vertex 16.25 2.85653 5.84063
      vertex 16.25 3.14853 5.66794
    endloop
  endfacet
  facet normal 0 0.509045 0.86074
    outer loop
      vertex 16.25 2.85653 5.84063
      vertex -26.25 3.14853 5.66794
      vertex -26.25 2.85653 5.84063
    endloop
  endfacet
  facet normal -0 0.156439 0.987688
    outer loop
      vertex 20.25 5.0732 5.04258
      vertex 26.25 4.73814 5.09565
      vertex 26.25 5.0732 5.04258
    endloop
  endfacet
  facet normal -2.55988e-07 0.156435 0.987688
    outer loop
      vertex 20.25 4.75 5.09377
      vertex 26.25 4.73814 5.09565
      vertex 20.25 5.0732 5.04258
    endloop
  endfacet
  facet normal 0 0.156561 0.987668
    outer loop
      vertex 18.25 4.73814 5.09565
      vertex 20.25 4.75 5.09377
      vertex 18.25 4.75 5.09377
    endloop
  endfacet
  facet normal 0 0.156561 0.987668
    outer loop
      vertex 20.25 4.75 5.09377
      vertex 18.25 4.73814 5.09565
      vertex 26.25 4.73814 5.09565
    endloop
  endfacet
  facet normal 0 0.156435 0.987688
    outer loop
      vertex -20.25 5.0732 5.04258
      vertex -26.25 5.0732 5.04258
      vertex -20.25 4.75 5.09377
    endloop
  endfacet
  facet normal 0 0.156435 0.987688
    outer loop
      vertex 14.25 5.0732 5.04258
      vertex -14.25 5.0732 5.04258
      vertex 14.25 4.75 5.09377
    endloop
  endfacet
  facet normal -0 0.156561 0.987668
    outer loop
      vertex 14.25 4.75 5.09377
      vertex 16.25 4.73814 5.09565
      vertex 16.25 4.75 5.09377
    endloop
  endfacet
  facet normal -0 0.156435 0.987688
    outer loop
      vertex -14.25 4.75 5.09377
      vertex 14.25 4.75 5.09377
      vertex -14.25 5.0732 5.04258
    endloop
  endfacet
  facet normal -0 0.156561 0.987668
    outer loop
      vertex -14.25 4.75 5.09377
      vertex 16.25 4.73814 5.09565
      vertex 14.25 4.75 5.09377
    endloop
  endfacet
  facet normal -0 0.156561 0.987668
    outer loop
      vertex -20.25 4.75 5.09377
      vertex 16.25 4.73814 5.09565
      vertex -14.25 4.75 5.09377
    endloop
  endfacet
  facet normal 0 0.156561 0.987668
    outer loop
      vertex -20.25 4.75 5.09377
      vertex -26.25 4.73814 5.09565
      vertex 16.25 4.73814 5.09565
    endloop
  endfacet
  facet normal 2.46927e-07 0.156439 0.987688
    outer loop
      vertex -26.25 4.73814 5.09565
      vertex -20.25 4.75 5.09377
      vertex -26.25 5.0732 5.04258
    endloop
  endfacet
  facet normal 1 -0 0
    outer loop
      vertex 28.25 3 5
      vertex 28.25 8.5 3.05
      vertex 28.25 8.5 5
    endloop
  endfacet
  facet normal 1 0 0
    outer loop
      vertex 28.25 8.5 3.05
      vertex 28.25 3 5
      vertex 28.25 3 3.05
    endloop
  endfacet
  facet normal 0 -1 0
    outer loop
      vertex 22.25 8.5 3.05
      vertex 22.25 8.5 0
      vertex 28.25 8.5 3.05
    endloop
  endfacet
  facet normal 0 -1 0
    outer loop
      vertex 28.25 8.5 3.05
      vertex 29.25 8.5 5
      vertex 28.25 8.5 5
    endloop
  endfacet
  facet normal 0 -1 0
    outer loop
      vertex 28.25 8.5 3.05
      vertex 29.25 8.5 0
      vertex 29.25 8.5 5
    endloop
  endfacet
  facet normal 0 -1 0
    outer loop
      vertex 29.25 8.5 0
      vertex 28.25 8.5 3.05
      vertex 22.25 8.5 0
    endloop
  endfacet
  facet normal 0 1 0
    outer loop
      vertex 29.25 3 5
      vertex 28.25 3 3.05
      vertex 28.25 3 5
    endloop
  endfacet
  facet normal 0 1 -0
    outer loop
      vertex 29.25 3 0
      vertex 28.25 3 3.05
      vertex 29.25 3 5
    endloop
  endfacet
  facet normal 0 1 0
    outer loop
      vertex 22.25 3 0
      vertex 28.25 3 3.05
      vertex 29.25 3 0
    endloop
  endfacet
  facet normal 0 1 0
    outer loop
      vertex 28.25 3 3.05
      vertex 22.25 3 0
      vertex 22.25 3 3.05
    endloop
  endfacet
  facet normal 1 0 0
    outer loop
      vertex 27.85 10.8115 11.2123
      vertex 27.85 10.95 11.0296
      vertex 27.85 10.9271 11.0634
    endloop
  endfacet
  facet normal 1 0 0
    outer loop
      vertex 27.85 10.95 11.0296
      vertex 27.85 10.8115 11.2123
      vertex 27.85 8.50002 12.3
    endloop
  endfacet
  facet normal 1 0 0
    outer loop
      vertex 27.85 8.50002 12.3
      vertex 27.85 10.8115 11.2123
      vertex 27.85 10.6869 11.3536
    endloop
  endfacet
  facet normal 1 0 0
    outer loop
      vertex 27.85 8.50002 12.3
      vertex 27.85 10.6869 11.3536
      vertex 27.85 10.5536 11.4869
    endloop
  endfacet
  facet normal 1 0 0
    outer loop
      vertex 27.85 8.50002 12.3
      vertex 27.85 10.5536 11.4869
      vertex 27.85 10.4123 11.6115
    endloop
  endfacet
  facet normal 1 0 0
    outer loop
      vertex 27.85 8.50002 12.3
      vertex 27.85 10.4123 11.6115
      vertex 27.85 10.2634 11.7271
    endloop
  endfacet
  facet normal 1 0 0
    outer loop
      vertex 27.85 8.50002 12.3
      vertex 27.85 10.2634 11.7271
      vertex 27.85 10.1075 11.833
    endloop
  endfacet
  facet normal 1 0 0
    outer loop
      vertex 27.85 8.50002 12.3
      vertex 27.85 10.1075 11.833
      vertex 27.85 9.94526 11.9289
    endloop
  endfacet
  facet normal 1 0 0
    outer loop
      vertex 27.85 8.50002 12.3
      vertex 27.85 9.94526 11.9289
      vertex 27.85 9.77734 12.0145
    endloop
  endfacet
  facet normal 1 0 0
    outer loop
      vertex 27.85 8.50002 12.3
      vertex 27.85 9.77734 12.0145
      vertex 27.85 9.60437 12.0893
    endloop
  endfacet
  facet normal 1 0 0
    outer loop
      vertex 27.85 8.50002 12.3
      vertex 27.85 9.60437 12.0893
      vertex 27.85 9.42705 12.1532
    endloop
  endfacet
  facet normal 1 0 0
    outer loop
      vertex 27.85 8.50002 12.3
      vertex 27.85 9.42705 12.1532
      vertex 27.85 9.24607 12.2058
    endloop
  endfacet
  facet normal 1 0 0
    outer loop
      vertex 27.85 8.50002 12.3
      vertex 27.85 9.24607 12.2058
      vertex 27.85 9.06214 12.2469
    endloop
  endfacet
  facet normal 1 0 0
    outer loop
      vertex 27.85 8.50002 12.3
      vertex 27.85 9.06214 12.2469
      vertex 27.85 8.876 12.2763
    endloop
  endfacet
  facet normal 1 0 0
    outer loop
      vertex 27.85 8.50002 12.3
      vertex 27.85 8.876 12.2763
      vertex 27.85 8.68837 12.2941
    endloop
  endfacet
  facet normal 1 0 0
    outer loop
      vertex 27.85 10.95 11.0296
      vertex 27.85 8.50002 12.3
      vertex 27.85 10.95 5
    endloop
  endfacet
  facet normal 1 0 0
    outer loop
      vertex 27.85 0.549999 5
      vertex 27.85 8.50002 12.3
      vertex 27.85 0.549999 12.3
    endloop
  endfacet
  facet normal 1 0 0
    outer loop
      vertex 27.85 8.50002 12.3
      vertex 27.85 0.549999 5
      vertex 27.85 10.95 5
    endloop
  endfacet
  facet normal 0 0 1
    outer loop
      vertex 29.25 10.95 5
      vertex 28.25 8.5 5
      vertex 29.25 8.5 5
    endloop
  endfacet
  facet normal 0 0 1
    outer loop
      vertex 28.25 8.5 5
      vertex 27.85 10.95 5
      vertex 28.25 3 5
    endloop
  endfacet
  facet normal -0 0 1
    outer loop
      vertex 27.85 10.95 5
      vertex 28.25 8.5 5
      vertex 29.25 10.95 5
    endloop
  endfacet
  facet normal -0 0 1
    outer loop
      vertex 28.25 3 5
      vertex 29.25 0.549999 5
      vertex 29.25 3 5
    endloop
  endfacet
  facet normal 0 0 1
    outer loop
      vertex 28.25 3 5
      vertex 27.85 0.549999 5
      vertex 29.25 0.549999 5
    endloop
  endfacet
  facet normal 0 0 1
    outer loop
      vertex 27.85 0.549999 5
      vertex 28.25 3 5
      vertex 27.85 10.95 5
    endloop
  endfacet
  facet normal 0 1 -0
    outer loop
      vertex 29.25 0.549999 5
      vertex 27.85 0.549999 12.3
      vertex 29.25 0.549999 12.3
    endloop
  endfacet
  facet normal 0 1 0
    outer loop
      vertex 27.85 0.549999 12.3
      vertex 29.25 0.549999 5
      vertex 27.85 0.549999 5
    endloop
  endfacet
  facet normal 0 -1 0
    outer loop
      vertex 27.85 10.95 5
      vertex 29.25 10.95 11.0296
      vertex 27.85 10.95 11.0296
    endloop
  endfacet
  facet normal 0 -1 -0
    outer loop
      vertex 29.25 10.95 11.0296
      vertex 27.85 10.95 5
      vertex 29.25 10.95 5
    endloop
  endfacet
  facet normal -1 0 0
    outer loop
      vertex -28.25 3 3.05
      vertex -28.25 8.5 5
      vertex -28.25 8.5 3.05
    endloop
  endfacet
  facet normal -1 -0 0
    outer loop
      vertex -28.25 8.5 5
      vertex -28.25 3 3.05
      vertex -28.25 3 5
    endloop
  endfacet
  facet normal 0 -1 0
    outer loop
      vertex -29.25 8.5 5
      vertex -28.25 8.5 3.05
      vertex -28.25 8.5 5
    endloop
  endfacet
  facet normal 0 -1 0
    outer loop
      vertex -29.25 8.5 0
      vertex -28.25 8.5 3.05
      vertex -29.25 8.5 5
    endloop
  endfacet
  facet normal 0 -1 0
    outer loop
      vertex -22.25 8.5 0
      vertex -28.25 8.5 3.05
      vertex -29.25 8.5 0
    endloop
  endfacet
  facet normal 0 -1 0
    outer loop
      vertex -28.25 8.5 3.05
      vertex -22.25 8.5 0
      vertex -22.25 8.5 3.05
    endloop
  endfacet
  facet normal 0 1 0
    outer loop
      vertex -22.25 3 3.05
      vertex -22.25 3 0
      vertex -28.25 3 3.05
    endloop
  endfacet
  facet normal 0 1 -0
    outer loop
      vertex -28.25 3 3.05
      vertex -29.25 3 5
      vertex -28.25 3 5
    endloop
  endfacet
  facet normal 0 1 0
    outer loop
      vertex -28.25 3 3.05
      vertex -29.25 3 0
      vertex -29.25 3 5
    endloop
  endfacet
  facet normal 0 1 0
    outer loop
      vertex -29.25 3 0
      vertex -28.25 3 3.05
      vertex -22.25 3 0
    endloop
  endfacet
  facet normal -1 0 0
    outer loop
      vertex -27.85 8.50002 12.3
      vertex -27.85 10.95 11.0296
      vertex -27.85 10.95 5
    endloop
  endfacet
  facet normal -1 -0 -0
    outer loop
      vertex -27.85 10.8115 11.2123
      vertex -27.85 10.95 11.0296
      vertex -27.85 8.50002 12.3
    endloop
  endfacet
  facet normal -1 0 0
    outer loop
      vertex -27.85 10.95 11.0296
      vertex -27.85 10.8115 11.2123
      vertex -27.85 10.9271 11.0634
    endloop
  endfacet
  facet normal -1 0 0
    outer loop
      vertex -27.85 10.8115 11.2123
      vertex -27.85 8.50002 12.3
      vertex -27.85 10.6869 11.3536
    endloop
  endfacet
  facet normal -1 0 0
    outer loop
      vertex -27.85 10.6869 11.3536
      vertex -27.85 8.50002 12.3
      vertex -27.85 10.5536 11.4869
    endloop
  endfacet
  facet normal -1 0 0
    outer loop
      vertex -27.85 10.5536 11.4869
      vertex -27.85 8.50002 12.3
      vertex -27.85 10.4123 11.6115
    endloop
  endfacet
  facet normal -1 0 0
    outer loop
      vertex -27.85 10.4123 11.6115
      vertex -27.85 8.50002 12.3
      vertex -27.85 10.2634 11.7271
    endloop
  endfacet
  facet normal -1 0 0
    outer loop
      vertex -27.85 10.2634 11.7271
      vertex -27.85 8.50002 12.3
      vertex -27.85 10.1075 11.833
    endloop
  endfacet
  facet normal -1 0 0
    outer loop
      vertex -27.85 10.1075 11.833
      vertex -27.85 8.50002 12.3
      vertex -27.85 9.94526 11.9289
    endloop
  endfacet
  facet normal -1 0 0
    outer loop
      vertex -27.85 9.94526 11.9289
      vertex -27.85 8.50002 12.3
      vertex -27.85 9.77734 12.0145
    endloop
  endfacet
  facet normal -1 0 0
    outer loop
      vertex -27.85 9.77734 12.0145
      vertex -27.85 8.50002 12.3
      vertex -27.85 9.60437 12.0893
    endloop
  endfacet
  facet normal -1 0 0
    outer loop
      vertex -27.85 9.60437 12.0893
      vertex -27.85 8.50002 12.3
      vertex -27.85 9.42705 12.1532
    endloop
  endfacet
  facet normal -1 0 0
    outer loop
      vertex -27.85 9.42705 12.1532
      vertex -27.85 8.50002 12.3
      vertex -27.85 9.24607 12.2058
    endloop
  endfacet
  facet normal -1 0 0
    outer loop
      vertex -27.85 9.24607 12.2058
      vertex -27.85 8.50002 12.3
      vertex -27.85 9.06214 12.2469
    endloop
  endfacet
  facet normal -1 0 0
    outer loop
      vertex -27.85 9.06214 12.2469
      vertex -27.85 8.50002 12.3
      vertex -27.85 8.876 12.2763
    endloop
  endfacet
  facet normal -1 0 0
    outer loop
      vertex -27.85 8.876 12.2763
      vertex -27.85 8.50002 12.3
      vertex -27.85 8.68837 12.2941
    endloop
  endfacet
  facet normal -1 0 0
    outer loop
      vertex -27.85 0.549999 5
      vertex -27.85 8.50002 12.3
      vertex -27.85 10.95 5
    endloop
  endfacet
  facet normal -1 -0 0
    outer loop
      vertex -27.85 8.50002 12.3
      vertex -27.85 0.549999 5
      vertex -27.85 0.549999 12.3
    endloop
  endfacet
  facet normal 0 -1 0
    outer loop
      vertex -29.25 10.95 5
      vertex -27.85 10.95 11.0296
      vertex -29.25 10.95 11.0296
    endloop
  endfacet
  facet normal 0 -1 -0
    outer loop
      vertex -27.85 10.95 11.0296
      vertex -29.25 10.95 5
      vertex -27.85 10.95 5
    endloop
  endfacet
  facet normal 0 0 1
    outer loop
      vertex -27.85 10.95 5
      vertex -28.25 8.5 5
      vertex -27.85 0.549999 5
    endloop
  endfacet
  facet normal -0 0 1
    outer loop
      vertex -29.25 10.95 5
      vertex -28.25 8.5 5
      vertex -27.85 10.95 5
    endloop
  endfacet
  facet normal 0 0 1
    outer loop
      vertex -28.25 8.5 5
      vertex -29.25 10.95 5
      vertex -29.25 8.5 5
    endloop
  endfacet
  facet normal -0 0 1
    outer loop
      vertex -28.25 3 5
      vertex -27.85 0.549999 5
      vertex -28.25 8.5 5
    endloop
  endfacet
  facet normal 0 0 1
    outer loop
      vertex -29.25 0.549999 5
      vertex -28.25 3 5
      vertex -29.25 3 5
    endloop
  endfacet
  facet normal 0 0 1
    outer loop
      vertex -28.25 3 5
      vertex -29.25 0.549999 5
      vertex -27.85 0.549999 5
    endloop
  endfacet
  facet normal 0 1 -0
    outer loop
      vertex -27.85 0.549999 5
      vertex -29.25 0.549999 12.3
      vertex -27.85 0.549999 12.3
    endloop
  endfacet
  facet normal 0 1 0
    outer loop
      vertex -29.25 0.549999 12.3
      vertex -27.85 0.549999 5
      vertex -29.25 0.549999 5
    endloop
  endfacet
  facet normal 1 -0 0
    outer loop
      vertex 22.25 3 3.05
      vertex 22.25 3.00543 0
      vertex 22.25 3.00543 3.05
    endloop
  endfacet
  facet normal 1 0 0
    outer loop
      vertex 22.25 3.00543 0
      vertex 22.25 3 3.05
      vertex 22.25 3 0
    endloop
  endfacet
  facet normal 1 -0 0
    outer loop
      vertex 22.25 8.49457 3.05
      vertex 22.25 8.5 0
      vertex 22.25 8.5 3.05
    endloop
  endfacet
  facet normal 1 0 0
    outer loop
      vertex 22.25 8.5 0
      vertex 22.25 8.49457 3.05
      vertex 22.25 8.49457 0
    endloop
  endfacet
  facet normal 0 0 -1
    outer loop
      vertex 21.7347 3.04871 3.05
      vertex 22.25 3.00543 3.05
      vertex 22.0773 3.00543 3.05
    endloop
  endfacet
  facet normal 0 0 -1
    outer loop
      vertex 21.4002 3.13459 3.05
      vertex 22.25 3.00543 3.05
      vertex 21.7347 3.04871 3.05
    endloop
  endfacet
  facet normal 0 0 -1
    outer loop
      vertex 22.25 3.00543 3.05
      vertex 21.4002 3.13459 3.05
      vertex 22.25 8.49457 3.05
    endloop
  endfacet
  facet normal -0 0 -1
    outer loop
      vertex 22.25 8.49457 3.05
      vertex 21.7347 8.45129 3.05
      vertex 22.0773 8.49457 3.05
    endloop
  endfacet
  facet normal 0 0 -1
    outer loop
      vertex 21.4002 8.36541 3.05
      vertex 22.25 8.49457 3.05
      vertex 21.4002 3.13459 3.05
    endloop
  endfacet
  facet normal 0 0 -1
    outer loop
      vertex 22.25 8.49457 3.05
      vertex 21.4002 8.36541 3.05
      vertex 21.7347 8.45129 3.05
    endloop
  endfacet
  facet normal 0 0 -1
    outer loop
      vertex 21.0791 3.26173 3.05
      vertex 21.4002 8.36541 3.05
      vertex 21.4002 3.13459 3.05
    endloop
  endfacet
  facet normal 0 0 -1
    outer loop
      vertex 21.0791 3.26173 3.05
      vertex 21.0791 8.23827 3.05
      vertex 21.4002 8.36541 3.05
    endloop
  endfacet
  facet normal 0 0 -1
    outer loop
      vertex 20.7765 3.4281 3.05
      vertex 21.0791 8.23827 3.05
      vertex 21.0791 3.26173 3.05
    endloop
  endfacet
  facet normal 0 0 -1
    outer loop
      vertex 20.7765 3.4281 3.05
      vertex 20.7765 8.0719 3.05
      vertex 21.0791 8.23827 3.05
    endloop
  endfacet
  facet normal 0 0 -1
    outer loop
      vertex 20.4971 3.63109 3.05
      vertex 20.7765 8.0719 3.05
      vertex 20.7765 3.4281 3.05
    endloop
  endfacet
  facet normal 0 0 -1
    outer loop
      vertex 20.4971 3.63109 3.05
      vertex 20.4971 7.86891 3.05
      vertex 20.7765 8.0719 3.05
    endloop
  endfacet
  facet normal 0 0 -1
    outer loop
      vertex 20.2453 3.86749 3.05
      vertex 20.4971 7.86891 3.05
      vertex 20.4971 3.63109 3.05
    endloop
  endfacet
  facet normal 0 0 -1
    outer loop
      vertex 20.2453 3.86749 3.05
      vertex 20.2453 7.6325 3.05
      vertex 20.4971 7.86891 3.05
    endloop
  endfacet
  facet normal 0 0 -1
    outer loop
      vertex 20.0252 4.13359 3.05
      vertex 20.2453 7.6325 3.05
      vertex 20.2453 3.86749 3.05
    endloop
  endfacet
  facet normal 0 0 -1
    outer loop
      vertex 20.0252 4.13359 3.05
      vertex 20.0252 7.36641 3.05
      vertex 20.2453 7.6325 3.05
    endloop
  endfacet
  facet normal 0 0 -1
    outer loop
      vertex 19.8402 4.42518 3.05
      vertex 20.0252 7.36641 3.05
      vertex 20.0252 4.13359 3.05
    endloop
  endfacet
  facet normal 0 0 -1
    outer loop
      vertex 19.8402 4.42518 3.05
      vertex 19.8402 7.07482 3.05
      vertex 20.0252 7.36641 3.05
    endloop
  endfacet
  facet normal 0 0 -1
    outer loop
      vertex 19.6931 4.73766 3.05
      vertex 19.8402 7.07482 3.05
      vertex 19.8402 4.42518 3.05
    endloop
  endfacet
  facet normal 0 0 -1
    outer loop
      vertex 19.6931 4.73766 3.05
      vertex 19.6931 6.76234 3.05
      vertex 19.8402 7.07482 3.05
    endloop
  endfacet
  facet normal 0 0 -1
    outer loop
      vertex 19.5864 5.0661 3.05
      vertex 19.6931 6.76234 3.05
      vertex 19.6931 4.73766 3.05
    endloop
  endfacet
  facet normal 0 0 -1
    outer loop
      vertex 19.5864 5.0661 3.05
      vertex 19.5864 6.4339 3.05
      vertex 19.6931 6.76234 3.05
    endloop
  endfacet
  facet normal 0 0 -1
    outer loop
      vertex 19.5217 5.40533 3.05
      vertex 19.5864 6.4339 3.05
      vertex 19.5864 5.0661 3.05
    endloop
  endfacet
  facet normal 0 0 -1
    outer loop
      vertex 19.5217 5.40533 3.05
      vertex 19.5217 6.09467 3.05
      vertex 19.5864 6.4339 3.05
    endloop
  endfacet
  facet normal 0 -0 -1
    outer loop
      vertex 19.5217 6.09467 3.05
      vertex 19.5217 5.40533 3.05
      vertex 19.5 5.75 3.05
    endloop
  endfacet
  facet normal 0 0 -1
    outer loop
      vertex 22.25 3.00543 3.05
      vertex 28.25 3 3.05
      vertex 22.25 3 3.05
    endloop
  endfacet
  facet normal 0 0 -1
    outer loop
      vertex 28.25 3 3.05
      vertex 22.25 3.00543 3.05
      vertex 28.25 8.5 3.05
    endloop
  endfacet
  facet normal 0 0 -1
    outer loop
      vertex 22.25 8.49457 3.05
      vertex 28.25 8.5 3.05
      vertex 22.25 3.00543 3.05
    endloop
  endfacet
  facet normal -0 0 -1
    outer loop
      vertex 28.25 8.5 3.05
      vertex 22.25 8.49457 3.05
      vertex 22.25 8.5 3.05
    endloop
  endfacet
  facet normal 0.125332 -0.992115 0
    outer loop
      vertex 21.7347 8.45129 0
      vertex 22.0773 8.49457 3.05
      vertex 21.7347 8.45129 3.05
    endloop
  endfacet
  facet normal 0.125332 -0.992115 0
    outer loop
      vertex 22.0773 8.49457 3.05
      vertex 21.7347 8.45129 0
      vertex 22.0773 8.49457 0
    endloop
  endfacet
  facet normal 0.770554 -0.637374 0
    outer loop
      vertex 20.0252 7.36641 3.05
      vertex 20.2453 7.6325 0
      vertex 20.2453 7.6325 3.05
    endloop
  endfacet
  facet normal 0.770554 -0.637374 0
    outer loop
      vertex 20.2453 7.6325 0
      vertex 20.0252 7.36641 3.05
      vertex 20.0252 7.36641 0
    endloop
  endfacet
  facet normal 0.481785 -0.876289 0
    outer loop
      vertex 20.7765 8.0719 0
      vertex 21.0791 8.23827 3.05
      vertex 20.7765 8.0719 3.05
    endloop
  endfacet
  facet normal 0.481785 -0.876289 0
    outer loop
      vertex 21.0791 8.23827 3.05
      vertex 20.7765 8.0719 0
      vertex 21.0791 8.23827 0
    endloop
  endfacet
  facet normal 0.951071 -0.308973 0
    outer loop
      vertex 19.5864 6.4339 3.05
      vertex 19.6931 6.76234 2.55
      vertex 19.6931 6.76234 3.05
    endloop
  endfacet
  facet normal 0.951071 -0.308973 0
    outer loop
      vertex 19.6931 6.76234 2.55
      vertex 19.5864 6.4339 3.05
      vertex 19.5864 6.4339 2.55
    endloop
  endfacet
  facet normal 0.904762 -0.425917 0
    outer loop
      vertex 19.6931 6.76234 3.05
      vertex 19.8402 7.07482 2.55
      vertex 19.8402 7.07482 3.05
    endloop
  endfacet
  facet normal 0.904762 -0.425917 0
    outer loop
      vertex 19.8402 7.07482 2.55
      vertex 19.6931 6.76234 3.05
      vertex 19.6931 6.76234 2.55
    endloop
  endfacet
  facet normal 0.982293 -0.187349 0
    outer loop
      vertex 19.5217 6.09467 3.05
      vertex 19.5864 6.4339 2.55
      vertex 19.5864 6.4339 3.05
    endloop
  endfacet
  facet normal 0.982293 -0.187349 0
    outer loop
      vertex 19.5864 6.4339 2.55
      vertex 19.5217 6.09467 3.05
      vertex 19.5217 6.09467 2.55
    endloop
  endfacet
  facet normal 0.998024 0.0628344 0
    outer loop
      vertex 19.5217 5.40533 3.05
      vertex 19.5 5.75 2.55
      vertex 19.5 5.75 3.05
    endloop
  endfacet
  facet normal 0.998024 0.0628344 0
    outer loop
      vertex 19.5 5.75 2.55
      vertex 19.5217 5.40533 3.05
      vertex 19.5217 5.40533 2.55
    endloop
  endfacet
  facet normal 0.684476 -0.729035 0
    outer loop
      vertex 20.2453 7.6325 0
      vertex 20.4971 7.86891 3.05
      vertex 20.2453 7.6325 3.05
    endloop
  endfacet
  facet normal 0.684476 -0.729035 0
    outer loop
      vertex 20.4971 7.86891 3.05
      vertex 20.2453 7.6325 0
      vertex 20.4971 7.86891 0
    endloop
  endfacet
  facet normal 0.248676 -0.968587 0
    outer loop
      vertex 21.4002 8.36541 0
      vertex 21.7347 8.45129 3.05
      vertex 21.4002 8.36541 3.05
    endloop
  endfacet
  facet normal 0.248676 -0.968587 0
    outer loop
      vertex 21.7347 8.45129 3.05
      vertex 21.4002 8.36541 0
      vertex 21.7347 8.45129 0
    endloop
  endfacet
  facet normal 0.125332 0.992115 -0
    outer loop
      vertex 22.0773 3.00543 0
      vertex 21.7347 3.04871 3.05
      vertex 22.0773 3.00543 3.05
    endloop
  endfacet
  facet normal 0.125332 0.992115 0
    outer loop
      vertex 21.7347 3.04871 3.05
      vertex 22.0773 3.00543 0
      vertex 21.7347 3.04871 0
    endloop
  endfacet
  facet normal 0.844392 0.535726 0
    outer loop
      vertex 20.0252 4.13359 3.05
      vertex 19.8402 4.42518 0
      vertex 19.8402 4.42518 3.05
    endloop
  endfacet
  facet normal 0.844392 0.535726 0
    outer loop
      vertex 19.8402 4.42518 0
      vertex 20.0252 4.13359 3.05
      vertex 20.0252 4.13359 0
    endloop
  endfacet
  facet normal 0 -1 0
    outer loop
      vertex 22.0773 8.49457 0
      vertex 22.25 8.49457 3.05
      vertex 22.0773 8.49457 3.05
    endloop
  endfacet
  facet normal 0 -1 -0
    outer loop
      vertex 22.25 8.49457 3.05
      vertex 22.0773 8.49457 0
      vertex 22.25 8.49457 0
    endloop
  endfacet
  facet normal 0.998024 -0.0628344 0
    outer loop
      vertex 19.5 5.75 3.05
      vertex 19.5217 6.09467 2.55
      vertex 19.5217 6.09467 3.05
    endloop
  endfacet
  facet normal 0.998024 -0.0628344 0
    outer loop
      vertex 19.5217 6.09467 2.55
      vertex 19.5 5.75 3.05
      vertex 19.5 5.75 2.55
    endloop
  endfacet
  facet normal 0.587774 -0.809025 0
    outer loop
      vertex 20.4971 7.86891 0
      vertex 20.7765 8.0719 3.05
      vertex 20.4971 7.86891 3.05
    endloop
  endfacet
  facet normal 0.587774 -0.809025 0
    outer loop
      vertex 20.7765 8.0719 3.05
      vertex 20.4971 7.86891 0
      vertex 20.7765 8.0719 0
    endloop
  endfacet
  facet normal 0 1 -0
    outer loop
      vertex 22.25 3.00543 0
      vertex 22.0773 3.00543 3.05
      vertex 22.25 3.00543 3.05
    endloop
  endfacet
  facet normal 0 1 0
    outer loop
      vertex 22.0773 3.00543 3.05
      vertex 22.25 3.00543 0
      vertex 22.0773 3.00543 0
    endloop
  endfacet
  facet normal 0.904762 0.425917 0
    outer loop
      vertex 19.8402 4.42518 3.05
      vertex 19.6931 4.73766 0
      vertex 19.6931 4.73766 3.05
    endloop
  endfacet
  facet normal 0.904762 0.425917 0
    outer loop
      vertex 19.6931 4.73766 0
      vertex 19.8402 4.42518 3.05
      vertex 19.8402 4.42518 0
    endloop
  endfacet
  facet normal 0.844356 -0.535783 0
    outer loop
      vertex 20.0252 7.36641 3.05
      vertex 19.869 7.12025 2.55
      vertex 20.0252 7.36641 0
    endloop
  endfacet
  facet normal 0.844392 -0.535726 -3.91399e-05
    outer loop
      vertex 19.8402 7.07482 3.05
      vertex 19.869 7.12025 2.55
      vertex 20.0252 7.36641 3.05
    endloop
  endfacet
  facet normal 0.844586 -0.535419 0
    outer loop
      vertex 19.869 7.12025 2.55
      vertex 19.8402 7.07482 3.05
      vertex 19.8402 7.07482 2.55
    endloop
  endfacet
  facet normal 0.844356 -0.535783 0
    outer loop
      vertex 20.0252 7.36641 0
      vertex 19.869 7.12025 2.55
      vertex 19.869 7.12025 0
    endloop
  endfacet
  facet normal 0.368143 -0.929769 0
    outer loop
      vertex 21.0791 8.23827 0
      vertex 21.4002 8.36541 3.05
      vertex 21.0791 8.23827 3.05
    endloop
  endfacet
  facet normal 0.368143 -0.929769 0
    outer loop
      vertex 21.4002 8.36541 3.05
      vertex 21.0791 8.23827 0
      vertex 21.4002 8.36541 0
    endloop
  endfacet
  facet normal 0.248676 0.968587 -0
    outer loop
      vertex 21.7347 3.04871 0
      vertex 21.4002 3.13459 3.05
      vertex 21.7347 3.04871 3.05
    endloop
  endfacet
  facet normal 0.248676 0.968587 0
    outer loop
      vertex 21.4002 3.13459 3.05
      vertex 21.7347 3.04871 0
      vertex 21.4002 3.13459 0
    endloop
  endfacet
  facet normal 0.684461 0.729049 -0
    outer loop
      vertex 20.4971 3.63109 0
      vertex 20.2453 3.86749 3.05
      vertex 20.4971 3.63109 3.05
    endloop
  endfacet
  facet normal 0.684461 0.729049 0
    outer loop
      vertex 20.2453 3.86749 3.05
      vertex 20.4971 3.63109 0
      vertex 20.2453 3.86749 0
    endloop
  endfacet
  facet normal 0.982293 0.187349 0
    outer loop
      vertex 19.5864 5.0661 3.05
      vertex 19.5217 5.40533 2.55
      vertex 19.5217 5.40533 3.05
    endloop
  endfacet
  facet normal 0.982293 0.187349 0
    outer loop
      vertex 19.5217 5.40533 2.55
      vertex 19.5864 5.0661 3.05
      vertex 19.5864 5.0661 2.55
    endloop
  endfacet
  facet normal 0.951157 0.308707 0
    outer loop
      vertex 19.5864 5.0661 3.05
      vertex 19.6229 4.95364 2.55
      vertex 19.5864 5.0661 2.55
    endloop
  endfacet
  facet normal 0.951071 0.308973 -6.61499e-05
    outer loop
      vertex 19.6931 4.73766 3.05
      vertex 19.6229 4.95364 2.55
      vertex 19.5864 5.0661 3.05
    endloop
  endfacet
  facet normal 0.951026 0.309112 -0
    outer loop
      vertex 19.6931 4.73766 0
      vertex 19.6229 4.95364 2.55
      vertex 19.6931 4.73766 3.05
    endloop
  endfacet
  facet normal 0.951026 0.309112 0
    outer loop
      vertex 19.6229 4.95364 2.55
      vertex 19.6931 4.73766 0
      vertex 19.6229 4.95364 0
    endloop
  endfacet
  facet normal 0.481785 0.876289 -0
    outer loop
      vertex 21.0791 3.26173 0
      vertex 20.7765 3.4281 3.05
      vertex 21.0791 3.26173 3.05
    endloop
  endfacet
  facet normal 0.481785 0.876289 0
    outer loop
      vertex 20.7765 3.4281 3.05
      vertex 21.0791 3.26173 0
      vertex 20.7765 3.4281 0
    endloop
  endfacet
  facet normal 0.368143 0.929769 -0
    outer loop
      vertex 21.4002 3.13459 0
      vertex 21.0791 3.26173 3.05
      vertex 21.4002 3.13459 3.05
    endloop
  endfacet
  facet normal 0.368143 0.929769 0
    outer loop
      vertex 21.0791 3.26173 3.05
      vertex 21.4002 3.13459 0
      vertex 21.0791 3.26173 0
    endloop
  endfacet
  facet normal 0.587774 0.809025 -0
    outer loop
      vertex 20.7765 3.4281 0
      vertex 20.4971 3.63109 3.05
      vertex 20.7765 3.4281 3.05
    endloop
  endfacet
  facet normal 0.587774 0.809025 0
    outer loop
      vertex 20.4971 3.63109 3.05
      vertex 20.7765 3.4281 0
      vertex 20.4971 3.63109 0
    endloop
  endfacet
  facet normal 0.770566 0.63736 0
    outer loop
      vertex 20.2453 3.86749 3.05
      vertex 20.0252 4.13359 0
      vertex 20.0252 4.13359 3.05
    endloop
  endfacet
  facet normal 0.770566 0.63736 0
    outer loop
      vertex 20.0252 4.13359 0
      vertex 20.2453 3.86749 3.05
      vertex 20.2453 3.86749 0
    endloop
  endfacet
  facet normal 0 0 -1
    outer loop
      vertex -28.25 3 3.05
      vertex -22.25 3.00543 3.05
      vertex -22.25 3 3.05
    endloop
  endfacet
  facet normal -0 0 -1
    outer loop
      vertex -22.25 3.00543 3.05
      vertex -28.25 3 3.05
      vertex -22.25 8.49457 3.05
    endloop
  endfacet
  facet normal 0 0 -1
    outer loop
      vertex -28.25 8.5 3.05
      vertex -22.25 8.49457 3.05
      vertex -28.25 3 3.05
    endloop
  endfacet
  facet normal 0 0 -1
    outer loop
      vertex -22.25 8.49457 3.05
      vertex -28.25 8.5 3.05
      vertex -22.25 8.5 3.05
    endloop
  endfacet
  facet normal 0 0 -1
    outer loop
      vertex -19.5217 5.40533 3.05
      vertex -19.5217 6.09467 3.05
      vertex -19.5 5.75 3.05
    endloop
  endfacet
  facet normal 0 0 -1
    outer loop
      vertex -19.5864 5.0661 3.05
      vertex -19.5217 6.09467 3.05
      vertex -19.5217 5.40533 3.05
    endloop
  endfacet
  facet normal 0 0 -1
    outer loop
      vertex -19.5864 5.0661 3.05
      vertex -19.5864 6.4339 3.05
      vertex -19.5217 6.09467 3.05
    endloop
  endfacet
  facet normal 0 0 -1
    outer loop
      vertex -19.6931 4.73766 3.05
      vertex -19.5864 6.4339 3.05
      vertex -19.5864 5.0661 3.05
    endloop
  endfacet
  facet normal 0 0 -1
    outer loop
      vertex -19.6931 4.73766 3.05
      vertex -19.6931 6.76234 3.05
      vertex -19.5864 6.4339 3.05
    endloop
  endfacet
  facet normal 0 0 -1
    outer loop
      vertex -19.8402 4.42518 3.05
      vertex -19.6931 6.76234 3.05
      vertex -19.6931 4.73766 3.05
    endloop
  endfacet
  facet normal 0 0 -1
    outer loop
      vertex -19.8402 4.42518 3.05
      vertex -19.8402 7.07482 3.05
      vertex -19.6931 6.76234 3.05
    endloop
  endfacet
  facet normal 0 0 -1
    outer loop
      vertex -20.0252 4.13359 3.05
      vertex -19.8402 7.07482 3.05
      vertex -19.8402 4.42518 3.05
    endloop
  endfacet
  facet normal 0 0 -1
    outer loop
      vertex -20.0252 4.13359 3.05
      vertex -20.0252 7.36641 3.05
      vertex -19.8402 7.07482 3.05
    endloop
  endfacet
  facet normal 0 0 -1
    outer loop
      vertex -20.2453 3.86749 3.05
      vertex -20.0252 7.36641 3.05
      vertex -20.0252 4.13359 3.05
    endloop
  endfacet
  facet normal 0 0 -1
    outer loop
      vertex -20.2453 3.86749 3.05
      vertex -20.2453 7.6325 3.05
      vertex -20.0252 7.36641 3.05
    endloop
  endfacet
  facet normal 0 0 -1
    outer loop
      vertex -20.4971 3.63109 3.05
      vertex -20.2453 7.6325 3.05
      vertex -20.2453 3.86749 3.05
    endloop
  endfacet
  facet normal 0 0 -1
    outer loop
      vertex -20.4971 3.63109 3.05
      vertex -20.4971 7.86891 3.05
      vertex -20.2453 7.6325 3.05
    endloop
  endfacet
  facet normal 0 0 -1
    outer loop
      vertex -20.7765 3.4281 3.05
      vertex -20.4971 7.86891 3.05
      vertex -20.4971 3.63109 3.05
    endloop
  endfacet
  facet normal 0 0 -1
    outer loop
      vertex -20.7765 3.4281 3.05
      vertex -20.7765 8.0719 3.05
      vertex -20.4971 7.86891 3.05
    endloop
  endfacet
  facet normal 0 0 -1
    outer loop
      vertex -21.0791 3.26173 3.05
      vertex -20.7765 8.0719 3.05
      vertex -20.7765 3.4281 3.05
    endloop
  endfacet
  facet normal 0 0 -1
    outer loop
      vertex -21.0791 3.26173 3.05
      vertex -21.0791 8.23827 3.05
      vertex -20.7765 8.0719 3.05
    endloop
  endfacet
  facet normal 0 0 -1
    outer loop
      vertex -21.4002 3.13459 3.05
      vertex -21.0791 8.23827 3.05
      vertex -21.0791 3.26173 3.05
    endloop
  endfacet
  facet normal 0 0 -1
    outer loop
      vertex -21.4002 3.13459 3.05
      vertex -21.4002 8.36541 3.05
      vertex -21.0791 8.23827 3.05
    endloop
  endfacet
  facet normal 0 0 -1
    outer loop
      vertex -22.25 3.00543 3.05
      vertex -21.4002 3.13459 3.05
      vertex -21.7347 3.04871 3.05
    endloop
  endfacet
  facet normal -0 0 -1
    outer loop
      vertex -21.4002 3.13459 3.05
      vertex -22.25 3.00543 3.05
      vertex -21.4002 8.36541 3.05
    endloop
  endfacet
  facet normal 0 0 -1
    outer loop
      vertex -22.25 3.00543 3.05
      vertex -21.7347 3.04871 3.05
      vertex -22.0773 3.00543 3.05
    endloop
  endfacet
  facet normal 0 0 -1
    outer loop
      vertex -22.25 8.49457 3.05
      vertex -21.4002 8.36541 3.05
      vertex -22.25 3.00543 3.05
    endloop
  endfacet
  facet normal 0 0 -1
    outer loop
      vertex -21.4002 8.36541 3.05
      vertex -22.25 8.49457 3.05
      vertex -21.7347 8.45129 3.05
    endloop
  endfacet
  facet normal 0 0 -1
    outer loop
      vertex -21.7347 8.45129 3.05
      vertex -22.25 8.49457 3.05
      vertex -22.0773 8.49457 3.05
    endloop
  endfacet
  facet normal -1 0 0
    outer loop
      vertex -22.25 3 0
      vertex -22.25 3.00543 3.05
      vertex -22.25 3.00543 0
    endloop
  endfacet
  facet normal -1 -0 0
    outer loop
      vertex -22.25 3.00543 3.05
      vertex -22.25 3 0
      vertex -22.25 3 3.05
    endloop
  endfacet
  facet normal -1 0 0
    outer loop
      vertex -22.25 8.49457 0
      vertex -22.25 8.5 3.05
      vertex -22.25 8.5 0
    endloop
  endfacet
  facet normal -1 -0 0
    outer loop
      vertex -22.25 8.5 3.05
      vertex -22.25 8.49457 0
      vertex -22.25 8.49457 3.05
    endloop
  endfacet
  facet normal -0.904762 -0.425917 0
    outer loop
      vertex -19.6931 6.76234 0
      vertex -19.8402 7.07482 3.05
      vertex -19.8402 7.07482 0
    endloop
  endfacet
  facet normal -0.904762 -0.425917 0
    outer loop
      vertex -19.8402 7.07482 3.05
      vertex -19.6931 6.76234 0
      vertex -19.6931 6.76234 3.05
    endloop
  endfacet
  facet normal -0.844392 -0.535726 0
    outer loop
      vertex -19.8402 7.07482 0
      vertex -20.0252 7.36641 3.05
      vertex -20.0252 7.36641 0
    endloop
  endfacet
  facet normal -0.844392 -0.535726 0
    outer loop
      vertex -20.0252 7.36641 3.05
      vertex -19.8402 7.07482 0
      vertex -19.8402 7.07482 3.05
    endloop
  endfacet
  facet normal -0.368143 -0.929769 0
    outer loop
      vertex -21.4002 8.36541 0
      vertex -21.0791 8.23827 3.05
      vertex -21.4002 8.36541 3.05
    endloop
  endfacet
  facet normal -0.368143 -0.929769 -0
    outer loop
      vertex -21.0791 8.23827 3.05
      vertex -21.4002 8.36541 0
      vertex -21.0791 8.23827 0
    endloop
  endfacet
  facet normal -0.368143 0.929769 0
    outer loop
      vertex -21.0791 3.26173 0
      vertex -21.4002 3.13459 3.05
      vertex -21.0791 3.26173 3.05
    endloop
  endfacet
  facet normal -0.368143 0.929769 0
    outer loop
      vertex -21.4002 3.13459 3.05
      vertex -21.0791 3.26173 0
      vertex -21.4002 3.13459 0
    endloop
  endfacet
  facet normal -0.684476 -0.729035 0
    outer loop
      vertex -20.4971 7.86891 0
      vertex -20.2453 7.6325 3.05
      vertex -20.4971 7.86891 3.05
    endloop
  endfacet
  facet normal -0.684476 -0.729035 -0
    outer loop
      vertex -20.2453 7.6325 3.05
      vertex -20.4971 7.86891 0
      vertex -20.2453 7.6325 0
    endloop
  endfacet
  facet normal 0 -1 0
    outer loop
      vertex -22.25 8.49457 0
      vertex -22.0773 8.49457 3.05
      vertex -22.25 8.49457 3.05
    endloop
  endfacet
  facet normal 0 -1 -0
    outer loop
      vertex -22.0773 8.49457 3.05
      vertex -22.25 8.49457 0
      vertex -22.0773 8.49457 0
    endloop
  endfacet
  facet normal -0.587774 -0.809025 0
    outer loop
      vertex -20.7765 8.0719 0
      vertex -20.4971 7.86891 3.05
      vertex -20.7765 8.0719 3.05
    endloop
  endfacet
  facet normal -0.587774 -0.809025 -0
    outer loop
      vertex -20.4971 7.86891 3.05
      vertex -20.7765 8.0719 0
      vertex -20.4971 7.86891 0
    endloop
  endfacet
  facet normal -0.951272 0.308354 0
    outer loop
      vertex -19.6891 4.75 0
      vertex -19.6931 4.73766 0
      vertex -19.6891 4.75 2.55
    endloop
  endfacet
  facet normal -0.951063 0.308998 0
    outer loop
      vertex -19.6891 4.75 2.55
      vertex -19.5864 5.0661 3.05
      vertex -19.5864 5.0661 2.55
    endloop
  endfacet
  facet normal -0.951071 0.308973 1.68994e-05
    outer loop
      vertex -19.6891 4.75 2.55
      vertex -19.6931 4.73766 3.05
      vertex -19.5864 5.0661 3.05
    endloop
  endfacet
  facet normal -0.951272 0.308354 0
    outer loop
      vertex -19.6931 4.73766 3.05
      vertex -19.6891 4.75 2.55
      vertex -19.6931 4.73766 0
    endloop
  endfacet
  facet normal -0.248676 0.968587 0
    outer loop
      vertex -21.4002 3.13459 0
      vertex -21.7347 3.04871 3.05
      vertex -21.4002 3.13459 3.05
    endloop
  endfacet
  facet normal -0.248676 0.968587 0
    outer loop
      vertex -21.7347 3.04871 3.05
      vertex -21.4002 3.13459 0
      vertex -21.7347 3.04871 0
    endloop
  endfacet
  facet normal -0.481785 0.876289 0
    outer loop
      vertex -20.7765 3.4281 0
      vertex -21.0791 3.26173 3.05
      vertex -20.7765 3.4281 3.05
    endloop
  endfacet
  facet normal -0.481785 0.876289 0
    outer loop
      vertex -21.0791 3.26173 3.05
      vertex -20.7765 3.4281 0
      vertex -21.0791 3.26173 0
    endloop
  endfacet
  facet normal -0.982293 -0.187349 0
    outer loop
      vertex -19.5217 6.09467 2.55
      vertex -19.5864 6.4339 3.05
      vertex -19.5864 6.4339 2.55
    endloop
  endfacet
  facet normal -0.982293 -0.187349 0
    outer loop
      vertex -19.5864 6.4339 3.05
      vertex -19.5217 6.09467 2.55
      vertex -19.5217 6.09467 3.05
    endloop
  endfacet
  facet normal -0.951272 -0.308354 -0
    outer loop
      vertex -19.6891 6.75 2.55
      vertex -19.6931 6.76234 0
      vertex -19.6891 6.75 0
    endloop
  endfacet
  facet normal -0.951272 -0.308354 0
    outer loop
      vertex -19.6931 6.76234 0
      vertex -19.6891 6.75 2.55
      vertex -19.6931 6.76234 3.05
    endloop
  endfacet
  facet normal -0.951063 -0.308998 -0
    outer loop
      vertex -19.5864 6.4339 3.05
      vertex -19.6891 6.75 2.55
      vertex -19.5864 6.4339 2.55
    endloop
  endfacet
  facet normal -0.951071 -0.308973 1.68994e-05
    outer loop
      vertex -19.6891 6.75 2.55
      vertex -19.5864 6.4339 3.05
      vertex -19.6931 6.76234 3.05
    endloop
  endfacet
  facet normal -0.770554 -0.637374 0
    outer loop
      vertex -20.0252 7.36641 0
      vertex -20.2453 7.6325 3.05
      vertex -20.2453 7.6325 0
    endloop
  endfacet
  facet normal -0.770554 -0.637374 0
    outer loop
      vertex -20.2453 7.6325 3.05
      vertex -20.0252 7.36641 0
      vertex -20.0252 7.36641 3.05
    endloop
  endfacet
  facet normal -0.248676 -0.968587 0
    outer loop
      vertex -21.7347 8.45129 0
      vertex -21.4002 8.36541 3.05
      vertex -21.7347 8.45129 3.05
    endloop
  endfacet
  facet normal -0.248676 -0.968587 -0
    outer loop
      vertex -21.4002 8.36541 3.05
      vertex -21.7347 8.45129 0
      vertex -21.4002 8.36541 0
    endloop
  endfacet
  facet normal -0.125332 -0.992115 0
    outer loop
      vertex -22.0773 8.49457 0
      vertex -21.7347 8.45129 3.05
      vertex -22.0773 8.49457 3.05
    endloop
  endfacet
  facet normal -0.125332 -0.992115 -0
    outer loop
      vertex -21.7347 8.45129 3.05
      vertex -22.0773 8.49457 0
      vertex -21.7347 8.45129 0
    endloop
  endfacet
  facet normal -0.998024 -0.0628344 0
    outer loop
      vertex -19.5 5.75 2.55
      vertex -19.5217 6.09467 3.05
      vertex -19.5217 6.09467 2.55
    endloop
  endfacet
  facet normal -0.998024 -0.0628344 0
    outer loop
      vertex -19.5217 6.09467 3.05
      vertex -19.5 5.75 2.55
      vertex -19.5 5.75 3.05
    endloop
  endfacet
  facet normal -0.125332 0.992115 0
    outer loop
      vertex -21.7347 3.04871 0
      vertex -22.0773 3.00543 3.05
      vertex -21.7347 3.04871 3.05
    endloop
  endfacet
  facet normal -0.125332 0.992115 0
    outer loop
      vertex -22.0773 3.00543 3.05
      vertex -21.7347 3.04871 0
      vertex -22.0773 3.00543 0
    endloop
  endfacet
  facet normal -0.481785 -0.876289 0
    outer loop
      vertex -21.0791 8.23827 0
      vertex -20.7765 8.0719 3.05
      vertex -21.0791 8.23827 3.05
    endloop
  endfacet
  facet normal -0.481785 -0.876289 -0
    outer loop
      vertex -20.7765 8.0719 3.05
      vertex -21.0791 8.23827 0
      vertex -20.7765 8.0719 0
    endloop
  endfacet
  facet normal -0.982293 0.187349 0
    outer loop
      vertex -19.5864 5.0661 2.55
      vertex -19.5217 5.40533 3.05
      vertex -19.5217 5.40533 2.55
    endloop
  endfacet
  facet normal -0.982293 0.187349 0
    outer loop
      vertex -19.5217 5.40533 3.05
      vertex -19.5864 5.0661 2.55
      vertex -19.5864 5.0661 3.05
    endloop
  endfacet
  facet normal -0.998024 0.0628344 0
    outer loop
      vertex -19.5217 5.40533 2.55
      vertex -19.5 5.75 3.05
      vertex -19.5 5.75 2.55
    endloop
  endfacet
  facet normal -0.998024 0.0628344 0
    outer loop
      vertex -19.5 5.75 3.05
      vertex -19.5217 5.40533 2.55
      vertex -19.5217 5.40533 3.05
    endloop
  endfacet
  facet normal -0.904762 0.425917 0
    outer loop
      vertex -19.8402 4.42518 0
      vertex -19.6931 4.73766 3.05
      vertex -19.6931 4.73766 0
    endloop
  endfacet
  facet normal -0.904762 0.425917 0
    outer loop
      vertex -19.6931 4.73766 3.05
      vertex -19.8402 4.42518 0
      vertex -19.8402 4.42518 3.05
    endloop
  endfacet
  facet normal -0.587774 0.809025 0
    outer loop
      vertex -20.4971 3.63109 0
      vertex -20.7765 3.4281 3.05
      vertex -20.4971 3.63109 3.05
    endloop
  endfacet
  facet normal -0.587774 0.809025 0
    outer loop
      vertex -20.7765 3.4281 3.05
      vertex -20.4971 3.63109 0
      vertex -20.7765 3.4281 0
    endloop
  endfacet
  facet normal -0.770566 0.63736 0
    outer loop
      vertex -20.2453 3.86749 0
      vertex -20.0252 4.13359 3.05
      vertex -20.0252 4.13359 0
    endloop
  endfacet
  facet normal -0.770566 0.63736 0
    outer loop
      vertex -20.0252 4.13359 3.05
      vertex -20.2453 3.86749 0
      vertex -20.2453 3.86749 3.05
    endloop
  endfacet
  facet normal -0.844392 0.535726 0
    outer loop
      vertex -20.0252 4.13359 0
      vertex -19.8402 4.42518 3.05
      vertex -19.8402 4.42518 0
    endloop
  endfacet
  facet normal -0.844392 0.535726 0
    outer loop
      vertex -19.8402 4.42518 3.05
      vertex -20.0252 4.13359 0
      vertex -20.0252 4.13359 3.05
    endloop
  endfacet
  facet normal 0 1 -0
    outer loop
      vertex -22.0773 3.00543 0
      vertex -22.25 3.00543 3.05
      vertex -22.0773 3.00543 3.05
    endloop
  endfacet
  facet normal 0 1 0
    outer loop
      vertex -22.25 3.00543 3.05
      vertex -22.0773 3.00543 0
      vertex -22.25 3.00543 0
    endloop
  endfacet
  facet normal -0.684461 0.729049 0
    outer loop
      vertex -20.2453 3.86749 0
      vertex -20.4971 3.63109 3.05
      vertex -20.2453 3.86749 3.05
    endloop
  endfacet
  facet normal -0.684461 0.729049 0
    outer loop
      vertex -20.4971 3.63109 3.05
      vertex -20.2453 3.86749 0
      vertex -20.4971 3.63109 0
    endloop
  endfacet
  facet normal 1 -0 0
    outer loop
      vertex 14.25 6.4268 5.04258
      vertex 14.25 6.75 4.5
      vertex 14.25 6.75 5.09377
    endloop
  endfacet
  facet normal 1 -0 0
    outer loop
      vertex 14.25 6.08907 5.01066
      vertex 14.25 6.75 4.5
      vertex 14.25 6.4268 5.04258
    endloop
  endfacet
  facet normal 1 -0 0
    outer loop
      vertex 14.25 5.75 5
      vertex 14.25 6.75 4.5
      vertex 14.25 6.08907 5.01066
    endloop
  endfacet
  facet normal 1 0 0
    outer loop
      vertex 14.25 4.75 4.5
      vertex 14.25 5.75 5
      vertex 14.25 5.41093 5.01066
    endloop
  endfacet
  facet normal 1 0 0
    outer loop
      vertex 14.25 4.75 4.5
      vertex 14.25 5.41093 5.01066
      vertex 14.25 5.0732 5.04258
    endloop
  endfacet
  facet normal 1 0 0
    outer loop
      vertex 14.25 4.75 4.5
      vertex 14.25 5.0732 5.04258
      vertex 14.25 4.75 5.09377
    endloop
  endfacet
  facet normal 1 0 0
    outer loop
      vertex 14.25 5.75 5
      vertex 14.25 4.75 4.5
      vertex 14.25 6.75 4.5
    endloop
  endfacet
  facet normal -1 0 0
    outer loop
      vertex 20.25 6.75 4.5
      vertex 20.25 6.4268 5.04258
      vertex 20.25 6.75 5.09377
    endloop
  endfacet
  facet normal -1 0 0
    outer loop
      vertex 20.25 6.75 4.5
      vertex 20.25 6.08907 5.01066
      vertex 20.25 6.4268 5.04258
    endloop
  endfacet
  facet normal -1 0 0
    outer loop
      vertex 20.25 6.75 4.5
      vertex 20.25 5.75 5
      vertex 20.25 6.08907 5.01066
    endloop
  endfacet
  facet normal -1 0 0
    outer loop
      vertex 20.25 4.75 4.5
      vertex 20.25 5.75 5
      vertex 20.25 6.75 4.5
    endloop
  endfacet
  facet normal -1 -0 0
    outer loop
      vertex 20.25 5.75 5
      vertex 20.25 4.75 4.5
      vertex 20.25 5.41093 5.01066
    endloop
  endfacet
  facet normal -1 -0 0
    outer loop
      vertex 20.25 5.41093 5.01066
      vertex 20.25 4.75 4.5
      vertex 20.25 5.0732 5.04258
    endloop
  endfacet
  facet normal -1 -0 0
    outer loop
      vertex 20.25 5.0732 5.04258
      vertex 20.25 4.75 4.5
      vertex 20.25 4.75 5.09377
    endloop
  endfacet
  facet normal 0 -1 0
    outer loop
      vertex 18.25 6.75 4.5
      vertex 20.25 6.75 5.09377
      vertex 18.25 6.75 5.09377
    endloop
  endfacet
  facet normal 0 -1 -0
    outer loop
      vertex 20.25 6.75 5.09377
      vertex 18.25 6.75 4.5
      vertex 20.25 6.75 4.5
    endloop
  endfacet
  facet normal 0 -1 0
    outer loop
      vertex 14.25 6.75 4.5
      vertex 16.25 6.75 5.09377
      vertex 14.25 6.75 5.09377
    endloop
  endfacet
  facet normal 0 -1 -0
    outer loop
      vertex 16.25 6.75 5.09377
      vertex 14.25 6.75 4.5
      vertex 16.25 6.75 4.5
    endloop
  endfacet
  facet normal -0 0 1
    outer loop
      vertex 14.25 6.75 4.5
      vertex 16.25 4.75 4.5
      vertex 16.25 6.75 4.5
    endloop
  endfacet
  facet normal 0 0 1
    outer loop
      vertex 16.25 4.75 4.5
      vertex 14.25 6.75 4.5
      vertex 14.25 4.75 4.5
    endloop
  endfacet
  facet normal 0 0 1
    outer loop
      vertex 16.25 6.75 4.5
      vertex 18.25 6.75 4.5
      vertex 18.25 8.75 4.5
    endloop
  endfacet
  facet normal 0 0 1
    outer loop
      vertex 18.25 6.75 4.5
      vertex 16.25 6.75 4.5
      vertex 18.25 4.75 4.5
    endloop
  endfacet
  facet normal 0 0 1
    outer loop
      vertex 16.25 6.75 4.5
      vertex 18.25 8.75 4.5
      vertex 16.25 8.75 4.5
    endloop
  endfacet
  facet normal 0 0 1
    outer loop
      vertex 16.25 4.75 4.5
      vertex 18.25 4.75 4.5
      vertex 16.25 6.75 4.5
    endloop
  endfacet
  facet normal 0 0 1
    outer loop
      vertex 18.25 4.75 4.5
      vertex 16.25 4.75 4.5
      vertex 18.25 2.75 4.5
    endloop
  endfacet
  facet normal 0 0 1
    outer loop
      vertex 18.25 2.75 4.5
      vertex 16.25 4.75 4.5
      vertex 16.25 2.75 4.5
    endloop
  endfacet
  facet normal -0 0 1
    outer loop
      vertex 18.25 6.75 4.5
      vertex 20.25 4.75 4.5
      vertex 20.25 6.75 4.5
    endloop
  endfacet
  facet normal 0 0 1
    outer loop
      vertex 20.25 4.75 4.5
      vertex 18.25 6.75 4.5
      vertex 18.25 4.75 4.5
    endloop
  endfacet
  facet normal 0 1 -0
    outer loop
      vertex 16.25 4.75 4.5
      vertex 14.25 4.75 5.09377
      vertex 16.25 4.75 5.09377
    endloop
  endfacet
  facet normal 0 1 0
    outer loop
      vertex 14.25 4.75 5.09377
      vertex 16.25 4.75 4.5
      vertex 14.25 4.75 4.5
    endloop
  endfacet
  facet normal 0 1 -0
    outer loop
      vertex 20.25 4.75 4.5
      vertex 18.25 4.75 5.09377
      vertex 20.25 4.75 5.09377
    endloop
  endfacet
  facet normal 0 1 0
    outer loop
      vertex 18.25 4.75 5.09377
      vertex 20.25 4.75 4.5
      vertex 18.25 4.75 4.5
    endloop
  endfacet
  facet normal 1 0 0
    outer loop
      vertex 16.25 4.73814 5.09565
      vertex 16.25 4.75 4.5
      vertex 16.25 4.75 5.09377
    endloop
  endfacet
  facet normal 1 0 0
    outer loop
      vertex 16.25 4.40707 5.16965
      vertex 16.25 4.75 4.5
      vertex 16.25 4.73814 5.09565
    endloop
  endfacet
  facet normal 1 0 0
    outer loop
      vertex 16.25 4.08131 5.26429
      vertex 16.25 4.75 4.5
      vertex 16.25 4.40707 5.16965
    endloop
  endfacet
  facet normal 1 0 0
    outer loop
      vertex 16.25 2.75 4.5
      vertex 16.25 4.08131 5.26429
      vertex 16.25 3.76213 5.37921
    endloop
  endfacet
  facet normal 1 0 0
    outer loop
      vertex 16.25 2.75 4.5
      vertex 16.25 3.76213 5.37921
      vertex 16.25 3.45079 5.51393
    endloop
  endfacet
  facet normal 1 0 0
    outer loop
      vertex 16.25 2.75 4.5
      vertex 16.25 3.45079 5.51393
      vertex 16.25 3.14853 5.66794
    endloop
  endfacet
  facet normal 1 0 0
    outer loop
      vertex 16.25 2.75 4.5
      vertex 16.25 3.14853 5.66794
      vertex 16.25 2.85653 5.84063
    endloop
  endfacet
  facet normal 1 0 0
    outer loop
      vertex 16.25 2.75 4.5
      vertex 16.25 2.85653 5.84063
      vertex 16.25 2.75 5.91303
    endloop
  endfacet
  facet normal 1 0 0
    outer loop
      vertex 16.25 4.08131 5.26429
      vertex 16.25 2.75 4.5
      vertex 16.25 4.75 4.5
    endloop
  endfacet
  facet normal 1 -0 0
    outer loop
      vertex 16.25 8.64346 5.84063
      vertex 16.25 8.75 4.5
      vertex 16.25 8.75 5.91303
    endloop
  endfacet
  facet normal 1 -0 0
    outer loop
      vertex 16.25 8.35147 5.66794
      vertex 16.25 8.75 4.5
      vertex 16.25 8.64346 5.84063
    endloop
  endfacet
  facet normal 1 -0 0
    outer loop
      vertex 16.25 8.04921 5.51393
      vertex 16.25 8.75 4.5
      vertex 16.25 8.35147 5.66794
    endloop
  endfacet
  facet normal 1 -0 0
    outer loop
      vertex 16.25 7.73787 5.37921
      vertex 16.25 8.75 4.5
      vertex 16.25 8.04921 5.51393
    endloop
  endfacet
  facet normal 1 -0 0
    outer loop
      vertex 16.25 7.41869 5.26429
      vertex 16.25 8.75 4.5
      vertex 16.25 7.73787 5.37921
    endloop
  endfacet
  facet normal 1 0 0
    outer loop
      vertex 16.25 6.75 4.5
      vertex 16.25 7.41869 5.26429
      vertex 16.25 7.09293 5.16965
    endloop
  endfacet
  facet normal 1 0 0
    outer loop
      vertex 16.25 6.75 4.5
      vertex 16.25 7.09293 5.16965
      vertex 16.25 6.76186 5.09565
    endloop
  endfacet
  facet normal 1 0 0
    outer loop
      vertex 16.25 6.75 4.5
      vertex 16.25 6.76186 5.09565
      vertex 16.25 6.75 5.09377
    endloop
  endfacet
  facet normal 1 0 0
    outer loop
      vertex 16.25 7.41869 5.26429
      vertex 16.25 6.75 4.5
      vertex 16.25 8.75 4.5
    endloop
  endfacet
  facet normal -1 0 0
    outer loop
      vertex 18.25 8.75 4.5
      vertex 18.25 8.64346 5.84063
      vertex 18.25 8.75 5.91303
    endloop
  endfacet
  facet normal -1 0 0
    outer loop
      vertex 18.25 8.75 4.5
      vertex 18.25 8.35147 5.66794
      vertex 18.25 8.64346 5.84063
    endloop
  endfacet
  facet normal -1 0 0
    outer loop
      vertex 18.25 8.75 4.5
      vertex 18.25 8.04921 5.51393
      vertex 18.25 8.35147 5.66794
    endloop
  endfacet
  facet normal -1 0 0
    outer loop
      vertex 18.25 8.75 4.5
      vertex 18.25 7.73787 5.37921
      vertex 18.25 8.04921 5.51393
    endloop
  endfacet
  facet normal -1 0 0
    outer loop
      vertex 18.25 8.75 4.5
      vertex 18.25 7.41869 5.26429
      vertex 18.25 7.73787 5.37921
    endloop
  endfacet
  facet normal -1 0 0
    outer loop
      vertex 18.25 6.75 4.5
      vertex 18.25 7.41869 5.26429
      vertex 18.25 8.75 4.5
    endloop
  endfacet
  facet normal -1 0 0
    outer loop
      vertex 18.25 7.41869 5.26429
      vertex 18.25 6.75 4.5
      vertex 18.25 7.09293 5.16965
    endloop
  endfacet
  facet normal -1 0 0
    outer loop
      vertex 18.25 7.09293 5.16965
      vertex 18.25 6.75 4.5
      vertex 18.25 6.76186 5.09565
    endloop
  endfacet
  facet normal -1 0 0
    outer loop
      vertex 18.25 6.76186 5.09565
      vertex 18.25 6.75 4.5
      vertex 18.25 6.75 5.09377
    endloop
  endfacet
  facet normal -1 0 0
    outer loop
      vertex 18.25 4.75 4.5
      vertex 18.25 4.73814 5.09565
      vertex 18.25 4.75 5.09377
    endloop
  endfacet
  facet normal -1 0 0
    outer loop
      vertex 18.25 4.75 4.5
      vertex 18.25 4.40707 5.16965
      vertex 18.25 4.73814 5.09565
    endloop
  endfacet
  facet normal -1 0 0
    outer loop
      vertex 18.25 4.75 4.5
      vertex 18.25 4.08131 5.26429
      vertex 18.25 4.40707 5.16965
    endloop
  endfacet
  facet normal -1 0 0
    outer loop
      vertex 18.25 2.75 4.5
      vertex 18.25 4.08131 5.26429
      vertex 18.25 4.75 4.5
    endloop
  endfacet
  facet normal -1 -0 0
    outer loop
      vertex 18.25 4.08131 5.26429
      vertex 18.25 2.75 4.5
      vertex 18.25 3.76213 5.37921
    endloop
  endfacet
  facet normal -1 -0 0
    outer loop
      vertex 18.25 3.76213 5.37921
      vertex 18.25 2.75 4.5
      vertex 18.25 3.45079 5.51393
    endloop
  endfacet
  facet normal -1 -0 0
    outer loop
      vertex 18.25 3.45079 5.51393
      vertex 18.25 2.75 4.5
      vertex 18.25 3.14853 5.66794
    endloop
  endfacet
  facet normal -1 -0 0
    outer loop
      vertex 18.25 3.14853 5.66794
      vertex 18.25 2.75 4.5
      vertex 18.25 2.85653 5.84063
    endloop
  endfacet
  facet normal -1 -0 0
    outer loop
      vertex 18.25 2.85653 5.84063
      vertex 18.25 2.75 4.5
      vertex 18.25 2.75 5.91303
    endloop
  endfacet
  facet normal 0 1 -0
    outer loop
      vertex 18.25 2.75 4.5
      vertex 16.25 2.75 5.91303
      vertex 18.25 2.75 5.91303
    endloop
  endfacet
  facet normal 0 1 0
    outer loop
      vertex 16.25 2.75 5.91303
      vertex 18.25 2.75 4.5
      vertex 16.25 2.75 4.5
    endloop
  endfacet
  facet normal 0 -1 0
    outer loop
      vertex 16.25 8.75 4.5
      vertex 18.25 8.75 5.91303
      vertex 16.25 8.75 5.91303
    endloop
  endfacet
  facet normal 0 -1 -0
    outer loop
      vertex 18.25 8.75 5.91303
      vertex 16.25 8.75 4.5
      vertex 18.25 8.75 4.5
    endloop
  endfacet
  facet normal 1 -0 0
    outer loop
      vertex -20.25 6.4268 5.04258
      vertex -20.25 6.75 4.5
      vertex -20.25 6.75 5.09377
    endloop
  endfacet
  facet normal 1 -0 0
    outer loop
      vertex -20.25 6.08907 5.01066
      vertex -20.25 6.75 4.5
      vertex -20.25 6.4268 5.04258
    endloop
  endfacet
  facet normal 1 -0 0
    outer loop
      vertex -20.25 5.75 5
      vertex -20.25 6.75 4.5
      vertex -20.25 6.08907 5.01066
    endloop
  endfacet
  facet normal 1 0 0
    outer loop
      vertex -20.25 4.75 4.5
      vertex -20.25 5.75 5
      vertex -20.25 5.41093 5.01066
    endloop
  endfacet
  facet normal 1 0 0
    outer loop
      vertex -20.25 4.75 4.5
      vertex -20.25 5.41093 5.01066
      vertex -20.25 5.0732 5.04258
    endloop
  endfacet
  facet normal 1 0 0
    outer loop
      vertex -20.25 4.75 4.5
      vertex -20.25 5.0732 5.04258
      vertex -20.25 4.75 5.09377
    endloop
  endfacet
  facet normal 1 0 0
    outer loop
      vertex -20.25 5.75 5
      vertex -20.25 4.75 4.5
      vertex -20.25 6.75 4.5
    endloop
  endfacet
  facet normal -1 0 0
    outer loop
      vertex -14.25 6.75 4.5
      vertex -14.25 6.4268 5.04258
      vertex -14.25 6.75 5.09377
    endloop
  endfacet
  facet normal -1 0 0
    outer loop
      vertex -14.25 6.75 4.5
      vertex -14.25 6.08907 5.01066
      vertex -14.25 6.4268 5.04258
    endloop
  endfacet
  facet normal -1 0 0
    outer loop
      vertex -14.25 6.75 4.5
      vertex -14.25 5.75 5
      vertex -14.25 6.08907 5.01066
    endloop
  endfacet
  facet normal -1 0 0
    outer loop
      vertex -14.25 4.75 4.5
      vertex -14.25 5.75 5
      vertex -14.25 6.75 4.5
    endloop
  endfacet
  facet normal -1 -0 0
    outer loop
      vertex -14.25 5.75 5
      vertex -14.25 4.75 4.5
      vertex -14.25 5.41093 5.01066
    endloop
  endfacet
  facet normal -1 -0 0
    outer loop
      vertex -14.25 5.41093 5.01066
      vertex -14.25 4.75 4.5
      vertex -14.25 5.0732 5.04258
    endloop
  endfacet
  facet normal -1 -0 0
    outer loop
      vertex -14.25 5.0732 5.04258
      vertex -14.25 4.75 4.5
      vertex -14.25 4.75 5.09377
    endloop
  endfacet
  facet normal 0 -1 0
    outer loop
      vertex -20.25 6.75 4.5
      vertex -14.25 6.75 5.09377
      vertex -20.25 6.75 5.09377
    endloop
  endfacet
  facet normal 0 -1 -0
    outer loop
      vertex -14.25 6.75 5.09377
      vertex -20.25 6.75 4.5
      vertex -14.25 6.75 4.5
    endloop
  endfacet
  facet normal -0 0 1
    outer loop
      vertex -20.25 6.75 4.5
      vertex -14.25 4.75 4.5
      vertex -14.25 6.75 4.5
    endloop
  endfacet
  facet normal 0 0 1
    outer loop
      vertex -14.25 4.75 4.5
      vertex -20.25 6.75 4.5
      vertex -20.25 4.75 4.5
    endloop
  endfacet
  facet normal 0 1 -0
    outer loop
      vertex -14.25 4.75 4.5
      vertex -20.25 4.75 5.09377
      vertex -14.25 4.75 5.09377
    endloop
  endfacet
  facet normal 0 1 0
    outer loop
      vertex -20.25 4.75 5.09377
      vertex -14.25 4.75 4.5
      vertex -20.25 4.75 4.5
    endloop
  endfacet
  facet normal -0 0 -1
    outer loop
      vertex 19.5864 5.0661 2.55
      vertex 1.5 1.50429 2.55
      vertex 19.5217 5.40533 2.55
    endloop
  endfacet
  facet normal -0 0 -1
    outer loop
      vertex 19.6229 4.95364 2.55
      vertex 1.5 1.50429 2.55
      vertex 19.5864 5.0661 2.55
    endloop
  endfacet
  facet normal 0 0 -1
    outer loop
      vertex 1.5 1.50429 2.55
      vertex 19.6229 4.95364 2.55
      vertex 1.5 -0.587096 2.55
    endloop
  endfacet
  facet normal -0 0 -1
    outer loop
      vertex 19.5217 -6.09467 2.55
      vertex 5.5 -6.75 2.55
      vertex 19.5 -5.75 2.55
    endloop
  endfacet
  facet normal -0 0 -1
    outer loop
      vertex 19.5864 -6.4339 2.55
      vertex 5.5 -6.75 2.55
      vertex 19.5217 -6.09467 2.55
    endloop
  endfacet
  facet normal 0 0 -1
    outer loop
      vertex 5.5 -6.75 2.55
      vertex 19.5864 -6.4339 2.55
      vertex 19.6891 -6.75 2.55
    endloop
  endfacet
  facet normal 0 0 -1
    outer loop
      vertex 5.5 -4.75 2.55
      vertex 19.5 -5.75 2.55
      vertex 5.5 -6.75 2.55
    endloop
  endfacet
  facet normal 0 0 -1
    outer loop
      vertex 19.5 -5.75 2.55
      vertex 5.5 -4.75 2.55
      vertex 19.5217 -5.40533 2.55
    endloop
  endfacet
  facet normal 0 0 -1
    outer loop
      vertex 19.5217 -5.40533 2.55
      vertex 5.5 -4.75 2.55
      vertex 19.5864 -5.0661 2.55
    endloop
  endfacet
  facet normal 0 0 -1
    outer loop
      vertex 19.5864 -5.0661 2.55
      vertex 5.5 -4.75 2.55
      vertex 19.6891 -4.75 2.55
    endloop
  endfacet
  facet normal 0 0 -1
    outer loop
      vertex 5.24884 -6.75789 2.55
      vertex 5.5 -4.75 2.55
      vertex 5.5 -6.75 2.55
    endloop
  endfacet
  facet normal 0 0 -1
    outer loop
      vertex 5.24884 -6.75789 2.55
      vertex 5.24884 -4.74211 2.55
      vertex 5.5 -4.75 2.55
    endloop
  endfacet
  facet normal 0 0 -1
    outer loop
      vertex 4.99867 -6.78154 2.55
      vertex 5.24884 -4.74211 2.55
      vertex 5.24884 -6.75789 2.55
    endloop
  endfacet
  facet normal 0 0 -1
    outer loop
      vertex 4.99867 -6.78154 2.55
      vertex 4.99867 -4.71846 2.55
      vertex 5.24884 -4.74211 2.55
    endloop
  endfacet
  facet normal 0 0 -1
    outer loop
      vertex 4.75047 -6.82085 2.55
      vertex 4.99867 -4.71846 2.55
      vertex 4.99867 -6.78154 2.55
    endloop
  endfacet
  facet normal 0 0 -1
    outer loop
      vertex 4.75047 -6.82085 2.55
      vertex 4.75047 -4.67915 2.55
      vertex 4.99867 -4.71846 2.55
    endloop
  endfacet
  facet normal 0 0 -1
    outer loop
      vertex 4.50524 -6.87567 2.55
      vertex 4.75047 -4.67915 2.55
      vertex 4.75047 -6.82085 2.55
    endloop
  endfacet
  facet normal 0 0 -1
    outer loop
      vertex 4.50524 -6.87567 2.55
      vertex 4.50524 -4.62433 2.55
      vertex 4.75047 -4.67915 2.55
    endloop
  endfacet
  facet normal 0 0 -1
    outer loop
      vertex 4.26393 -6.94577 2.55
      vertex 4.50524 -4.62433 2.55
      vertex 4.50524 -6.87567 2.55
    endloop
  endfacet
  facet normal 0 0 -1
    outer loop
      vertex 4.26393 -6.94577 2.55
      vertex 4.26393 -4.55423 2.55
      vertex 4.50524 -4.62433 2.55
    endloop
  endfacet
  facet normal 0 0 -1
    outer loop
      vertex 4.0275 -7.03089 2.55
      vertex 4.26393 -4.55423 2.55
      vertex 4.26393 -6.94577 2.55
    endloop
  endfacet
  facet normal 0 0 -1
    outer loop
      vertex 4.0275 -7.03089 2.55
      vertex 4.0275 -4.46911 2.55
      vertex 4.26393 -4.55423 2.55
    endloop
  endfacet
  facet normal 0 0 -1
    outer loop
      vertex 3.79688 -7.13069 2.55
      vertex 4.0275 -4.46911 2.55
      vertex 4.0275 -7.03089 2.55
    endloop
  endfacet
  facet normal 0 0 -1
    outer loop
      vertex 3.79688 -7.13069 2.55
      vertex 3.79688 -4.36931 2.55
      vertex 4.0275 -4.46911 2.55
    endloop
  endfacet
  facet normal 0 0 -1
    outer loop
      vertex 3.57298 -7.24477 2.55
      vertex 3.79688 -4.36931 2.55
      vertex 3.79688 -7.13069 2.55
    endloop
  endfacet
  facet normal 0 0 -1
    outer loop
      vertex 3.57298 -7.24477 2.55
      vertex 3.57298 -4.25523 2.55
      vertex 3.79688 -4.36931 2.55
    endloop
  endfacet
  facet normal 0 0 -1
    outer loop
      vertex 3.35669 -7.37269 2.55
      vertex 3.57298 -4.25523 2.55
      vertex 3.57298 -7.24477 2.55
    endloop
  endfacet
  facet normal 0 0 -1
    outer loop
      vertex 3.35669 -7.37269 2.55
      vertex 3.35669 -4.12731 2.55
      vertex 3.57298 -4.25523 2.55
    endloop
  endfacet
  facet normal 0 0 -1
    outer loop
      vertex 3.14886 -7.51393 2.55
      vertex 3.35669 -4.12731 2.55
      vertex 3.35669 -7.37269 2.55
    endloop
  endfacet
  facet normal 0 0 -1
    outer loop
      vertex 3.14886 -7.51393 2.55
      vertex 3.14886 -3.98607 2.55
      vertex 3.35669 -4.12731 2.55
    endloop
  endfacet
  facet normal 0 0 -1
    outer loop
      vertex 2.9503 -7.66795 2.55
      vertex 3.14886 -3.98607 2.55
      vertex 3.14886 -7.51393 2.55
    endloop
  endfacet
  facet normal 0 0 -1
    outer loop
      vertex 2.9503 -7.66795 2.55
      vertex 2.9503 -3.83205 2.55
      vertex 3.14886 -3.98607 2.55
    endloop
  endfacet
  facet normal 0 0 -1
    outer loop
      vertex 2.76181 -7.83412 2.55
      vertex 2.9503 -3.83205 2.55
      vertex 2.9503 -7.66795 2.55
    endloop
  endfacet
  facet normal 0 0 -1
    outer loop
      vertex 2.76181 -7.83412 2.55
      vertex 2.76181 -3.66588 2.55
      vertex 2.9503 -3.83205 2.55
    endloop
  endfacet
  facet normal 0 0 -1
    outer loop
      vertex 2.58412 -8.01181 2.55
      vertex 2.76181 -3.66588 2.55
      vertex 2.76181 -7.83412 2.55
    endloop
  endfacet
  facet normal 0 0 -1
    outer loop
      vertex 2.58412 -8.01181 2.55
      vertex 2.58412 -3.48819 2.55
      vertex 2.76181 -3.66588 2.55
    endloop
  endfacet
  facet normal 0 0 -1
    outer loop
      vertex 2.41795 -8.2003 2.55
      vertex 2.58412 -3.48819 2.55
      vertex 2.58412 -8.01181 2.55
    endloop
  endfacet
  facet normal 0 0 -1
    outer loop
      vertex 2.41795 -8.2003 2.55
      vertex 2.41795 -3.2997 2.55
      vertex 2.58412 -3.48819 2.55
    endloop
  endfacet
  facet normal 0 0 -1
    outer loop
      vertex 2.26393 -8.39886 2.55
      vertex 2.41795 -3.2997 2.55
      vertex 2.41795 -8.2003 2.55
    endloop
  endfacet
  facet normal 0 0 -1
    outer loop
      vertex 2.26393 -8.39886 2.55
      vertex 2.26393 -3.10114 2.55
      vertex 2.41795 -3.2997 2.55
    endloop
  endfacet
  facet normal 0 0 -1
    outer loop
      vertex -1.5 -1.50429 2.55
      vertex 2.26393 -8.39886 2.55
      vertex 2.12269 -8.60669 2.55
    endloop
  endfacet
  facet normal 0 0 -1
    outer loop
      vertex 2.26393 -8.39886 2.55
      vertex -1.5 -1.50429 2.55
      vertex 2.26393 -3.10114 2.55
    endloop
  endfacet
  facet normal 0 0 -1
    outer loop
      vertex -1.5 -1.50429 2.55
      vertex 2.12269 -8.60669 2.55
      vertex 1.99477 -8.82298 2.55
    endloop
  endfacet
  facet normal 0 0 -1
    outer loop
      vertex 2.26393 -3.10114 2.55
      vertex -1.5 -1.50429 2.55
      vertex 2.12269 -2.89331 2.55
    endloop
  endfacet
  facet normal 0 0 -1
    outer loop
      vertex -1.5 -11.5 2.55
      vertex 1.99477 -8.82298 2.55
      vertex 1.88069 -9.04688 2.55
    endloop
  endfacet
  facet normal 0 0 -1
    outer loop
      vertex 2.12269 -2.89331 2.55
      vertex -1.5 -1.50429 2.55
      vertex 1.99477 -2.67702 2.55
    endloop
  endfacet
  facet normal 0 0 -1
    outer loop
      vertex -1.5 -11.5 2.55
      vertex 1.88069 -9.04688 2.55
      vertex 1.78089 -9.2775 2.55
    endloop
  endfacet
  facet normal 0 0 -1
    outer loop
      vertex 1.99477 -2.67702 2.55
      vertex -1.5 -1.50429 2.55
      vertex 1.88069 -2.45312 2.55
    endloop
  endfacet
  facet normal 0 0 -1
    outer loop
      vertex -1.5 -11.5 2.55
      vertex 1.78089 -9.2775 2.55
      vertex 1.69577 -9.51393 2.55
    endloop
  endfacet
  facet normal 0 0 -1
    outer loop
      vertex 1.88069 -2.45312 2.55
      vertex -1.5 -1.50429 2.55
      vertex 1.78089 -2.2225 2.55
    endloop
  endfacet
  facet normal 0 0 -1
    outer loop
      vertex -1.5 -11.5 2.55
      vertex 1.69577 -9.51393 2.55
      vertex 1.62567 -9.75524 2.55
    endloop
  endfacet
  facet normal 0 0 -1
    outer loop
      vertex 1.78089 -2.2225 2.55
      vertex -1.5 -1.50429 2.55
      vertex 1.69577 -1.98607 2.55
    endloop
  endfacet
  facet normal 0 0 -1
    outer loop
      vertex -1.5 -11.5 2.55
      vertex 1.62567 -9.75524 2.55
      vertex 1.57085 -10.0005 2.55
    endloop
  endfacet
  facet normal 0 0 -1
    outer loop
      vertex 1.69577 -1.98607 2.55
      vertex -1.5 -1.50429 2.55
      vertex 1.62567 -1.74476 2.55
    endloop
  endfacet
  facet normal 0 0 -1
    outer loop
      vertex -1.5 -11.5 2.55
      vertex 1.57085 -10.0005 2.55
      vertex 1.53154 -10.2487 2.55
    endloop
  endfacet
  facet normal 0 0 -1
    outer loop
      vertex 1.62567 -1.74476 2.55
      vertex -1.5 -1.50429 2.55
      vertex 1.57085 -1.49953 2.55
    endloop
  endfacet
  facet normal 0 0 -1
    outer loop
      vertex -1.5 -11.5 2.55
      vertex 1.53154 -10.2487 2.55
      vertex 1.50789 -10.4988 2.55
    endloop
  endfacet
  facet normal -0 0 -1
    outer loop
      vertex 1.57085 -1.49953 2.55
      vertex -1.5 -1.50429 2.55
      vertex 1.53154 -1.25133 2.55
    endloop
  endfacet
  facet normal 0 0 -1
    outer loop
      vertex -1.5 -11.5 2.55
      vertex 1.50789 -10.4988 2.55
      vertex 1.5 -10.75 2.55
    endloop
  endfacet
  facet normal -0 0 -1
    outer loop
      vertex 1.53154 -1.25133 2.55
      vertex -1.5 -1.50429 2.55
      vertex 1.50789 -1.00116 2.55
    endloop
  endfacet
  facet normal -0 0 -1
    outer loop
      vertex 19.5217 5.40533 2.55
      vertex 1.5 1.50429 2.55
      vertex 19.5 5.75 2.55
    endloop
  endfacet
  facet normal -0 0 -1
    outer loop
      vertex 19.5 5.75 2.55
      vertex 1.5 1.50429 2.55
      vertex 19.5217 6.09467 2.55
    endloop
  endfacet
  facet normal -0 0 -1
    outer loop
      vertex 19.5217 6.09467 2.55
      vertex 1.5 1.50429 2.55
      vertex 19.5864 6.4339 2.55
    endloop
  endfacet
  facet normal -0 0 -1
    outer loop
      vertex 19.5864 6.4339 2.55
      vertex 1.5 1.50429 2.55
      vertex 19.6931 6.76234 2.55
    endloop
  endfacet
  facet normal -0 0 -1
    outer loop
      vertex 19.6931 6.76234 2.55
      vertex 1.5 1.50429 2.55
      vertex 19.8402 7.07482 2.55
    endloop
  endfacet
  facet normal -0 0 -1
    outer loop
      vertex 19.8402 7.07482 2.55
      vertex 1.5 1.50429 2.55
      vertex 19.869 7.12025 2.55
    endloop
  endfacet
  facet normal 0 0 -1
    outer loop
      vertex -1.53154 1.25133 2.55
      vertex 1.5 1.50429 2.55
      vertex -1.50789 1.00116 2.55
    endloop
  endfacet
  facet normal 0 0 -1
    outer loop
      vertex 1.5 1.50429 2.55
      vertex -1.50789 10.4988 2.55
      vertex -1.5 10.75 2.55
    endloop
  endfacet
  facet normal 0 0 -1
    outer loop
      vertex -1.57085 1.49953 2.55
      vertex 1.5 1.50429 2.55
      vertex -1.53154 1.25133 2.55
    endloop
  endfacet
  facet normal 0 0 -1
    outer loop
      vertex 1.5 1.50429 2.55
      vertex -1.53154 10.2487 2.55
      vertex -1.50789 10.4988 2.55
    endloop
  endfacet
  facet normal 0 0 -1
    outer loop
      vertex -1.62567 1.74476 2.55
      vertex 1.5 1.50429 2.55
      vertex -1.57085 1.49953 2.55
    endloop
  endfacet
  facet normal 0 0 -1
    outer loop
      vertex 1.5 1.50429 2.55
      vertex -1.57085 10.0005 2.55
      vertex -1.53154 10.2487 2.55
    endloop
  endfacet
  facet normal 0 0 -1
    outer loop
      vertex -1.69577 1.98607 2.55
      vertex 1.5 1.50429 2.55
      vertex -1.62567 1.74476 2.55
    endloop
  endfacet
  facet normal 0 0 -1
    outer loop
      vertex 1.5 1.50429 2.55
      vertex -1.62567 9.75524 2.55
      vertex -1.57085 10.0005 2.55
    endloop
  endfacet
  facet normal 0 0 -1
    outer loop
      vertex -1.78089 2.2225 2.55
      vertex 1.5 1.50429 2.55
      vertex -1.69577 1.98607 2.55
    endloop
  endfacet
  facet normal 0 0 -1
    outer loop
      vertex 1.5 1.50429 2.55
      vertex -1.69577 9.51393 2.55
      vertex -1.62567 9.75524 2.55
    endloop
  endfacet
  facet normal 0 0 -1
    outer loop
      vertex -1.88069 2.45312 2.55
      vertex 1.5 1.50429 2.55
      vertex -1.78089 2.2225 2.55
    endloop
  endfacet
  facet normal 0 0 -1
    outer loop
      vertex 1.5 1.50429 2.55
      vertex -1.78089 9.2775 2.55
      vertex -1.69577 9.51393 2.55
    endloop
  endfacet
  facet normal 0 0 -1
    outer loop
      vertex -1.99477 2.67702 2.55
      vertex 1.5 1.50429 2.55
      vertex -1.88069 2.45312 2.55
    endloop
  endfacet
  facet normal 0 0 -1
    outer loop
      vertex 1.5 1.50429 2.55
      vertex -1.88069 9.04688 2.55
      vertex -1.78089 9.2775 2.55
    endloop
  endfacet
  facet normal 0 0 -1
    outer loop
      vertex -2.12269 2.89331 2.55
      vertex 1.5 1.50429 2.55
      vertex -1.99477 2.67702 2.55
    endloop
  endfacet
  facet normal 0 0 -1
    outer loop
      vertex 1.5 1.50429 2.55
      vertex -1.99477 8.82298 2.55
      vertex -1.88069 9.04688 2.55
    endloop
  endfacet
  facet normal 0 0 -1
    outer loop
      vertex -2.26393 3.10114 2.55
      vertex 1.5 1.50429 2.55
      vertex -2.12269 2.89331 2.55
    endloop
  endfacet
  facet normal 0 0 -1
    outer loop
      vertex 1.5 1.50429 2.55
      vertex -2.12269 8.60669 2.55
      vertex -1.99477 8.82298 2.55
    endloop
  endfacet
  facet normal 0 0 -1
    outer loop
      vertex -2.26393 8.39886 2.55
      vertex 1.5 1.50429 2.55
      vertex -2.26393 3.10114 2.55
    endloop
  endfacet
  facet normal 0 0 -1
    outer loop
      vertex 1.5 1.50429 2.55
      vertex -2.26393 8.39886 2.55
      vertex -2.12269 8.60669 2.55
    endloop
  endfacet
  facet normal 0 0 -1
    outer loop
      vertex -2.41795 3.2997 2.55
      vertex -2.26393 8.39886 2.55
      vertex -2.26393 3.10114 2.55
    endloop
  endfacet
  facet normal 0 0 -1
    outer loop
      vertex -2.41795 3.2997 2.55
      vertex -2.41795 8.2003 2.55
      vertex -2.26393 8.39886 2.55
    endloop
  endfacet
  facet normal 0 0 -1
    outer loop
      vertex -2.58412 3.48819 2.55
      vertex -2.41795 8.2003 2.55
      vertex -2.41795 3.2997 2.55
    endloop
  endfacet
  facet normal 0 0 -1
    outer loop
      vertex -2.58412 3.48819 2.55
      vertex -2.58412 8.01181 2.55
      vertex -2.41795 8.2003 2.55
    endloop
  endfacet
  facet normal 0 0 -1
    outer loop
      vertex -2.76181 3.66588 2.55
      vertex -2.58412 8.01181 2.55
      vertex -2.58412 3.48819 2.55
    endloop
  endfacet
  facet normal 0 0 -1
    outer loop
      vertex -2.76181 3.66588 2.55
      vertex -2.76181 7.83412 2.55
      vertex -2.58412 8.01181 2.55
    endloop
  endfacet
  facet normal 0 0 -1
    outer loop
      vertex -2.9503 3.83205 2.55
      vertex -2.76181 7.83412 2.55
      vertex -2.76181 3.66588 2.55
    endloop
  endfacet
  facet normal 0 0 -1
    outer loop
      vertex -2.9503 3.83205 2.55
      vertex -2.9503 7.66795 2.55
      vertex -2.76181 7.83412 2.55
    endloop
  endfacet
  facet normal 0 0 -1
    outer loop
      vertex -3.14886 3.98607 2.55
      vertex -2.9503 7.66795 2.55
      vertex -2.9503 3.83205 2.55
    endloop
  endfacet
  facet normal 0 0 -1
    outer loop
      vertex -3.14886 3.98607 2.55
      vertex -3.14886 7.51393 2.55
      vertex -2.9503 7.66795 2.55
    endloop
  endfacet
  facet normal 0 0 -1
    outer loop
      vertex -3.35669 4.12731 2.55
      vertex -3.14886 7.51393 2.55
      vertex -3.14886 3.98607 2.55
    endloop
  endfacet
  facet normal 0 0 -1
    outer loop
      vertex -3.35669 4.12731 2.55
      vertex -3.35669 7.37269 2.55
      vertex -3.14886 7.51393 2.55
    endloop
  endfacet
  facet normal 0 0 -1
    outer loop
      vertex -3.57298 4.25523 2.55
      vertex -3.35669 7.37269 2.55
      vertex -3.35669 4.12731 2.55
    endloop
  endfacet
  facet normal 0 0 -1
    outer loop
      vertex -3.57298 4.25523 2.55
      vertex -3.57298 7.24477 2.55
      vertex -3.35669 7.37269 2.55
    endloop
  endfacet
  facet normal 0 0 -1
    outer loop
      vertex -3.79688 4.36931 2.55
      vertex -3.57298 7.24477 2.55
      vertex -3.57298 4.25523 2.55
    endloop
  endfacet
  facet normal 0 0 -1
    outer loop
      vertex -3.79688 4.36931 2.55
      vertex -3.79688 7.13069 2.55
      vertex -3.57298 7.24477 2.55
    endloop
  endfacet
  facet normal 0 0 -1
    outer loop
      vertex -4.0275 4.46911 2.55
      vertex -3.79688 7.13069 2.55
      vertex -3.79688 4.36931 2.55
    endloop
  endfacet
  facet normal 0 0 -1
    outer loop
      vertex -4.0275 4.46911 2.55
      vertex -4.0275 7.03089 2.55
      vertex -3.79688 7.13069 2.55
    endloop
  endfacet
  facet normal 0 0 -1
    outer loop
      vertex -4.26393 4.55423 2.55
      vertex -4.0275 7.03089 2.55
      vertex -4.0275 4.46911 2.55
    endloop
  endfacet
  facet normal 0 0 -1
    outer loop
      vertex -4.26393 4.55423 2.55
      vertex -4.26393 6.94577 2.55
      vertex -4.0275 7.03089 2.55
    endloop
  endfacet
  facet normal 0 0 -1
    outer loop
      vertex -4.50524 4.62433 2.55
      vertex -4.26393 6.94577 2.55
      vertex -4.26393 4.55423 2.55
    endloop
  endfacet
  facet normal 0 0 -1
    outer loop
      vertex -4.50524 4.62433 2.55
      vertex -4.50524 6.87567 2.55
      vertex -4.26393 6.94577 2.55
    endloop
  endfacet
  facet normal 0 0 -1
    outer loop
      vertex -4.75047 4.67915 2.55
      vertex -4.50524 6.87567 2.55
      vertex -4.50524 4.62433 2.55
    endloop
  endfacet
  facet normal 0 0 -1
    outer loop
      vertex -4.75047 4.67915 2.55
      vertex -4.75047 6.82085 2.55
      vertex -4.50524 6.87567 2.55
    endloop
  endfacet
  facet normal 0 0 -1
    outer loop
      vertex -4.99867 4.71846 2.55
      vertex -4.75047 6.82085 2.55
      vertex -4.75047 4.67915 2.55
    endloop
  endfacet
  facet normal 0 0 -1
    outer loop
      vertex -4.99867 4.71846 2.55
      vertex -4.99867 6.78154 2.55
      vertex -4.75047 6.82085 2.55
    endloop
  endfacet
  facet normal 0 0 -1
    outer loop
      vertex -5.24884 4.74211 2.55
      vertex -4.99867 6.78154 2.55
      vertex -4.99867 4.71846 2.55
    endloop
  endfacet
  facet normal 0 0 -1
    outer loop
      vertex -5.24884 4.74211 2.55
      vertex -5.24884 6.75789 2.55
      vertex -4.99867 6.78154 2.55
    endloop
  endfacet
  facet normal 0 0 -1
    outer loop
      vertex -5.5 4.75 2.55
      vertex -5.24884 6.75789 2.55
      vertex -5.24884 4.74211 2.55
    endloop
  endfacet
  facet normal 0 0 -1
    outer loop
      vertex -5.5 4.75 2.55
      vertex -5.5 6.75 2.55
      vertex -5.24884 6.75789 2.55
    endloop
  endfacet
  facet normal 0 0 -1
    outer loop
      vertex -5.5 4.75 2.55
      vertex -19.5 5.75 2.55
      vertex -5.5 6.75 2.55
    endloop
  endfacet
  facet normal 0 0 -1
    outer loop
      vertex -5.5 4.75 2.55
      vertex -19.5217 5.40533 2.55
      vertex -19.5 5.75 2.55
    endloop
  endfacet
  facet normal 0 0 -1
    outer loop
      vertex -5.5 4.75 2.55
      vertex -19.5864 5.0661 2.55
      vertex -19.5217 5.40533 2.55
    endloop
  endfacet
  facet normal 0 -0 -1
    outer loop
      vertex -19.5864 5.0661 2.55
      vertex -5.5 4.75 2.55
      vertex -19.6891 4.75 2.55
    endloop
  endfacet
  facet normal 0 0 -1
    outer loop
      vertex -19.5217 -5.40533 2.55
      vertex -1.5 -1.50429 2.55
      vertex -19.5 -5.75 2.55
    endloop
  endfacet
  facet normal 0 0 -1
    outer loop
      vertex -1.5 -1.50429 2.55
      vertex -19.5217 -6.09467 2.55
      vertex -19.5 -5.75 2.55
    endloop
  endfacet
  facet normal 0 0 -1
    outer loop
      vertex -1.5 -1.50429 2.55
      vertex -19.5864 -6.4339 2.55
      vertex -19.5217 -6.09467 2.55
    endloop
  endfacet
  facet normal 0 0 -1
    outer loop
      vertex -1.5 -1.50429 2.55
      vertex -19.6931 -6.76234 2.55
      vertex -19.5864 -6.4339 2.55
    endloop
  endfacet
  facet normal 0 0 -1
    outer loop
      vertex -1.5 -1.50429 2.55
      vertex -19.8402 -7.07482 2.55
      vertex -19.6931 -6.76234 2.55
    endloop
  endfacet
  facet normal 0 -0 -1
    outer loop
      vertex -19.8402 -7.07482 2.55
      vertex -1.5 -1.50429 2.55
      vertex -19.869 -7.12025 2.55
    endloop
  endfacet
  facet normal 0 0 -1
    outer loop
      vertex -1.5 -11.5 2.55
      vertex 1.5 -10.75 2.55
      vertex 1.5 -11.5 2.55
    endloop
  endfacet
  facet normal -0 0 -1
    outer loop
      vertex 1.50789 -1.00116 2.55
      vertex -1.5 -1.50429 2.55
      vertex 1.5 -0.75 2.55
    endloop
  endfacet
  facet normal -0 0 -1
    outer loop
      vertex 1.5 -0.75 2.55
      vertex -1.5 -1.50429 2.55
      vertex 1.5 -0.587096 2.55
    endloop
  endfacet
  facet normal 0 0 -1
    outer loop
      vertex -1.5 0.587096 2.55
      vertex 1.5 -0.587096 2.55
      vertex -1.5 -1.50429 2.55
    endloop
  endfacet
  facet normal -0 0 -1
    outer loop
      vertex 1.99477 -8.82298 2.55
      vertex -1.5 -11.5 2.55
      vertex -1.5 -1.50429 2.55
    endloop
  endfacet
  facet normal 0 0 -1
    outer loop
      vertex 1.5 -0.587096 2.55
      vertex -1.5 0.587096 2.55
      vertex 1.5 1.50429 2.55
    endloop
  endfacet
  facet normal 0 0 -1
    outer loop
      vertex -1.5 0.75 2.55
      vertex 1.5 1.50429 2.55
      vertex -1.5 0.587096 2.55
    endloop
  endfacet
  facet normal 0 0 -1
    outer loop
      vertex -1.50789 1.00116 2.55
      vertex 1.5 1.50429 2.55
      vertex -1.5 0.75 2.55
    endloop
  endfacet
  facet normal 0 0 -1
    outer loop
      vertex 1.5 1.50429 2.55
      vertex -1.5 10.75 2.55
      vertex 1.5 11.5 2.55
    endloop
  endfacet
  facet normal -0 0 -1
    outer loop
      vertex 1.5 11.5 2.55
      vertex -1.5 10.75 2.55
      vertex -1.5 11.5 2.55
    endloop
  endfacet
  facet normal 0 0 -1
    outer loop
      vertex -19.5864 -5.0661 2.55
      vertex -1.5 -1.50429 2.55
      vertex -19.5217 -5.40533 2.55
    endloop
  endfacet
  facet normal 0 0 -1
    outer loop
      vertex -19.6229 -4.95364 2.55
      vertex -1.5 -1.50429 2.55
      vertex -19.5864 -5.0661 2.55
    endloop
  endfacet
  facet normal -0 0 -1
    outer loop
      vertex -1.5 -1.50429 2.55
      vertex -19.6229 -4.95364 2.55
      vertex -1.5 0.587096 2.55
    endloop
  endfacet
  facet normal 0 0 -1
    outer loop
      vertex -19.5217 6.09467 2.55
      vertex -5.5 6.75 2.55
      vertex -19.5 5.75 2.55
    endloop
  endfacet
  facet normal 0 0 -1
    outer loop
      vertex -19.5864 6.4339 2.55
      vertex -5.5 6.75 2.55
      vertex -19.5217 6.09467 2.55
    endloop
  endfacet
  facet normal -0 0 -1
    outer loop
      vertex -5.5 6.75 2.55
      vertex -19.5864 6.4339 2.55
      vertex -19.6891 6.75 2.55
    endloop
  endfacet
  facet normal -0.0941161 -0.995561 0
    outer loop
      vertex 4.99867 -4.71846 0
      vertex 5.24884 -4.74211 2.55
      vertex 4.99867 -4.71846 2.55
    endloop
  endfacet
  facet normal -0.0941161 -0.995561 -0
    outer loop
      vertex 5.24884 -4.74211 2.55
      vertex 4.99867 -4.71846 0
      vertex 5.24884 -4.74211 0
    endloop
  endfacet
  facet normal -0.661298 -0.750123 0
    outer loop
      vertex 2.76181 -3.66588 0
      vertex 2.9503 -3.83205 2.55
      vertex 2.76181 -3.66588 2.55
    endloop
  endfacet
  facet normal -0.661298 -0.750123 -0
    outer loop
      vertex 2.9503 -3.83205 2.55
      vertex 2.76181 -3.66588 0
      vertex 2.9503 -3.83205 0
    endloop
  endfacet
  facet normal -0.790153 -0.61291 0
    outer loop
      vertex 2.41795 -3.2997 0
      vertex 2.26393 -3.10114 2.55
      vertex 2.26393 -3.10114 0
    endloop
  endfacet
  facet normal -0.790153 -0.61291 0
    outer loop
      vertex 2.26393 -3.10114 2.55
      vertex 2.41795 -3.2997 0
      vertex 2.41795 -3.2997 2.55
    endloop
  endfacet
  facet normal -0.999507 -0.0313987 0
    outer loop
      vertex 1.50789 -1.00116 0
      vertex 1.5 -0.75 2.55
      vertex 1.5 -0.75 0
    endloop
  endfacet
  facet normal -0.999507 -0.0313987 0
    outer loop
      vertex 1.5 -0.75 2.55
      vertex 1.50789 -1.00116 0
      vertex 1.50789 -1.00116 2.55
    endloop
  endfacet
  facet normal -0.995561 -0.0941161 0
    outer loop
      vertex 1.53154 -1.25133 0
      vertex 1.50789 -1.00116 2.55
      vertex 1.50789 -1.00116 0
    endloop
  endfacet
  facet normal -0.995561 -0.0941161 0
    outer loop
      vertex 1.50789 -1.00116 2.55
      vertex 1.53154 -1.25133 0
      vertex 1.53154 -1.25133 2.55
    endloop
  endfacet
  facet normal -0.891011 -0.453982 0
    outer loop
      vertex 1.99477 -2.67702 0
      vertex 1.88069 -2.45312 2.55
      vertex 1.88069 -2.45312 0
    endloop
  endfacet
  facet normal -0.891011 -0.453982 0
    outer loop
      vertex 1.88069 -2.45312 2.55
      vertex 1.99477 -2.67702 0
      vertex 1.99477 -2.67702 2.55
    endloop
  endfacet
  facet normal -0.156431 -0.987689 0
    outer loop
      vertex 4.75047 -4.67915 0
      vertex 4.99867 -4.71846 2.55
      vertex 4.75047 -4.67915 2.55
    endloop
  endfacet
  facet normal -0.156431 -0.987689 -0
    outer loop
      vertex 4.99867 -4.71846 2.55
      vertex 4.75047 -4.67915 0
      vertex 4.99867 -4.71846 0
    endloop
  endfacet
  facet normal -0.278965 -0.960301 0
    outer loop
      vertex 4.26393 -4.55423 0
      vertex 4.50524 -4.62433 2.55
      vertex 4.26393 -4.55423 2.55
    endloop
  endfacet
  facet normal -0.278965 -0.960301 -0
    outer loop
      vertex 4.50524 -4.62433 2.55
      vertex 4.26393 -4.55423 0
      vertex 4.50524 -4.62433 0
    endloop
  endfacet
  facet normal -0.0313987 -0.999507 0
    outer loop
      vertex 5.24884 -4.74211 0
      vertex 5.5 -4.75 2.55
      vertex 5.24884 -4.74211 2.55
    endloop
  endfacet
  facet normal -0.0313987 -0.999507 -0
    outer loop
      vertex 5.5 -4.75 2.55
      vertex 5.24884 -4.74211 0
      vertex 5.5 -4.75 0
    endloop
  endfacet
  facet normal -0.218161 -0.975913 0
    outer loop
      vertex 4.50524 -4.62433 0
      vertex 4.75047 -4.67915 2.55
      vertex 4.50524 -4.62433 2.55
    endloop
  endfacet
  facet normal -0.218161 -0.975913 -0
    outer loop
      vertex 4.75047 -4.67915 2.55
      vertex 4.50524 -4.62433 0
      vertex 4.75047 -4.67915 0
    endloop
  endfacet
  facet normal -0.338738 -0.940881 0
    outer loop
      vertex 4.0275 -4.46911 0
      vertex 4.26393 -4.55423 2.55
      vertex 4.0275 -4.46911 2.55
    endloop
  endfacet
  facet normal -0.338738 -0.940881 -0
    outer loop
      vertex 4.26393 -4.55423 2.55
      vertex 4.0275 -4.46911 0
      vertex 4.26393 -4.55423 0
    endloop
  endfacet
  facet normal -0.453982 -0.891011 0
    outer loop
      vertex 3.57298 -4.25523 0
      vertex 3.79688 -4.36931 2.55
      vertex 3.57298 -4.25523 2.55
    endloop
  endfacet
  facet normal -0.453982 -0.891011 -0
    outer loop
      vertex 3.79688 -4.36931 2.55
      vertex 3.57298 -4.25523 0
      vertex 3.79688 -4.36931 0
    endloop
  endfacet
  facet normal -0.397154 -0.917752 0
    outer loop
      vertex 3.79688 -4.36931 0
      vertex 4.0275 -4.46911 2.55
      vertex 3.79688 -4.36931 2.55
    endloop
  endfacet
  facet normal -0.397154 -0.917752 -0
    outer loop
      vertex 4.0275 -4.46911 2.55
      vertex 3.79688 -4.36931 0
      vertex 4.0275 -4.46911 0
    endloop
  endfacet
  facet normal -0.56208 -0.827083 0
    outer loop
      vertex 3.14886 -3.98607 0
      vertex 3.35669 -4.12731 2.55
      vertex 3.14886 -3.98607 2.55
    endloop
  endfacet
  facet normal -0.56208 -0.827083 -0
    outer loop
      vertex 3.35669 -4.12731 2.55
      vertex 3.14886 -3.98607 0
      vertex 3.35669 -4.12731 0
    endloop
  endfacet
  facet normal -0.50906 -0.860731 0
    outer loop
      vertex 3.35669 -4.12731 0
      vertex 3.57298 -4.25523 2.55
      vertex 3.35669 -4.12731 2.55
    endloop
  endfacet
  facet normal -0.50906 -0.860731 -0
    outer loop
      vertex 3.57298 -4.25523 2.55
      vertex 3.35669 -4.12731 0
      vertex 3.57298 -4.25523 0
    endloop
  endfacet
  facet normal -0.61291 -0.790153 0
    outer loop
      vertex 2.9503 -3.83205 0
      vertex 3.14886 -3.98607 2.55
      vertex 2.9503 -3.83205 2.55
    endloop
  endfacet
  facet normal -0.61291 -0.790153 -0
    outer loop
      vertex 3.14886 -3.98607 2.55
      vertex 2.9503 -3.83205 0
      vertex 3.14886 -3.98607 0
    endloop
  endfacet
  facet normal -0.917752 -0.397154 0
    outer loop
      vertex 1.88069 -2.45312 0
      vertex 1.78089 -2.2225 2.55
      vertex 1.78089 -2.2225 0
    endloop
  endfacet
  facet normal -0.917752 -0.397154 0
    outer loop
      vertex 1.78089 -2.2225 2.55
      vertex 1.88069 -2.45312 0
      vertex 1.88069 -2.45312 2.55
    endloop
  endfacet
  facet normal -0.960301 -0.278965 0
    outer loop
      vertex 1.69577 -1.98607 0
      vertex 1.62567 -1.74476 2.55
      vertex 1.62567 -1.74476 0
    endloop
  endfacet
  facet normal -0.960301 -0.278965 0
    outer loop
      vertex 1.62567 -1.74476 2.55
      vertex 1.69577 -1.98607 0
      vertex 1.69577 -1.98607 2.55
    endloop
  endfacet
  facet normal -0.940881 -0.338738 0
    outer loop
      vertex 1.78089 -2.2225 0
      vertex 1.69577 -1.98607 2.55
      vertex 1.69577 -1.98607 0
    endloop
  endfacet
  facet normal -0.940881 -0.338738 0
    outer loop
      vertex 1.69577 -1.98607 2.55
      vertex 1.78089 -2.2225 0
      vertex 1.78089 -2.2225 2.55
    endloop
  endfacet
  facet normal -0.975913 -0.218161 0
    outer loop
      vertex 1.62567 -1.74476 0
      vertex 1.57085 -1.49953 2.55
      vertex 1.57085 -1.49953 0
    endloop
  endfacet
  facet normal -0.975913 -0.218161 0
    outer loop
      vertex 1.57085 -1.49953 2.55
      vertex 1.62567 -1.74476 0
      vertex 1.62567 -1.74476 2.55
    endloop
  endfacet
  facet normal -0.987689 -0.156431 0
    outer loop
      vertex 1.57085 -1.49953 0
      vertex 1.53154 -1.25133 2.55
      vertex 1.53154 -1.25133 0
    endloop
  endfacet
  facet normal -0.987689 -0.156431 0
    outer loop
      vertex 1.53154 -1.25133 2.55
      vertex 1.57085 -1.49953 0
      vertex 1.57085 -1.49953 2.55
    endloop
  endfacet
  facet normal -0.860731 -0.50906 0
    outer loop
      vertex 2.12269 -2.89331 0
      vertex 1.99477 -2.67702 2.55
      vertex 1.99477 -2.67702 0
    endloop
  endfacet
  facet normal -0.860731 -0.50906 0
    outer loop
      vertex 1.99477 -2.67702 2.55
      vertex 2.12269 -2.89331 0
      vertex 2.12269 -2.89331 2.55
    endloop
  endfacet
  facet normal -0.707107 -0.707107 0
    outer loop
      vertex 2.76181 -3.66588 0
      vertex 2.58412 -3.48819 2.55
      vertex 2.58412 -3.48819 0
    endloop
  endfacet
  facet normal -0.707107 -0.707107 0
    outer loop
      vertex 2.58412 -3.48819 2.55
      vertex 2.76181 -3.66588 0
      vertex 2.76181 -3.66588 2.55
    endloop
  endfacet
  facet normal -0.827083 -0.56208 0
    outer loop
      vertex 2.26393 -3.10114 0
      vertex 2.12269 -2.89331 2.55
      vertex 2.12269 -2.89331 0
    endloop
  endfacet
  facet normal -0.827083 -0.56208 0
    outer loop
      vertex 2.12269 -2.89331 2.55
      vertex 2.26393 -3.10114 0
      vertex 2.26393 -3.10114 2.55
    endloop
  endfacet
  facet normal -0.750123 -0.661298 0
    outer loop
      vertex 2.58412 -3.48819 0
      vertex 2.41795 -3.2997 2.55
      vertex 2.41795 -3.2997 0
    endloop
  endfacet
  facet normal -0.750123 -0.661298 0
    outer loop
      vertex 2.41795 -3.2997 2.55
      vertex 2.58412 -3.48819 0
      vertex 2.58412 -3.48819 2.55
    endloop
  endfacet
  facet normal -0.995559 0.0941422 0
    outer loop
      vertex 1.50789 -10.4988 0
      vertex 1.53154 -10.2487 2.55
      vertex 1.53154 -10.2487 0
    endloop
  endfacet
  facet normal -0.995559 0.0941422 0
    outer loop
      vertex 1.53154 -10.2487 2.55
      vertex 1.50789 -10.4988 0
      vertex 1.50789 -10.4988 2.55
    endloop
  endfacet
  facet normal -0.750123 0.661298 0
    outer loop
      vertex 2.41795 -8.2003 0
      vertex 2.58412 -8.01181 2.55
      vertex 2.58412 -8.01181 0
    endloop
  endfacet
  facet normal -0.750123 0.661298 0
    outer loop
      vertex 2.58412 -8.01181 2.55
      vertex 2.41795 -8.2003 0
      vertex 2.41795 -8.2003 2.55
    endloop
  endfacet
  facet normal -0.61291 0.790153 0
    outer loop
      vertex 3.14886 -7.51393 0
      vertex 2.9503 -7.66795 2.55
      vertex 3.14886 -7.51393 2.55
    endloop
  endfacet
  facet normal -0.61291 0.790153 0
    outer loop
      vertex 2.9503 -7.66795 2.55
      vertex 3.14886 -7.51393 0
      vertex 2.9503 -7.66795 0
    endloop
  endfacet
  facet normal -0.0313987 0.999507 0
    outer loop
      vertex 5.5 -6.75 0
      vertex 5.24884 -6.75789 2.55
      vertex 5.5 -6.75 2.55
    endloop
  endfacet
  facet normal -0.0313987 0.999507 0
    outer loop
      vertex 5.24884 -6.75789 2.55
      vertex 5.5 -6.75 0
      vertex 5.24884 -6.75789 0
    endloop
  endfacet
  facet normal -0.0941161 0.995561 0
    outer loop
      vertex 5.24884 -6.75789 0
      vertex 4.99867 -6.78154 2.55
      vertex 5.24884 -6.75789 2.55
    endloop
  endfacet
  facet normal -0.0941161 0.995561 0
    outer loop
      vertex 4.99867 -6.78154 2.55
      vertex 5.24884 -6.75789 0
      vertex 4.99867 -6.78154 0
    endloop
  endfacet
  facet normal -0.453982 0.891011 0
    outer loop
      vertex 3.79688 -7.13069 0
      vertex 3.57298 -7.24477 2.55
      vertex 3.79688 -7.13069 2.55
    endloop
  endfacet
  facet normal -0.453982 0.891011 0
    outer loop
      vertex 3.57298 -7.24477 2.55
      vertex 3.79688 -7.13069 0
      vertex 3.57298 -7.24477 0
    endloop
  endfacet
  facet normal -0.987689 0.156431 0
    outer loop
      vertex 1.53154 -10.2487 0
      vertex 1.57085 -10.0005 2.55
      vertex 1.57085 -10.0005 0
    endloop
  endfacet
  facet normal -0.987689 0.156431 0
    outer loop
      vertex 1.57085 -10.0005 2.55
      vertex 1.53154 -10.2487 0
      vertex 1.53154 -10.2487 2.55
    endloop
  endfacet
  facet normal -0.960301 0.278965 0
    outer loop
      vertex 1.62567 -9.75524 0
      vertex 1.69577 -9.51393 2.55
      vertex 1.69577 -9.51393 0
    endloop
  endfacet
  facet normal -0.960301 0.278965 0
    outer loop
      vertex 1.69577 -9.51393 2.55
      vertex 1.62567 -9.75524 0
      vertex 1.62567 -9.75524 2.55
    endloop
  endfacet
  facet normal -0.999507 0.0313938 0
    outer loop
      vertex 1.5 -10.75 0
      vertex 1.50789 -10.4988 2.55
      vertex 1.50789 -10.4988 0
    endloop
  endfacet
  facet normal -0.999507 0.0313938 0
    outer loop
      vertex 1.50789 -10.4988 2.55
      vertex 1.5 -10.75 0
      vertex 1.5 -10.75 2.55
    endloop
  endfacet
  facet normal -0.975919 0.218135 0
    outer loop
      vertex 1.57085 -10.0005 0
      vertex 1.62567 -9.75524 2.55
      vertex 1.62567 -9.75524 0
    endloop
  endfacet
  facet normal -0.975919 0.218135 0
    outer loop
      vertex 1.62567 -9.75524 2.55
      vertex 1.57085 -10.0005 0
      vertex 1.57085 -10.0005 2.55
    endloop
  endfacet
  facet normal -0.940881 0.338738 0
    outer loop
      vertex 1.69577 -9.51393 0
      vertex 1.78089 -9.2775 2.55
      vertex 1.78089 -9.2775 0
    endloop
  endfacet
  facet normal -0.940881 0.338738 0
    outer loop
      vertex 1.78089 -9.2775 2.55
      vertex 1.69577 -9.51393 0
      vertex 1.69577 -9.51393 2.55
    endloop
  endfacet
  facet normal -0.891011 0.453982 0
    outer loop
      vertex 1.88069 -9.04688 0
      vertex 1.99477 -8.82298 2.55
      vertex 1.99477 -8.82298 0
    endloop
  endfacet
  facet normal -0.891011 0.453982 0
    outer loop
      vertex 1.99477 -8.82298 2.55
      vertex 1.88069 -9.04688 0
      vertex 1.88069 -9.04688 2.55
    endloop
  endfacet
  facet normal -0.917752 0.397154 0
    outer loop
      vertex 1.78089 -9.2775 0
      vertex 1.88069 -9.04688 2.55
      vertex 1.88069 -9.04688 0
    endloop
  endfacet
  facet normal -0.917752 0.397154 0
    outer loop
      vertex 1.88069 -9.04688 2.55
      vertex 1.78089 -9.2775 0
      vertex 1.78089 -9.2775 2.55
    endloop
  endfacet
  facet normal -0.827083 0.56208 0
    outer loop
      vertex 2.12269 -8.60669 0
      vertex 2.26393 -8.39886 2.55
      vertex 2.26393 -8.39886 0
    endloop
  endfacet
  facet normal -0.827083 0.56208 0
    outer loop
      vertex 2.26393 -8.39886 2.55
      vertex 2.12269 -8.60669 0
      vertex 2.12269 -8.60669 2.55
    endloop
  endfacet
  facet normal -0.860731 0.50906 0
    outer loop
      vertex 1.99477 -8.82298 0
      vertex 2.12269 -8.60669 2.55
      vertex 2.12269 -8.60669 0
    endloop
  endfacet
  facet normal -0.860731 0.50906 0
    outer loop
      vertex 2.12269 -8.60669 2.55
      vertex 1.99477 -8.82298 0
      vertex 1.99477 -8.82298 2.55
    endloop
  endfacet
  facet normal -0.790153 0.61291 0
    outer loop
      vertex 2.26393 -8.39886 0
      vertex 2.41795 -8.2003 2.55
      vertex 2.41795 -8.2003 0
    endloop
  endfacet
  facet normal -0.790153 0.61291 0
    outer loop
      vertex 2.41795 -8.2003 2.55
      vertex 2.26393 -8.39886 0
      vertex 2.26393 -8.39886 2.55
    endloop
  endfacet
  facet normal -0.397154 0.917752 0
    outer loop
      vertex 4.0275 -7.03089 0
      vertex 3.79688 -7.13069 2.55
      vertex 4.0275 -7.03089 2.55
    endloop
  endfacet
  facet normal -0.397154 0.917752 0
    outer loop
      vertex 3.79688 -7.13069 2.55
      vertex 4.0275 -7.03089 0
      vertex 3.79688 -7.13069 0
    endloop
  endfacet
  facet normal -0.278965 0.960301 0
    outer loop
      vertex 4.50524 -6.87567 0
      vertex 4.26393 -6.94577 2.55
      vertex 4.50524 -6.87567 2.55
    endloop
  endfacet
  facet normal -0.278965 0.960301 0
    outer loop
      vertex 4.26393 -6.94577 2.55
      vertex 4.50524 -6.87567 0
      vertex 4.26393 -6.94577 0
    endloop
  endfacet
  facet normal -0.338738 0.940881 0
    outer loop
      vertex 4.26393 -6.94577 0
      vertex 4.0275 -7.03089 2.55
      vertex 4.26393 -6.94577 2.55
    endloop
  endfacet
  facet normal -0.338738 0.940881 0
    outer loop
      vertex 4.0275 -7.03089 2.55
      vertex 4.26393 -6.94577 0
      vertex 4.0275 -7.03089 0
    endloop
  endfacet
  facet normal -0.218161 0.975913 0
    outer loop
      vertex 4.75047 -6.82085 0
      vertex 4.50524 -6.87567 2.55
      vertex 4.75047 -6.82085 2.55
    endloop
  endfacet
  facet normal -0.218161 0.975913 0
    outer loop
      vertex 4.50524 -6.87567 2.55
      vertex 4.75047 -6.82085 0
      vertex 4.50524 -6.87567 0
    endloop
  endfacet
  facet normal -0.156431 0.987689 0
    outer loop
      vertex 4.99867 -6.78154 0
      vertex 4.75047 -6.82085 2.55
      vertex 4.99867 -6.78154 2.55
    endloop
  endfacet
  facet normal -0.156431 0.987689 0
    outer loop
      vertex 4.75047 -6.82085 2.55
      vertex 4.99867 -6.78154 0
      vertex 4.75047 -6.82085 0
    endloop
  endfacet
  facet normal -0.50906 0.860731 0
    outer loop
      vertex 3.57298 -7.24477 0
      vertex 3.35669 -7.37269 2.55
      vertex 3.57298 -7.24477 2.55
    endloop
  endfacet
  facet normal -0.50906 0.860731 0
    outer loop
      vertex 3.35669 -7.37269 2.55
      vertex 3.57298 -7.24477 0
      vertex 3.35669 -7.37269 0
    endloop
  endfacet
  facet normal -0.707107 0.707107 0
    outer loop
      vertex 2.58412 -8.01181 0
      vertex 2.76181 -7.83412 2.55
      vertex 2.76181 -7.83412 0
    endloop
  endfacet
  facet normal -0.707107 0.707107 0
    outer loop
      vertex 2.76181 -7.83412 2.55
      vertex 2.58412 -8.01181 0
      vertex 2.58412 -8.01181 2.55
    endloop
  endfacet
  facet normal -0.56208 0.827083 0
    outer loop
      vertex 3.35669 -7.37269 0
      vertex 3.14886 -7.51393 2.55
      vertex 3.35669 -7.37269 2.55
    endloop
  endfacet
  facet normal -0.56208 0.827083 0
    outer loop
      vertex 3.14886 -7.51393 2.55
      vertex 3.35669 -7.37269 0
      vertex 3.14886 -7.51393 0
    endloop
  endfacet
  facet normal -0.661298 0.750123 0
    outer loop
      vertex 2.9503 -7.66795 0
      vertex 2.76181 -7.83412 2.55
      vertex 2.9503 -7.66795 2.55
    endloop
  endfacet
  facet normal -0.661298 0.750123 0
    outer loop
      vertex 2.76181 -7.83412 2.55
      vertex 2.9503 -7.66795 0
      vertex 2.76181 -7.83412 0
    endloop
  endfacet
  facet normal 0.995559 -0.0941422 0
    outer loop
      vertex -1.53154 10.2487 2.55
      vertex -1.50789 10.4988 0
      vertex -1.50789 10.4988 2.55
    endloop
  endfacet
  facet normal 0.995559 -0.0941422 0
    outer loop
      vertex -1.50789 10.4988 0
      vertex -1.53154 10.2487 2.55
      vertex -1.53154 10.2487 0
    endloop
  endfacet
  facet normal 0.750123 -0.661298 0
    outer loop
      vertex -2.58412 8.01181 2.55
      vertex -2.41795 8.2003 0
      vertex -2.41795 8.2003 2.55
    endloop
  endfacet
  facet normal 0.750123 -0.661298 0
    outer loop
      vertex -2.41795 8.2003 0
      vertex -2.58412 8.01181 2.55
      vertex -2.58412 8.01181 0
    endloop
  endfacet
  facet normal 0.61291 -0.790153 0
    outer loop
      vertex -3.14886 7.51393 0
      vertex -2.9503 7.66795 2.55
      vertex -3.14886 7.51393 2.55
    endloop
  endfacet
  facet normal 0.61291 -0.790153 0
    outer loop
      vertex -2.9503 7.66795 2.55
      vertex -3.14886 7.51393 0
      vertex -2.9503 7.66795 0
    endloop
  endfacet
  facet normal 0.0313987 -0.999507 0
    outer loop
      vertex -5.5 6.75 0
      vertex -5.24884 6.75789 2.55
      vertex -5.5 6.75 2.55
    endloop
  endfacet
  facet normal 0.0313987 -0.999507 0
    outer loop
      vertex -5.24884 6.75789 2.55
      vertex -5.5 6.75 0
      vertex -5.24884 6.75789 0
    endloop
  endfacet
  facet normal 0.0941161 -0.995561 0
    outer loop
      vertex -5.24884 6.75789 0
      vertex -4.99867 6.78154 2.55
      vertex -5.24884 6.75789 2.55
    endloop
  endfacet
  facet normal 0.0941161 -0.995561 0
    outer loop
      vertex -4.99867 6.78154 2.55
      vertex -5.24884 6.75789 0
      vertex -4.99867 6.78154 0
    endloop
  endfacet
  facet normal 0.453982 -0.891011 0
    outer loop
      vertex -3.79688 7.13069 0
      vertex -3.57298 7.24477 2.55
      vertex -3.79688 7.13069 2.55
    endloop
  endfacet
  facet normal 0.453982 -0.891011 0
    outer loop
      vertex -3.57298 7.24477 2.55
      vertex -3.79688 7.13069 0
      vertex -3.57298 7.24477 0
    endloop
  endfacet
  facet normal 0.987689 -0.156431 0
    outer loop
      vertex -1.57085 10.0005 2.55
      vertex -1.53154 10.2487 0
      vertex -1.53154 10.2487 2.55
    endloop
  endfacet
  facet normal 0.987689 -0.156431 0
    outer loop
      vertex -1.53154 10.2487 0
      vertex -1.57085 10.0005 2.55
      vertex -1.57085 10.0005 0
    endloop
  endfacet
  facet normal 0.960301 -0.278965 0
    outer loop
      vertex -1.69577 9.51393 2.55
      vertex -1.62567 9.75524 0
      vertex -1.62567 9.75524 2.55
    endloop
  endfacet
  facet normal 0.960301 -0.278965 0
    outer loop
      vertex -1.62567 9.75524 0
      vertex -1.69577 9.51393 2.55
      vertex -1.69577 9.51393 0
    endloop
  endfacet
  facet normal 0.999507 -0.0313938 0
    outer loop
      vertex -1.50789 10.4988 2.55
      vertex -1.5 10.75 0
      vertex -1.5 10.75 2.55
    endloop
  endfacet
  facet normal 0.999507 -0.0313938 0
    outer loop
      vertex -1.5 10.75 0
      vertex -1.50789 10.4988 2.55
      vertex -1.50789 10.4988 0
    endloop
  endfacet
  facet normal 0.975919 -0.218135 0
    outer loop
      vertex -1.62567 9.75524 2.55
      vertex -1.57085 10.0005 0
      vertex -1.57085 10.0005 2.55
    endloop
  endfacet
  facet normal 0.975919 -0.218135 0
    outer loop
      vertex -1.57085 10.0005 0
      vertex -1.62567 9.75524 2.55
      vertex -1.62567 9.75524 0
    endloop
  endfacet
  facet normal 0.940881 -0.338738 0
    outer loop
      vertex -1.78089 9.2775 2.55
      vertex -1.69577 9.51393 0
      vertex -1.69577 9.51393 2.55
    endloop
  endfacet
  facet normal 0.940881 -0.338738 0
    outer loop
      vertex -1.69577 9.51393 0
      vertex -1.78089 9.2775 2.55
      vertex -1.78089 9.2775 0
    endloop
  endfacet
  facet normal 0.891011 -0.453982 0
    outer loop
      vertex -1.99477 8.82298 2.55
      vertex -1.88069 9.04688 0
      vertex -1.88069 9.04688 2.55
    endloop
  endfacet
  facet normal 0.891011 -0.453982 0
    outer loop
      vertex -1.88069 9.04688 0
      vertex -1.99477 8.82298 2.55
      vertex -1.99477 8.82298 0
    endloop
  endfacet
  facet normal 0.917752 -0.397154 0
    outer loop
      vertex -1.88069 9.04688 2.55
      vertex -1.78089 9.2775 0
      vertex -1.78089 9.2775 2.55
    endloop
  endfacet
  facet normal 0.917752 -0.397154 0
    outer loop
      vertex -1.78089 9.2775 0
      vertex -1.88069 9.04688 2.55
      vertex -1.88069 9.04688 0
    endloop
  endfacet
  facet normal 0.827083 -0.56208 0
    outer loop
      vertex -2.26393 8.39886 2.55
      vertex -2.12269 8.60669 0
      vertex -2.12269 8.60669 2.55
    endloop
  endfacet
  facet normal 0.827083 -0.56208 0
    outer loop
      vertex -2.12269 8.60669 0
      vertex -2.26393 8.39886 2.55
      vertex -2.26393 8.39886 0
    endloop
  endfacet
  facet normal 0.860731 -0.50906 0
    outer loop
      vertex -2.12269 8.60669 2.55
      vertex -1.99477 8.82298 0
      vertex -1.99477 8.82298 2.55
    endloop
  endfacet
  facet normal 0.860731 -0.50906 0
    outer loop
      vertex -1.99477 8.82298 0
      vertex -2.12269 8.60669 2.55
      vertex -2.12269 8.60669 0
    endloop
  endfacet
  facet normal 0.790153 -0.61291 0
    outer loop
      vertex -2.41795 8.2003 2.55
      vertex -2.26393 8.39886 0
      vertex -2.26393 8.39886 2.55
    endloop
  endfacet
  facet normal 0.790153 -0.61291 0
    outer loop
      vertex -2.26393 8.39886 0
      vertex -2.41795 8.2003 2.55
      vertex -2.41795 8.2003 0
    endloop
  endfacet
  facet normal 0.397154 -0.917752 0
    outer loop
      vertex -4.0275 7.03089 0
      vertex -3.79688 7.13069 2.55
      vertex -4.0275 7.03089 2.55
    endloop
  endfacet
  facet normal 0.397154 -0.917752 0
    outer loop
      vertex -3.79688 7.13069 2.55
      vertex -4.0275 7.03089 0
      vertex -3.79688 7.13069 0
    endloop
  endfacet
  facet normal 0.278965 -0.960301 0
    outer loop
      vertex -4.50524 6.87567 0
      vertex -4.26393 6.94577 2.55
      vertex -4.50524 6.87567 2.55
    endloop
  endfacet
  facet normal 0.278965 -0.960301 0
    outer loop
      vertex -4.26393 6.94577 2.55
      vertex -4.50524 6.87567 0
      vertex -4.26393 6.94577 0
    endloop
  endfacet
  facet normal 0.338738 -0.940881 0
    outer loop
      vertex -4.26393 6.94577 0
      vertex -4.0275 7.03089 2.55
      vertex -4.26393 6.94577 2.55
    endloop
  endfacet
  facet normal 0.338738 -0.940881 0
    outer loop
      vertex -4.0275 7.03089 2.55
      vertex -4.26393 6.94577 0
      vertex -4.0275 7.03089 0
    endloop
  endfacet
  facet normal 0.218161 -0.975913 0
    outer loop
      vertex -4.75047 6.82085 0
      vertex -4.50524 6.87567 2.55
      vertex -4.75047 6.82085 2.55
    endloop
  endfacet
  facet normal 0.218161 -0.975913 0
    outer loop
      vertex -4.50524 6.87567 2.55
      vertex -4.75047 6.82085 0
      vertex -4.50524 6.87567 0
    endloop
  endfacet
  facet normal 0.156431 -0.987689 0
    outer loop
      vertex -4.99867 6.78154 0
      vertex -4.75047 6.82085 2.55
      vertex -4.99867 6.78154 2.55
    endloop
  endfacet
  facet normal 0.156431 -0.987689 0
    outer loop
      vertex -4.75047 6.82085 2.55
      vertex -4.99867 6.78154 0
      vertex -4.75047 6.82085 0
    endloop
  endfacet
  facet normal 0.50906 -0.860731 0
    outer loop
      vertex -3.57298 7.24477 0
      vertex -3.35669 7.37269 2.55
      vertex -3.57298 7.24477 2.55
    endloop
  endfacet
  facet normal 0.50906 -0.860731 0
    outer loop
      vertex -3.35669 7.37269 2.55
      vertex -3.57298 7.24477 0
      vertex -3.35669 7.37269 0
    endloop
  endfacet
  facet normal 0.707107 -0.707107 0
    outer loop
      vertex -2.76181 7.83412 2.55
      vertex -2.58412 8.01181 0
      vertex -2.58412 8.01181 2.55
    endloop
  endfacet
  facet normal 0.707107 -0.707107 0
    outer loop
      vertex -2.58412 8.01181 0
      vertex -2.76181 7.83412 2.55
      vertex -2.76181 7.83412 0
    endloop
  endfacet
  facet normal 0.56208 -0.827083 0
    outer loop
      vertex -3.35669 7.37269 0
      vertex -3.14886 7.51393 2.55
      vertex -3.35669 7.37269 2.55
    endloop
  endfacet
  facet normal 0.56208 -0.827083 0
    outer loop
      vertex -3.14886 7.51393 2.55
      vertex -3.35669 7.37269 0
      vertex -3.14886 7.51393 0
    endloop
  endfacet
  facet normal 0.661298 -0.750123 0
    outer loop
      vertex -2.9503 7.66795 0
      vertex -2.76181 7.83412 2.55
      vertex -2.9503 7.66795 2.55
    endloop
  endfacet
  facet normal 0.661298 -0.750123 0
    outer loop
      vertex -2.76181 7.83412 2.55
      vertex -2.9503 7.66795 0
      vertex -2.76181 7.83412 0
    endloop
  endfacet
  facet normal 0.0941161 0.995561 -0
    outer loop
      vertex -4.99867 4.71846 0
      vertex -5.24884 4.74211 2.55
      vertex -4.99867 4.71846 2.55
    endloop
  endfacet
  facet normal 0.0941161 0.995561 0
    outer loop
      vertex -5.24884 4.74211 2.55
      vertex -4.99867 4.71846 0
      vertex -5.24884 4.74211 0
    endloop
  endfacet
  facet normal 0.661298 0.750123 -0
    outer loop
      vertex -2.76181 3.66588 0
      vertex -2.9503 3.83205 2.55
      vertex -2.76181 3.66588 2.55
    endloop
  endfacet
  facet normal 0.661298 0.750123 0
    outer loop
      vertex -2.9503 3.83205 2.55
      vertex -2.76181 3.66588 0
      vertex -2.9503 3.83205 0
    endloop
  endfacet
  facet normal 0.790153 0.61291 0
    outer loop
      vertex -2.26393 3.10114 2.55
      vertex -2.41795 3.2997 0
      vertex -2.41795 3.2997 2.55
    endloop
  endfacet
  facet normal 0.790153 0.61291 0
    outer loop
      vertex -2.41795 3.2997 0
      vertex -2.26393 3.10114 2.55
      vertex -2.26393 3.10114 0
    endloop
  endfacet
  facet normal 0.999507 0.0313987 0
    outer loop
      vertex -1.5 0.75 2.55
      vertex -1.50789 1.00116 0
      vertex -1.50789 1.00116 2.55
    endloop
  endfacet
  facet normal 0.999507 0.0313987 0
    outer loop
      vertex -1.50789 1.00116 0
      vertex -1.5 0.75 2.55
      vertex -1.5 0.75 0
    endloop
  endfacet
  facet normal 0.995561 0.0941161 0
    outer loop
      vertex -1.50789 1.00116 2.55
      vertex -1.53154 1.25133 0
      vertex -1.53154 1.25133 2.55
    endloop
  endfacet
  facet normal 0.995561 0.0941161 0
    outer loop
      vertex -1.53154 1.25133 0
      vertex -1.50789 1.00116 2.55
      vertex -1.50789 1.00116 0
    endloop
  endfacet
  facet normal 0.891011 0.453982 0
    outer loop
      vertex -1.88069 2.45312 2.55
      vertex -1.99477 2.67702 0
      vertex -1.99477 2.67702 2.55
    endloop
  endfacet
  facet normal 0.891011 0.453982 0
    outer loop
      vertex -1.99477 2.67702 0
      vertex -1.88069 2.45312 2.55
      vertex -1.88069 2.45312 0
    endloop
  endfacet
  facet normal 0.156431 0.987689 -0
    outer loop
      vertex -4.75047 4.67915 0
      vertex -4.99867 4.71846 2.55
      vertex -4.75047 4.67915 2.55
    endloop
  endfacet
  facet normal 0.156431 0.987689 0
    outer loop
      vertex -4.99867 4.71846 2.55
      vertex -4.75047 4.67915 0
      vertex -4.99867 4.71846 0
    endloop
  endfacet
  facet normal 0.278965 0.960301 -0
    outer loop
      vertex -4.26393 4.55423 0
      vertex -4.50524 4.62433 2.55
      vertex -4.26393 4.55423 2.55
    endloop
  endfacet
  facet normal 0.278965 0.960301 0
    outer loop
      vertex -4.50524 4.62433 2.55
      vertex -4.26393 4.55423 0
      vertex -4.50524 4.62433 0
    endloop
  endfacet
  facet normal 0.0313987 0.999507 -0
    outer loop
      vertex -5.24884 4.74211 0
      vertex -5.5 4.75 2.55
      vertex -5.24884 4.74211 2.55
    endloop
  endfacet
  facet normal 0.0313987 0.999507 0
    outer loop
      vertex -5.5 4.75 2.55
      vertex -5.24884 4.74211 0
      vertex -5.5 4.75 0
    endloop
  endfacet
  facet normal 0.218161 0.975913 -0
    outer loop
      vertex -4.50524 4.62433 0
      vertex -4.75047 4.67915 2.55
      vertex -4.50524 4.62433 2.55
    endloop
  endfacet
  facet normal 0.218161 0.975913 0
    outer loop
      vertex -4.75047 4.67915 2.55
      vertex -4.50524 4.62433 0
      vertex -4.75047 4.67915 0
    endloop
  endfacet
  facet normal 0.338738 0.940881 -0
    outer loop
      vertex -4.0275 4.46911 0
      vertex -4.26393 4.55423 2.55
      vertex -4.0275 4.46911 2.55
    endloop
  endfacet
  facet normal 0.338738 0.940881 0
    outer loop
      vertex -4.26393 4.55423 2.55
      vertex -4.0275 4.46911 0
      vertex -4.26393 4.55423 0
    endloop
  endfacet
  facet normal 0.453982 0.891011 -0
    outer loop
      vertex -3.57298 4.25523 0
      vertex -3.79688 4.36931 2.55
      vertex -3.57298 4.25523 2.55
    endloop
  endfacet
  facet normal 0.453982 0.891011 0
    outer loop
      vertex -3.79688 4.36931 2.55
      vertex -3.57298 4.25523 0
      vertex -3.79688 4.36931 0
    endloop
  endfacet
  facet normal 0.397154 0.917752 -0
    outer loop
      vertex -3.79688 4.36931 0
      vertex -4.0275 4.46911 2.55
      vertex -3.79688 4.36931 2.55
    endloop
  endfacet
  facet normal 0.397154 0.917752 0
    outer loop
      vertex -4.0275 4.46911 2.55
      vertex -3.79688 4.36931 0
      vertex -4.0275 4.46911 0
    endloop
  endfacet
  facet normal 0.56208 0.827083 -0
    outer loop
      vertex -3.14886 3.98607 0
      vertex -3.35669 4.12731 2.55
      vertex -3.14886 3.98607 2.55
    endloop
  endfacet
  facet normal 0.56208 0.827083 0
    outer loop
      vertex -3.35669 4.12731 2.55
      vertex -3.14886 3.98607 0
      vertex -3.35669 4.12731 0
    endloop
  endfacet
  facet normal 0.50906 0.860731 -0
    outer loop
      vertex -3.35669 4.12731 0
      vertex -3.57298 4.25523 2.55
      vertex -3.35669 4.12731 2.55
    endloop
  endfacet
  facet normal 0.50906 0.860731 0
    outer loop
      vertex -3.57298 4.25523 2.55
      vertex -3.35669 4.12731 0
      vertex -3.57298 4.25523 0
    endloop
  endfacet
  facet normal 0.61291 0.790153 -0
    outer loop
      vertex -2.9503 3.83205 0
      vertex -3.14886 3.98607 2.55
      vertex -2.9503 3.83205 2.55
    endloop
  endfacet
  facet normal 0.61291 0.790153 0
    outer loop
      vertex -3.14886 3.98607 2.55
      vertex -2.9503 3.83205 0
      vertex -3.14886 3.98607 0
    endloop
  endfacet
  facet normal 0.917752 0.397154 0
    outer loop
      vertex -1.78089 2.2225 2.55
      vertex -1.88069 2.45312 0
      vertex -1.88069 2.45312 2.55
    endloop
  endfacet
  facet normal 0.917752 0.397154 0
    outer loop
      vertex -1.88069 2.45312 0
      vertex -1.78089 2.2225 2.55
      vertex -1.78089 2.2225 0
    endloop
  endfacet
  facet normal 0.960301 0.278965 0
    outer loop
      vertex -1.62567 1.74476 2.55
      vertex -1.69577 1.98607 0
      vertex -1.69577 1.98607 2.55
    endloop
  endfacet
  facet normal 0.960301 0.278965 0
    outer loop
      vertex -1.69577 1.98607 0
      vertex -1.62567 1.74476 2.55
      vertex -1.62567 1.74476 0
    endloop
  endfacet
  facet normal 0.940881 0.338738 0
    outer loop
      vertex -1.69577 1.98607 2.55
      vertex -1.78089 2.2225 0
      vertex -1.78089 2.2225 2.55
    endloop
  endfacet
  facet normal 0.940881 0.338738 0
    outer loop
      vertex -1.78089 2.2225 0
      vertex -1.69577 1.98607 2.55
      vertex -1.69577 1.98607 0
    endloop
  endfacet
  facet normal 0.975913 0.218161 0
    outer loop
      vertex -1.57085 1.49953 2.55
      vertex -1.62567 1.74476 0
      vertex -1.62567 1.74476 2.55
    endloop
  endfacet
  facet normal 0.975913 0.218161 0
    outer loop
      vertex -1.62567 1.74476 0
      vertex -1.57085 1.49953 2.55
      vertex -1.57085 1.49953 0
    endloop
  endfacet
  facet normal 0.987689 0.156431 0
    outer loop
      vertex -1.53154 1.25133 2.55
      vertex -1.57085 1.49953 0
      vertex -1.57085 1.49953 2.55
    endloop
  endfacet
  facet normal 0.987689 0.156431 0
    outer loop
      vertex -1.57085 1.49953 0
      vertex -1.53154 1.25133 2.55
      vertex -1.53154 1.25133 0
    endloop
  endfacet
  facet normal 0.860731 0.50906 0
    outer loop
      vertex -1.99477 2.67702 2.55
      vertex -2.12269 2.89331 0
      vertex -2.12269 2.89331 2.55
    endloop
  endfacet
  facet normal 0.860731 0.50906 0
    outer loop
      vertex -2.12269 2.89331 0
      vertex -1.99477 2.67702 2.55
      vertex -1.99477 2.67702 0
    endloop
  endfacet
  facet normal 0.707107 0.707107 0
    outer loop
      vertex -2.58412 3.48819 2.55
      vertex -2.76181 3.66588 0
      vertex -2.76181 3.66588 2.55
    endloop
  endfacet
  facet normal 0.707107 0.707107 0
    outer loop
      vertex -2.76181 3.66588 0
      vertex -2.58412 3.48819 2.55
      vertex -2.58412 3.48819 0
    endloop
  endfacet
  facet normal 0.827083 0.56208 0
    outer loop
      vertex -2.12269 2.89331 2.55
      vertex -2.26393 3.10114 0
      vertex -2.26393 3.10114 2.55
    endloop
  endfacet
  facet normal 0.827083 0.56208 0
    outer loop
      vertex -2.26393 3.10114 0
      vertex -2.12269 2.89331 2.55
      vertex -2.12269 2.89331 0
    endloop
  endfacet
  facet normal 0.750123 0.661298 0
    outer loop
      vertex -2.41795 3.2997 2.55
      vertex -2.58412 3.48819 0
      vertex -2.58412 3.48819 2.55
    endloop
  endfacet
  facet normal 0.750123 0.661298 0
    outer loop
      vertex -2.58412 3.48819 0
      vertex -2.41795 3.2997 2.55
      vertex -2.41795 3.2997 0
    endloop
  endfacet
  facet normal 0 -0.995577 0.0939449
    outer loop
      vertex -31.25 -11.4921 12.0512
      vertex -29.25 -11.4685 12.3013
      vertex -31.25 -11.4685 12.3013
    endloop
  endfacet
  facet normal 0 -0.995577 0.0939449
    outer loop
      vertex -29.25 -11.4685 12.3013
      vertex -31.25 -11.4921 12.0512
      vertex -29.25 -11.4921 12.0512
    endloop
  endfacet
  facet normal 0 -0.995577 0.0939449
    outer loop
      vertex 29.25 -11.4921 12.0512
      vertex 31.25 -11.4685 12.3013
      vertex 29.25 -11.4685 12.3013
    endloop
  endfacet
  facet normal 0 -0.995577 0.0939449
    outer loop
      vertex 31.25 -11.4685 12.3013
      vertex 29.25 -11.4921 12.0512
      vertex 31.25 -11.4921 12.0512
    endloop
  endfacet
  facet normal 0 -0.750082 0.661345
    outer loop
      vertex -31.25 -10.5821 14.3497
      vertex -29.25 -10.4159 14.5382
      vertex -31.25 -10.4159 14.5382
    endloop
  endfacet
  facet normal 0 -0.750082 0.661345
    outer loop
      vertex -29.25 -10.4159 14.5382
      vertex -31.25 -10.5821 14.3497
      vertex -29.25 -10.5821 14.3497
    endloop
  endfacet
  facet normal 0 -0.750082 0.661345
    outer loop
      vertex 29.25 -10.5821 14.3497
      vertex 31.25 -10.4159 14.5382
      vertex 29.25 -10.4159 14.5382
    endloop
  endfacet
  facet normal 0 -0.750082 0.661345
    outer loop
      vertex 31.25 -10.4159 14.5382
      vertex 29.25 -10.5821 14.3497
      vertex 31.25 -10.5821 14.3497
    endloop
  endfacet
  facet normal 0 -0.61286 0.790191
    outer loop
      vertex -31.25 -9.85114 15.0361
      vertex -29.25 -10.0497 14.8821
      vertex -29.25 -9.85114 15.0361
    endloop
  endfacet
  facet normal 0 -0.61286 0.790191
    outer loop
      vertex -29.25 -10.0497 14.8821
      vertex -31.25 -9.85114 15.0361
      vertex -31.25 -10.0497 14.8821
    endloop
  endfacet
  facet normal 0 -0.61286 0.790191
    outer loop
      vertex 29.25 -9.85114 15.0361
      vertex 31.25 -10.0497 14.8821
      vertex 31.25 -9.85114 15.0361
    endloop
  endfacet
  facet normal 0 -0.61286 0.790191
    outer loop
      vertex 31.25 -10.0497 14.8821
      vertex 29.25 -9.85114 15.0361
      vertex 29.25 -10.0497 14.8821
    endloop
  endfacet
  facet normal 0 -0.031441 0.999506
    outer loop
      vertex -31.25 -7.50002 15.8
      vertex -29.25 -7.75116 15.7921
      vertex -29.25 -7.50002 15.8
    endloop
  endfacet
  facet normal 0 -0.031441 0.999506
    outer loop
      vertex -29.25 -7.75116 15.7921
      vertex -31.25 -7.50002 15.8
      vertex -31.25 -7.75116 15.7921
    endloop
  endfacet
  facet normal 0 -0.031441 0.999506
    outer loop
      vertex 29.25 -7.50002 15.8
      vertex 31.25 -7.75116 15.7921
      vertex 31.25 -7.50002 15.8
    endloop
  endfacet
  facet normal 0 -0.031441 0.999506
    outer loop
      vertex 31.25 -7.75116 15.7921
      vertex 29.25 -7.50002 15.8
      vertex 29.25 -7.75116 15.7921
    endloop
  endfacet
  facet normal 0 -0.0939189 0.99558
    outer loop
      vertex -31.25 -7.75116 15.7921
      vertex -29.25 -8.00133 15.7685
      vertex -29.25 -7.75116 15.7921
    endloop
  endfacet
  facet normal 0 -0.0939189 0.99558
    outer loop
      vertex -29.25 -8.00133 15.7685
      vertex -31.25 -7.75116 15.7921
      vertex -31.25 -8.00133 15.7685
    endloop
  endfacet
  facet normal 0 -0.0939189 0.99558
    outer loop
      vertex 29.25 -7.75116 15.7921
      vertex 31.25 -8.00133 15.7685
      vertex 31.25 -7.75116 15.7921
    endloop
  endfacet
  facet normal 0 -0.0939189 0.99558
    outer loop
      vertex 31.25 -8.00133 15.7685
      vertex 29.25 -7.75116 15.7921
      vertex 29.25 -8.00133 15.7685
    endloop
  endfacet
  facet normal 0 -0.15678 0.987634
    outer loop
      vertex -31.25 -8.00133 15.7685
      vertex -29.25 -8.24953 15.7291
      vertex -29.25 -8.00133 15.7685
    endloop
  endfacet
  facet normal 0 -0.15678 0.987634
    outer loop
      vertex -29.25 -8.24953 15.7291
      vertex -31.25 -8.00133 15.7685
      vertex -31.25 -8.24953 15.7291
    endloop
  endfacet
  facet normal 0 -0.15678 0.987634
    outer loop
      vertex 29.25 -8.00133 15.7685
      vertex 31.25 -8.24953 15.7291
      vertex 31.25 -8.00133 15.7685
    endloop
  endfacet
  facet normal 0 -0.15678 0.987634
    outer loop
      vertex 31.25 -8.24953 15.7291
      vertex 29.25 -8.00133 15.7685
      vertex 29.25 -8.24953 15.7291
    endloop
  endfacet
  facet normal 0 -0.454045 0.890979
    outer loop
      vertex -31.25 -9.20312 15.4193
      vertex -29.25 -9.42702 15.3052
      vertex -29.25 -9.20312 15.4193
    endloop
  endfacet
  facet normal 0 -0.454045 0.890979
    outer loop
      vertex -29.25 -9.42702 15.3052
      vertex -31.25 -9.20312 15.4193
      vertex -31.25 -9.42702 15.3052
    endloop
  endfacet
  facet normal 0 -0.454045 0.890979
    outer loop
      vertex 29.25 -9.20312 15.4193
      vertex 31.25 -9.42702 15.3052
      vertex 31.25 -9.20312 15.4193
    endloop
  endfacet
  facet normal 0 -0.454045 0.890979
    outer loop
      vertex 31.25 -9.42702 15.3052
      vertex 29.25 -9.20312 15.4193
      vertex 29.25 -9.42702 15.3052
    endloop
  endfacet
  facet normal 0 -0.509001 0.860766
    outer loop
      vertex -31.25 -9.42702 15.3052
      vertex -29.25 -9.64331 15.1773
      vertex -29.25 -9.42702 15.3052
    endloop
  endfacet
  facet normal 0 -0.509001 0.860766
    outer loop
      vertex -29.25 -9.64331 15.1773
      vertex -31.25 -9.42702 15.3052
      vertex -31.25 -9.64331 15.1773
    endloop
  endfacet
  facet normal 0 -0.509001 0.860766
    outer loop
      vertex 29.25 -9.42702 15.3052
      vertex 31.25 -9.64331 15.1773
      vertex 31.25 -9.42702 15.3052
    endloop
  endfacet
  facet normal 0 -0.509001 0.860766
    outer loop
      vertex 31.25 -9.64331 15.1773
      vertex 29.25 -9.42702 15.3052
      vertex 29.25 -9.64331 15.1773
    endloop
  endfacet
  facet normal 0 -0.987634 0.15678
    outer loop
      vertex -31.25 -11.4685 12.3013
      vertex -29.25 -11.4291 12.5495
      vertex -31.25 -11.4291 12.5495
    endloop
  endfacet
  facet normal 0 -0.987634 0.15678
    outer loop
      vertex -29.25 -11.4291 12.5495
      vertex -31.25 -11.4685 12.3013
      vertex -29.25 -11.4685 12.3013
    endloop
  endfacet
  facet normal 0 -0.987634 0.15678
    outer loop
      vertex 29.25 -11.4685 12.3013
      vertex 31.25 -11.4291 12.5495
      vertex 29.25 -11.4291 12.5495
    endloop
  endfacet
  facet normal 0 -0.987634 0.15678
    outer loop
      vertex 31.25 -11.4291 12.5495
      vertex 29.25 -11.4685 12.3013
      vertex 31.25 -11.4685 12.3013
    endloop
  endfacet
  facet normal 0 -0.960298 0.278976
    outer loop
      vertex -31.25 -11.3743 12.7948
      vertex -29.25 -11.3042 13.0361
      vertex -31.25 -11.3042 13.0361
    endloop
  endfacet
  facet normal 0 -0.960298 0.278976
    outer loop
      vertex -29.25 -11.3042 13.0361
      vertex -31.25 -11.3743 12.7948
      vertex -29.25 -11.3743 12.7948
    endloop
  endfacet
  facet normal 0 -0.960298 0.278976
    outer loop
      vertex 29.25 -11.3743 12.7948
      vertex 31.25 -11.3042 13.0361
      vertex 29.25 -11.3042 13.0361
    endloop
  endfacet
  facet normal 0 -0.960298 0.278976
    outer loop
      vertex 31.25 -11.3042 13.0361
      vertex 29.25 -11.3743 12.7948
      vertex 31.25 -11.3743 12.7948
    endloop
  endfacet
  facet normal 0 -0.999506 0.0314335
    outer loop
      vertex -31.25 -11.5 11.8
      vertex -29.25 -11.4921 12.0512
      vertex -31.25 -11.4921 12.0512
    endloop
  endfacet
  facet normal 0 -0.999506 0.0314335
    outer loop
      vertex -29.25 -11.4921 12.0512
      vertex -31.25 -11.5 11.8
      vertex -29.25 -11.5 11.8
    endloop
  endfacet
  facet normal 0 -0.999506 0.0314335
    outer loop
      vertex 29.25 -11.5 11.8
      vertex 31.25 -11.4921 12.0512
      vertex 29.25 -11.4921 12.0512
    endloop
  endfacet
  facet normal 0 -0.999506 0.0314335
    outer loop
      vertex 31.25 -11.4921 12.0512
      vertex 29.25 -11.5 11.8
      vertex 31.25 -11.5 11.8
    endloop
  endfacet
  facet normal 0 -0.975943 0.218026
    outer loop
      vertex -31.25 -11.4291 12.5495
      vertex -29.25 -11.3743 12.7948
      vertex -31.25 -11.3743 12.7948
    endloop
  endfacet
  facet normal 0 -0.975943 0.218026
    outer loop
      vertex -29.25 -11.3743 12.7948
      vertex -31.25 -11.4291 12.5495
      vertex -29.25 -11.4291 12.5495
    endloop
  endfacet
  facet normal 0 -0.975943 0.218026
    outer loop
      vertex 29.25 -11.4291 12.5495
      vertex 31.25 -11.3743 12.7948
      vertex 29.25 -11.3743 12.7948
    endloop
  endfacet
  facet normal 0 -0.975943 0.218026
    outer loop
      vertex 31.25 -11.3743 12.7948
      vertex 29.25 -11.4291 12.5495
      vertex 31.25 -11.4291 12.5495
    endloop
  endfacet
  facet normal 0 -0.940892 0.338705
    outer loop
      vertex -31.25 -11.3042 13.0361
      vertex -29.25 -11.2191 13.2725
      vertex -31.25 -11.2191 13.2725
    endloop
  endfacet
  facet normal 0 -0.940892 0.338705
    outer loop
      vertex -29.25 -11.2191 13.2725
      vertex -31.25 -11.3042 13.0361
      vertex -29.25 -11.3042 13.0361
    endloop
  endfacet
  facet normal 0 -0.940892 0.338705
    outer loop
      vertex 29.25 -11.3042 13.0361
      vertex 31.25 -11.2191 13.2725
      vertex 29.25 -11.2191 13.2725
    endloop
  endfacet
  facet normal 0 -0.940892 0.338705
    outer loop
      vertex 31.25 -11.2191 13.2725
      vertex 29.25 -11.3042 13.0361
      vertex 31.25 -11.3042 13.0361
    endloop
  endfacet
  facet normal 0 -0.890979 0.454045
    outer loop
      vertex -31.25 -11.1193 13.5031
      vertex -29.25 -11.0052 13.727
      vertex -31.25 -11.0052 13.727
    endloop
  endfacet
  facet normal 0 -0.890979 0.454045
    outer loop
      vertex -29.25 -11.0052 13.727
      vertex -31.25 -11.1193 13.5031
      vertex -29.25 -11.1193 13.5031
    endloop
  endfacet
  facet normal 0 -0.890979 0.454045
    outer loop
      vertex 29.25 -11.1193 13.5031
      vertex 31.25 -11.0052 13.727
      vertex 29.25 -11.0052 13.727
    endloop
  endfacet
  facet normal 0 -0.890979 0.454045
    outer loop
      vertex 31.25 -11.0052 13.727
      vertex 29.25 -11.1193 13.5031
      vertex 31.25 -11.1193 13.5031
    endloop
  endfacet
  facet normal 0 -0.917737 0.397189
    outer loop
      vertex -31.25 -11.1193 13.5031
      vertex -29.25 -11.2072 13.3
      vertex -29.25 -11.1193 13.5031
    endloop
  endfacet
  facet normal -7.16362e-07 -0.917739 0.397183
    outer loop
      vertex -31.25 -11.2191 13.2725
      vertex -29.25 -11.2072 13.3
      vertex -31.25 -11.1193 13.5031
    endloop
  endfacet
  facet normal 0 -0.917758 0.397139
    outer loop
      vertex -29.25 -11.2072 13.3
      vertex -31.25 -11.2191 13.2725
      vertex -29.25 -11.2191 13.2725
    endloop
  endfacet
  facet normal 0 -0.917737 0.397189
    outer loop
      vertex 29.25 -11.2072 13.3
      vertex 31.25 -11.1193 13.5031
      vertex 29.25 -11.1193 13.5031
    endloop
  endfacet
  facet normal 0 -0.917758 0.397139
    outer loop
      vertex 31.25 -11.2191 13.2725
      vertex 29.25 -11.2072 13.3
      vertex 29.25 -11.2191 13.2725
    endloop
  endfacet
  facet normal 7.16362e-07 -0.917739 0.397183
    outer loop
      vertex 29.25 -11.2072 13.3
      vertex 31.25 -11.2191 13.2725
      vertex 31.25 -11.1193 13.5031
    endloop
  endfacet
  facet normal 0 -0.827119 0.562027
    outer loop
      vertex -31.25 -10.8773 13.9433
      vertex -29.25 -10.7361 14.1511
      vertex -31.25 -10.7361 14.1511
    endloop
  endfacet
  facet normal 0 -0.827119 0.562027
    outer loop
      vertex -29.25 -10.7361 14.1511
      vertex -31.25 -10.8773 13.9433
      vertex -29.25 -10.8773 13.9433
    endloop
  endfacet
  facet normal 0 -0.827119 0.562027
    outer loop
      vertex 29.25 -10.8773 13.9433
      vertex 31.25 -10.7361 14.1511
      vertex 29.25 -10.7361 14.1511
    endloop
  endfacet
  facet normal 0 -0.827119 0.562027
    outer loop
      vertex 31.25 -10.7361 14.1511
      vertex 29.25 -10.8773 13.9433
      vertex 31.25 -10.8773 13.9433
    endloop
  endfacet
  facet normal 0 -0.860689 0.50913
    outer loop
      vertex -31.25 -10.8773 13.9433
      vertex -29.25 -10.95 13.8204
      vertex -29.25 -10.8773 13.9433
    endloop
  endfacet
  facet normal -1.21376e-05 -0.860776 0.508984
    outer loop
      vertex -31.25 -11.0052 13.727
      vertex -29.25 -10.95 13.8204
      vertex -31.25 -10.8773 13.9433
    endloop
  endfacet
  facet normal 0 -0.86089 0.508791
    outer loop
      vertex -29.25 -10.95 13.8204
      vertex -31.25 -11.0052 13.727
      vertex -29.25 -11.0052 13.727
    endloop
  endfacet
  facet normal 0 -0.860689 0.50913
    outer loop
      vertex 29.25 -10.95 13.8204
      vertex 31.25 -10.8773 13.9433
      vertex 29.25 -10.8773 13.9433
    endloop
  endfacet
  facet normal 0 -0.86089 0.508791
    outer loop
      vertex 31.25 -11.0052 13.727
      vertex 29.25 -10.95 13.8204
      vertex 29.25 -11.0052 13.727
    endloop
  endfacet
  facet normal 1.21376e-05 -0.860776 0.508984
    outer loop
      vertex 29.25 -10.95 13.8204
      vertex 31.25 -11.0052 13.727
      vertex 31.25 -10.8773 13.9433
    endloop
  endfacet
  facet normal 0 -0.790251 0.612783
    outer loop
      vertex -31.25 -10.7361 14.1511
      vertex -29.25 -10.5821 14.3497
      vertex -31.25 -10.5821 14.3497
    endloop
  endfacet
  facet normal 0 -0.790251 0.612783
    outer loop
      vertex -29.25 -10.5821 14.3497
      vertex -31.25 -10.7361 14.1511
      vertex -29.25 -10.7361 14.1511
    endloop
  endfacet
  facet normal 0 -0.790251 0.612783
    outer loop
      vertex 29.25 -10.7361 14.1511
      vertex 31.25 -10.5821 14.3497
      vertex 29.25 -10.5821 14.3497
    endloop
  endfacet
  facet normal 0 -0.790251 0.612783
    outer loop
      vertex 31.25 -10.5821 14.3497
      vertex 29.25 -10.7361 14.1511
      vertex 31.25 -10.7361 14.1511
    endloop
  endfacet
  facet normal 0 -0.397154 0.917752
    outer loop
      vertex -31.25 -8.9725 15.5191
      vertex -29.25 -9.20312 15.4193
      vertex -29.25 -8.9725 15.5191
    endloop
  endfacet
  facet normal 0 -0.397154 0.917752
    outer loop
      vertex -29.25 -9.20312 15.4193
      vertex -31.25 -8.9725 15.5191
      vertex -31.25 -9.20312 15.4193
    endloop
  endfacet
  facet normal 0 -0.397154 0.917752
    outer loop
      vertex 29.25 -8.9725 15.5191
      vertex 31.25 -9.20312 15.4193
      vertex 31.25 -8.9725 15.5191
    endloop
  endfacet
  facet normal 0 -0.397154 0.917752
    outer loop
      vertex 31.25 -9.20312 15.4193
      vertex 29.25 -8.9725 15.5191
      vertex 29.25 -9.20312 15.4193
    endloop
  endfacet
  facet normal 0 -0.278965 0.960301
    outer loop
      vertex -31.25 -8.49476 15.6743
      vertex -29.25 -8.73607 15.6042
      vertex -29.25 -8.49476 15.6743
    endloop
  endfacet
  facet normal 0 -0.278965 0.960301
    outer loop
      vertex -29.25 -8.73607 15.6042
      vertex -31.25 -8.49476 15.6743
      vertex -31.25 -8.73607 15.6042
    endloop
  endfacet
  facet normal 0 -0.278965 0.960301
    outer loop
      vertex 29.25 -8.49476 15.6743
      vertex 31.25 -8.73607 15.6042
      vertex 31.25 -8.49476 15.6743
    endloop
  endfacet
  facet normal 0 -0.278965 0.960301
    outer loop
      vertex 31.25 -8.73607 15.6042
      vertex 29.25 -8.49476 15.6743
      vertex 29.25 -8.73607 15.6042
    endloop
  endfacet
  facet normal 0 -0.338667 0.940906
    outer loop
      vertex -31.25 -8.73607 15.6042
      vertex -29.25 -8.9725 15.5191
      vertex -29.25 -8.73607 15.6042
    endloop
  endfacet
  facet normal 0 -0.338667 0.940906
    outer loop
      vertex -29.25 -8.9725 15.5191
      vertex -31.25 -8.73607 15.6042
      vertex -31.25 -8.9725 15.5191
    endloop
  endfacet
  facet normal 0 -0.338667 0.940906
    outer loop
      vertex 29.25 -8.73607 15.6042
      vertex 31.25 -8.9725 15.5191
      vertex 31.25 -8.73607 15.6042
    endloop
  endfacet
  facet normal 0 -0.338667 0.940906
    outer loop
      vertex 31.25 -8.9725 15.5191
      vertex 29.25 -8.73607 15.6042
      vertex 29.25 -8.9725 15.5191
    endloop
  endfacet
  facet normal 0 -0.218085 0.97593
    outer loop
      vertex -31.25 -8.24953 15.7291
      vertex -29.25 -8.49476 15.6743
      vertex -29.25 -8.24953 15.7291
    endloop
  endfacet
  facet normal 0 -0.218085 0.97593
    outer loop
      vertex -29.25 -8.49476 15.6743
      vertex -31.25 -8.24953 15.7291
      vertex -31.25 -8.49476 15.6743
    endloop
  endfacet
  facet normal 0 -0.218085 0.97593
    outer loop
      vertex 29.25 -8.24953 15.7291
      vertex 31.25 -8.49476 15.6743
      vertex 31.25 -8.24953 15.7291
    endloop
  endfacet
  facet normal 0 -0.218085 0.97593
    outer loop
      vertex 31.25 -8.49476 15.6743
      vertex 29.25 -8.24953 15.7291
      vertex 29.25 -8.49476 15.6743
    endloop
  endfacet
  facet normal 0 -0.707107 0.707107
    outer loop
      vertex -31.25 -10.4159 14.5382
      vertex -29.25 -10.2382 14.7159
      vertex -31.25 -10.2382 14.7159
    endloop
  endfacet
  facet normal 0 -0.707107 0.707107
    outer loop
      vertex -29.25 -10.2382 14.7159
      vertex -31.25 -10.4159 14.5382
      vertex -29.25 -10.4159 14.5382
    endloop
  endfacet
  facet normal 0 -0.707107 0.707107
    outer loop
      vertex 29.25 -10.4159 14.5382
      vertex 31.25 -10.2382 14.7159
      vertex 29.25 -10.2382 14.7159
    endloop
  endfacet
  facet normal 0 -0.707107 0.707107
    outer loop
      vertex 31.25 -10.2382 14.7159
      vertex 29.25 -10.4159 14.5382
      vertex 31.25 -10.4159 14.5382
    endloop
  endfacet
  facet normal 0 -0.661345 0.750082
    outer loop
      vertex -31.25 -10.0497 14.8821
      vertex -29.25 -10.2382 14.7159
      vertex -29.25 -10.0497 14.8821
    endloop
  endfacet
  facet normal 0 -0.661345 0.750082
    outer loop
      vertex -29.25 -10.2382 14.7159
      vertex -31.25 -10.0497 14.8821
      vertex -31.25 -10.2382 14.7159
    endloop
  endfacet
  facet normal 0 -0.661345 0.750082
    outer loop
      vertex 29.25 -10.0497 14.8821
      vertex 31.25 -10.2382 14.7159
      vertex 31.25 -10.0497 14.8821
    endloop
  endfacet
  facet normal 0 -0.661345 0.750082
    outer loop
      vertex 31.25 -10.2382 14.7159
      vertex 29.25 -10.0497 14.8821
      vertex 29.25 -10.2382 14.7159
    endloop
  endfacet
  facet normal 0 -0.561971 0.827157
    outer loop
      vertex -31.25 -9.64331 15.1773
      vertex -29.25 -9.85114 15.0361
      vertex -29.25 -9.64331 15.1773
    endloop
  endfacet
  facet normal 0 -0.561971 0.827157
    outer loop
      vertex -29.25 -9.85114 15.0361
      vertex -31.25 -9.64331 15.1773
      vertex -31.25 -9.85114 15.0361
    endloop
  endfacet
  facet normal 0 -0.561971 0.827157
    outer loop
      vertex 29.25 -9.64331 15.1773
      vertex 31.25 -9.85114 15.0361
      vertex 31.25 -9.64331 15.1773
    endloop
  endfacet
  facet normal 0 -0.561971 0.827157
    outer loop
      vertex 31.25 -9.85114 15.0361
      vertex 29.25 -9.64331 15.1773
      vertex 29.25 -9.85114 15.0361
    endloop
  endfacet
  facet normal -0 0.0939189 0.99558
    outer loop
      vertex -31.25 8.00133 15.7685
      vertex -29.25 7.75116 15.7921
      vertex -29.25 8.00133 15.7685
    endloop
  endfacet
  facet normal 0 0.0939189 0.99558
    outer loop
      vertex -29.25 7.75116 15.7921
      vertex -31.25 8.00133 15.7685
      vertex -31.25 7.75116 15.7921
    endloop
  endfacet
  facet normal -0 0.0939189 0.99558
    outer loop
      vertex 29.25 8.00133 15.7685
      vertex 31.25 7.75116 15.7921
      vertex 31.25 8.00133 15.7685
    endloop
  endfacet
  facet normal 0 0.0939189 0.99558
    outer loop
      vertex 31.25 7.75116 15.7921
      vertex 29.25 8.00133 15.7685
      vertex 29.25 7.75116 15.7921
    endloop
  endfacet
  facet normal -0 0.661345 0.750082
    outer loop
      vertex -31.25 10.2382 14.7159
      vertex -29.25 10.0497 14.8821
      vertex -29.25 10.2382 14.7159
    endloop
  endfacet
  facet normal 0 0.661345 0.750082
    outer loop
      vertex -29.25 10.0497 14.8821
      vertex -31.25 10.2382 14.7159
      vertex -31.25 10.0497 14.8821
    endloop
  endfacet
  facet normal -0 0.661345 0.750082
    outer loop
      vertex 29.25 10.2382 14.7159
      vertex 31.25 10.0497 14.8821
      vertex 31.25 10.2382 14.7159
    endloop
  endfacet
  facet normal 0 0.661345 0.750082
    outer loop
      vertex 31.25 10.0497 14.8821
      vertex 29.25 10.2382 14.7159
      vertex 29.25 10.0497 14.8821
    endloop
  endfacet
  facet normal 0 0.790251 0.612783
    outer loop
      vertex -29.25 10.7361 14.1511
      vertex -31.25 10.5821 14.3497
      vertex -29.25 10.5821 14.3497
    endloop
  endfacet
  facet normal 0 0.790251 0.612783
    outer loop
      vertex -31.25 10.5821 14.3497
      vertex -29.25 10.7361 14.1511
      vertex -31.25 10.7361 14.1511
    endloop
  endfacet
  facet normal 0 0.790251 0.612783
    outer loop
      vertex 31.25 10.7361 14.1511
      vertex 29.25 10.5821 14.3497
      vertex 31.25 10.5821 14.3497
    endloop
  endfacet
  facet normal 0 0.790251 0.612783
    outer loop
      vertex 29.25 10.5821 14.3497
      vertex 31.25 10.7361 14.1511
      vertex 29.25 10.7361 14.1511
    endloop
  endfacet
  facet normal 0 0.999506 0.0314335
    outer loop
      vertex -29.25 11.5 11.8
      vertex -31.25 11.4921 12.0512
      vertex -29.25 11.4921 12.0512
    endloop
  endfacet
  facet normal 0 0.999506 0.0314335
    outer loop
      vertex -31.25 11.4921 12.0512
      vertex -29.25 11.5 11.8
      vertex -31.25 11.5 11.8
    endloop
  endfacet
  facet normal 0 0.999506 0.0314335
    outer loop
      vertex 31.25 11.5 11.8
      vertex 29.25 11.4921 12.0512
      vertex 31.25 11.4921 12.0512
    endloop
  endfacet
  facet normal 0 0.999506 0.0314335
    outer loop
      vertex 29.25 11.4921 12.0512
      vertex 31.25 11.5 11.8
      vertex 29.25 11.5 11.8
    endloop
  endfacet
  facet normal 0 0.995577 0.0939449
    outer loop
      vertex -29.25 11.4921 12.0512
      vertex -31.25 11.4685 12.3013
      vertex -29.25 11.4685 12.3013
    endloop
  endfacet
  facet normal 0 0.995577 0.0939449
    outer loop
      vertex -31.25 11.4685 12.3013
      vertex -29.25 11.4921 12.0512
      vertex -31.25 11.4921 12.0512
    endloop
  endfacet
  facet normal 0 0.995577 0.0939449
    outer loop
      vertex 31.25 11.4921 12.0512
      vertex 29.25 11.4685 12.3013
      vertex 31.25 11.4685 12.3013
    endloop
  endfacet
  facet normal 0 0.995577 0.0939449
    outer loop
      vertex 29.25 11.4685 12.3013
      vertex 31.25 11.4921 12.0512
      vertex 29.25 11.4921 12.0512
    endloop
  endfacet
  facet normal 0 0.987634 0.15678
    outer loop
      vertex -29.25 11.4685 12.3013
      vertex -31.25 11.4291 12.5495
      vertex -29.25 11.4291 12.5495
    endloop
  endfacet
  facet normal 0 0.987634 0.15678
    outer loop
      vertex -31.25 11.4291 12.5495
      vertex -29.25 11.4685 12.3013
      vertex -31.25 11.4685 12.3013
    endloop
  endfacet
  facet normal 0 0.987634 0.15678
    outer loop
      vertex 31.25 11.4685 12.3013
      vertex 29.25 11.4291 12.5495
      vertex 31.25 11.4291 12.5495
    endloop
  endfacet
  facet normal 0 0.987634 0.15678
    outer loop
      vertex 29.25 11.4291 12.5495
      vertex 31.25 11.4685 12.3013
      vertex 29.25 11.4685 12.3013
    endloop
  endfacet
  facet normal 0 0.890979 0.454045
    outer loop
      vertex -29.25 11.1193 13.5031
      vertex -31.25 11.0052 13.727
      vertex -29.25 11.0052 13.727
    endloop
  endfacet
  facet normal 0 0.890979 0.454045
    outer loop
      vertex -31.25 11.0052 13.727
      vertex -29.25 11.1193 13.5031
      vertex -31.25 11.1193 13.5031
    endloop
  endfacet
  facet normal 0 0.890979 0.454045
    outer loop
      vertex 31.25 11.1193 13.5031
      vertex 29.25 11.0052 13.727
      vertex 31.25 11.0052 13.727
    endloop
  endfacet
  facet normal 0 0.890979 0.454045
    outer loop
      vertex 29.25 11.0052 13.727
      vertex 31.25 11.1193 13.5031
      vertex 29.25 11.1193 13.5031
    endloop
  endfacet
  facet normal 0 0.860689 0.50913
    outer loop
      vertex -29.25 10.95 13.8204
      vertex -31.25 10.8773 13.9433
      vertex -29.25 10.8773 13.9433
    endloop
  endfacet
  facet normal -0 0.86089 0.508791
    outer loop
      vertex -31.25 11.0052 13.727
      vertex -29.25 10.95 13.8204
      vertex -29.25 11.0052 13.727
    endloop
  endfacet
  facet normal -1.21376e-05 0.860776 0.508984
    outer loop
      vertex -29.25 10.95 13.8204
      vertex -31.25 11.0052 13.727
      vertex -31.25 10.8773 13.9433
    endloop
  endfacet
  facet normal 0 0.860689 0.50913
    outer loop
      vertex 31.25 10.8773 13.9433
      vertex 29.25 10.95 13.8204
      vertex 29.25 10.8773 13.9433
    endloop
  endfacet
  facet normal 1.21376e-05 0.860776 0.508984
    outer loop
      vertex 31.25 11.0052 13.727
      vertex 29.25 10.95 13.8204
      vertex 31.25 10.8773 13.9433
    endloop
  endfacet
  facet normal 0 0.86089 0.508791
    outer loop
      vertex 29.25 10.95 13.8204
      vertex 31.25 11.0052 13.727
      vertex 29.25 11.0052 13.727
    endloop
  endfacet
  facet normal -0 0.15678 0.987634
    outer loop
      vertex -31.25 8.24953 15.7291
      vertex -29.25 8.00133 15.7685
      vertex -29.25 8.24953 15.7291
    endloop
  endfacet
  facet normal 0 0.15678 0.987634
    outer loop
      vertex -29.25 8.00133 15.7685
      vertex -31.25 8.24953 15.7291
      vertex -31.25 8.00133 15.7685
    endloop
  endfacet
  facet normal -0 0.15678 0.987634
    outer loop
      vertex 29.25 8.24953 15.7291
      vertex 31.25 8.00133 15.7685
      vertex 31.25 8.24953 15.7291
    endloop
  endfacet
  facet normal 0 0.15678 0.987634
    outer loop
      vertex 31.25 8.00133 15.7685
      vertex 29.25 8.24953 15.7291
      vertex 29.25 8.00133 15.7685
    endloop
  endfacet
  facet normal -0 0.278965 0.960301
    outer loop
      vertex -31.25 8.73607 15.6042
      vertex -29.25 8.49476 15.6743
      vertex -29.25 8.73607 15.6042
    endloop
  endfacet
  facet normal 0 0.278965 0.960301
    outer loop
      vertex -29.25 8.49476 15.6743
      vertex -31.25 8.73607 15.6042
      vertex -31.25 8.49476 15.6743
    endloop
  endfacet
  facet normal -0 0.278965 0.960301
    outer loop
      vertex 29.25 8.73607 15.6042
      vertex 31.25 8.49476 15.6743
      vertex 31.25 8.73607 15.6042
    endloop
  endfacet
  facet normal 0 0.278965 0.960301
    outer loop
      vertex 31.25 8.49476 15.6743
      vertex 29.25 8.73607 15.6042
      vertex 29.25 8.49476 15.6743
    endloop
  endfacet
  facet normal -0 0.031441 0.999506
    outer loop
      vertex -31.25 7.75116 15.7921
      vertex -29.25 7.50002 15.8
      vertex -29.25 7.75116 15.7921
    endloop
  endfacet
  facet normal 0 0.031441 0.999506
    outer loop
      vertex -29.25 7.50002 15.8
      vertex -31.25 7.75116 15.7921
      vertex -31.25 7.50002 15.8
    endloop
  endfacet
  facet normal -0 0.031441 0.999506
    outer loop
      vertex 29.25 7.75116 15.7921
      vertex 31.25 7.50002 15.8
      vertex 31.25 7.75116 15.7921
    endloop
  endfacet
  facet normal 0 0.031441 0.999506
    outer loop
      vertex 31.25 7.50002 15.8
      vertex 29.25 7.75116 15.7921
      vertex 29.25 7.50002 15.8
    endloop
  endfacet
  facet normal -0 0.218085 0.97593
    outer loop
      vertex -31.25 8.49476 15.6743
      vertex -29.25 8.24953 15.7291
      vertex -29.25 8.49476 15.6743
    endloop
  endfacet
  facet normal 0 0.218085 0.97593
    outer loop
      vertex -29.25 8.24953 15.7291
      vertex -31.25 8.49476 15.6743
      vertex -31.25 8.24953 15.7291
    endloop
  endfacet
  facet normal -0 0.218085 0.97593
    outer loop
      vertex 29.25 8.49476 15.6743
      vertex 31.25 8.24953 15.7291
      vertex 31.25 8.49476 15.6743
    endloop
  endfacet
  facet normal 0 0.218085 0.97593
    outer loop
      vertex 31.25 8.24953 15.7291
      vertex 29.25 8.49476 15.6743
      vertex 29.25 8.24953 15.7291
    endloop
  endfacet
  facet normal -0 0.338667 0.940906
    outer loop
      vertex -31.25 8.9725 15.5191
      vertex -29.25 8.73607 15.6042
      vertex -29.25 8.9725 15.5191
    endloop
  endfacet
  facet normal 0 0.338667 0.940906
    outer loop
      vertex -29.25 8.73607 15.6042
      vertex -31.25 8.9725 15.5191
      vertex -31.25 8.73607 15.6042
    endloop
  endfacet
  facet normal -0 0.338667 0.940906
    outer loop
      vertex 29.25 8.9725 15.5191
      vertex 31.25 8.73607 15.6042
      vertex 31.25 8.9725 15.5191
    endloop
  endfacet
  facet normal 0 0.338667 0.940906
    outer loop
      vertex 31.25 8.73607 15.6042
      vertex 29.25 8.9725 15.5191
      vertex 29.25 8.73607 15.6042
    endloop
  endfacet
  facet normal -0 0.454045 0.890979
    outer loop
      vertex -31.25 9.42702 15.3052
      vertex -29.25 9.20312 15.4193
      vertex -29.25 9.42702 15.3052
    endloop
  endfacet
  facet normal 0 0.454045 0.890979
    outer loop
      vertex -29.25 9.20312 15.4193
      vertex -31.25 9.42702 15.3052
      vertex -31.25 9.20312 15.4193
    endloop
  endfacet
  facet normal -0 0.454045 0.890979
    outer loop
      vertex 29.25 9.42702 15.3052
      vertex 31.25 9.20312 15.4193
      vertex 31.25 9.42702 15.3052
    endloop
  endfacet
  facet normal 0 0.454045 0.890979
    outer loop
      vertex 31.25 9.20312 15.4193
      vertex 29.25 9.42702 15.3052
      vertex 29.25 9.20312 15.4193
    endloop
  endfacet
  facet normal -0 0.397154 0.917752
    outer loop
      vertex -31.25 9.20312 15.4193
      vertex -29.25 8.9725 15.5191
      vertex -29.25 9.20312 15.4193
    endloop
  endfacet
  facet normal 0 0.397154 0.917752
    outer loop
      vertex -29.25 8.9725 15.5191
      vertex -31.25 9.20312 15.4193
      vertex -31.25 8.9725 15.5191
    endloop
  endfacet
  facet normal -0 0.397154 0.917752
    outer loop
      vertex 29.25 9.20312 15.4193
      vertex 31.25 8.9725 15.5191
      vertex 31.25 9.20312 15.4193
    endloop
  endfacet
  facet normal 0 0.397154 0.917752
    outer loop
      vertex 31.25 8.9725 15.5191
      vertex 29.25 9.20312 15.4193
      vertex 29.25 8.9725 15.5191
    endloop
  endfacet
  facet normal -0 0.561971 0.827157
    outer loop
      vertex -31.25 9.85114 15.0361
      vertex -29.25 9.64331 15.1773
      vertex -29.25 9.85114 15.0361
    endloop
  endfacet
  facet normal 0 0.561971 0.827157
    outer loop
      vertex -29.25 9.64331 15.1773
      vertex -31.25 9.85114 15.0361
      vertex -31.25 9.64331 15.1773
    endloop
  endfacet
  facet normal -0 0.561971 0.827157
    outer loop
      vertex 29.25 9.85114 15.0361
      vertex 31.25 9.64331 15.1773
      vertex 31.25 9.85114 15.0361
    endloop
  endfacet
  facet normal 0 0.561971 0.827157
    outer loop
      vertex 31.25 9.64331 15.1773
      vertex 29.25 9.85114 15.0361
      vertex 29.25 9.64331 15.1773
    endloop
  endfacet
  facet normal -0 0.509001 0.860766
    outer loop
      vertex -31.25 9.64331 15.1773
      vertex -29.25 9.42702 15.3052
      vertex -29.25 9.64331 15.1773
    endloop
  endfacet
  facet normal 0 0.509001 0.860766
    outer loop
      vertex -29.25 9.42702 15.3052
      vertex -31.25 9.64331 15.1773
      vertex -31.25 9.42702 15.3052
    endloop
  endfacet
  facet normal -0 0.509001 0.860766
    outer loop
      vertex 29.25 9.64331 15.1773
      vertex 31.25 9.42702 15.3052
      vertex 31.25 9.64331 15.1773
    endloop
  endfacet
  facet normal 0 0.509001 0.860766
    outer loop
      vertex 31.25 9.42702 15.3052
      vertex 29.25 9.64331 15.1773
      vertex 29.25 9.42702 15.3052
    endloop
  endfacet
  facet normal -0 0.61286 0.790191
    outer loop
      vertex -31.25 10.0497 14.8821
      vertex -29.25 9.85114 15.0361
      vertex -29.25 10.0497 14.8821
    endloop
  endfacet
  facet normal 0 0.61286 0.790191
    outer loop
      vertex -29.25 9.85114 15.0361
      vertex -31.25 10.0497 14.8821
      vertex -31.25 9.85114 15.0361
    endloop
  endfacet
  facet normal -0 0.61286 0.790191
    outer loop
      vertex 29.25 10.0497 14.8821
      vertex 31.25 9.85114 15.0361
      vertex 31.25 10.0497 14.8821
    endloop
  endfacet
  facet normal 0 0.61286 0.790191
    outer loop
      vertex 31.25 9.85114 15.0361
      vertex 29.25 10.0497 14.8821
      vertex 29.25 9.85114 15.0361
    endloop
  endfacet
  facet normal 0 0.917737 0.397189
    outer loop
      vertex -29.25 11.2072 13.3
      vertex -31.25 11.1193 13.5031
      vertex -29.25 11.1193 13.5031
    endloop
  endfacet
  facet normal -0 0.917758 0.397139
    outer loop
      vertex -31.25 11.2191 13.2725
      vertex -29.25 11.2072 13.3
      vertex -29.25 11.2191 13.2725
    endloop
  endfacet
  facet normal -7.16362e-07 0.917739 0.397183
    outer loop
      vertex -29.25 11.2072 13.3
      vertex -31.25 11.2191 13.2725
      vertex -31.25 11.1193 13.5031
    endloop
  endfacet
  facet normal 0 0.917737 0.397189
    outer loop
      vertex 31.25 11.1193 13.5031
      vertex 29.25 11.2072 13.3
      vertex 29.25 11.1193 13.5031
    endloop
  endfacet
  facet normal 7.16362e-07 0.917739 0.397183
    outer loop
      vertex 31.25 11.2191 13.2725
      vertex 29.25 11.2072 13.3
      vertex 31.25 11.1193 13.5031
    endloop
  endfacet
  facet normal 0 0.917758 0.397139
    outer loop
      vertex 29.25 11.2072 13.3
      vertex 31.25 11.2191 13.2725
      vertex 29.25 11.2191 13.2725
    endloop
  endfacet
  facet normal 0 0.960298 0.278976
    outer loop
      vertex -29.25 11.3743 12.7948
      vertex -31.25 11.3042 13.0361
      vertex -29.25 11.3042 13.0361
    endloop
  endfacet
  facet normal 0 0.960298 0.278976
    outer loop
      vertex -31.25 11.3042 13.0361
      vertex -29.25 11.3743 12.7948
      vertex -31.25 11.3743 12.7948
    endloop
  endfacet
  facet normal 0 0.960298 0.278976
    outer loop
      vertex 31.25 11.3743 12.7948
      vertex 29.25 11.3042 13.0361
      vertex 31.25 11.3042 13.0361
    endloop
  endfacet
  facet normal 0 0.960298 0.278976
    outer loop
      vertex 29.25 11.3042 13.0361
      vertex 31.25 11.3743 12.7948
      vertex 29.25 11.3743 12.7948
    endloop
  endfacet
  facet normal 0 0.940892 0.338705
    outer loop
      vertex -29.25 11.3042 13.0361
      vertex -31.25 11.2191 13.2725
      vertex -29.25 11.2191 13.2725
    endloop
  endfacet
  facet normal 0 0.940892 0.338705
    outer loop
      vertex -31.25 11.2191 13.2725
      vertex -29.25 11.3042 13.0361
      vertex -31.25 11.3042 13.0361
    endloop
  endfacet
  facet normal 0 0.940892 0.338705
    outer loop
      vertex 31.25 11.3042 13.0361
      vertex 29.25 11.2191 13.2725
      vertex 31.25 11.2191 13.2725
    endloop
  endfacet
  facet normal 0 0.940892 0.338705
    outer loop
      vertex 29.25 11.2191 13.2725
      vertex 31.25 11.3042 13.0361
      vertex 29.25 11.3042 13.0361
    endloop
  endfacet
  facet normal 0 0.975943 0.218026
    outer loop
      vertex -29.25 11.4291 12.5495
      vertex -31.25 11.3743 12.7948
      vertex -29.25 11.3743 12.7948
    endloop
  endfacet
  facet normal 0 0.975943 0.218026
    outer loop
      vertex -31.25 11.3743 12.7948
      vertex -29.25 11.4291 12.5495
      vertex -31.25 11.4291 12.5495
    endloop
  endfacet
  facet normal 0 0.975943 0.218026
    outer loop
      vertex 31.25 11.4291 12.5495
      vertex 29.25 11.3743 12.7948
      vertex 31.25 11.3743 12.7948
    endloop
  endfacet
  facet normal 0 0.975943 0.218026
    outer loop
      vertex 29.25 11.3743 12.7948
      vertex 31.25 11.4291 12.5495
      vertex 29.25 11.4291 12.5495
    endloop
  endfacet
  facet normal 0 0.707107 0.707107
    outer loop
      vertex -29.25 10.4159 14.5382
      vertex -31.25 10.2382 14.7159
      vertex -29.25 10.2382 14.7159
    endloop
  endfacet
  facet normal 0 0.707107 0.707107
    outer loop
      vertex -31.25 10.2382 14.7159
      vertex -29.25 10.4159 14.5382
      vertex -31.25 10.4159 14.5382
    endloop
  endfacet
  facet normal 0 0.707107 0.707107
    outer loop
      vertex 31.25 10.4159 14.5382
      vertex 29.25 10.2382 14.7159
      vertex 31.25 10.2382 14.7159
    endloop
  endfacet
  facet normal 0 0.707107 0.707107
    outer loop
      vertex 29.25 10.2382 14.7159
      vertex 31.25 10.4159 14.5382
      vertex 29.25 10.4159 14.5382
    endloop
  endfacet
  facet normal 0 0.750082 0.661345
    outer loop
      vertex -29.25 10.5821 14.3497
      vertex -31.25 10.4159 14.5382
      vertex -29.25 10.4159 14.5382
    endloop
  endfacet
  facet normal 0 0.750082 0.661345
    outer loop
      vertex -31.25 10.4159 14.5382
      vertex -29.25 10.5821 14.3497
      vertex -31.25 10.5821 14.3497
    endloop
  endfacet
  facet normal 0 0.750082 0.661345
    outer loop
      vertex 31.25 10.5821 14.3497
      vertex 29.25 10.4159 14.5382
      vertex 31.25 10.4159 14.5382
    endloop
  endfacet
  facet normal 0 0.750082 0.661345
    outer loop
      vertex 29.25 10.4159 14.5382
      vertex 31.25 10.5821 14.3497
      vertex 29.25 10.5821 14.3497
    endloop
  endfacet
  facet normal 0 0.827119 0.562027
    outer loop
      vertex -29.25 10.8773 13.9433
      vertex -31.25 10.7361 14.1511
      vertex -29.25 10.7361 14.1511
    endloop
  endfacet
  facet normal 0 0.827119 0.562027
    outer loop
      vertex -31.25 10.7361 14.1511
      vertex -29.25 10.8773 13.9433
      vertex -31.25 10.8773 13.9433
    endloop
  endfacet
  facet normal 0 0.827119 0.562027
    outer loop
      vertex 31.25 10.8773 13.9433
      vertex 29.25 10.7361 14.1511
      vertex 31.25 10.7361 14.1511
    endloop
  endfacet
  facet normal 0 0.827119 0.562027
    outer loop
      vertex 29.25 10.7361 14.1511
      vertex 31.25 10.8773 13.9433
      vertex 29.25 10.8773 13.9433
    endloop
  endfacet
  facet normal 0 -0.750039 0.661393
    outer loop
      vertex -27.85 -10.8115 11.2123
      vertex -26.25 -10.6869 11.3536
      vertex -27.85 -10.6869 11.3536
    endloop
  endfacet
  facet normal 0 -0.750039 0.661393
    outer loop
      vertex -26.25 -10.6869 11.3536
      vertex -27.85 -10.8115 11.2123
      vertex -26.25 -10.8115 11.2123
    endloop
  endfacet
  facet normal 0 -0.750039 0.661393
    outer loop
      vertex 26.25 -10.8115 11.2123
      vertex 27.85 -10.6869 11.3536
      vertex 26.25 -10.6869 11.3536
    endloop
  endfacet
  facet normal 0 -0.750039 0.661393
    outer loop
      vertex 27.85 -10.6869 11.3536
      vertex 26.25 -10.8115 11.2123
      vertex 27.85 -10.8115 11.2123
    endloop
  endfacet
  facet normal 0 -0.940766 0.339058
    outer loop
      vertex 26.25 -11.3532 10.2271
      vertex 29.25 -11.2893 10.4044
      vertex 26.25 -11.2893 10.4044
    endloop
  endfacet
  facet normal 0 -0.940766 0.339058
    outer loop
      vertex 29.25 -11.2893 10.4044
      vertex 26.25 -11.3532 10.2271
      vertex 29.25 -11.3532 10.2271
    endloop
  endfacet
  facet normal 0 -0.940766 0.339058
    outer loop
      vertex -29.25 -11.3532 10.2271
      vertex -26.25 -11.2893 10.4044
      vertex -29.25 -11.2893 10.4044
    endloop
  endfacet
  facet normal 0 -0.940766 0.339058
    outer loop
      vertex -26.25 -11.2893 10.4044
      vertex -29.25 -11.3532 10.2271
      vertex -26.25 -11.3532 10.2271
    endloop
  endfacet
  facet normal 0 -0.8608 0.508944
    outer loop
      vertex 26.25 -11.1289 10.7453
      vertex 29.25 -11.033 10.9075
      vertex 26.25 -11.033 10.9075
    endloop
  endfacet
  facet normal 0 -0.8608 0.508944
    outer loop
      vertex 29.25 -11.033 10.9075
      vertex 26.25 -11.1289 10.7453
      vertex 29.25 -11.1289 10.7453
    endloop
  endfacet
  facet normal 0 -0.8608 0.508944
    outer loop
      vertex -29.25 -11.1289 10.7453
      vertex -26.25 -11.033 10.9075
      vertex -29.25 -11.033 10.9075
    endloop
  endfacet
  facet normal 0 -0.8608 0.508944
    outer loop
      vertex -26.25 -11.033 10.9075
      vertex -29.25 -11.1289 10.7453
      vertex -26.25 -11.1289 10.7453
    endloop
  endfacet
  facet normal 0 -0.789895 0.613243
    outer loop
      vertex -27.85 -10.9271 11.0634
      vertex -26.25 -10.8115 11.2123
      vertex -27.85 -10.8115 11.2123
    endloop
  endfacet
  facet normal 0 -0.789895 0.613243
    outer loop
      vertex -26.25 -10.8115 11.2123
      vertex -27.85 -10.9271 11.0634
      vertex -26.25 -10.9271 11.0634
    endloop
  endfacet
  facet normal 0 -0.789895 0.613243
    outer loop
      vertex 26.25 -10.9271 11.0634
      vertex 27.85 -10.8115 11.2123
      vertex 26.25 -10.8115 11.2123
    endloop
  endfacet
  facet normal 0 -0.789895 0.613243
    outer loop
      vertex 27.85 -10.8115 11.2123
      vertex 26.25 -10.9271 11.0634
      vertex 27.85 -10.9271 11.0634
    endloop
  endfacet
  facet normal 0 -0.891071 0.453863
    outer loop
      vertex 26.25 -11.1398 10.7239
      vertex 29.25 -11.1289 10.7453
      vertex 26.25 -11.1289 10.7453
    endloop
  endfacet
  facet normal -1.29659e-06 -0.890998 0.454008
    outer loop
      vertex 26.25 -11.2145 10.5773
      vertex 29.25 -11.1289 10.7453
      vertex 26.25 -11.1398 10.7239
    endloop
  endfacet
  facet normal 0 -0.891007 0.453989
    outer loop
      vertex 29.25 -11.1289 10.7453
      vertex 26.25 -11.2145 10.5773
      vertex 29.25 -11.2145 10.5773
    endloop
  endfacet
  facet normal 0 -0.891071 0.453863
    outer loop
      vertex -29.25 -11.1289 10.7453
      vertex -26.25 -11.1398 10.7239
      vertex -26.25 -11.1289 10.7453
    endloop
  endfacet
  facet normal 1.13144e-06 -0.891007 0.453989
    outer loop
      vertex -29.25 -11.2145 10.5773
      vertex -26.25 -11.1398 10.7239
      vertex -29.25 -11.1289 10.7453
    endloop
  endfacet
  facet normal 0 -0.890998 0.454008
    outer loop
      vertex -26.25 -11.1398 10.7239
      vertex -29.25 -11.2145 10.5773
      vertex -26.25 -11.2145 10.5773
    endloop
  endfacet
  facet normal 0 -0.960273 0.279063
    outer loop
      vertex 26.25 -11.4058 10.0461
      vertex 29.25 -11.3532 10.2271
      vertex 26.25 -11.3532 10.2271
    endloop
  endfacet
  facet normal 0 -0.960273 0.279063
    outer loop
      vertex 29.25 -11.3532 10.2271
      vertex 26.25 -11.4058 10.0461
      vertex 29.25 -11.4058 10.0461
    endloop
  endfacet
  facet normal 0 -0.960273 0.279063
    outer loop
      vertex -29.25 -11.4058 10.0461
      vertex -26.25 -11.3532 10.2271
      vertex -29.25 -11.3532 10.2271
    endloop
  endfacet
  facet normal 0 -0.960273 0.279063
    outer loop
      vertex -26.25 -11.3532 10.2271
      vertex -29.25 -11.4058 10.0461
      vertex -26.25 -11.4058 10.0461
    endloop
  endfacet
  facet normal 0 -0.99553 0.0944435
    outer loop
      vertex 29.25 -11.4941 9.48837
      vertex 4.98802 -11.4763 9.676
      vertex 4.74613 -11.4941 9.48837
    endloop
  endfacet
  facet normal 0 -0.99553 0.0944435
    outer loop
      vertex 4.98802 -11.4763 9.676
      vertex 29.25 -11.4941 9.48837
      vertex 29.25 -11.4763 9.676
    endloop
  endfacet
  facet normal 0 -0.99553 0.0944435
    outer loop
      vertex -29.25 -11.4941 9.48837
      vertex -4.98802 -11.4763 9.676
      vertex -29.25 -11.4763 9.676
    endloop
  endfacet
  facet normal 0 -0.99553 0.0944435
    outer loop
      vertex -4.98802 -11.4763 9.676
      vertex -29.25 -11.4941 9.48837
      vertex -4.74613 -11.4941 9.48837
    endloop
  endfacet
  facet normal 0 -0.661393 0.750039
    outer loop
      vertex -27.85 -10.4123 11.6115
      vertex -26.25 -10.5536 11.4869
      vertex -26.25 -10.4123 11.6115
    endloop
  endfacet
  facet normal 0 -0.661393 0.750039
    outer loop
      vertex -26.25 -10.5536 11.4869
      vertex -27.85 -10.4123 11.6115
      vertex -27.85 -10.5536 11.4869
    endloop
  endfacet
  facet normal 0 -0.661393 0.750039
    outer loop
      vertex 26.25 -10.4123 11.6115
      vertex 27.85 -10.5536 11.4869
      vertex 27.85 -10.4123 11.6115
    endloop
  endfacet
  facet normal 0 -0.661393 0.750039
    outer loop
      vertex 27.85 -10.5536 11.4869
      vertex 26.25 -10.4123 11.6115
      vertex 26.25 -10.5536 11.4869
    endloop
  endfacet
  facet normal 0 -0.827882 0.560902
    outer loop
      vertex 26.25 -10.9271 11.0634
      vertex 27.85 -10.95 11.0296
      vertex 27.85 -10.9271 11.0634
    endloop
  endfacet
  facet normal 3.08742e-05 -0.827203 0.561904
    outer loop
      vertex 26.25 -11.033 10.9075
      vertex 27.85 -10.95 11.0296
      vertex 26.25 -10.9271 11.0634
    endloop
  endfacet
  facet normal 0 -0.827015 0.56218
    outer loop
      vertex 29.25 -11.033 10.9075
      vertex 27.85 -10.95 11.0296
      vertex 26.25 -11.033 10.9075
    endloop
  endfacet
  facet normal 0 -0.827015 0.56218
    outer loop
      vertex 27.85 -10.95 11.0296
      vertex 29.25 -11.033 10.9075
      vertex 29.25 -10.95 11.0296
    endloop
  endfacet
  facet normal 0 -0.827015 0.56218
    outer loop
      vertex -29.25 -10.95 11.0296
      vertex -29.25 -11.033 10.9075
      vertex -27.85 -10.95 11.0296
    endloop
  endfacet
  facet normal 0 -0.827882 0.560902
    outer loop
      vertex -27.85 -10.95 11.0296
      vertex -26.25 -10.9271 11.0634
      vertex -27.85 -10.9271 11.0634
    endloop
  endfacet
  facet normal 0 -0.827015 0.56218
    outer loop
      vertex -26.25 -11.033 10.9075
      vertex -27.85 -10.95 11.0296
      vertex -29.25 -11.033 10.9075
    endloop
  endfacet
  facet normal -3.08742e-05 -0.827203 0.561904
    outer loop
      vertex -27.85 -10.95 11.0296
      vertex -26.25 -11.033 10.9075
      vertex -26.25 -10.9271 11.0634
    endloop
  endfacet
  facet normal 0 -0.917794 0.397056
    outer loop
      vertex 26.25 -11.2893 10.4044
      vertex 29.25 -11.2145 10.5773
      vertex 26.25 -11.2145 10.5773
    endloop
  endfacet
  facet normal 0 -0.917794 0.397056
    outer loop
      vertex 29.25 -11.2145 10.5773
      vertex 26.25 -11.2893 10.4044
      vertex 29.25 -11.2893 10.4044
    endloop
  endfacet
  facet normal 0 -0.917794 0.397056
    outer loop
      vertex -29.25 -11.2893 10.4044
      vertex -26.25 -11.2145 10.5773
      vertex -29.25 -11.2145 10.5773
    endloop
  endfacet
  facet normal 0 -0.917794 0.397056
    outer loop
      vertex -26.25 -11.2145 10.5773
      vertex -29.25 -11.2893 10.4044
      vertex -26.25 -11.2893 10.4044
    endloop
  endfacet
  facet normal 1.75326e-06 -0.98772 0.156233
    outer loop
      vertex 29.25 -11.4763 9.676
      vertex 5.20488 -11.4469 9.86214
      vertex 5.03565 -11.4705 9.71294
    endloop
  endfacet
  facet normal 0 -0.987897 0.155111
    outer loop
      vertex 29.25 -11.4763 9.676
      vertex 5.03565 -11.4705 9.71294
      vertex 4.98802 -11.4763 9.676
    endloop
  endfacet
  facet normal 0 -0.987755 0.156012
    outer loop
      vertex 5.20488 -11.4469 9.86214
      vertex 29.25 -11.4763 9.676
      vertex 29.25 -11.4469 9.86214
    endloop
  endfacet
  facet normal 0 -0.987755 0.156012
    outer loop
      vertex -29.25 -11.4763 9.676
      vertex -5.20488 -11.4469 9.86214
      vertex -29.25 -11.4469 9.86214
    endloop
  endfacet
  facet normal -1.75326e-06 -0.98772 0.156233
    outer loop
      vertex -5.20488 -11.4469 9.86214
      vertex -29.25 -11.4763 9.676
      vertex -5.03565 -11.4705 9.71294
    endloop
  endfacet
  facet normal 0 -0.987897 0.155111
    outer loop
      vertex -5.03565 -11.4705 9.71294
      vertex -29.25 -11.4763 9.676
      vertex -4.98802 -11.4763 9.676
    endloop
  endfacet
  facet normal 0 -0.975789 0.218714
    outer loop
      vertex 5.36125 -11.416 10
      vertex 5.20488 -11.4469 9.86214
      vertex 26.25 -11.416 10
    endloop
  endfacet
  facet normal 0 -0.976386 0.216033
    outer loop
      vertex 26.25 -11.416 10
      vertex 29.25 -11.4058 10.0461
      vertex 26.25 -11.4058 10.0461
    endloop
  endfacet
  facet normal -3.23934e-05 -0.975939 0.218043
    outer loop
      vertex 26.25 -11.416 10
      vertex 29.25 -11.4469 9.86214
      vertex 29.25 -11.4058 10.0461
    endloop
  endfacet
  facet normal 0 -0.975789 0.218714
    outer loop
      vertex 29.25 -11.4469 9.86214
      vertex 26.25 -11.416 10
      vertex 5.20488 -11.4469 9.86214
    endloop
  endfacet
  facet normal 0 -0.976386 0.216033
    outer loop
      vertex -29.25 -11.4058 10.0461
      vertex -26.25 -11.416 10
      vertex -26.25 -11.4058 10.0461
    endloop
  endfacet
  facet normal 3.23934e-05 -0.975939 0.218043
    outer loop
      vertex -29.25 -11.4469 9.86214
      vertex -26.25 -11.416 10
      vertex -29.25 -11.4058 10.0461
    endloop
  endfacet
  facet normal 0 -0.975789 0.218714
    outer loop
      vertex -5.20488 -11.4469 9.86214
      vertex -26.25 -11.416 10
      vertex -29.25 -11.4469 9.86214
    endloop
  endfacet
  facet normal 0 -0.975789 0.218714
    outer loop
      vertex -26.25 -11.416 10
      vertex -5.20488 -11.4469 9.86214
      vertex -5.36125 -11.416 10
    endloop
  endfacet
  facet normal 0 -0.99951 0.031306
    outer loop
      vertex -29.25 -11.5 9.3
      vertex -4.74613 -11.4941 9.48837
      vertex -29.25 -11.4941 9.48837
    endloop
  endfacet
  facet normal -6.22001e-07 -0.999507 0.0313868
    outer loop
      vertex -4.74613 -11.4941 9.48837
      vertex -29.25 -11.5 9.3
      vertex -4.6435 -11.4966 9.40876
    endloop
  endfacet
  facet normal 0 -0.999512 0.0312462
    outer loop
      vertex -4.6435 -11.4966 9.40876
      vertex -29.25 -11.5 9.3
      vertex -4.48346 -11.5 9.3
    endloop
  endfacet
  facet normal 6.22001e-07 -0.999507 0.0313868
    outer loop
      vertex 29.25 -11.5 9.3
      vertex 4.74613 -11.4941 9.48837
      vertex 4.6435 -11.4966 9.40876
    endloop
  endfacet
  facet normal 0 -0.999512 0.0312462
    outer loop
      vertex 29.25 -11.5 9.3
      vertex 4.6435 -11.4966 9.40876
      vertex 4.48346 -11.5 9.3
    endloop
  endfacet
  facet normal 0 -0.99951 0.031306
    outer loop
      vertex 4.74613 -11.4941 9.48837
      vertex 29.25 -11.5 9.3
      vertex 29.25 -11.4941 9.48837
    endloop
  endfacet
  facet normal 0 -0.613243 0.789895
    outer loop
      vertex -27.85 -10.2634 11.7271
      vertex -26.25 -10.4123 11.6115
      vertex -26.25 -10.2634 11.7271
    endloop
  endfacet
  facet normal 0 -0.613243 0.789895
    outer loop
      vertex -26.25 -10.4123 11.6115
      vertex -27.85 -10.2634 11.7271
      vertex -27.85 -10.4123 11.6115
    endloop
  endfacet
  facet normal 0 -0.613243 0.789895
    outer loop
      vertex 26.25 -10.2634 11.7271
      vertex 27.85 -10.4123 11.6115
      vertex 27.85 -10.2634 11.7271
    endloop
  endfacet
  facet normal 0 -0.613243 0.789895
    outer loop
      vertex 27.85 -10.4123 11.6115
      vertex 26.25 -10.2634 11.7271
      vertex 26.25 -10.4123 11.6115
    endloop
  endfacet
  facet normal 0 -0.508851 0.860855
    outer loop
      vertex -27.85 -9.94526 11.9289
      vertex -26.25 -10.1075 11.833
      vertex -26.25 -9.94526 11.9289
    endloop
  endfacet
  facet normal 0 -0.508851 0.860855
    outer loop
      vertex -26.25 -10.1075 11.833
      vertex -27.85 -9.94526 11.9289
      vertex -27.85 -10.1075 11.833
    endloop
  endfacet
  facet normal 0 -0.508851 0.860855
    outer loop
      vertex 26.25 -9.94526 11.9289
      vertex 27.85 -10.1075 11.833
      vertex 27.85 -9.94526 11.9289
    endloop
  endfacet
  facet normal 0 -0.508851 0.860855
    outer loop
      vertex 27.85 -10.1075 11.833
      vertex 26.25 -9.94526 11.9289
      vertex 26.25 -10.1075 11.833
    endloop
  endfacet
  facet normal 0 -0.561904 0.827203
    outer loop
      vertex -27.85 -10.1075 11.833
      vertex -26.25 -10.2634 11.7271
      vertex -26.25 -10.1075 11.833
    endloop
  endfacet
  facet normal 0 -0.561904 0.827203
    outer loop
      vertex -26.25 -10.2634 11.7271
      vertex -27.85 -10.1075 11.833
      vertex -27.85 -10.2634 11.7271
    endloop
  endfacet
  facet normal 0 -0.561904 0.827203
    outer loop
      vertex 26.25 -10.1075 11.833
      vertex 27.85 -10.2634 11.7271
      vertex 27.85 -10.1075 11.833
    endloop
  endfacet
  facet normal 0 -0.561904 0.827203
    outer loop
      vertex 27.85 -10.2634 11.7271
      vertex 26.25 -10.1075 11.833
      vertex 26.25 -10.2634 11.7271
    endloop
  endfacet
  facet normal 0 -0.707107 0.707107
    outer loop
      vertex -27.85 -10.6869 11.3536
      vertex -26.25 -10.5536 11.4869
      vertex -27.85 -10.5536 11.4869
    endloop
  endfacet
  facet normal 0 -0.707107 0.707107
    outer loop
      vertex -26.25 -10.5536 11.4869
      vertex -27.85 -10.6869 11.3536
      vertex -26.25 -10.6869 11.3536
    endloop
  endfacet
  facet normal 0 -0.707107 0.707107
    outer loop
      vertex 26.25 -10.6869 11.3536
      vertex 27.85 -10.5536 11.4869
      vertex 26.25 -10.5536 11.4869
    endloop
  endfacet
  facet normal 0 -0.707107 0.707107
    outer loop
      vertex 27.85 -10.5536 11.4869
      vertex 26.25 -10.6869 11.3536
      vertex 27.85 -10.6869 11.3536
    endloop
  endfacet
  facet normal 0 -0.454161 0.89092
    outer loop
      vertex -27.85 -9.77734 12.0145
      vertex -26.25 -9.94526 11.9289
      vertex -26.25 -9.77734 12.0145
    endloop
  endfacet
  facet normal 0 -0.454161 0.89092
    outer loop
      vertex -26.25 -9.94526 11.9289
      vertex -27.85 -9.77734 12.0145
      vertex -27.85 -9.94526 11.9289
    endloop
  endfacet
  facet normal 0 -0.454161 0.89092
    outer loop
      vertex 26.25 -9.77734 12.0145
      vertex 27.85 -9.94526 11.9289
      vertex 27.85 -9.77734 12.0145
    endloop
  endfacet
  facet normal 0 -0.454161 0.89092
    outer loop
      vertex 27.85 -9.94526 11.9289
      vertex 26.25 -9.77734 12.0145
      vertex 26.25 -9.94526 11.9289
    endloop
  endfacet
  facet normal 0 -0.339024 0.940778
    outer loop
      vertex -27.85 -9.42705 12.1532
      vertex -26.25 -9.60437 12.0893
      vertex -26.25 -9.42705 12.1532
    endloop
  endfacet
  facet normal 0 -0.339024 0.940778
    outer loop
      vertex -26.25 -9.60437 12.0893
      vertex -27.85 -9.42705 12.1532
      vertex -27.85 -9.60437 12.0893
    endloop
  endfacet
  facet normal 0 -0.339024 0.940778
    outer loop
      vertex 26.25 -9.42705 12.1532
      vertex 27.85 -9.60437 12.0893
      vertex 27.85 -9.42705 12.1532
    endloop
  endfacet
  facet normal 0 -0.339024 0.940778
    outer loop
      vertex 27.85 -9.60437 12.0893
      vertex 26.25 -9.42705 12.1532
      vertex 26.25 -9.60437 12.0893
    endloop
  endfacet
  facet normal 0 -0.396921 0.917853
    outer loop
      vertex -27.85 -9.60437 12.0893
      vertex -26.25 -9.77734 12.0145
      vertex -26.25 -9.60437 12.0893
    endloop
  endfacet
  facet normal 0 -0.396921 0.917853
    outer loop
      vertex -26.25 -9.77734 12.0145
      vertex -27.85 -9.60437 12.0893
      vertex -27.85 -9.77734 12.0145
    endloop
  endfacet
  facet normal 0 -0.396921 0.917853
    outer loop
      vertex 26.25 -9.60437 12.0893
      vertex 27.85 -9.77734 12.0145
      vertex 27.85 -9.60437 12.0893
    endloop
  endfacet
  facet normal 0 -0.396921 0.917853
    outer loop
      vertex 27.85 -9.77734 12.0145
      vertex 26.25 -9.60437 12.0893
      vertex 26.25 -9.77734 12.0145
    endloop
  endfacet
  facet normal 0 -0.218076 0.975932
    outer loop
      vertex -27.85 -9.06214 12.2469
      vertex -26.25 -9.24607 12.2058
      vertex -26.25 -9.06214 12.2469
    endloop
  endfacet
  facet normal 0 -0.218076 0.975932
    outer loop
      vertex -26.25 -9.24607 12.2058
      vertex -27.85 -9.06214 12.2469
      vertex -27.85 -9.24607 12.2058
    endloop
  endfacet
  facet normal 0 -0.218076 0.975932
    outer loop
      vertex 26.25 -9.06214 12.2469
      vertex 27.85 -9.24607 12.2058
      vertex 27.85 -9.06214 12.2469
    endloop
  endfacet
  facet normal 0 -0.218076 0.975932
    outer loop
      vertex 27.85 -9.24607 12.2058
      vertex 26.25 -9.06214 12.2469
      vertex 26.25 -9.24607 12.2058
    endloop
  endfacet
  facet normal 0 -0.279091 0.960265
    outer loop
      vertex -27.85 -9.24607 12.2058
      vertex -26.25 -9.42705 12.1532
      vertex -26.25 -9.24607 12.2058
    endloop
  endfacet
  facet normal 0 -0.279091 0.960265
    outer loop
      vertex -26.25 -9.42705 12.1532
      vertex -27.85 -9.24607 12.2058
      vertex -27.85 -9.42705 12.1532
    endloop
  endfacet
  facet normal 0 -0.279091 0.960265
    outer loop
      vertex 26.25 -9.24607 12.2058
      vertex 27.85 -9.42705 12.1532
      vertex 27.85 -9.24607 12.2058
    endloop
  endfacet
  facet normal 0 -0.279091 0.960265
    outer loop
      vertex 27.85 -9.42705 12.1532
      vertex 26.25 -9.24607 12.2058
      vertex 26.25 -9.42705 12.1532
    endloop
  endfacet
  facet normal 0 -0.0944435 0.99553
    outer loop
      vertex -27.85 -8.68837 12.2941
      vertex -26.25 -8.876 12.2763
      vertex -26.25 -8.68837 12.2941
    endloop
  endfacet
  facet normal 0 -0.0944435 0.99553
    outer loop
      vertex -26.25 -8.876 12.2763
      vertex -27.85 -8.68837 12.2941
      vertex -27.85 -8.876 12.2763
    endloop
  endfacet
  facet normal 0 -0.0944435 0.99553
    outer loop
      vertex 26.25 -8.68837 12.2941
      vertex 27.85 -8.876 12.2763
      vertex 27.85 -8.68837 12.2941
    endloop
  endfacet
  facet normal 0 -0.0944435 0.99553
    outer loop
      vertex 27.85 -8.876 12.2763
      vertex 26.25 -8.68837 12.2941
      vertex 26.25 -8.876 12.2763
    endloop
  endfacet
  facet normal 0 -0.0313093 0.99951
    outer loop
      vertex -27.85 -8.50002 12.3
      vertex -26.25 -8.68837 12.2941
      vertex -26.25 -8.50002 12.3
    endloop
  endfacet
  facet normal 0 -0.0313093 0.99951
    outer loop
      vertex -26.25 -8.68837 12.2941
      vertex -27.85 -8.50002 12.3
      vertex -27.85 -8.68837 12.2941
    endloop
  endfacet
  facet normal 0 -0.0313093 0.99951
    outer loop
      vertex 26.25 -8.50002 12.3
      vertex 27.85 -8.68837 12.2941
      vertex 27.85 -8.50002 12.3
    endloop
  endfacet
  facet normal 0 -0.0313093 0.99951
    outer loop
      vertex 27.85 -8.68837 12.2941
      vertex 26.25 -8.50002 12.3
      vertex 26.25 -8.68837 12.2941
    endloop
  endfacet
  facet normal 0 -0.156012 0.987755
    outer loop
      vertex -27.85 -8.876 12.2763
      vertex -26.25 -9.06214 12.2469
      vertex -26.25 -8.876 12.2763
    endloop
  endfacet
  facet normal 0 -0.156012 0.987755
    outer loop
      vertex -26.25 -9.06214 12.2469
      vertex -27.85 -8.876 12.2763
      vertex -27.85 -9.06214 12.2469
    endloop
  endfacet
  facet normal 0 -0.156012 0.987755
    outer loop
      vertex 26.25 -8.876 12.2763
      vertex 27.85 -9.06214 12.2469
      vertex 27.85 -8.876 12.2763
    endloop
  endfacet
  facet normal 0 -0.156012 0.987755
    outer loop
      vertex 27.85 -9.06214 12.2469
      vertex 26.25 -8.876 12.2763
      vertex 26.25 -9.06214 12.2469
    endloop
  endfacet
  facet normal -0 0.661393 0.750039
    outer loop
      vertex -27.85 10.5536 11.4869
      vertex -26.25 10.4123 11.6115
      vertex -26.25 10.5536 11.4869
    endloop
  endfacet
  facet normal 0 0.661393 0.750039
    outer loop
      vertex -26.25 10.4123 11.6115
      vertex -27.85 10.5536 11.4869
      vertex -27.85 10.4123 11.6115
    endloop
  endfacet
  facet normal -0 0.661393 0.750039
    outer loop
      vertex 26.25 10.5536 11.4869
      vertex 27.85 10.4123 11.6115
      vertex 27.85 10.5536 11.4869
    endloop
  endfacet
  facet normal 0 0.661393 0.750039
    outer loop
      vertex 27.85 10.4123 11.6115
      vertex 26.25 10.5536 11.4869
      vertex 26.25 10.4123 11.6115
    endloop
  endfacet
  facet normal -0 0.339024 0.940778
    outer loop
      vertex -27.85 9.60437 12.0893
      vertex -26.25 9.42705 12.1532
      vertex -26.25 9.60437 12.0893
    endloop
  endfacet
  facet normal 0 0.339024 0.940778
    outer loop
      vertex -26.25 9.42705 12.1532
      vertex -27.85 9.60437 12.0893
      vertex -27.85 9.42705 12.1532
    endloop
  endfacet
  facet normal -0 0.339024 0.940778
    outer loop
      vertex 26.25 9.60437 12.0893
      vertex 27.85 9.42705 12.1532
      vertex 27.85 9.60437 12.0893
    endloop
  endfacet
  facet normal 0 0.339024 0.940778
    outer loop
      vertex 27.85 9.42705 12.1532
      vertex 26.25 9.60437 12.0893
      vertex 26.25 9.42705 12.1532
    endloop
  endfacet
  facet normal -0 0.508851 0.860855
    outer loop
      vertex -27.85 10.1075 11.833
      vertex -26.25 9.94526 11.9289
      vertex -26.25 10.1075 11.833
    endloop
  endfacet
  facet normal 0 0.508851 0.860855
    outer loop
      vertex -26.25 9.94526 11.9289
      vertex -27.85 10.1075 11.833
      vertex -27.85 9.94526 11.9289
    endloop
  endfacet
  facet normal -0 0.508851 0.860855
    outer loop
      vertex 26.25 10.1075 11.833
      vertex 27.85 9.94526 11.9289
      vertex 27.85 10.1075 11.833
    endloop
  endfacet
  facet normal 0 0.508851 0.860855
    outer loop
      vertex 27.85 9.94526 11.9289
      vertex 26.25 10.1075 11.833
      vertex 26.25 9.94526 11.9289
    endloop
  endfacet
  facet normal -0 0.613243 0.789895
    outer loop
      vertex -27.85 10.4123 11.6115
      vertex -26.25 10.2634 11.7271
      vertex -26.25 10.4123 11.6115
    endloop
  endfacet
  facet normal 0 0.613243 0.789895
    outer loop
      vertex -26.25 10.2634 11.7271
      vertex -27.85 10.4123 11.6115
      vertex -27.85 10.2634 11.7271
    endloop
  endfacet
  facet normal -0 0.613243 0.789895
    outer loop
      vertex 26.25 10.4123 11.6115
      vertex 27.85 10.2634 11.7271
      vertex 27.85 10.4123 11.6115
    endloop
  endfacet
  facet normal 0 0.613243 0.789895
    outer loop
      vertex 27.85 10.2634 11.7271
      vertex 26.25 10.4123 11.6115
      vertex 26.25 10.2634 11.7271
    endloop
  endfacet
  facet normal -0 0.454161 0.89092
    outer loop
      vertex -27.85 9.94526 11.9289
      vertex -26.25 9.77734 12.0145
      vertex -26.25 9.94526 11.9289
    endloop
  endfacet
  facet normal 0 0.454161 0.89092
    outer loop
      vertex -26.25 9.77734 12.0145
      vertex -27.85 9.94526 11.9289
      vertex -27.85 9.77734 12.0145
    endloop
  endfacet
  facet normal -0 0.454161 0.89092
    outer loop
      vertex 26.25 9.94526 11.9289
      vertex 27.85 9.77734 12.0145
      vertex 27.85 9.94526 11.9289
    endloop
  endfacet
  facet normal 0 0.454161 0.89092
    outer loop
      vertex 27.85 9.77734 12.0145
      vertex 26.25 9.94526 11.9289
      vertex 26.25 9.77734 12.0145
    endloop
  endfacet
  facet normal -0 0.279091 0.960265
    outer loop
      vertex -27.85 9.42705 12.1532
      vertex -26.25 9.24607 12.2058
      vertex -26.25 9.42705 12.1532
    endloop
  endfacet
  facet normal 0 0.279091 0.960265
    outer loop
      vertex -26.25 9.24607 12.2058
      vertex -27.85 9.42705 12.1532
      vertex -27.85 9.24607 12.2058
    endloop
  endfacet
  facet normal -0 0.279091 0.960265
    outer loop
      vertex 26.25 9.42705 12.1532
      vertex 27.85 9.24607 12.2058
      vertex 27.85 9.42705 12.1532
    endloop
  endfacet
  facet normal 0 0.279091 0.960265
    outer loop
      vertex 27.85 9.24607 12.2058
      vertex 26.25 9.42705 12.1532
      vertex 26.25 9.24607 12.2058
    endloop
  endfacet
  facet normal -0 0.0944435 0.99553
    outer loop
      vertex -27.85 8.876 12.2763
      vertex -26.25 8.68837 12.2941
      vertex -26.25 8.876 12.2763
    endloop
  endfacet
  facet normal 0 0.0944435 0.99553
    outer loop
      vertex -26.25 8.68837 12.2941
      vertex -27.85 8.876 12.2763
      vertex -27.85 8.68837 12.2941
    endloop
  endfacet
  facet normal -0 0.0944435 0.99553
    outer loop
      vertex 26.25 8.876 12.2763
      vertex 27.85 8.68837 12.2941
      vertex 27.85 8.876 12.2763
    endloop
  endfacet
  facet normal 0 0.0944435 0.99553
    outer loop
      vertex 27.85 8.68837 12.2941
      vertex 26.25 8.876 12.2763
      vertex 26.25 8.68837 12.2941
    endloop
  endfacet
  facet normal 0 0.750039 0.661393
    outer loop
      vertex -26.25 10.8115 11.2123
      vertex -27.85 10.6869 11.3536
      vertex -26.25 10.6869 11.3536
    endloop
  endfacet
  facet normal 0 0.750039 0.661393
    outer loop
      vertex -27.85 10.6869 11.3536
      vertex -26.25 10.8115 11.2123
      vertex -27.85 10.8115 11.2123
    endloop
  endfacet
  facet normal 0 0.750039 0.661393
    outer loop
      vertex 27.85 10.8115 11.2123
      vertex 26.25 10.6869 11.3536
      vertex 27.85 10.6869 11.3536
    endloop
  endfacet
  facet normal 0 0.750039 0.661393
    outer loop
      vertex 26.25 10.6869 11.3536
      vertex 27.85 10.8115 11.2123
      vertex 26.25 10.8115 11.2123
    endloop
  endfacet
  facet normal -0 0.561904 0.827203
    outer loop
      vertex -27.85 10.2634 11.7271
      vertex -26.25 10.1075 11.833
      vertex -26.25 10.2634 11.7271
    endloop
  endfacet
  facet normal 0 0.561904 0.827203
    outer loop
      vertex -26.25 10.1075 11.833
      vertex -27.85 10.2634 11.7271
      vertex -27.85 10.1075 11.833
    endloop
  endfacet
  facet normal -0 0.561904 0.827203
    outer loop
      vertex 26.25 10.2634 11.7271
      vertex 27.85 10.1075 11.833
      vertex 27.85 10.2634 11.7271
    endloop
  endfacet
  facet normal 0 0.561904 0.827203
    outer loop
      vertex 27.85 10.1075 11.833
      vertex 26.25 10.2634 11.7271
      vertex 26.25 10.1075 11.833
    endloop
  endfacet
  facet normal -0 0.396921 0.917853
    outer loop
      vertex -27.85 9.77734 12.0145
      vertex -26.25 9.60437 12.0893
      vertex -26.25 9.77734 12.0145
    endloop
  endfacet
  facet normal 0 0.396921 0.917853
    outer loop
      vertex -26.25 9.60437 12.0893
      vertex -27.85 9.77734 12.0145
      vertex -27.85 9.60437 12.0893
    endloop
  endfacet
  facet normal -0 0.396921 0.917853
    outer loop
      vertex 26.25 9.77734 12.0145
      vertex 27.85 9.60437 12.0893
      vertex 27.85 9.77734 12.0145
    endloop
  endfacet
  facet normal 0 0.396921 0.917853
    outer loop
      vertex 27.85 9.60437 12.0893
      vertex 26.25 9.77734 12.0145
      vertex 26.25 9.60437 12.0893
    endloop
  endfacet
  facet normal -0 0.156012 0.987755
    outer loop
      vertex -27.85 9.06214 12.2469
      vertex -26.25 8.876 12.2763
      vertex -26.25 9.06214 12.2469
    endloop
  endfacet
  facet normal 0 0.156012 0.987755
    outer loop
      vertex -26.25 8.876 12.2763
      vertex -27.85 9.06214 12.2469
      vertex -27.85 8.876 12.2763
    endloop
  endfacet
  facet normal -0 0.156012 0.987755
    outer loop
      vertex 26.25 9.06214 12.2469
      vertex 27.85 8.876 12.2763
      vertex 27.85 9.06214 12.2469
    endloop
  endfacet
  facet normal 0 0.156012 0.987755
    outer loop
      vertex 27.85 8.876 12.2763
      vertex 26.25 9.06214 12.2469
      vertex 26.25 8.876 12.2763
    endloop
  endfacet
  facet normal -0 0.218076 0.975932
    outer loop
      vertex -27.85 9.24607 12.2058
      vertex -26.25 9.06214 12.2469
      vertex -26.25 9.24607 12.2058
    endloop
  endfacet
  facet normal 0 0.218076 0.975932
    outer loop
      vertex -26.25 9.06214 12.2469
      vertex -27.85 9.24607 12.2058
      vertex -27.85 9.06214 12.2469
    endloop
  endfacet
  facet normal -0 0.218076 0.975932
    outer loop
      vertex 26.25 9.24607 12.2058
      vertex 27.85 9.06214 12.2469
      vertex 27.85 9.24607 12.2058
    endloop
  endfacet
  facet normal 0 0.218076 0.975932
    outer loop
      vertex 27.85 9.06214 12.2469
      vertex 26.25 9.24607 12.2058
      vertex 26.25 9.06214 12.2469
    endloop
  endfacet
  facet normal -0 0.0313093 0.99951
    outer loop
      vertex -27.85 8.68837 12.2941
      vertex -26.25 8.50002 12.3
      vertex -26.25 8.68837 12.2941
    endloop
  endfacet
  facet normal 0 0.0313093 0.99951
    outer loop
      vertex -26.25 8.50002 12.3
      vertex -27.85 8.68837 12.2941
      vertex -27.85 8.50002 12.3
    endloop
  endfacet
  facet normal -0 0.0313093 0.99951
    outer loop
      vertex 26.25 8.68837 12.2941
      vertex 27.85 8.50002 12.3
      vertex 27.85 8.68837 12.2941
    endloop
  endfacet
  facet normal 0 0.0313093 0.99951
    outer loop
      vertex 27.85 8.50002 12.3
      vertex 26.25 8.68837 12.2941
      vertex 26.25 8.50002 12.3
    endloop
  endfacet
  facet normal 0 0.789895 0.613243
    outer loop
      vertex -26.25 10.9271 11.0634
      vertex -27.85 10.8115 11.2123
      vertex -26.25 10.8115 11.2123
    endloop
  endfacet
  facet normal 0 0.789895 0.613243
    outer loop
      vertex -27.85 10.8115 11.2123
      vertex -26.25 10.9271 11.0634
      vertex -27.85 10.9271 11.0634
    endloop
  endfacet
  facet normal 0 0.789895 0.613243
    outer loop
      vertex 27.85 10.9271 11.0634
      vertex 26.25 10.8115 11.2123
      vertex 27.85 10.8115 11.2123
    endloop
  endfacet
  facet normal 0 0.789895 0.613243
    outer loop
      vertex 26.25 10.8115 11.2123
      vertex 27.85 10.9271 11.0634
      vertex 26.25 10.9271 11.0634
    endloop
  endfacet
  facet normal 0 0.8608 0.508944
    outer loop
      vertex 29.25 11.1289 10.7453
      vertex 26.25 11.033 10.9075
      vertex 29.25 11.033 10.9075
    endloop
  endfacet
  facet normal 0 0.8608 0.508944
    outer loop
      vertex 26.25 11.033 10.9075
      vertex 29.25 11.1289 10.7453
      vertex 26.25 11.1289 10.7453
    endloop
  endfacet
  facet normal 0 0.8608 0.508944
    outer loop
      vertex -26.25 11.1289 10.7453
      vertex -29.25 11.033 10.9075
      vertex -26.25 11.033 10.9075
    endloop
  endfacet
  facet normal 0 0.8608 0.508944
    outer loop
      vertex -29.25 11.033 10.9075
      vertex -26.25 11.1289 10.7453
      vertex -29.25 11.1289 10.7453
    endloop
  endfacet
  facet normal 0 0.827015 0.56218
    outer loop
      vertex 29.25 10.95 11.0296
      vertex 29.25 11.033 10.9075
      vertex 27.85 10.95 11.0296
    endloop
  endfacet
  facet normal 0 0.827882 0.560902
    outer loop
      vertex 27.85 10.95 11.0296
      vertex 26.25 10.9271 11.0634
      vertex 27.85 10.9271 11.0634
    endloop
  endfacet
  facet normal -0 0.827015 0.56218
    outer loop
      vertex 26.25 11.033 10.9075
      vertex 27.85 10.95 11.0296
      vertex 29.25 11.033 10.9075
    endloop
  endfacet
  facet normal 3.08742e-05 0.827203 0.561904
    outer loop
      vertex 27.85 10.95 11.0296
      vertex 26.25 11.033 10.9075
      vertex 26.25 10.9271 11.0634
    endloop
  endfacet
  facet normal 0 0.827882 0.560902
    outer loop
      vertex -26.25 10.9271 11.0634
      vertex -27.85 10.95 11.0296
      vertex -27.85 10.9271 11.0634
    endloop
  endfacet
  facet normal -3.08742e-05 0.827203 0.561904
    outer loop
      vertex -26.25 11.033 10.9075
      vertex -27.85 10.95 11.0296
      vertex -26.25 10.9271 11.0634
    endloop
  endfacet
  facet normal -0 0.827015 0.56218
    outer loop
      vertex -29.25 11.033 10.9075
      vertex -27.85 10.95 11.0296
      vertex -26.25 11.033 10.9075
    endloop
  endfacet
  facet normal 0 0.827015 0.56218
    outer loop
      vertex -27.85 10.95 11.0296
      vertex -29.25 11.033 10.9075
      vertex -29.25 10.95 11.0296
    endloop
  endfacet
  facet normal 0 0.707107 0.707107
    outer loop
      vertex -26.25 10.6869 11.3536
      vertex -27.85 10.5536 11.4869
      vertex -26.25 10.5536 11.4869
    endloop
  endfacet
  facet normal 0 0.707107 0.707107
    outer loop
      vertex -27.85 10.5536 11.4869
      vertex -26.25 10.6869 11.3536
      vertex -27.85 10.6869 11.3536
    endloop
  endfacet
  facet normal 0 0.707107 0.707107
    outer loop
      vertex 27.85 10.6869 11.3536
      vertex 26.25 10.5536 11.4869
      vertex 27.85 10.5536 11.4869
    endloop
  endfacet
  facet normal 0 0.707107 0.707107
    outer loop
      vertex 26.25 10.5536 11.4869
      vertex 27.85 10.6869 11.3536
      vertex 26.25 10.6869 11.3536
    endloop
  endfacet
  facet normal 0 0.891071 0.453863
    outer loop
      vertex 29.25 11.1289 10.7453
      vertex 26.25 11.1398 10.7239
      vertex 26.25 11.1289 10.7453
    endloop
  endfacet
  facet normal -1.13144e-06 0.891007 0.453989
    outer loop
      vertex 29.25 11.2145 10.5773
      vertex 26.25 11.1398 10.7239
      vertex 29.25 11.1289 10.7453
    endloop
  endfacet
  facet normal 0 0.890998 0.454008
    outer loop
      vertex 26.25 11.1398 10.7239
      vertex 29.25 11.2145 10.5773
      vertex 26.25 11.2145 10.5773
    endloop
  endfacet
  facet normal 0 0.891071 0.453863
    outer loop
      vertex -26.25 11.1398 10.7239
      vertex -29.25 11.1289 10.7453
      vertex -26.25 11.1289 10.7453
    endloop
  endfacet
  facet normal 1.29659e-06 0.890998 0.454008
    outer loop
      vertex -26.25 11.2145 10.5773
      vertex -29.25 11.1289 10.7453
      vertex -26.25 11.1398 10.7239
    endloop
  endfacet
  facet normal 0 0.891007 0.453989
    outer loop
      vertex -29.25 11.1289 10.7453
      vertex -26.25 11.2145 10.5773
      vertex -29.25 11.2145 10.5773
    endloop
  endfacet
  facet normal 0 0.940766 0.339058
    outer loop
      vertex 29.25 11.3532 10.2271
      vertex 26.25 11.2893 10.4044
      vertex 29.25 11.2893 10.4044
    endloop
  endfacet
  facet normal 0 0.940766 0.339058
    outer loop
      vertex 26.25 11.2893 10.4044
      vertex 29.25 11.3532 10.2271
      vertex 26.25 11.3532 10.2271
    endloop
  endfacet
  facet normal 0 0.940766 0.339058
    outer loop
      vertex -26.25 11.3532 10.2271
      vertex -29.25 11.2893 10.4044
      vertex -26.25 11.2893 10.4044
    endloop
  endfacet
  facet normal 0 0.940766 0.339058
    outer loop
      vertex -29.25 11.2893 10.4044
      vertex -26.25 11.3532 10.2271
      vertex -29.25 11.3532 10.2271
    endloop
  endfacet
  facet normal 0 0.917794 0.397056
    outer loop
      vertex 29.25 11.2893 10.4044
      vertex 26.25 11.2145 10.5773
      vertex 29.25 11.2145 10.5773
    endloop
  endfacet
  facet normal 0 0.917794 0.397056
    outer loop
      vertex 26.25 11.2145 10.5773
      vertex 29.25 11.2893 10.4044
      vertex 26.25 11.2893 10.4044
    endloop
  endfacet
  facet normal 0 0.917794 0.397056
    outer loop
      vertex -26.25 11.2893 10.4044
      vertex -29.25 11.2145 10.5773
      vertex -26.25 11.2145 10.5773
    endloop
  endfacet
  facet normal 0 0.917794 0.397056
    outer loop
      vertex -29.25 11.2145 10.5773
      vertex -26.25 11.2893 10.4044
      vertex -29.25 11.2893 10.4044
    endloop
  endfacet
  facet normal 0 0.976386 0.216033
    outer loop
      vertex 29.25 11.4058 10.0461
      vertex 26.25 11.416 10
      vertex 26.25 11.4058 10.0461
    endloop
  endfacet
  facet normal -3.23934e-05 0.975939 0.218043
    outer loop
      vertex 29.25 11.4469 9.86214
      vertex 26.25 11.416 10
      vertex 29.25 11.4058 10.0461
    endloop
  endfacet
  facet normal -0 0.975789 0.218714
    outer loop
      vertex 5.20488 11.4469 9.86214
      vertex 26.25 11.416 10
      vertex 29.25 11.4469 9.86214
    endloop
  endfacet
  facet normal 0 0.975789 0.218714
    outer loop
      vertex 26.25 11.416 10
      vertex 5.20488 11.4469 9.86214
      vertex 5.36125 11.416 10
    endloop
  endfacet
  facet normal 0 0.975789 0.218714
    outer loop
      vertex -5.36125 11.416 10
      vertex -5.20488 11.4469 9.86214
      vertex -26.25 11.416 10
    endloop
  endfacet
  facet normal 0 0.976386 0.216033
    outer loop
      vertex -26.25 11.416 10
      vertex -29.25 11.4058 10.0461
      vertex -26.25 11.4058 10.0461
    endloop
  endfacet
  facet normal 3.23934e-05 0.975939 0.218043
    outer loop
      vertex -26.25 11.416 10
      vertex -29.25 11.4469 9.86214
      vertex -29.25 11.4058 10.0461
    endloop
  endfacet
  facet normal -0 0.975789 0.218714
    outer loop
      vertex -29.25 11.4469 9.86214
      vertex -26.25 11.416 10
      vertex -5.20488 11.4469 9.86214
    endloop
  endfacet
  facet normal 0 0.960273 0.279063
    outer loop
      vertex 29.25 11.4058 10.0461
      vertex 26.25 11.3532 10.2271
      vertex 29.25 11.3532 10.2271
    endloop
  endfacet
  facet normal 0 0.960273 0.279063
    outer loop
      vertex 26.25 11.3532 10.2271
      vertex 29.25 11.4058 10.0461
      vertex 26.25 11.4058 10.0461
    endloop
  endfacet
  facet normal 0 0.960273 0.279063
    outer loop
      vertex -26.25 11.4058 10.0461
      vertex -29.25 11.3532 10.2271
      vertex -26.25 11.3532 10.2271
    endloop
  endfacet
  facet normal 0 0.960273 0.279063
    outer loop
      vertex -29.25 11.3532 10.2271
      vertex -26.25 11.4058 10.0461
      vertex -29.25 11.4058 10.0461
    endloop
  endfacet
  facet normal 0 0.99553 0.0944435
    outer loop
      vertex 29.25 11.4941 9.48837
      vertex 4.98802 11.4763 9.676
      vertex 29.25 11.4763 9.676
    endloop
  endfacet
  facet normal 0 0.99553 0.0944435
    outer loop
      vertex 4.98802 11.4763 9.676
      vertex 29.25 11.4941 9.48837
      vertex 4.74613 11.4941 9.48837
    endloop
  endfacet
  facet normal -0 0.99553 0.0944435
    outer loop
      vertex -29.25 11.4941 9.48837
      vertex -4.98802 11.4763 9.676
      vertex -4.74613 11.4941 9.48837
    endloop
  endfacet
  facet normal 0 0.99553 0.0944435
    outer loop
      vertex -4.98802 11.4763 9.676
      vertex -29.25 11.4941 9.48837
      vertex -29.25 11.4763 9.676
    endloop
  endfacet
  facet normal 0 0.99951 0.031306
    outer loop
      vertex 29.25 11.5 9.3
      vertex 4.74613 11.4941 9.48837
      vertex 29.25 11.4941 9.48837
    endloop
  endfacet
  facet normal 6.22001e-07 0.999507 0.0313868
    outer loop
      vertex 4.74613 11.4941 9.48837
      vertex 29.25 11.5 9.3
      vertex 4.6435 11.4966 9.40876
    endloop
  endfacet
  facet normal 0 0.999512 0.0312462
    outer loop
      vertex 4.6435 11.4966 9.40876
      vertex 29.25 11.5 9.3
      vertex 4.48346 11.5 9.3
    endloop
  endfacet
  facet normal -6.22001e-07 0.999507 0.0313868
    outer loop
      vertex -29.25 11.5 9.3
      vertex -4.74613 11.4941 9.48837
      vertex -4.6435 11.4966 9.40876
    endloop
  endfacet
  facet normal -0 0.999512 0.0312462
    outer loop
      vertex -29.25 11.5 9.3
      vertex -4.6435 11.4966 9.40876
      vertex -4.48346 11.5 9.3
    endloop
  endfacet
  facet normal 0 0.99951 0.031306
    outer loop
      vertex -4.74613 11.4941 9.48837
      vertex -29.25 11.5 9.3
      vertex -29.25 11.4941 9.48837
    endloop
  endfacet
  facet normal 0 0.987755 0.156012
    outer loop
      vertex 29.25 11.4763 9.676
      vertex 5.20488 11.4469 9.86214
      vertex 29.25 11.4469 9.86214
    endloop
  endfacet
  facet normal 1.75326e-06 0.98772 0.156233
    outer loop
      vertex 5.20488 11.4469 9.86214
      vertex 29.25 11.4763 9.676
      vertex 5.03565 11.4705 9.71294
    endloop
  endfacet
  facet normal 0 0.987897 0.155111
    outer loop
      vertex 5.03565 11.4705 9.71294
      vertex 29.25 11.4763 9.676
      vertex 4.98802 11.4763 9.676
    endloop
  endfacet
  facet normal -1.75326e-06 0.98772 0.156233
    outer loop
      vertex -29.25 11.4763 9.676
      vertex -5.20488 11.4469 9.86214
      vertex -5.03565 11.4705 9.71294
    endloop
  endfacet
  facet normal -0 0.987897 0.155111
    outer loop
      vertex -29.25 11.4763 9.676
      vertex -5.03565 11.4705 9.71294
      vertex -4.98802 11.4763 9.676
    endloop
  endfacet
  facet normal 0 0.987755 0.156012
    outer loop
      vertex -5.20488 11.4469 9.86214
      vertex -29.25 11.4763 9.676
      vertex -29.25 11.4469 9.86214
    endloop
  endfacet
  facet normal -0.292371 0.956305 0
    outer loop
      vertex -1.5 -1.50429 0
      vertex -19.869 -7.12025 2.55
      vertex -1.5 -1.50429 2.55
    endloop
  endfacet
  facet normal -0.292371 0.956305 0
    outer loop
      vertex -19.869 -7.12025 2.55
      vertex -1.5 -1.50429 0
      vertex -19.869 -7.12025 0
    endloop
  endfacet
  facet normal -0.292372 0.956305 0
    outer loop
      vertex 19.6229 4.95364 0
      vertex 1.5 -0.587096 2.55
      vertex 19.6229 4.95364 2.55
    endloop
  endfacet
  facet normal -0.292372 0.956305 0
    outer loop
      vertex 1.5 -0.587096 2.55
      vertex 19.6229 4.95364 0
      vertex 1.5 -0.587096 0
    endloop
  endfacet
  facet normal 0.292372 -0.956305 0
    outer loop
      vertex -19.6229 -4.95364 0
      vertex -1.5 0.587096 2.55
      vertex -19.6229 -4.95364 2.55
    endloop
  endfacet
  facet normal 0.292372 -0.956305 0
    outer loop
      vertex -1.5 0.587096 2.55
      vertex -19.6229 -4.95364 0
      vertex -1.5 0.587096 0
    endloop
  endfacet
  facet normal 0.292371 -0.956305 0
    outer loop
      vertex 1.5 1.50429 0
      vertex 19.869 7.12025 2.55
      vertex 1.5 1.50429 2.55
    endloop
  endfacet
  facet normal 0.292371 -0.956305 0
    outer loop
      vertex 19.869 7.12025 2.55
      vertex 1.5 1.50429 0
      vertex 19.869 7.12025 0
    endloop
  endfacet
  facet normal 0 -1 0
    outer loop
      vertex 5.5 -4.75 0
      vertex 19.6891 -4.75 2.55
      vertex 5.5 -4.75 2.55
    endloop
  endfacet
  facet normal 0 -1 -0
    outer loop
      vertex 19.6891 -4.75 2.55
      vertex 5.5 -4.75 0
      vertex 19.6891 -4.75 0
    endloop
  endfacet
  facet normal 0 1 -0
    outer loop
      vertex 19.6891 -6.75 0
      vertex 5.5 -6.75 2.55
      vertex 19.6891 -6.75 2.55
    endloop
  endfacet
  facet normal 0 1 0
    outer loop
      vertex 5.5 -6.75 2.55
      vertex 19.6891 -6.75 0
      vertex 5.5 -6.75 0
    endloop
  endfacet
  facet normal 0 1 -0
    outer loop
      vertex -5.5 4.75 0
      vertex -19.6891 4.75 2.55
      vertex -5.5 4.75 2.55
    endloop
  endfacet
  facet normal 0 1 0
    outer loop
      vertex -19.6891 4.75 2.55
      vertex -5.5 4.75 0
      vertex -19.6891 4.75 0
    endloop
  endfacet
  facet normal 0 -1 0
    outer loop
      vertex -19.6891 6.75 0
      vertex -5.5 6.75 2.55
      vertex -19.6891 6.75 2.55
    endloop
  endfacet
  facet normal 0 -1 -0
    outer loop
      vertex -5.5 6.75 2.55
      vertex -19.6891 6.75 0
      vertex -5.5 6.75 0
    endloop
  endfacet
  facet normal 1 -0 0
    outer loop
      vertex 5 -11 1.55
      vertex 5 -9.5 0
      vertex 5 -9.5 1.55
    endloop
  endfacet
  facet normal 1 0 0
    outer loop
      vertex 5 -9.5 0
      vertex 5 -11 1.55
      vertex 5 -11 0
    endloop
  endfacet
  facet normal 0 0 -1
    outer loop
      vertex 5 -11 1.55
      vertex 6.25 -9.5 1.55
      vertex 6.25 -11 1.55
    endloop
  endfacet
  facet normal -0 0 -1
    outer loop
      vertex 6.25 -9.5 1.55
      vertex 5 -11 1.55
      vertex 5 -9.5 1.55
    endloop
  endfacet
  facet normal 0 0 -1
    outer loop
      vertex 6.25 -11 1.55
      vertex 7.75 -11 1.55
      vertex 7.75 -11.5 1.55
    endloop
  endfacet
  facet normal 0 0 -1
    outer loop
      vertex 7.75 -11 1.55
      vertex 6.25 -11 1.55
      vertex 7.75 -9.5 1.55
    endloop
  endfacet
  facet normal 0 0 -1
    outer loop
      vertex 6.25 -11 1.55
      vertex 7.75 -11.5 1.55
      vertex 6.25 -11.5 1.55
    endloop
  endfacet
  facet normal -0 0 -1
    outer loop
      vertex 7.75 -9.5 1.55
      vertex 6.25 -11 1.55
      vertex 6.25 -9.5 1.55
    endloop
  endfacet
  facet normal 0 0 -1
    outer loop
      vertex 7.75 -9.5 1.55
      vertex 6.25 -9.5 1.55
      vertex 7.75 -8.25 1.55
    endloop
  endfacet
  facet normal -0 0 -1
    outer loop
      vertex 7.75 -8.25 1.55
      vertex 6.25 -9.5 1.55
      vertex 6.25 -8.25 1.55
    endloop
  endfacet
  facet normal 0 0 -1
    outer loop
      vertex 7.75 -11 1.55
      vertex 9 -9.5 1.55
      vertex 9 -11 1.55
    endloop
  endfacet
  facet normal -0 0 -1
    outer loop
      vertex 9 -9.5 1.55
      vertex 7.75 -11 1.55
      vertex 7.75 -9.5 1.55
    endloop
  endfacet
  facet normal -1 0 0
    outer loop
      vertex 9 -11 0
      vertex 9 -9.5 1.55
      vertex 9 -9.5 0
    endloop
  endfacet
  facet normal -1 -0 0
    outer loop
      vertex 9 -9.5 1.55
      vertex 9 -11 0
      vertex 9 -11 1.55
    endloop
  endfacet
  facet normal 0 -1 0
    outer loop
      vertex 7.75 -9.5 0
      vertex 9 -9.5 1.55
      vertex 7.75 -9.5 1.55
    endloop
  endfacet
  facet normal 0 -1 -0
    outer loop
      vertex 9 -9.5 1.55
      vertex 7.75 -9.5 0
      vertex 9 -9.5 0
    endloop
  endfacet
  facet normal 0 -1 0
    outer loop
      vertex 5 -9.5 0
      vertex 6.25 -9.5 1.55
      vertex 5 -9.5 1.55
    endloop
  endfacet
  facet normal 0 -1 -0
    outer loop
      vertex 6.25 -9.5 1.55
      vertex 5 -9.5 0
      vertex 6.25 -9.5 0
    endloop
  endfacet
  facet normal 0 1 -0
    outer loop
      vertex 9 -11 0
      vertex 7.75 -11 1.55
      vertex 9 -11 1.55
    endloop
  endfacet
  facet normal 0 1 0
    outer loop
      vertex 7.75 -11 1.55
      vertex 9 -11 0
      vertex 7.75 -11 0
    endloop
  endfacet
  facet normal 0 1 -0
    outer loop
      vertex 6.25 -11 0
      vertex 5 -11 1.55
      vertex 6.25 -11 1.55
    endloop
  endfacet
  facet normal 0 1 0
    outer loop
      vertex 5 -11 1.55
      vertex 6.25 -11 0
      vertex 5 -11 0
    endloop
  endfacet
  facet normal 1 -0 0
    outer loop
      vertex 6.25 -9.5 1.55
      vertex 6.25 -8.25 0
      vertex 6.25 -8.25 1.55
    endloop
  endfacet
  facet normal 1 0 0
    outer loop
      vertex 6.25 -8.25 0
      vertex 6.25 -9.5 1.55
      vertex 6.25 -9.5 0
    endloop
  endfacet
  facet normal 1 -0 0
    outer loop
      vertex 6.25 -11.5 1.55
      vertex 6.25 -11 0
      vertex 6.25 -11 1.55
    endloop
  endfacet
  facet normal 1 0 0
    outer loop
      vertex 6.25 -11 0
      vertex 6.25 -11.5 1.55
      vertex 6.25 -11.5 0
    endloop
  endfacet
  facet normal -1 0 0
    outer loop
      vertex 7.75 -9.5 0
      vertex 7.75 -8.25 1.55
      vertex 7.75 -8.25 0
    endloop
  endfacet
  facet normal -1 -0 0
    outer loop
      vertex 7.75 -8.25 1.55
      vertex 7.75 -9.5 0
      vertex 7.75 -9.5 1.55
    endloop
  endfacet
  facet normal -1 0 0
    outer loop
      vertex 7.75 -11.5 0
      vertex 7.75 -11 1.55
      vertex 7.75 -11 0
    endloop
  endfacet
  facet normal -1 -0 0
    outer loop
      vertex 7.75 -11 1.55
      vertex 7.75 -11.5 0
      vertex 7.75 -11.5 1.55
    endloop
  endfacet
  facet normal 0 -1 0
    outer loop
      vertex 6.25 -8.25 0
      vertex 7.75 -8.25 1.55
      vertex 6.25 -8.25 1.55
    endloop
  endfacet
  facet normal 0 -1 -0
    outer loop
      vertex 7.75 -8.25 1.55
      vertex 6.25 -8.25 0
      vertex 7.75 -8.25 0
    endloop
  endfacet
  facet normal 1 -0 0
    outer loop
      vertex -9 9.5 1.55
      vertex -9 11 0
      vertex -9 11 1.55
    endloop
  endfacet
  facet normal 1 0 0
    outer loop
      vertex -9 11 0
      vertex -9 9.5 1.55
      vertex -9 9.5 0
    endloop
  endfacet
  facet normal 0 0 -1
    outer loop
      vertex -9 9.5 1.55
      vertex -5 11 1.55
      vertex -5 9.5 1.55
    endloop
  endfacet
  facet normal -0 0 -1
    outer loop
      vertex -5 11 1.55
      vertex -9 9.5 1.55
      vertex -9 11 1.55
    endloop
  endfacet
  facet normal -1 0 0
    outer loop
      vertex -5 9.5 0
      vertex -5 11 1.55
      vertex -5 11 0
    endloop
  endfacet
  facet normal -1 -0 0
    outer loop
      vertex -5 11 1.55
      vertex -5 9.5 0
      vertex -5 9.5 1.55
    endloop
  endfacet
  facet normal 0 -1 0
    outer loop
      vertex -9 11 0
      vertex -5 11 1.55
      vertex -9 11 1.55
    endloop
  endfacet
  facet normal 0 -1 -0
    outer loop
      vertex -5 11 1.55
      vertex -9 11 0
      vertex -5 11 0
    endloop
  endfacet
  facet normal 0 1 -0
    outer loop
      vertex -5 9.5 0
      vertex -9 9.5 1.55
      vertex -5 9.5 1.55
    endloop
  endfacet
  facet normal 0 1 0
    outer loop
      vertex -9 9.5 1.55
      vertex -5 9.5 0
      vertex -9 9.5 0
    endloop
  endfacet
  facet normal -0.99451 -0.10464 0
    outer loop
      vertex 18.9 15.5 0
      vertex 18.8639 15.8431 3
      vertex 18.8639 15.8431 0
    endloop
  endfacet
  facet normal -0.99451 -0.10464 0
    outer loop
      vertex 18.8639 15.8431 3
      vertex 18.9 15.5 0
      vertex 18.9 15.5 3
    endloop
  endfacet
  facet normal 0 -1 0
    outer loop
      vertex 17.0775 17.141 0
      vertex 17.4225 17.141 3
      vertex 17.0775 17.141 3
    endloop
  endfacet
  facet normal 0 -1 -0
    outer loop
      vertex 17.4225 17.141 3
      vertex 17.0775 17.141 0
      vertex 17.4225 17.141 0
    endloop
  endfacet
  facet normal -0.587637 -0.809125 0
    outer loop
      vertex 18.075 16.9289 0
      vertex 18.3541 16.7262 3
      vertex 18.075 16.9289 3
    endloop
  endfacet
  facet normal -0.587637 -0.809125 -0
    outer loop
      vertex 18.3541 16.7262 3
      vertex 18.075 16.9289 0
      vertex 18.3541 16.7262 0
    endloop
  endfacet
  facet normal 0.743236 -0.669029 0
    outer loop
      vertex 15.9151 16.4698 3
      vertex 16.1459 16.7262 0
      vertex 16.1459 16.7262 3
    endloop
  endfacet
  facet normal 0.743236 -0.669029 0
    outer loop
      vertex 16.1459 16.7262 0
      vertex 15.9151 16.4698 3
      vertex 15.9151 16.4698 0
    endloop
  endfacet
  facet normal 0.406757 -0.913536 0
    outer loop
      vertex 16.425 16.9289 0
      vertex 16.7401 17.0692 3
      vertex 16.425 16.9289 3
    endloop
  endfacet
  facet normal 0.406757 -0.913536 0
    outer loop
      vertex 16.7401 17.0692 3
      vertex 16.425 16.9289 0
      vertex 16.7401 17.0692 0
    endloop
  endfacet
  facet normal -0.865968 0.500099 0
    outer loop
      vertex 18.5849 14.5302 0
      vertex 18.7574 14.8289 3
      vertex 18.7574 14.8289 0
    endloop
  endfacet
  facet normal -0.865968 0.500099 0
    outer loop
      vertex 18.7574 14.8289 3
      vertex 18.5849 14.5302 0
      vertex 18.5849 14.5302 3
    endloop
  endfacet
  facet normal -0.865968 -0.500099 0
    outer loop
      vertex 18.7574 16.1711 0
      vertex 18.5849 16.4698 3
      vertex 18.5849 16.4698 0
    endloop
  endfacet
  facet normal -0.865968 -0.500099 0
    outer loop
      vertex 18.5849 16.4698 3
      vertex 18.7574 16.1711 0
      vertex 18.7574 16.1711 3
    endloop
  endfacet
  facet normal -0.951119 -0.308824 0
    outer loop
      vertex 18.8639 15.8431 0
      vertex 18.7574 16.1711 3
      vertex 18.7574 16.1711 0
    endloop
  endfacet
  facet normal -0.951119 -0.308824 0
    outer loop
      vertex 18.7574 16.1711 3
      vertex 18.8639 15.8431 0
      vertex 18.8639 15.8431 3
    endloop
  endfacet
  facet normal -0.743236 -0.669029 0
    outer loop
      vertex 18.5849 16.4698 0
      vertex 18.3541 16.7262 3
      vertex 18.3541 16.7262 0
    endloop
  endfacet
  facet normal -0.743236 -0.669029 0
    outer loop
      vertex 18.3541 16.7262 3
      vertex 18.5849 16.4698 0
      vertex 18.5849 16.4698 3
    endloop
  endfacet
  facet normal -0.208143 -0.978098 0
    outer loop
      vertex 17.4225 17.141 0
      vertex 17.7599 17.0692 3
      vertex 17.4225 17.141 3
    endloop
  endfacet
  facet normal -0.208143 -0.978098 -0
    outer loop
      vertex 17.7599 17.0692 3
      vertex 17.4225 17.141 0
      vertex 17.7599 17.0692 0
    endloop
  endfacet
  facet normal -0.406757 -0.913536 0
    outer loop
      vertex 17.7599 17.0692 0
      vertex 18.075 16.9289 3
      vertex 17.7599 17.0692 3
    endloop
  endfacet
  facet normal -0.406757 -0.913536 -0
    outer loop
      vertex 18.075 16.9289 3
      vertex 17.7599 17.0692 0
      vertex 18.075 16.9289 0
    endloop
  endfacet
  facet normal 0.951119 -0.308824 0
    outer loop
      vertex 15.6361 15.8431 3
      vertex 15.7426 16.1711 0
      vertex 15.7426 16.1711 3
    endloop
  endfacet
  facet normal 0.951119 -0.308824 0
    outer loop
      vertex 15.7426 16.1711 0
      vertex 15.6361 15.8431 3
      vertex 15.6361 15.8431 0
    endloop
  endfacet
  facet normal 0.865968 -0.500099 0
    outer loop
      vertex 15.7426 16.1711 3
      vertex 15.9151 16.4698 0
      vertex 15.9151 16.4698 3
    endloop
  endfacet
  facet normal 0.865968 -0.500099 0
    outer loop
      vertex 15.9151 16.4698 0
      vertex 15.7426 16.1711 3
      vertex 15.7426 16.1711 0
    endloop
  endfacet
  facet normal 0.99451 -0.10464 0
    outer loop
      vertex 15.6 15.5 3
      vertex 15.6361 15.8431 0
      vertex 15.6361 15.8431 3
    endloop
  endfacet
  facet normal 0.99451 -0.10464 0
    outer loop
      vertex 15.6361 15.8431 0
      vertex 15.6 15.5 3
      vertex 15.6 15.5 0
    endloop
  endfacet
  facet normal 0.587637 -0.809125 0
    outer loop
      vertex 16.1459 16.7262 0
      vertex 16.425 16.9289 3
      vertex 16.1459 16.7262 3
    endloop
  endfacet
  facet normal 0.587637 -0.809125 0
    outer loop
      vertex 16.425 16.9289 3
      vertex 16.1459 16.7262 0
      vertex 16.425 16.9289 0
    endloop
  endfacet
  facet normal 0.208143 -0.978098 0
    outer loop
      vertex 16.7401 17.0692 0
      vertex 17.0775 17.141 3
      vertex 16.7401 17.0692 3
    endloop
  endfacet
  facet normal 0.208143 -0.978098 0
    outer loop
      vertex 17.0775 17.141 3
      vertex 16.7401 17.0692 0
      vertex 17.0775 17.141 0
    endloop
  endfacet
  facet normal -0.208143 0.978098 0
    outer loop
      vertex 17.7599 13.9308 0
      vertex 17.4225 13.859 3
      vertex 17.7599 13.9308 3
    endloop
  endfacet
  facet normal -0.208143 0.978098 0
    outer loop
      vertex 17.4225 13.859 3
      vertex 17.7599 13.9308 0
      vertex 17.4225 13.859 0
    endloop
  endfacet
  facet normal -0.587637 0.809125 0
    outer loop
      vertex 18.3541 14.2738 0
      vertex 18.075 14.0711 3
      vertex 18.3541 14.2738 3
    endloop
  endfacet
  facet normal -0.587637 0.809125 0
    outer loop
      vertex 18.075 14.0711 3
      vertex 18.3541 14.2738 0
      vertex 18.075 14.0711 0
    endloop
  endfacet
  facet normal 0.406757 0.913536 -0
    outer loop
      vertex 16.7401 13.9308 0
      vertex 16.425 14.0711 3
      vertex 16.7401 13.9308 3
    endloop
  endfacet
  facet normal 0.406757 0.913536 0
    outer loop
      vertex 16.425 14.0711 3
      vertex 16.7401 13.9308 0
      vertex 16.425 14.0711 0
    endloop
  endfacet
  facet normal 0 1 -0
    outer loop
      vertex 17.4225 13.859 0
      vertex 17.0775 13.859 3
      vertex 17.4225 13.859 3
    endloop
  endfacet
  facet normal 0 1 0
    outer loop
      vertex 17.0775 13.859 3
      vertex 17.4225 13.859 0
      vertex 17.0775 13.859 0
    endloop
  endfacet
  facet normal 0.743236 0.669029 0
    outer loop
      vertex 16.1459 14.2738 3
      vertex 15.9151 14.5302 0
      vertex 15.9151 14.5302 3
    endloop
  endfacet
  facet normal 0.743236 0.669029 0
    outer loop
      vertex 15.9151 14.5302 0
      vertex 16.1459 14.2738 3
      vertex 16.1459 14.2738 0
    endloop
  endfacet
  facet normal 0.951119 0.308824 0
    outer loop
      vertex 15.7426 14.8289 3
      vertex 15.6361 15.1569 0
      vertex 15.6361 15.1569 3
    endloop
  endfacet
  facet normal 0.951119 0.308824 0
    outer loop
      vertex 15.6361 15.1569 0
      vertex 15.7426 14.8289 3
      vertex 15.7426 14.8289 0
    endloop
  endfacet
  facet normal 0.99451 0.10464 0
    outer loop
      vertex 15.6361 15.1569 3
      vertex 15.6 15.5 0
      vertex 15.6 15.5 3
    endloop
  endfacet
  facet normal 0.99451 0.10464 0
    outer loop
      vertex 15.6 15.5 0
      vertex 15.6361 15.1569 3
      vertex 15.6361 15.1569 0
    endloop
  endfacet
  facet normal -0.406757 0.913536 0
    outer loop
      vertex 18.075 14.0711 0
      vertex 17.7599 13.9308 3
      vertex 18.075 14.0711 3
    endloop
  endfacet
  facet normal -0.406757 0.913536 0
    outer loop
      vertex 17.7599 13.9308 3
      vertex 18.075 14.0711 0
      vertex 17.7599 13.9308 0
    endloop
  endfacet
  facet normal -0.743236 0.669029 0
    outer loop
      vertex 18.3541 14.2738 0
      vertex 18.5849 14.5302 3
      vertex 18.5849 14.5302 0
    endloop
  endfacet
  facet normal -0.743236 0.669029 0
    outer loop
      vertex 18.5849 14.5302 3
      vertex 18.3541 14.2738 0
      vertex 18.3541 14.2738 3
    endloop
  endfacet
  facet normal -0.951119 0.308824 0
    outer loop
      vertex 18.7574 14.8289 0
      vertex 18.8639 15.1569 3
      vertex 18.8639 15.1569 0
    endloop
  endfacet
  facet normal -0.951119 0.308824 0
    outer loop
      vertex 18.8639 15.1569 3
      vertex 18.7574 14.8289 0
      vertex 18.7574 14.8289 3
    endloop
  endfacet
  facet normal 0.208143 0.978098 -0
    outer loop
      vertex 17.0775 13.859 0
      vertex 16.7401 13.9308 3
      vertex 17.0775 13.859 3
    endloop
  endfacet
  facet normal 0.208143 0.978098 0
    outer loop
      vertex 16.7401 13.9308 3
      vertex 17.0775 13.859 0
      vertex 16.7401 13.9308 0
    endloop
  endfacet
  facet normal 0.587637 0.809125 -0
    outer loop
      vertex 16.425 14.0711 0
      vertex 16.1459 14.2738 3
      vertex 16.425 14.0711 3
    endloop
  endfacet
  facet normal 0.587637 0.809125 0
    outer loop
      vertex 16.1459 14.2738 3
      vertex 16.425 14.0711 0
      vertex 16.1459 14.2738 0
    endloop
  endfacet
  facet normal 0.865968 0.500099 0
    outer loop
      vertex 15.9151 14.5302 3
      vertex 15.7426 14.8289 0
      vertex 15.7426 14.8289 3
    endloop
  endfacet
  facet normal 0.865968 0.500099 0
    outer loop
      vertex 15.7426 14.8289 0
      vertex 15.9151 14.5302 3
      vertex 15.9151 14.5302 0
    endloop
  endfacet
  facet normal -0.99451 0.10464 0
    outer loop
      vertex 18.8639 15.1569 0
      vertex 18.9 15.5 3
      vertex 18.9 15.5 0
    endloop
  endfacet
  facet normal -0.99451 0.10464 0
    outer loop
      vertex 18.9 15.5 3
      vertex 18.8639 15.1569 0
      vertex 18.8639 15.1569 3
    endloop
  endfacet
  facet normal -0.99451 -0.10464 0
    outer loop
      vertex -15.6 15.5 0
      vertex -15.6361 15.8431 3
      vertex -15.6361 15.8431 0
    endloop
  endfacet
  facet normal -0.99451 -0.10464 0
    outer loop
      vertex -15.6361 15.8431 3
      vertex -15.6 15.5 0
      vertex -15.6 15.5 3
    endloop
  endfacet
  facet normal 0 -1 0
    outer loop
      vertex -17.4225 17.141 0
      vertex -17.0775 17.141 3
      vertex -17.4225 17.141 3
    endloop
  endfacet
  facet normal 0 -1 -0
    outer loop
      vertex -17.0775 17.141 3
      vertex -17.4225 17.141 0
      vertex -17.0775 17.141 0
    endloop
  endfacet
  facet normal -0.587637 -0.809125 0
    outer loop
      vertex -16.425 16.9289 0
      vertex -16.1459 16.7262 3
      vertex -16.425 16.9289 3
    endloop
  endfacet
  facet normal -0.587637 -0.809125 -0
    outer loop
      vertex -16.1459 16.7262 3
      vertex -16.425 16.9289 0
      vertex -16.1459 16.7262 0
    endloop
  endfacet
  facet normal 0.743236 -0.669029 0
    outer loop
      vertex -18.5849 16.4698 3
      vertex -18.3541 16.7262 0
      vertex -18.3541 16.7262 3
    endloop
  endfacet
  facet normal 0.743236 -0.669029 0
    outer loop
      vertex -18.3541 16.7262 0
      vertex -18.5849 16.4698 3
      vertex -18.5849 16.4698 0
    endloop
  endfacet
  facet normal 0.406757 -0.913536 0
    outer loop
      vertex -18.075 16.9289 0
      vertex -17.7599 17.0692 3
      vertex -18.075 16.9289 3
    endloop
  endfacet
  facet normal 0.406757 -0.913536 0
    outer loop
      vertex -17.7599 17.0692 3
      vertex -18.075 16.9289 0
      vertex -17.7599 17.0692 0
    endloop
  endfacet
  facet normal -0.865968 0.500099 0
    outer loop
      vertex -15.9151 14.5302 0
      vertex -15.7426 14.8289 3
      vertex -15.7426 14.8289 0
    endloop
  endfacet
  facet normal -0.865968 0.500099 0
    outer loop
      vertex -15.7426 14.8289 3
      vertex -15.9151 14.5302 0
      vertex -15.9151 14.5302 3
    endloop
  endfacet
  facet normal -0.865968 -0.500099 0
    outer loop
      vertex -15.7426 16.1711 0
      vertex -15.9151 16.4698 3
      vertex -15.9151 16.4698 0
    endloop
  endfacet
  facet normal -0.865968 -0.500099 0
    outer loop
      vertex -15.9151 16.4698 3
      vertex -15.7426 16.1711 0
      vertex -15.7426 16.1711 3
    endloop
  endfacet
  facet normal -0.951119 -0.308824 0
    outer loop
      vertex -15.6361 15.8431 0
      vertex -15.7426 16.1711 3
      vertex -15.7426 16.1711 0
    endloop
  endfacet
  facet normal -0.951119 -0.308824 0
    outer loop
      vertex -15.7426 16.1711 3
      vertex -15.6361 15.8431 0
      vertex -15.6361 15.8431 3
    endloop
  endfacet
  facet normal -0.743236 -0.669029 0
    outer loop
      vertex -15.9151 16.4698 0
      vertex -16.1459 16.7262 3
      vertex -16.1459 16.7262 0
    endloop
  endfacet
  facet normal -0.743236 -0.669029 0
    outer loop
      vertex -16.1459 16.7262 3
      vertex -15.9151 16.4698 0
      vertex -15.9151 16.4698 3
    endloop
  endfacet
  facet normal -0.208143 -0.978098 0
    outer loop
      vertex -17.0775 17.141 0
      vertex -16.7401 17.0692 3
      vertex -17.0775 17.141 3
    endloop
  endfacet
  facet normal -0.208143 -0.978098 -0
    outer loop
      vertex -16.7401 17.0692 3
      vertex -17.0775 17.141 0
      vertex -16.7401 17.0692 0
    endloop
  endfacet
  facet normal -0.406757 -0.913536 0
    outer loop
      vertex -16.7401 17.0692 0
      vertex -16.425 16.9289 3
      vertex -16.7401 17.0692 3
    endloop
  endfacet
  facet normal -0.406757 -0.913536 -0
    outer loop
      vertex -16.425 16.9289 3
      vertex -16.7401 17.0692 0
      vertex -16.425 16.9289 0
    endloop
  endfacet
  facet normal 0.951119 -0.308824 0
    outer loop
      vertex -18.8639 15.8431 3
      vertex -18.7574 16.1711 0
      vertex -18.7574 16.1711 3
    endloop
  endfacet
  facet normal 0.951119 -0.308824 0
    outer loop
      vertex -18.7574 16.1711 0
      vertex -18.8639 15.8431 3
      vertex -18.8639 15.8431 0
    endloop
  endfacet
  facet normal 0.865968 -0.500099 0
    outer loop
      vertex -18.7574 16.1711 3
      vertex -18.5849 16.4698 0
      vertex -18.5849 16.4698 3
    endloop
  endfacet
  facet normal 0.865968 -0.500099 0
    outer loop
      vertex -18.5849 16.4698 0
      vertex -18.7574 16.1711 3
      vertex -18.7574 16.1711 0
    endloop
  endfacet
  facet normal 0.99451 -0.10464 0
    outer loop
      vertex -18.9 15.5 3
      vertex -18.8639 15.8431 0
      vertex -18.8639 15.8431 3
    endloop
  endfacet
  facet normal 0.99451 -0.10464 0
    outer loop
      vertex -18.8639 15.8431 0
      vertex -18.9 15.5 3
      vertex -18.9 15.5 0
    endloop
  endfacet
  facet normal 0.587637 -0.809125 0
    outer loop
      vertex -18.3541 16.7262 0
      vertex -18.075 16.9289 3
      vertex -18.3541 16.7262 3
    endloop
  endfacet
  facet normal 0.587637 -0.809125 0
    outer loop
      vertex -18.075 16.9289 3
      vertex -18.3541 16.7262 0
      vertex -18.075 16.9289 0
    endloop
  endfacet
  facet normal 0.208143 -0.978098 0
    outer loop
      vertex -17.7599 17.0692 0
      vertex -17.4225 17.141 3
      vertex -17.7599 17.0692 3
    endloop
  endfacet
  facet normal 0.208143 -0.978098 0
    outer loop
      vertex -17.4225 17.141 3
      vertex -17.7599 17.0692 0
      vertex -17.4225 17.141 0
    endloop
  endfacet
  facet normal -0.99451 0.10464 0
    outer loop
      vertex -15.6361 15.1569 0
      vertex -15.6 15.5 3
      vertex -15.6 15.5 0
    endloop
  endfacet
  facet normal -0.99451 0.10464 0
    outer loop
      vertex -15.6 15.5 3
      vertex -15.6361 15.1569 0
      vertex -15.6361 15.1569 3
    endloop
  endfacet
  facet normal -0.208143 0.978098 0
    outer loop
      vertex -16.7401 13.9308 0
      vertex -17.0775 13.859 3
      vertex -16.7401 13.9308 3
    endloop
  endfacet
  facet normal -0.208143 0.978098 0
    outer loop
      vertex -17.0775 13.859 3
      vertex -16.7401 13.9308 0
      vertex -17.0775 13.859 0
    endloop
  endfacet
  facet normal -0.587637 0.809125 0
    outer loop
      vertex -16.1459 14.2738 0
      vertex -16.425 14.0711 3
      vertex -16.1459 14.2738 3
    endloop
  endfacet
  facet normal -0.587637 0.809125 0
    outer loop
      vertex -16.425 14.0711 3
      vertex -16.1459 14.2738 0
      vertex -16.425 14.0711 0
    endloop
  endfacet
  facet normal 0.406757 0.913536 -0
    outer loop
      vertex -17.7599 13.9308 0
      vertex -18.075 14.0711 3
      vertex -17.7599 13.9308 3
    endloop
  endfacet
  facet normal 0.406757 0.913536 0
    outer loop
      vertex -18.075 14.0711 3
      vertex -17.7599 13.9308 0
      vertex -18.075 14.0711 0
    endloop
  endfacet
  facet normal 0 1 -0
    outer loop
      vertex -17.0775 13.859 0
      vertex -17.4225 13.859 3
      vertex -17.0775 13.859 3
    endloop
  endfacet
  facet normal 0 1 0
    outer loop
      vertex -17.4225 13.859 3
      vertex -17.0775 13.859 0
      vertex -17.4225 13.859 0
    endloop
  endfacet
  facet normal 0.743236 0.669029 0
    outer loop
      vertex -18.3541 14.2738 3
      vertex -18.5849 14.5302 0
      vertex -18.5849 14.5302 3
    endloop
  endfacet
  facet normal 0.743236 0.669029 0
    outer loop
      vertex -18.5849 14.5302 0
      vertex -18.3541 14.2738 3
      vertex -18.3541 14.2738 0
    endloop
  endfacet
  facet normal 0.951119 0.308824 0
    outer loop
      vertex -18.7574 14.8289 3
      vertex -18.8639 15.1569 0
      vertex -18.8639 15.1569 3
    endloop
  endfacet
  facet normal 0.951119 0.308824 0
    outer loop
      vertex -18.8639 15.1569 0
      vertex -18.7574 14.8289 3
      vertex -18.7574 14.8289 0
    endloop
  endfacet
  facet normal 0.99451 0.10464 0
    outer loop
      vertex -18.8639 15.1569 3
      vertex -18.9 15.5 0
      vertex -18.9 15.5 3
    endloop
  endfacet
  facet normal 0.99451 0.10464 0
    outer loop
      vertex -18.9 15.5 0
      vertex -18.8639 15.1569 3
      vertex -18.8639 15.1569 0
    endloop
  endfacet
  facet normal -0.406757 0.913536 0
    outer loop
      vertex -16.425 14.0711 0
      vertex -16.7401 13.9308 3
      vertex -16.425 14.0711 3
    endloop
  endfacet
  facet normal -0.406757 0.913536 0
    outer loop
      vertex -16.7401 13.9308 3
      vertex -16.425 14.0711 0
      vertex -16.7401 13.9308 0
    endloop
  endfacet
  facet normal -0.743236 0.669029 0
    outer loop
      vertex -16.1459 14.2738 0
      vertex -15.9151 14.5302 3
      vertex -15.9151 14.5302 0
    endloop
  endfacet
  facet normal -0.743236 0.669029 0
    outer loop
      vertex -15.9151 14.5302 3
      vertex -16.1459 14.2738 0
      vertex -16.1459 14.2738 3
    endloop
  endfacet
  facet normal -0.951119 0.308824 0
    outer loop
      vertex -15.7426 14.8289 0
      vertex -15.6361 15.1569 3
      vertex -15.6361 15.1569 0
    endloop
  endfacet
  facet normal -0.951119 0.308824 0
    outer loop
      vertex -15.6361 15.1569 3
      vertex -15.7426 14.8289 0
      vertex -15.7426 14.8289 3
    endloop
  endfacet
  facet normal 0.208143 0.978098 -0
    outer loop
      vertex -17.4225 13.859 0
      vertex -17.7599 13.9308 3
      vertex -17.4225 13.859 3
    endloop
  endfacet
  facet normal 0.208143 0.978098 0
    outer loop
      vertex -17.7599 13.9308 3
      vertex -17.4225 13.859 0
      vertex -17.7599 13.9308 0
    endloop
  endfacet
  facet normal 0.587637 0.809125 -0
    outer loop
      vertex -18.075 14.0711 0
      vertex -18.3541 14.2738 3
      vertex -18.075 14.0711 3
    endloop
  endfacet
  facet normal 0.587637 0.809125 0
    outer loop
      vertex -18.3541 14.2738 3
      vertex -18.075 14.0711 0
      vertex -18.3541 14.2738 0
    endloop
  endfacet
  facet normal 0.865968 0.500099 0
    outer loop
      vertex -18.5849 14.5302 3
      vertex -18.7574 14.8289 0
      vertex -18.7574 14.8289 3
    endloop
  endfacet
  facet normal 0.865968 0.500099 0
    outer loop
      vertex -18.7574 14.8289 0
      vertex -18.5849 14.5302 3
      vertex -18.5849 14.5302 0
    endloop
  endfacet
  facet normal -0.865968 -0.500099 0
    outer loop
      vertex 18.7574 -14.8289 0
      vertex 18.5849 -14.5302 3
      vertex 18.5849 -14.5302 0
    endloop
  endfacet
  facet normal -0.865968 -0.500099 0
    outer loop
      vertex 18.5849 -14.5302 3
      vertex 18.7574 -14.8289 0
      vertex 18.7574 -14.8289 3
    endloop
  endfacet
  facet normal 0 -1 0
    outer loop
      vertex 17.0775 -13.859 0
      vertex 17.4225 -13.859 3
      vertex 17.0775 -13.859 3
    endloop
  endfacet
  facet normal 0 -1 -0
    outer loop
      vertex 17.4225 -13.859 3
      vertex 17.0775 -13.859 0
      vertex 17.4225 -13.859 0
    endloop
  endfacet
  facet normal 0.951119 -0.308824 0
    outer loop
      vertex 15.6361 -15.1569 3
      vertex 15.7426 -14.8289 0
      vertex 15.7426 -14.8289 3
    endloop
  endfacet
  facet normal 0.951119 -0.308824 0
    outer loop
      vertex 15.7426 -14.8289 0
      vertex 15.6361 -15.1569 3
      vertex 15.6361 -15.1569 0
    endloop
  endfacet
  facet normal -0.743236 -0.669029 0
    outer loop
      vertex 18.5849 -14.5302 0
      vertex 18.3541 -14.2738 3
      vertex 18.3541 -14.2738 0
    endloop
  endfacet
  facet normal -0.743236 -0.669029 0
    outer loop
      vertex 18.3541 -14.2738 3
      vertex 18.5849 -14.5302 0
      vertex 18.5849 -14.5302 3
    endloop
  endfacet
  facet normal -0.208143 -0.978098 0
    outer loop
      vertex 17.4225 -13.859 0
      vertex 17.7599 -13.9308 3
      vertex 17.4225 -13.859 3
    endloop
  endfacet
  facet normal -0.208143 -0.978098 -0
    outer loop
      vertex 17.7599 -13.9308 3
      vertex 17.4225 -13.859 0
      vertex 17.7599 -13.9308 0
    endloop
  endfacet
  facet normal 0.406757 -0.913536 0
    outer loop
      vertex 16.425 -14.0711 0
      vertex 16.7401 -13.9308 3
      vertex 16.425 -14.0711 3
    endloop
  endfacet
  facet normal 0.406757 -0.913536 0
    outer loop
      vertex 16.7401 -13.9308 3
      vertex 16.425 -14.0711 0
      vertex 16.7401 -13.9308 0
    endloop
  endfacet
  facet normal 0.865968 -0.500099 0
    outer loop
      vertex 15.7426 -14.8289 3
      vertex 15.9151 -14.5302 0
      vertex 15.9151 -14.5302 3
    endloop
  endfacet
  facet normal 0.865968 -0.500099 0
    outer loop
      vertex 15.9151 -14.5302 0
      vertex 15.7426 -14.8289 3
      vertex 15.7426 -14.8289 0
    endloop
  endfacet
  facet normal 0.587637 -0.809125 0
    outer loop
      vertex 16.1459 -14.2738 0
      vertex 16.425 -14.0711 3
      vertex 16.1459 -14.2738 3
    endloop
  endfacet
  facet normal 0.587637 -0.809125 0
    outer loop
      vertex 16.425 -14.0711 3
      vertex 16.1459 -14.2738 0
      vertex 16.425 -14.0711 0
    endloop
  endfacet
  facet normal -0.99451 0.10464 0
    outer loop
      vertex 18.8639 -15.8431 0
      vertex 18.9 -15.5 3
      vertex 18.9 -15.5 0
    endloop
  endfacet
  facet normal -0.99451 0.10464 0
    outer loop
      vertex 18.9 -15.5 3
      vertex 18.8639 -15.8431 0
      vertex 18.8639 -15.8431 3
    endloop
  endfacet
  facet normal -0.208143 0.978098 0
    outer loop
      vertex 17.7599 -17.0692 0
      vertex 17.4225 -17.141 3
      vertex 17.7599 -17.0692 3
    endloop
  endfacet
  facet normal -0.208143 0.978098 0
    outer loop
      vertex 17.4225 -17.141 3
      vertex 17.7599 -17.0692 0
      vertex 17.4225 -17.141 0
    endloop
  endfacet
  facet normal -0.587637 -0.809125 0
    outer loop
      vertex 18.075 -14.0711 0
      vertex 18.3541 -14.2738 3
      vertex 18.075 -14.0711 3
    endloop
  endfacet
  facet normal -0.587637 -0.809125 -0
    outer loop
      vertex 18.3541 -14.2738 3
      vertex 18.075 -14.0711 0
      vertex 18.3541 -14.2738 0
    endloop
  endfacet
  facet normal -0.406757 -0.913536 0
    outer loop
      vertex 17.7599 -13.9308 0
      vertex 18.075 -14.0711 3
      vertex 17.7599 -13.9308 3
    endloop
  endfacet
  facet normal -0.406757 -0.913536 -0
    outer loop
      vertex 18.075 -14.0711 3
      vertex 17.7599 -13.9308 0
      vertex 18.075 -14.0711 0
    endloop
  endfacet
  facet normal 0.99451 -0.10464 0
    outer loop
      vertex 15.6 -15.5 3
      vertex 15.6361 -15.1569 0
      vertex 15.6361 -15.1569 3
    endloop
  endfacet
  facet normal 0.99451 -0.10464 0
    outer loop
      vertex 15.6361 -15.1569 0
      vertex 15.6 -15.5 3
      vertex 15.6 -15.5 0
    endloop
  endfacet
  facet normal 0.743236 -0.669029 0
    outer loop
      vertex 15.9151 -14.5302 3
      vertex 16.1459 -14.2738 0
      vertex 16.1459 -14.2738 3
    endloop
  endfacet
  facet normal 0.743236 -0.669029 0
    outer loop
      vertex 16.1459 -14.2738 0
      vertex 15.9151 -14.5302 3
      vertex 15.9151 -14.5302 0
    endloop
  endfacet
  facet normal 0.208143 -0.978098 0
    outer loop
      vertex 16.7401 -13.9308 0
      vertex 17.0775 -13.859 3
      vertex 16.7401 -13.9308 3
    endloop
  endfacet
  facet normal 0.208143 -0.978098 0
    outer loop
      vertex 17.0775 -13.859 3
      vertex 16.7401 -13.9308 0
      vertex 17.0775 -13.859 0
    endloop
  endfacet
  facet normal -0.99451 -0.10464 0
    outer loop
      vertex 18.9 -15.5 0
      vertex 18.8639 -15.1569 3
      vertex 18.8639 -15.1569 0
    endloop
  endfacet
  facet normal -0.99451 -0.10464 0
    outer loop
      vertex 18.8639 -15.1569 3
      vertex 18.9 -15.5 0
      vertex 18.9 -15.5 3
    endloop
  endfacet
  facet normal -0.951119 0.308824 0
    outer loop
      vertex 18.7574 -16.1711 0
      vertex 18.8639 -15.8431 3
      vertex 18.8639 -15.8431 0
    endloop
  endfacet
  facet normal -0.951119 0.308824 0
    outer loop
      vertex 18.8639 -15.8431 3
      vertex 18.7574 -16.1711 0
      vertex 18.7574 -16.1711 3
    endloop
  endfacet
  facet normal 0.587637 0.809125 -0
    outer loop
      vertex 16.425 -16.9289 0
      vertex 16.1459 -16.7262 3
      vertex 16.425 -16.9289 3
    endloop
  endfacet
  facet normal 0.587637 0.809125 0
    outer loop
      vertex 16.1459 -16.7262 3
      vertex 16.425 -16.9289 0
      vertex 16.1459 -16.7262 0
    endloop
  endfacet
  facet normal 0.865968 0.500099 0
    outer loop
      vertex 15.9151 -16.4698 3
      vertex 15.7426 -16.1711 0
      vertex 15.7426 -16.1711 3
    endloop
  endfacet
  facet normal 0.865968 0.500099 0
    outer loop
      vertex 15.7426 -16.1711 0
      vertex 15.9151 -16.4698 3
      vertex 15.9151 -16.4698 0
    endloop
  endfacet
  facet normal -0.587637 0.809125 0
    outer loop
      vertex 18.3541 -16.7262 0
      vertex 18.075 -16.9289 3
      vertex 18.3541 -16.7262 3
    endloop
  endfacet
  facet normal -0.587637 0.809125 0
    outer loop
      vertex 18.075 -16.9289 3
      vertex 18.3541 -16.7262 0
      vertex 18.075 -16.9289 0
    endloop
  endfacet
  facet normal -0.951119 -0.308824 0
    outer loop
      vertex 18.8639 -15.1569 0
      vertex 18.7574 -14.8289 3
      vertex 18.7574 -14.8289 0
    endloop
  endfacet
  facet normal -0.951119 -0.308824 0
    outer loop
      vertex 18.7574 -14.8289 3
      vertex 18.8639 -15.1569 0
      vertex 18.8639 -15.1569 3
    endloop
  endfacet
  facet normal -0.865968 0.500099 0
    outer loop
      vertex 18.5849 -16.4698 0
      vertex 18.7574 -16.1711 3
      vertex 18.7574 -16.1711 0
    endloop
  endfacet
  facet normal -0.865968 0.500099 0
    outer loop
      vertex 18.7574 -16.1711 3
      vertex 18.5849 -16.4698 0
      vertex 18.5849 -16.4698 3
    endloop
  endfacet
  facet normal 0 1 -0
    outer loop
      vertex 17.4225 -17.141 0
      vertex 17.0775 -17.141 3
      vertex 17.4225 -17.141 3
    endloop
  endfacet
  facet normal 0 1 0
    outer loop
      vertex 17.0775 -17.141 3
      vertex 17.4225 -17.141 0
      vertex 17.0775 -17.141 0
    endloop
  endfacet
  facet normal 0.743236 0.669029 0
    outer loop
      vertex 16.1459 -16.7262 3
      vertex 15.9151 -16.4698 0
      vertex 15.9151 -16.4698 3
    endloop
  endfacet
  facet normal 0.743236 0.669029 0
    outer loop
      vertex 15.9151 -16.4698 0
      vertex 16.1459 -16.7262 3
      vertex 16.1459 -16.7262 0
    endloop
  endfacet
  facet normal -0.406757 0.913536 0
    outer loop
      vertex 18.075 -16.9289 0
      vertex 17.7599 -17.0692 3
      vertex 18.075 -16.9289 3
    endloop
  endfacet
  facet normal -0.406757 0.913536 0
    outer loop
      vertex 17.7599 -17.0692 3
      vertex 18.075 -16.9289 0
      vertex 17.7599 -17.0692 0
    endloop
  endfacet
  facet normal 0.406757 0.913536 -0
    outer loop
      vertex 16.7401 -17.0692 0
      vertex 16.425 -16.9289 3
      vertex 16.7401 -17.0692 3
    endloop
  endfacet
  facet normal 0.406757 0.913536 0
    outer loop
      vertex 16.425 -16.9289 3
      vertex 16.7401 -17.0692 0
      vertex 16.425 -16.9289 0
    endloop
  endfacet
  facet normal 0.951119 0.308824 0
    outer loop
      vertex 15.7426 -16.1711 3
      vertex 15.6361 -15.8431 0
      vertex 15.6361 -15.8431 3
    endloop
  endfacet
  facet normal 0.951119 0.308824 0
    outer loop
      vertex 15.6361 -15.8431 0
      vertex 15.7426 -16.1711 3
      vertex 15.7426 -16.1711 0
    endloop
  endfacet
  facet normal 0.99451 0.10464 0
    outer loop
      vertex 15.6361 -15.8431 3
      vertex 15.6 -15.5 0
      vertex 15.6 -15.5 3
    endloop
  endfacet
  facet normal 0.99451 0.10464 0
    outer loop
      vertex 15.6 -15.5 0
      vertex 15.6361 -15.8431 3
      vertex 15.6361 -15.8431 0
    endloop
  endfacet
  facet normal -0.743236 0.669029 0
    outer loop
      vertex 18.3541 -16.7262 0
      vertex 18.5849 -16.4698 3
      vertex 18.5849 -16.4698 0
    endloop
  endfacet
  facet normal -0.743236 0.669029 0
    outer loop
      vertex 18.5849 -16.4698 3
      vertex 18.3541 -16.7262 0
      vertex 18.3541 -16.7262 3
    endloop
  endfacet
  facet normal 0.208143 0.978098 -0
    outer loop
      vertex 17.0775 -17.141 0
      vertex 16.7401 -17.0692 3
      vertex 17.0775 -17.141 3
    endloop
  endfacet
  facet normal 0.208143 0.978098 0
    outer loop
      vertex 16.7401 -17.0692 3
      vertex 17.0775 -17.141 0
      vertex 16.7401 -17.0692 0
    endloop
  endfacet
  facet normal -0.865968 -0.500099 0
    outer loop
      vertex -15.7426 -14.8289 0
      vertex -15.9151 -14.5302 3
      vertex -15.9151 -14.5302 0
    endloop
  endfacet
  facet normal -0.865968 -0.500099 0
    outer loop
      vertex -15.9151 -14.5302 3
      vertex -15.7426 -14.8289 0
      vertex -15.7426 -14.8289 3
    endloop
  endfacet
  facet normal 0 -1 0
    outer loop
      vertex -17.4225 -13.859 0
      vertex -17.0775 -13.859 3
      vertex -17.4225 -13.859 3
    endloop
  endfacet
  facet normal 0 -1 -0
    outer loop
      vertex -17.0775 -13.859 3
      vertex -17.4225 -13.859 0
      vertex -17.0775 -13.859 0
    endloop
  endfacet
  facet normal 0.951119 -0.308824 0
    outer loop
      vertex -18.8639 -15.1569 3
      vertex -18.7574 -14.8289 0
      vertex -18.7574 -14.8289 3
    endloop
  endfacet
  facet normal 0.951119 -0.308824 0
    outer loop
      vertex -18.7574 -14.8289 0
      vertex -18.8639 -15.1569 3
      vertex -18.8639 -15.1569 0
    endloop
  endfacet
  facet normal -0.743236 -0.669029 0
    outer loop
      vertex -15.9151 -14.5302 0
      vertex -16.1459 -14.2738 3
      vertex -16.1459 -14.2738 0
    endloop
  endfacet
  facet normal -0.743236 -0.669029 0
    outer loop
      vertex -16.1459 -14.2738 3
      vertex -15.9151 -14.5302 0
      vertex -15.9151 -14.5302 3
    endloop
  endfacet
  facet normal -0.208143 -0.978098 0
    outer loop
      vertex -17.0775 -13.859 0
      vertex -16.7401 -13.9308 3
      vertex -17.0775 -13.859 3
    endloop
  endfacet
  facet normal -0.208143 -0.978098 -0
    outer loop
      vertex -16.7401 -13.9308 3
      vertex -17.0775 -13.859 0
      vertex -16.7401 -13.9308 0
    endloop
  endfacet
  facet normal 0.406757 -0.913536 0
    outer loop
      vertex -18.075 -14.0711 0
      vertex -17.7599 -13.9308 3
      vertex -18.075 -14.0711 3
    endloop
  endfacet
  facet normal 0.406757 -0.913536 0
    outer loop
      vertex -17.7599 -13.9308 3
      vertex -18.075 -14.0711 0
      vertex -17.7599 -13.9308 0
    endloop
  endfacet
  facet normal 0.865968 -0.500099 0
    outer loop
      vertex -18.7574 -14.8289 3
      vertex -18.5849 -14.5302 0
      vertex -18.5849 -14.5302 3
    endloop
  endfacet
  facet normal 0.865968 -0.500099 0
    outer loop
      vertex -18.5849 -14.5302 0
      vertex -18.7574 -14.8289 3
      vertex -18.7574 -14.8289 0
    endloop
  endfacet
  facet normal 0.587637 -0.809125 0
    outer loop
      vertex -18.3541 -14.2738 0
      vertex -18.075 -14.0711 3
      vertex -18.3541 -14.2738 3
    endloop
  endfacet
  facet normal 0.587637 -0.809125 0
    outer loop
      vertex -18.075 -14.0711 3
      vertex -18.3541 -14.2738 0
      vertex -18.075 -14.0711 0
    endloop
  endfacet
  facet normal -0.99451 0.10464 0
    outer loop
      vertex -15.6361 -15.8431 0
      vertex -15.6 -15.5 3
      vertex -15.6 -15.5 0
    endloop
  endfacet
  facet normal -0.99451 0.10464 0
    outer loop
      vertex -15.6 -15.5 3
      vertex -15.6361 -15.8431 0
      vertex -15.6361 -15.8431 3
    endloop
  endfacet
  facet normal -0.208143 0.978098 0
    outer loop
      vertex -16.7401 -17.0692 0
      vertex -17.0775 -17.141 3
      vertex -16.7401 -17.0692 3
    endloop
  endfacet
  facet normal -0.208143 0.978098 0
    outer loop
      vertex -17.0775 -17.141 3
      vertex -16.7401 -17.0692 0
      vertex -17.0775 -17.141 0
    endloop
  endfacet
  facet normal -0.951119 -0.308824 0
    outer loop
      vertex -15.6361 -15.1569 0
      vertex -15.7426 -14.8289 3
      vertex -15.7426 -14.8289 0
    endloop
  endfacet
  facet normal -0.951119 -0.308824 0
    outer loop
      vertex -15.7426 -14.8289 3
      vertex -15.6361 -15.1569 0
      vertex -15.6361 -15.1569 3
    endloop
  endfacet
  facet normal -0.587637 -0.809125 0
    outer loop
      vertex -16.425 -14.0711 0
      vertex -16.1459 -14.2738 3
      vertex -16.425 -14.0711 3
    endloop
  endfacet
  facet normal -0.587637 -0.809125 -0
    outer loop
      vertex -16.1459 -14.2738 3
      vertex -16.425 -14.0711 0
      vertex -16.1459 -14.2738 0
    endloop
  endfacet
  facet normal -0.406757 -0.913536 0
    outer loop
      vertex -16.7401 -13.9308 0
      vertex -16.425 -14.0711 3
      vertex -16.7401 -13.9308 3
    endloop
  endfacet
  facet normal -0.406757 -0.913536 -0
    outer loop
      vertex -16.425 -14.0711 3
      vertex -16.7401 -13.9308 0
      vertex -16.425 -14.0711 0
    endloop
  endfacet
  facet normal 0.99451 -0.10464 0
    outer loop
      vertex -18.9 -15.5 3
      vertex -18.8639 -15.1569 0
      vertex -18.8639 -15.1569 3
    endloop
  endfacet
  facet normal 0.99451 -0.10464 0
    outer loop
      vertex -18.8639 -15.1569 0
      vertex -18.9 -15.5 3
      vertex -18.9 -15.5 0
    endloop
  endfacet
  facet normal 0.743236 -0.669029 0
    outer loop
      vertex -18.5849 -14.5302 3
      vertex -18.3541 -14.2738 0
      vertex -18.3541 -14.2738 3
    endloop
  endfacet
  facet normal 0.743236 -0.669029 0
    outer loop
      vertex -18.3541 -14.2738 0
      vertex -18.5849 -14.5302 3
      vertex -18.5849 -14.5302 0
    endloop
  endfacet
  facet normal 0.208143 -0.978098 0
    outer loop
      vertex -17.7599 -13.9308 0
      vertex -17.4225 -13.859 3
      vertex -17.7599 -13.9308 3
    endloop
  endfacet
  facet normal 0.208143 -0.978098 0
    outer loop
      vertex -17.4225 -13.859 3
      vertex -17.7599 -13.9308 0
      vertex -17.4225 -13.859 0
    endloop
  endfacet
  facet normal -0.99451 -0.10464 0
    outer loop
      vertex -15.6 -15.5 0
      vertex -15.6361 -15.1569 3
      vertex -15.6361 -15.1569 0
    endloop
  endfacet
  facet normal -0.99451 -0.10464 0
    outer loop
      vertex -15.6361 -15.1569 3
      vertex -15.6 -15.5 0
      vertex -15.6 -15.5 3
    endloop
  endfacet
  facet normal -0.951119 0.308824 0
    outer loop
      vertex -15.7426 -16.1711 0
      vertex -15.6361 -15.8431 3
      vertex -15.6361 -15.8431 0
    endloop
  endfacet
  facet normal -0.951119 0.308824 0
    outer loop
      vertex -15.6361 -15.8431 3
      vertex -15.7426 -16.1711 0
      vertex -15.7426 -16.1711 3
    endloop
  endfacet
  facet normal 0.587637 0.809125 -0
    outer loop
      vertex -18.075 -16.9289 0
      vertex -18.3541 -16.7262 3
      vertex -18.075 -16.9289 3
    endloop
  endfacet
  facet normal 0.587637 0.809125 0
    outer loop
      vertex -18.3541 -16.7262 3
      vertex -18.075 -16.9289 0
      vertex -18.3541 -16.7262 0
    endloop
  endfacet
  facet normal 0.865968 0.500099 0
    outer loop
      vertex -18.5849 -16.4698 3
      vertex -18.7574 -16.1711 0
      vertex -18.7574 -16.1711 3
    endloop
  endfacet
  facet normal 0.865968 0.500099 0
    outer loop
      vertex -18.7574 -16.1711 0
      vertex -18.5849 -16.4698 3
      vertex -18.5849 -16.4698 0
    endloop
  endfacet
  facet normal -0.587637 0.809125 0
    outer loop
      vertex -16.1459 -16.7262 0
      vertex -16.425 -16.9289 3
      vertex -16.1459 -16.7262 3
    endloop
  endfacet
  facet normal -0.587637 0.809125 0
    outer loop
      vertex -16.425 -16.9289 3
      vertex -16.1459 -16.7262 0
      vertex -16.425 -16.9289 0
    endloop
  endfacet
  facet normal -0.865968 0.500099 0
    outer loop
      vertex -15.9151 -16.4698 0
      vertex -15.7426 -16.1711 3
      vertex -15.7426 -16.1711 0
    endloop
  endfacet
  facet normal -0.865968 0.500099 0
    outer loop
      vertex -15.7426 -16.1711 3
      vertex -15.9151 -16.4698 0
      vertex -15.9151 -16.4698 3
    endloop
  endfacet
  facet normal 0 1 -0
    outer loop
      vertex -17.0775 -17.141 0
      vertex -17.4225 -17.141 3
      vertex -17.0775 -17.141 3
    endloop
  endfacet
  facet normal 0 1 0
    outer loop
      vertex -17.4225 -17.141 3
      vertex -17.0775 -17.141 0
      vertex -17.4225 -17.141 0
    endloop
  endfacet
  facet normal 0.743236 0.669029 0
    outer loop
      vertex -18.3541 -16.7262 3
      vertex -18.5849 -16.4698 0
      vertex -18.5849 -16.4698 3
    endloop
  endfacet
  facet normal 0.743236 0.669029 0
    outer loop
      vertex -18.5849 -16.4698 0
      vertex -18.3541 -16.7262 3
      vertex -18.3541 -16.7262 0
    endloop
  endfacet
  facet normal -0.406757 0.913536 0
    outer loop
      vertex -16.425 -16.9289 0
      vertex -16.7401 -17.0692 3
      vertex -16.425 -16.9289 3
    endloop
  endfacet
  facet normal -0.406757 0.913536 0
    outer loop
      vertex -16.7401 -17.0692 3
      vertex -16.425 -16.9289 0
      vertex -16.7401 -17.0692 0
    endloop
  endfacet
  facet normal 0.406757 0.913536 -0
    outer loop
      vertex -17.7599 -17.0692 0
      vertex -18.075 -16.9289 3
      vertex -17.7599 -17.0692 3
    endloop
  endfacet
  facet normal 0.406757 0.913536 0
    outer loop
      vertex -18.075 -16.9289 3
      vertex -17.7599 -17.0692 0
      vertex -18.075 -16.9289 0
    endloop
  endfacet
  facet normal 0.208143 0.978098 -0
    outer loop
      vertex -17.4225 -17.141 0
      vertex -17.7599 -17.0692 3
      vertex -17.4225 -17.141 3
    endloop
  endfacet
  facet normal 0.208143 0.978098 0
    outer loop
      vertex -17.7599 -17.0692 3
      vertex -17.4225 -17.141 0
      vertex -17.7599 -17.0692 0
    endloop
  endfacet
  facet normal 0.951119 0.308824 0
    outer loop
      vertex -18.7574 -16.1711 3
      vertex -18.8639 -15.8431 0
      vertex -18.8639 -15.8431 3
    endloop
  endfacet
  facet normal 0.951119 0.308824 0
    outer loop
      vertex -18.8639 -15.8431 0
      vertex -18.7574 -16.1711 3
      vertex -18.7574 -16.1711 0
    endloop
  endfacet
  facet normal 0.99451 0.10464 0
    outer loop
      vertex -18.8639 -15.8431 3
      vertex -18.9 -15.5 0
      vertex -18.9 -15.5 3
    endloop
  endfacet
  facet normal 0.99451 0.10464 0
    outer loop
      vertex -18.9 -15.5 0
      vertex -18.8639 -15.8431 3
      vertex -18.8639 -15.8431 0
    endloop
  endfacet
  facet normal -0.743236 0.669029 0
    outer loop
      vertex -16.1459 -16.7262 0
      vertex -15.9151 -16.4698 3
      vertex -15.9151 -16.4698 0
    endloop
  endfacet
  facet normal -0.743236 0.669029 0
    outer loop
      vertex -15.9151 -16.4698 3
      vertex -16.1459 -16.7262 0
      vertex -16.1459 -16.7262 3
    endloop
  endfacet
  facet normal 1 -0 0
    outer loop
      vertex -1.5 10.75 2.55
      vertex -1.5 11.5 0
      vertex -1.5 11.5 2.55
    endloop
  endfacet
  facet normal 1 0 0
    outer loop
      vertex -1.5 11.5 0
      vertex -1.5 10.75 2.55
      vertex -1.5 10.75 0
    endloop
  endfacet
  facet normal 1 -0 0
    outer loop
      vertex -1.5 0.587096 2.55
      vertex -1.5 0.75 0
      vertex -1.5 0.75 2.55
    endloop
  endfacet
  facet normal 1 0 0
    outer loop
      vertex -1.5 0.75 0
      vertex -1.5 0.587096 2.55
      vertex -1.5 0.587096 0
    endloop
  endfacet
  facet normal 1 -0 0
    outer loop
      vertex -1.5 -11.5 2.55
      vertex -1.5 -1.50429 0
      vertex -1.5 -1.50429 2.55
    endloop
  endfacet
  facet normal 1 0 0
    outer loop
      vertex -1.5 -1.50429 0
      vertex -1.5 -11.5 2.55
      vertex -1.5 -11.5 0
    endloop
  endfacet
  facet normal -1 0 0
    outer loop
      vertex 1.5 -0.75 0
      vertex 1.5 -0.587096 2.55
      vertex 1.5 -0.587096 0
    endloop
  endfacet
  facet normal -1 -0 0
    outer loop
      vertex 1.5 -0.587096 2.55
      vertex 1.5 -0.75 0
      vertex 1.5 -0.75 2.55
    endloop
  endfacet
  facet normal -1 0 0
    outer loop
      vertex 1.5 -11.5 0
      vertex 1.5 -10.75 2.55
      vertex 1.5 -10.75 0
    endloop
  endfacet
  facet normal -1 -0 0
    outer loop
      vertex 1.5 -10.75 2.55
      vertex 1.5 -11.5 0
      vertex 1.5 -11.5 2.55
    endloop
  endfacet
  facet normal -1 0 0
    outer loop
      vertex 1.5 1.50429 0
      vertex 1.5 11.5 2.55
      vertex 1.5 11.5 0
    endloop
  endfacet
  facet normal -1 -0 0
    outer loop
      vertex 1.5 11.5 2.55
      vertex 1.5 1.50429 0
      vertex 1.5 1.50429 2.55
    endloop
  endfacet
  facet normal -0.0940982 0 0.995563
    outer loop
      vertex 0.496044 -11.5 7.91559
      vertex 0.990132 -10.5655 7.96229
      vertex 0.496044 -10.5417 7.91559
    endloop
  endfacet
  facet normal -0.0940982 0 0.995563
    outer loop
      vertex 0.990132 -10.5655 7.96229
      vertex 0.496044 -11.5 7.91559
      vertex 0.990132 -11.5 7.96229
    endloop
  endfacet
  facet normal -0.0940982 0 0.995563
    outer loop
      vertex 0.496044 11.5 7.91559
      vertex 0.990132 10.5655 7.96229
      vertex 0.990132 11.5 7.96229
    endloop
  endfacet
  facet normal -0.0940982 0 0.995563
    outer loop
      vertex 0.990132 10.5655 7.96229
      vertex 0.496044 11.5 7.91559
      vertex 0.496044 10.5417 7.91559
    endloop
  endfacet
  facet normal -0.0940982 0 0.995563
    outer loop
      vertex 0.496044 0.958299 7.91559
      vertex 0.990132 -0.934501 7.96229
      vertex 0.990132 0.934501 7.96229
    endloop
  endfacet
  facet normal -0.0940982 0 0.995563
    outer loop
      vertex 0.990132 -0.934501 7.96229
      vertex 0.496044 0.958299 7.91559
      vertex 0.496044 -0.958299 7.91559
    endloop
  endfacet
  facet normal -0.397141 0 0.917757
    outer loop
      vertex 2.90818 -11.5 8.45477
      vertex 3.36366 -10.8571 8.65187
      vertex 2.90818 -10.7861 8.45477
    endloop
  endfacet
  facet normal -0.397141 0 0.917757
    outer loop
      vertex 3.36366 -10.8571 8.65187
      vertex 2.90818 -11.5 8.45477
      vertex 3.36366 -11.5 8.65187
    endloop
  endfacet
  facet normal -0.397141 0 0.917757
    outer loop
      vertex 2.90818 11.5 8.45477
      vertex 3.36366 10.8571 8.65187
      vertex 3.36366 11.5 8.65187
    endloop
  endfacet
  facet normal -0.397141 0 0.917757
    outer loop
      vertex 3.36366 10.8571 8.65187
      vertex 2.90818 11.5 8.45477
      vertex 2.90818 10.7861 8.45477
    endloop
  endfacet
  facet normal -0.397141 0 0.917757
    outer loop
      vertex 2.90818 0.713855 8.45477
      vertex 3.36366 -0.642895 8.65187
      vertex 3.36366 0.642895 8.65187
    endloop
  endfacet
  facet normal -0.397141 0 0.917757
    outer loop
      vertex 3.36366 -0.642895 8.65187
      vertex 2.90818 0.713855 8.45477
      vertex 2.90818 -0.713855 8.45477
    endloop
  endfacet
  facet normal 0.33875 0 0.940876
    outer loop
      vertex -2.78975 0.729206 8.41213
      vertex -2.44123 -0.783503 8.28665
      vertex -2.44123 0.783503 8.28665
    endloop
  endfacet
  facet normal 0.33875 0 0.940876
    outer loop
      vertex -2.78975 0.729206 8.41213
      vertex -2.78975 -0.729206 8.41213
      vertex -2.44123 -0.783503 8.28665
    endloop
  endfacet
  facet normal 0.338756 0 0.940874
    outer loop
      vertex -2.90818 0.713855 8.45477
      vertex -2.78975 -0.729206 8.41213
      vertex -2.78975 0.729206 8.41213
    endloop
  endfacet
  facet normal 0.338756 0 0.940874
    outer loop
      vertex -2.78975 -0.729206 8.41213
      vertex -2.90818 0.713855 8.45477
      vertex -2.90818 -0.713855 8.45477
    endloop
  endfacet
  facet normal 0.33875 0 0.940876
    outer loop
      vertex -2.78975 -10.7708 8.41213
      vertex -2.44123 -11.5 8.28665
      vertex -2.44123 -10.7165 8.28665
    endloop
  endfacet
  facet normal 0.338756 -0 0.940874
    outer loop
      vertex -2.90818 -11.5 8.45477
      vertex -2.78975 -10.7708 8.41213
      vertex -2.90818 -10.7861 8.45477
    endloop
  endfacet
  facet normal 0.338752 8.19018e-07 0.940876
    outer loop
      vertex -2.78975 -10.7708 8.41213
      vertex -2.90818 -11.5 8.45477
      vertex -2.44123 -11.5 8.28665
    endloop
  endfacet
  facet normal 0.33875 0 0.940876
    outer loop
      vertex -2.44123 11.5 8.28665
      vertex -2.78975 10.7708 8.41213
      vertex -2.44123 10.7165 8.28665
    endloop
  endfacet
  facet normal 0.338752 -8.19018e-07 0.940876
    outer loop
      vertex -2.90818 11.5 8.45477
      vertex -2.78975 10.7708 8.41213
      vertex -2.44123 11.5 8.28665
    endloop
  endfacet
  facet normal 0.338756 0 0.940874
    outer loop
      vertex -2.78975 10.7708 8.41213
      vertex -2.90818 11.5 8.45477
      vertex -2.90818 10.7861 8.45477
    endloop
  endfacet
  facet normal -0.0314132 0 0.999506
    outer loop
      vertex 0 11.5 7.9
      vertex 0.496044 10.5417 7.91559
      vertex 0.496044 11.5 7.91559
    endloop
  endfacet
  facet normal -0.0314132 0 0.999506
    outer loop
      vertex 0.496044 10.5417 7.91559
      vertex 0 11.5 7.9
      vertex 0 10.5338 7.9
    endloop
  endfacet
  facet normal -0.0314132 0 0.999506
    outer loop
      vertex 0 -11.5 7.9
      vertex 0.496044 -10.5417 7.91559
      vertex 0 -10.5338 7.9
    endloop
  endfacet
  facet normal -0.0314132 0 0.999506
    outer loop
      vertex 0.496044 -10.5417 7.91559
      vertex 0 -11.5 7.9
      vertex 0.496044 -11.5 7.91559
    endloop
  endfacet
  facet normal -0.0314132 0 0.999506
    outer loop
      vertex 0 0.966242 7.9
      vertex 0.496044 -0.958299 7.91559
      vertex 0.496044 0.958299 7.91559
    endloop
  endfacet
  facet normal -0.0314132 0 0.999506
    outer loop
      vertex 0.496044 -0.958299 7.91559
      vertex 0 0.966242 7.9
      vertex 0 -0.966242 7.9
    endloop
  endfacet
  facet normal -0.612904 0 0.790158
    outer loop
      vertex 4.6435 0.442382 9.40876
      vertex 5.03565 -0.394204 9.71294
      vertex 5.03565 0.394204 9.71294
    endloop
  endfacet
  facet normal -0.612904 0 0.790158
    outer loop
      vertex 5.03565 -0.394204 9.71294
      vertex 4.6435 0.442382 9.40876
      vertex 4.6435 -0.442382 9.40876
    endloop
  endfacet
  facet normal -0.612849 0 0.7902
    outer loop
      vertex 5.03565 -11.1058 9.71294
      vertex 4.98802 -11.4763 9.676
      vertex 5.03565 -11.4705 9.71294
    endloop
  endfacet
  facet normal -0.612909 1.24639e-05 0.790153
    outer loop
      vertex 5.03565 -11.1058 9.71294
      vertex 4.74613 -11.4941 9.48837
      vertex 4.98802 -11.4763 9.676
    endloop
  endfacet
  facet normal -0.612903 5.07721e-06 0.790158
    outer loop
      vertex 4.6435 -11.0576 9.40876
      vertex 4.74613 -11.4941 9.48837
      vertex 5.03565 -11.1058 9.71294
    endloop
  endfacet
  facet normal -0.612917 0 0.790148
    outer loop
      vertex 4.74613 -11.4941 9.48837
      vertex 4.6435 -11.0576 9.40876
      vertex 4.6435 -11.4966 9.40876
    endloop
  endfacet
  facet normal -0.612849 0 0.7902
    outer loop
      vertex 4.98802 11.4763 9.676
      vertex 5.03565 11.1058 9.71294
      vertex 5.03565 11.4705 9.71294
    endloop
  endfacet
  facet normal -0.612909 -1.24639e-05 0.790153
    outer loop
      vertex 4.74613 11.4941 9.48837
      vertex 5.03565 11.1058 9.71294
      vertex 4.98802 11.4763 9.676
    endloop
  endfacet
  facet normal -0.612917 0 0.790148
    outer loop
      vertex 4.6435 11.0576 9.40876
      vertex 4.74613 11.4941 9.48837
      vertex 4.6435 11.4966 9.40876
    endloop
  endfacet
  facet normal -0.612903 -5.07721e-06 0.790158
    outer loop
      vertex 4.74613 11.4941 9.48837
      vertex 4.6435 11.0576 9.40876
      vertex 5.03565 11.1058 9.71294
    endloop
  endfacet
  facet normal -0.218139 0 0.975918
    outer loop
      vertex 1.75259 -10.6361 8.10079
      vertex 1.96465 -11.5 8.14819
      vertex 1.96465 -10.6566 8.14819
    endloop
  endfacet
  facet normal -0.218137 0 0.975918
    outer loop
      vertex 1.48031 -11.5 8.03993
      vertex 1.75259 -10.6361 8.10079
      vertex 1.48031 -10.6051 8.03993
    endloop
  endfacet
  facet normal -0.218138 2.34171e-07 0.975918
    outer loop
      vertex 1.75259 -10.6361 8.10079
      vertex 1.48031 -11.5 8.03993
      vertex 1.96465 -11.5 8.14819
    endloop
  endfacet
  facet normal -0.218139 0 0.975918
    outer loop
      vertex 1.75259 0.863934 8.10079
      vertex 1.96465 -0.843421 8.14819
      vertex 1.96465 0.843421 8.14819
    endloop
  endfacet
  facet normal -0.218139 0 0.975918
    outer loop
      vertex 1.75259 0.863934 8.10079
      vertex 1.75259 -0.863934 8.10079
      vertex 1.96465 -0.843421 8.14819
    endloop
  endfacet
  facet normal -0.218137 0 0.975918
    outer loop
      vertex 1.48031 0.894944 8.03993
      vertex 1.75259 -0.863934 8.10079
      vertex 1.75259 0.863934 8.10079
    endloop
  endfacet
  facet normal -0.218137 0 0.975918
    outer loop
      vertex 1.75259 -0.863934 8.10079
      vertex 1.48031 0.894944 8.03993
      vertex 1.48031 -0.894944 8.03993
    endloop
  endfacet
  facet normal -0.218139 0 0.975918
    outer loop
      vertex 1.96465 11.5 8.14819
      vertex 1.75259 10.6361 8.10079
      vertex 1.96465 10.6566 8.14819
    endloop
  endfacet
  facet normal -0.218138 -2.34171e-07 0.975918
    outer loop
      vertex 1.48031 11.5 8.03993
      vertex 1.75259 10.6361 8.10079
      vertex 1.96465 11.5 8.14819
    endloop
  endfacet
  facet normal -0.218137 0 0.975918
    outer loop
      vertex 1.75259 10.6361 8.10079
      vertex 1.48031 11.5 8.03993
      vertex 1.48031 10.6051 8.03993
    endloop
  endfacet
  facet normal 0.45399 0 0.891007
    outer loop
      vertex -3.51957 0.614294 8.73131
      vertex -3.36366 -0.642895 8.65187
      vertex -3.36366 0.642895 8.65187
    endloop
  endfacet
  facet normal 0.45399 0 0.891007
    outer loop
      vertex -3.51957 0.614294 8.73131
      vertex -3.51957 -0.614294 8.73131
      vertex -3.36366 -0.642895 8.65187
    endloop
  endfacet
  facet normal 0.453998 0 0.891003
    outer loop
      vertex -3.80585 0.571916 8.87718
      vertex -3.51957 -0.614294 8.73131
      vertex -3.51957 0.614294 8.73131
    endloop
  endfacet
  facet normal 0.453998 0 0.891003
    outer loop
      vertex -3.51957 -0.614294 8.73131
      vertex -3.80585 0.571916 8.87718
      vertex -3.80585 -0.571916 8.87718
    endloop
  endfacet
  facet normal 0.45399 0 0.891007
    outer loop
      vertex -3.51957 -10.8857 8.73131
      vertex -3.36366 -11.5 8.65187
      vertex -3.36366 -10.8571 8.65187
    endloop
  endfacet
  facet normal 0.453998 -0 0.891003
    outer loop
      vertex -3.80585 -11.5 8.87718
      vertex -3.51957 -10.8857 8.73131
      vertex -3.80585 -10.9281 8.87718
    endloop
  endfacet
  facet normal 0.453995 1.66794e-06 0.891004
    outer loop
      vertex -3.51957 -10.8857 8.73131
      vertex -3.80585 -11.5 8.87718
      vertex -3.36366 -11.5 8.65187
    endloop
  endfacet
  facet normal 0.45399 0 0.891007
    outer loop
      vertex -3.36366 11.5 8.65187
      vertex -3.51957 10.8857 8.73131
      vertex -3.36366 10.8571 8.65187
    endloop
  endfacet
  facet normal 0.453995 -1.66794e-06 0.891004
    outer loop
      vertex -3.80585 11.5 8.87718
      vertex -3.51957 10.8857 8.73131
      vertex -3.36366 11.5 8.65187
    endloop
  endfacet
  facet normal 0.453998 0 0.891003
    outer loop
      vertex -3.51957 10.8857 8.73131
      vertex -3.80585 11.5 8.87718
      vertex -3.80585 10.9281 8.87718
    endloop
  endfacet
  facet normal -0.278992 0 0.960293
    outer loop
      vertex 1.96465 -11.5 8.14819
      vertex 2.44123 -10.7165 8.28665
      vertex 1.96465 -10.6566 8.14819
    endloop
  endfacet
  facet normal -0.278992 0 0.960293
    outer loop
      vertex 2.44123 -10.7165 8.28665
      vertex 1.96465 -11.5 8.14819
      vertex 2.44123 -11.5 8.28665
    endloop
  endfacet
  facet normal -0.278992 0 0.960293
    outer loop
      vertex 1.96465 11.5 8.14819
      vertex 2.44123 10.7165 8.28665
      vertex 2.44123 11.5 8.28665
    endloop
  endfacet
  facet normal -0.278992 0 0.960293
    outer loop
      vertex 2.44123 10.7165 8.28665
      vertex 1.96465 11.5 8.14819
      vertex 1.96465 10.6566 8.14819
    endloop
  endfacet
  facet normal -0.278992 0 0.960293
    outer loop
      vertex 1.96465 0.843421 8.14819
      vertex 2.44123 -0.783503 8.28665
      vertex 2.44123 0.783503 8.28665
    endloop
  endfacet
  facet normal -0.278992 0 0.960293
    outer loop
      vertex 2.44123 -0.783503 8.28665
      vertex 1.96465 0.843421 8.14819
      vertex 1.96465 -0.843421 8.14819
    endloop
  endfacet
  facet normal -0.156441 0 0.987687
    outer loop
      vertex 0.990132 -11.5 7.96229
      vertex 1.48031 -10.6051 8.03993
      vertex 0.990132 -10.5655 7.96229
    endloop
  endfacet
  facet normal -0.156441 0 0.987687
    outer loop
      vertex 1.48031 -10.6051 8.03993
      vertex 0.990132 -11.5 7.96229
      vertex 1.48031 -11.5 8.03993
    endloop
  endfacet
  facet normal -0.156441 0 0.987687
    outer loop
      vertex 0.990132 11.5 7.96229
      vertex 1.48031 10.6051 8.03993
      vertex 1.48031 11.5 8.03993
    endloop
  endfacet
  facet normal -0.156441 0 0.987687
    outer loop
      vertex 1.48031 10.6051 8.03993
      vertex 0.990132 11.5 7.96229
      vertex 0.990132 10.5655 7.96229
    endloop
  endfacet
  facet normal -0.156441 0 0.987687
    outer loop
      vertex 0.990132 0.934501 7.96229
      vertex 1.48031 -0.894944 8.03993
      vertex 1.48031 0.894944 8.03993
    endloop
  endfacet
  facet normal -0.156441 0 0.987687
    outer loop
      vertex 1.48031 -0.894944 8.03993
      vertex 0.990132 0.934501 7.96229
      vertex 0.990132 -0.934501 7.96229
    endloop
  endfacet
  facet normal 0.661558 0 0.749894
    outer loop
      vertex -5.04728 0.39258 9.7232
      vertex -5.03565 -0.394204 9.71294
      vertex -5.03565 0.394204 9.71294
    endloop
  endfacet
  facet normal 0.661558 0 0.749894
    outer loop
      vertex -5.04728 0.39258 9.7232
      vertex -5.04728 -0.39258 9.7232
      vertex -5.03565 -0.394204 9.71294
    endloop
  endfacet
  facet normal 0.661309 0 0.750113
    outer loop
      vertex -5.36125 0.366414 10
      vertex -5.04728 -0.39258 9.7232
      vertex -5.04728 0.39258 9.7232
    endloop
  endfacet
  facet normal 0.661309 0 0.750113
    outer loop
      vertex -5.04728 -0.39258 9.7232
      vertex -5.36125 0.366414 10
      vertex -5.36125 -0.366414 10
    endloop
  endfacet
  facet normal 0.661558 0 0.749894
    outer loop
      vertex -5.04728 -11.1074 9.7232
      vertex -5.03565 -11.4705 9.71294
      vertex -5.03565 -11.1058 9.71294
    endloop
  endfacet
  facet normal 0.66132 -1.35348e-05 0.750104
    outer loop
      vertex -5.04728 -11.1074 9.7232
      vertex -5.20488 -11.4469 9.86214
      vertex -5.03565 -11.4705 9.71294
    endloop
  endfacet
  facet normal 0.66131 -5.03815e-06 0.750113
    outer loop
      vertex -5.36125 -11.1336 10
      vertex -5.20488 -11.4469 9.86214
      vertex -5.04728 -11.1074 9.7232
    endloop
  endfacet
  facet normal 0.661315 0 0.750108
    outer loop
      vertex -5.20488 -11.4469 9.86214
      vertex -5.36125 -11.1336 10
      vertex -5.36125 -11.416 10
    endloop
  endfacet
  facet normal 0.661558 0 0.749894
    outer loop
      vertex -5.03565 11.4705 9.71294
      vertex -5.04728 11.1074 9.7232
      vertex -5.03565 11.1058 9.71294
    endloop
  endfacet
  facet normal 0.66132 1.35348e-05 0.750104
    outer loop
      vertex -5.20488 11.4469 9.86214
      vertex -5.04728 11.1074 9.7232
      vertex -5.03565 11.4705 9.71294
    endloop
  endfacet
  facet normal 0.661315 -0 0.750108
    outer loop
      vertex -5.36125 11.1336 10
      vertex -5.20488 11.4469 9.86214
      vertex -5.36125 11.416 10
    endloop
  endfacet
  facet normal 0.66131 5.03815e-06 0.750113
    outer loop
      vertex -5.20488 11.4469 9.86214
      vertex -5.36125 11.1336 10
      vertex -5.04728 11.1074 9.7232
    endloop
  endfacet
  facet normal 0.397141 0 0.917757
    outer loop
      vertex -3.36366 -10.8571 8.65187
      vertex -2.90818 -11.5 8.45477
      vertex -2.90818 -10.7861 8.45477
    endloop
  endfacet
  facet normal 0.397141 0 0.917757
    outer loop
      vertex -2.90818 -11.5 8.45477
      vertex -3.36366 -10.8571 8.65187
      vertex -3.36366 -11.5 8.65187
    endloop
  endfacet
  facet normal 0.397141 -0 0.917757
    outer loop
      vertex -3.36366 10.8571 8.65187
      vertex -2.90818 11.5 8.45477
      vertex -3.36366 11.5 8.65187
    endloop
  endfacet
  facet normal 0.397141 0 0.917757
    outer loop
      vertex -2.90818 11.5 8.45477
      vertex -3.36366 10.8571 8.65187
      vertex -2.90818 10.7861 8.45477
    endloop
  endfacet
  facet normal 0.397141 0 0.917757
    outer loop
      vertex -3.36366 0.642895 8.65187
      vertex -2.90818 -0.713855 8.45477
      vertex -2.90818 0.713855 8.45477
    endloop
  endfacet
  facet normal 0.397141 0 0.917757
    outer loop
      vertex -2.90818 -0.713855 8.45477
      vertex -3.36366 0.642895 8.65187
      vertex -3.36366 -0.642895 8.65187
    endloop
  endfacet
  facet normal 0.0940982 0 0.995563
    outer loop
      vertex -0.990132 -10.5655 7.96229
      vertex -0.496044 -11.5 7.91559
      vertex -0.496044 -10.5417 7.91559
    endloop
  endfacet
  facet normal 0.0940982 0 0.995563
    outer loop
      vertex -0.496044 -11.5 7.91559
      vertex -0.990132 -10.5655 7.96229
      vertex -0.990132 -11.5 7.96229
    endloop
  endfacet
  facet normal 0.0940982 -0 0.995563
    outer loop
      vertex -0.990132 10.5655 7.96229
      vertex -0.496044 11.5 7.91559
      vertex -0.990132 11.5 7.96229
    endloop
  endfacet
  facet normal 0.0940982 0 0.995563
    outer loop
      vertex -0.496044 11.5 7.91559
      vertex -0.990132 10.5655 7.96229
      vertex -0.496044 10.5417 7.91559
    endloop
  endfacet
  facet normal 0.0940982 0 0.995563
    outer loop
      vertex -0.990132 0.934501 7.96229
      vertex -0.496044 -0.958299 7.91559
      vertex -0.496044 0.958299 7.91559
    endloop
  endfacet
  facet normal 0.0940982 0 0.995563
    outer loop
      vertex -0.496044 -0.958299 7.91559
      vertex -0.990132 0.934501 7.96229
      vertex -0.990132 -0.934501 7.96229
    endloop
  endfacet
  facet normal -0.661309 0 0.750113
    outer loop
      vertex 5.04728 0.39258 9.7232
      vertex 5.36125 -0.366414 10
      vertex 5.36125 0.366414 10
    endloop
  endfacet
  facet normal -0.661309 0 0.750113
    outer loop
      vertex 5.04728 0.39258 9.7232
      vertex 5.04728 -0.39258 9.7232
      vertex 5.36125 -0.366414 10
    endloop
  endfacet
  facet normal -0.661558 0 0.749894
    outer loop
      vertex 5.03565 0.394204 9.71294
      vertex 5.04728 -0.39258 9.7232
      vertex 5.04728 0.39258 9.7232
    endloop
  endfacet
  facet normal -0.661558 0 0.749894
    outer loop
      vertex 5.04728 -0.39258 9.7232
      vertex 5.03565 0.394204 9.71294
      vertex 5.03565 -0.394204 9.71294
    endloop
  endfacet
  facet normal -0.661315 0 0.750108
    outer loop
      vertex 5.36125 -11.1336 10
      vertex 5.20488 -11.4469 9.86214
      vertex 5.36125 -11.416 10
    endloop
  endfacet
  facet normal -0.66131 -5.03815e-06 0.750113
    outer loop
      vertex 5.04728 -11.1074 9.7232
      vertex 5.20488 -11.4469 9.86214
      vertex 5.36125 -11.1336 10
    endloop
  endfacet
  facet normal -0.661558 0 0.749894
    outer loop
      vertex 5.03565 -11.4705 9.71294
      vertex 5.04728 -11.1074 9.7232
      vertex 5.03565 -11.1058 9.71294
    endloop
  endfacet
  facet normal -0.66132 -1.35348e-05 0.750104
    outer loop
      vertex 5.04728 -11.1074 9.7232
      vertex 5.03565 -11.4705 9.71294
      vertex 5.20488 -11.4469 9.86214
    endloop
  endfacet
  facet normal -0.661315 0 0.750108
    outer loop
      vertex 5.20488 11.4469 9.86214
      vertex 5.36125 11.1336 10
      vertex 5.36125 11.416 10
    endloop
  endfacet
  facet normal -0.66131 5.03815e-06 0.750113
    outer loop
      vertex 5.20488 11.4469 9.86214
      vertex 5.04728 11.1074 9.7232
      vertex 5.36125 11.1336 10
    endloop
  endfacet
  facet normal -0.66132 1.35348e-05 0.750104
    outer loop
      vertex 5.03565 11.4705 9.71294
      vertex 5.04728 11.1074 9.7232
      vertex 5.20488 11.4469 9.86214
    endloop
  endfacet
  facet normal -0.661558 0 0.749894
    outer loop
      vertex 5.04728 11.1074 9.7232
      vertex 5.03565 11.4705 9.71294
      vertex 5.03565 11.1058 9.71294
    endloop
  endfacet
  facet normal -0.453998 0 0.891003
    outer loop
      vertex 3.51957 0.614294 8.73131
      vertex 3.80585 -0.571916 8.87718
      vertex 3.80585 0.571916 8.87718
    endloop
  endfacet
  facet normal -0.453998 0 0.891003
    outer loop
      vertex 3.51957 0.614294 8.73131
      vertex 3.51957 -0.614294 8.73131
      vertex 3.80585 -0.571916 8.87718
    endloop
  endfacet
  facet normal -0.45399 0 0.891007
    outer loop
      vertex 3.36366 0.642895 8.65187
      vertex 3.51957 -0.614294 8.73131
      vertex 3.51957 0.614294 8.73131
    endloop
  endfacet
  facet normal -0.45399 0 0.891007
    outer loop
      vertex 3.51957 -0.614294 8.73131
      vertex 3.36366 0.642895 8.65187
      vertex 3.36366 -0.642895 8.65187
    endloop
  endfacet
  facet normal -0.453998 0 0.891003
    outer loop
      vertex 3.51957 -10.8857 8.73131
      vertex 3.80585 -11.5 8.87718
      vertex 3.80585 -10.9281 8.87718
    endloop
  endfacet
  facet normal -0.45399 0 0.891007
    outer loop
      vertex 3.36366 -11.5 8.65187
      vertex 3.51957 -10.8857 8.73131
      vertex 3.36366 -10.8571 8.65187
    endloop
  endfacet
  facet normal -0.453995 1.66794e-06 0.891004
    outer loop
      vertex 3.51957 -10.8857 8.73131
      vertex 3.36366 -11.5 8.65187
      vertex 3.80585 -11.5 8.87718
    endloop
  endfacet
  facet normal -0.453998 0 0.891003
    outer loop
      vertex 3.80585 11.5 8.87718
      vertex 3.51957 10.8857 8.73131
      vertex 3.80585 10.9281 8.87718
    endloop
  endfacet
  facet normal -0.453995 -1.66794e-06 0.891004
    outer loop
      vertex 3.36366 11.5 8.65187
      vertex 3.51957 10.8857 8.73131
      vertex 3.80585 11.5 8.87718
    endloop
  endfacet
  facet normal -0.45399 0 0.891007
    outer loop
      vertex 3.51957 10.8857 8.73131
      vertex 3.36366 11.5 8.65187
      vertex 3.36366 10.8571 8.65187
    endloop
  endfacet
  facet normal -0.338756 0 0.940874
    outer loop
      vertex 2.78975 0.729206 8.41213
      vertex 2.90818 -0.713855 8.45477
      vertex 2.90818 0.713855 8.45477
    endloop
  endfacet
  facet normal -0.338756 0 0.940874
    outer loop
      vertex 2.78975 0.729206 8.41213
      vertex 2.78975 -0.729206 8.41213
      vertex 2.90818 -0.713855 8.45477
    endloop
  endfacet
  facet normal -0.33875 0 0.940876
    outer loop
      vertex 2.44123 0.783503 8.28665
      vertex 2.78975 -0.729206 8.41213
      vertex 2.78975 0.729206 8.41213
    endloop
  endfacet
  facet normal -0.33875 0 0.940876
    outer loop
      vertex 2.78975 -0.729206 8.41213
      vertex 2.44123 0.783503 8.28665
      vertex 2.44123 -0.783503 8.28665
    endloop
  endfacet
  facet normal -0.338756 0 0.940874
    outer loop
      vertex 2.78975 -10.7708 8.41213
      vertex 2.90818 -11.5 8.45477
      vertex 2.90818 -10.7861 8.45477
    endloop
  endfacet
  facet normal -0.33875 0 0.940876
    outer loop
      vertex 2.44123 -11.5 8.28665
      vertex 2.78975 -10.7708 8.41213
      vertex 2.44123 -10.7165 8.28665
    endloop
  endfacet
  facet normal -0.338752 8.19018e-07 0.940876
    outer loop
      vertex 2.78975 -10.7708 8.41213
      vertex 2.44123 -11.5 8.28665
      vertex 2.90818 -11.5 8.45477
    endloop
  endfacet
  facet normal -0.338756 0 0.940874
    outer loop
      vertex 2.90818 11.5 8.45477
      vertex 2.78975 10.7708 8.41213
      vertex 2.90818 10.7861 8.45477
    endloop
  endfacet
  facet normal -0.338752 -8.19018e-07 0.940876
    outer loop
      vertex 2.44123 11.5 8.28665
      vertex 2.78975 10.7708 8.41213
      vertex 2.90818 11.5 8.45477
    endloop
  endfacet
  facet normal -0.33875 0 0.940876
    outer loop
      vertex 2.78975 10.7708 8.41213
      vertex 2.44123 11.5 8.28665
      vertex 2.44123 10.7165 8.28665
    endloop
  endfacet
  facet normal 0.509026 0 0.860751
    outer loop
      vertex -4.11004 0.51965 9.05707
      vertex -3.80585 -0.571916 8.87718
      vertex -3.80585 0.571916 8.87718
    endloop
  endfacet
  facet normal 0.509026 0 0.860751
    outer loop
      vertex -4.11004 0.51965 9.05707
      vertex -4.11004 -0.51965 9.05707
      vertex -3.80585 -0.571916 8.87718
    endloop
  endfacet
  facet normal 0.509062 0 0.86073
    outer loop
      vertex -4.23303 0.503392 9.12981
      vertex -4.11004 -0.51965 9.05707
      vertex -4.11004 0.51965 9.05707
    endloop
  endfacet
  facet normal 0.509062 0 0.86073
    outer loop
      vertex -4.11004 -0.51965 9.05707
      vertex -4.23303 0.503392 9.12981
      vertex -4.23303 -0.503392 9.12981
    endloop
  endfacet
  facet normal 0.509026 0 0.860751
    outer loop
      vertex -4.11004 -10.9803 9.05707
      vertex -3.80585 -11.5 8.87718
      vertex -3.80585 -10.9281 8.87718
    endloop
  endfacet
  facet normal 0.509062 -0 0.86073
    outer loop
      vertex -4.23303 -11.5 9.12981
      vertex -4.11004 -10.9803 9.05707
      vertex -4.23303 -10.9966 9.12981
    endloop
  endfacet
  facet normal 0.509036 8.17882e-06 0.860745
    outer loop
      vertex -4.11004 -10.9803 9.05707
      vertex -4.23303 -11.5 9.12981
      vertex -3.80585 -11.5 8.87718
    endloop
  endfacet
  facet normal 0.509026 0 0.860751
    outer loop
      vertex -3.80585 11.5 8.87718
      vertex -4.11004 10.9803 9.05707
      vertex -3.80585 10.9281 8.87718
    endloop
  endfacet
  facet normal 0.509036 -8.17882e-06 0.860745
    outer loop
      vertex -4.23303 11.5 9.12981
      vertex -4.11004 10.9803 9.05707
      vertex -3.80585 11.5 8.87718
    endloop
  endfacet
  facet normal 0.509062 0 0.86073
    outer loop
      vertex -4.11004 10.9803 9.05707
      vertex -4.23303 11.5 9.12981
      vertex -4.23303 10.9966 9.12981
    endloop
  endfacet
  facet normal 0.612904 0 0.790158
    outer loop
      vertex -5.03565 0.394204 9.71294
      vertex -4.6435 -0.442382 9.40876
      vertex -4.6435 0.442382 9.40876
    endloop
  endfacet
  facet normal 0.612904 0 0.790158
    outer loop
      vertex -4.6435 -0.442382 9.40876
      vertex -5.03565 0.394204 9.71294
      vertex -5.03565 -0.394204 9.71294
    endloop
  endfacet
  facet normal 0.612917 0 0.790148
    outer loop
      vertex -4.6435 -11.0576 9.40876
      vertex -4.74613 -11.4941 9.48837
      vertex -4.6435 -11.4966 9.40876
    endloop
  endfacet
  facet normal 0.612903 5.07721e-06 0.790158
    outer loop
      vertex -5.03565 -11.1058 9.71294
      vertex -4.74613 -11.4941 9.48837
      vertex -4.6435 -11.0576 9.40876
    endloop
  endfacet
  facet normal 0.612909 1.24639e-05 0.790153
    outer loop
      vertex -4.74613 -11.4941 9.48837
      vertex -5.03565 -11.1058 9.71294
      vertex -4.98802 -11.4763 9.676
    endloop
  endfacet
  facet normal 0.612849 0 0.7902
    outer loop
      vertex -4.98802 -11.4763 9.676
      vertex -5.03565 -11.1058 9.71294
      vertex -5.03565 -11.4705 9.71294
    endloop
  endfacet
  facet normal 0.612917 0 0.790148
    outer loop
      vertex -4.74613 11.4941 9.48837
      vertex -4.6435 11.0576 9.40876
      vertex -4.6435 11.4966 9.40876
    endloop
  endfacet
  facet normal 0.612909 -1.24639e-05 0.790153
    outer loop
      vertex -5.03565 11.1058 9.71294
      vertex -4.74613 11.4941 9.48837
      vertex -4.98802 11.4763 9.676
    endloop
  endfacet
  facet normal 0.612849 -0 0.7902
    outer loop
      vertex -5.03565 11.1058 9.71294
      vertex -4.98802 11.4763 9.676
      vertex -5.03565 11.4705 9.71294
    endloop
  endfacet
  facet normal 0.612903 -5.07721e-06 0.790158
    outer loop
      vertex -4.74613 11.4941 9.48837
      vertex -5.03565 11.1058 9.71294
      vertex -4.6435 11.0576 9.40876
    endloop
  endfacet
  facet normal 0.278992 0 0.960293
    outer loop
      vertex -2.44123 -10.7165 8.28665
      vertex -1.96465 -11.5 8.14819
      vertex -1.96465 -10.6566 8.14819
    endloop
  endfacet
  facet normal 0.278992 0 0.960293
    outer loop
      vertex -1.96465 -11.5 8.14819
      vertex -2.44123 -10.7165 8.28665
      vertex -2.44123 -11.5 8.28665
    endloop
  endfacet
  facet normal 0.278992 -0 0.960293
    outer loop
      vertex -2.44123 10.7165 8.28665
      vertex -1.96465 11.5 8.14819
      vertex -2.44123 11.5 8.28665
    endloop
  endfacet
  facet normal 0.278992 0 0.960293
    outer loop
      vertex -1.96465 11.5 8.14819
      vertex -2.44123 10.7165 8.28665
      vertex -1.96465 10.6566 8.14819
    endloop
  endfacet
  facet normal 0.278992 0 0.960293
    outer loop
      vertex -2.44123 0.783503 8.28665
      vertex -1.96465 -0.843421 8.14819
      vertex -1.96465 0.843421 8.14819
    endloop
  endfacet
  facet normal 0.278992 0 0.960293
    outer loop
      vertex -1.96465 -0.843421 8.14819
      vertex -2.44123 0.783503 8.28665
      vertex -2.44123 -0.783503 8.28665
    endloop
  endfacet
  facet normal 0.218137 0 0.975918
    outer loop
      vertex -1.75259 -10.6361 8.10079
      vertex -1.48031 -11.5 8.03993
      vertex -1.48031 -10.6051 8.03993
    endloop
  endfacet
  facet normal 0.218139 -0 0.975918
    outer loop
      vertex -1.96465 -11.5 8.14819
      vertex -1.75259 -10.6361 8.10079
      vertex -1.96465 -10.6566 8.14819
    endloop
  endfacet
  facet normal 0.218138 2.34171e-07 0.975918
    outer loop
      vertex -1.75259 -10.6361 8.10079
      vertex -1.96465 -11.5 8.14819
      vertex -1.48031 -11.5 8.03993
    endloop
  endfacet
  facet normal 0.218137 0 0.975918
    outer loop
      vertex -1.75259 0.863934 8.10079
      vertex -1.48031 -0.894944 8.03993
      vertex -1.48031 0.894944 8.03993
    endloop
  endfacet
  facet normal 0.218137 0 0.975918
    outer loop
      vertex -1.75259 0.863934 8.10079
      vertex -1.75259 -0.863934 8.10079
      vertex -1.48031 -0.894944 8.03993
    endloop
  endfacet
  facet normal 0.218139 0 0.975918
    outer loop
      vertex -1.96465 0.843421 8.14819
      vertex -1.75259 -0.863934 8.10079
      vertex -1.75259 0.863934 8.10079
    endloop
  endfacet
  facet normal 0.218139 0 0.975918
    outer loop
      vertex -1.75259 -0.863934 8.10079
      vertex -1.96465 0.843421 8.14819
      vertex -1.96465 -0.843421 8.14819
    endloop
  endfacet
  facet normal 0.218137 0 0.975918
    outer loop
      vertex -1.48031 11.5 8.03993
      vertex -1.75259 10.6361 8.10079
      vertex -1.48031 10.6051 8.03993
    endloop
  endfacet
  facet normal 0.218138 -2.34171e-07 0.975918
    outer loop
      vertex -1.96465 11.5 8.14819
      vertex -1.75259 10.6361 8.10079
      vertex -1.48031 11.5 8.03993
    endloop
  endfacet
  facet normal 0.218139 0 0.975918
    outer loop
      vertex -1.75259 10.6361 8.10079
      vertex -1.96465 11.5 8.14819
      vertex -1.96465 10.6566 8.14819
    endloop
  endfacet
  facet normal 0.156441 0 0.987687
    outer loop
      vertex -1.48031 -10.6051 8.03993
      vertex -0.990132 -11.5 7.96229
      vertex -0.990132 -10.5655 7.96229
    endloop
  endfacet
  facet normal 0.156441 0 0.987687
    outer loop
      vertex -0.990132 -11.5 7.96229
      vertex -1.48031 -10.6051 8.03993
      vertex -1.48031 -11.5 8.03993
    endloop
  endfacet
  facet normal 0.156441 -0 0.987687
    outer loop
      vertex -1.48031 10.6051 8.03993
      vertex -0.990132 11.5 7.96229
      vertex -1.48031 11.5 8.03993
    endloop
  endfacet
  facet normal 0.156441 0 0.987687
    outer loop
      vertex -0.990132 11.5 7.96229
      vertex -1.48031 10.6051 8.03993
      vertex -0.990132 10.5655 7.96229
    endloop
  endfacet
  facet normal 0.156441 0 0.987687
    outer loop
      vertex -1.48031 0.894944 8.03993
      vertex -0.990132 -0.934501 7.96229
      vertex -0.990132 0.934501 7.96229
    endloop
  endfacet
  facet normal 0.156441 0 0.987687
    outer loop
      vertex -0.990132 -0.934501 7.96229
      vertex -1.48031 0.894944 8.03993
      vertex -1.48031 -0.894944 8.03993
    endloop
  endfacet
  facet normal 0.0314132 -0 0.999506
    outer loop
      vertex -0.496044 10.5417 7.91559
      vertex 0 11.5 7.9
      vertex -0.496044 11.5 7.91559
    endloop
  endfacet
  facet normal 0.0314132 0 0.999506
    outer loop
      vertex 0 11.5 7.9
      vertex -0.496044 10.5417 7.91559
      vertex 0 10.5338 7.9
    endloop
  endfacet
  facet normal 0.0314132 0 0.999506
    outer loop
      vertex -0.496044 -10.5417 7.91559
      vertex 0 -11.5 7.9
      vertex 0 -10.5338 7.9
    endloop
  endfacet
  facet normal 0.0314132 0 0.999506
    outer loop
      vertex 0 -11.5 7.9
      vertex -0.496044 -10.5417 7.91559
      vertex -0.496044 -11.5 7.91559
    endloop
  endfacet
  facet normal 0.0314132 0 0.999506
    outer loop
      vertex -0.496044 0.958299 7.91559
      vertex 0 -0.966242 7.9
      vertex 0 0.966242 7.9
    endloop
  endfacet
  facet normal 0.0314132 0 0.999506
    outer loop
      vertex 0 -0.966242 7.9
      vertex -0.496044 0.958299 7.91559
      vertex -0.496044 -0.958299 7.91559
    endloop
  endfacet
  facet normal -0.509062 0 0.86073
    outer loop
      vertex 4.11004 0.51965 9.05707
      vertex 4.23303 -0.503392 9.12981
      vertex 4.23303 0.503392 9.12981
    endloop
  endfacet
  facet normal -0.509062 0 0.86073
    outer loop
      vertex 4.11004 0.51965 9.05707
      vertex 4.11004 -0.51965 9.05707
      vertex 4.23303 -0.503392 9.12981
    endloop
  endfacet
  facet normal -0.509026 0 0.860751
    outer loop
      vertex 3.80585 0.571916 8.87718
      vertex 4.11004 -0.51965 9.05707
      vertex 4.11004 0.51965 9.05707
    endloop
  endfacet
  facet normal -0.509026 0 0.860751
    outer loop
      vertex 4.11004 -0.51965 9.05707
      vertex 3.80585 0.571916 8.87718
      vertex 3.80585 -0.571916 8.87718
    endloop
  endfacet
  facet normal -0.509062 0 0.86073
    outer loop
      vertex 4.11004 -10.9803 9.05707
      vertex 4.23303 -11.5 9.12981
      vertex 4.23303 -10.9966 9.12981
    endloop
  endfacet
  facet normal -0.509026 0 0.860751
    outer loop
      vertex 3.80585 -11.5 8.87718
      vertex 4.11004 -10.9803 9.05707
      vertex 3.80585 -10.9281 8.87718
    endloop
  endfacet
  facet normal -0.509036 8.17882e-06 0.860745
    outer loop
      vertex 4.11004 -10.9803 9.05707
      vertex 3.80585 -11.5 8.87718
      vertex 4.23303 -11.5 9.12981
    endloop
  endfacet
  facet normal -0.509062 0 0.86073
    outer loop
      vertex 4.23303 11.5 9.12981
      vertex 4.11004 10.9803 9.05707
      vertex 4.23303 10.9966 9.12981
    endloop
  endfacet
  facet normal -0.509036 -8.17882e-06 0.860745
    outer loop
      vertex 3.80585 11.5 8.87718
      vertex 4.11004 10.9803 9.05707
      vertex 4.23303 11.5 9.12981
    endloop
  endfacet
  facet normal -0.509026 0 0.860751
    outer loop
      vertex 4.11004 10.9803 9.05707
      vertex 3.80585 11.5 8.87718
      vertex 3.80585 10.9281 8.87718
    endloop
  endfacet
  facet normal -0.562101 0 0.827068
    outer loop
      vertex 4.61316 0.445648 9.38814
      vertex 4.6435 -0.442382 9.40876
      vertex 4.6435 0.442382 9.40876
    endloop
  endfacet
  facet normal -0.562101 0 0.827068
    outer loop
      vertex 4.61316 0.445648 9.38814
      vertex 4.61316 -0.445648 9.38814
      vertex 4.6435 -0.442382 9.40876
    endloop
  endfacet
  facet normal -0.562074 0 0.827087
    outer loop
      vertex 4.23303 0.503392 9.12981
      vertex 4.61316 -0.445648 9.38814
      vertex 4.61316 0.445648 9.38814
    endloop
  endfacet
  facet normal -0.562074 0 0.827087
    outer loop
      vertex 4.61316 -0.445648 9.38814
      vertex 4.23303 0.503392 9.12981
      vertex 4.23303 -0.503392 9.12981
    endloop
  endfacet
  facet normal -0.562101 0 0.827068
    outer loop
      vertex 4.61316 -11.0544 9.38814
      vertex 4.6435 -11.4966 9.40876
      vertex 4.6435 -11.0576 9.40876
    endloop
  endfacet
  facet normal -0.562073 2.87549e-06 0.827088
    outer loop
      vertex 4.61316 -11.0544 9.38814
      vertex 4.48346 -11.5 9.3
      vertex 4.6435 -11.4966 9.40876
    endloop
  endfacet
  facet normal -0.562074 3.47327e-06 0.827087
    outer loop
      vertex 4.23303 -10.9966 9.12981
      vertex 4.48346 -11.5 9.3
      vertex 4.61316 -11.0544 9.38814
    endloop
  endfacet
  facet normal -0.562079 0 0.827084
    outer loop
      vertex 4.48346 -11.5 9.3
      vertex 4.23303 -10.9966 9.12981
      vertex 4.23303 -11.5 9.12981
    endloop
  endfacet
  facet normal -0.562101 0 0.827068
    outer loop
      vertex 4.6435 11.4966 9.40876
      vertex 4.61316 11.0544 9.38814
      vertex 4.6435 11.0576 9.40876
    endloop
  endfacet
  facet normal -0.562073 -2.87549e-06 0.827088
    outer loop
      vertex 4.48346 11.5 9.3
      vertex 4.61316 11.0544 9.38814
      vertex 4.6435 11.4966 9.40876
    endloop
  endfacet
  facet normal -0.562079 0 0.827084
    outer loop
      vertex 4.23303 10.9966 9.12981
      vertex 4.48346 11.5 9.3
      vertex 4.23303 11.5 9.12981
    endloop
  endfacet
  facet normal -0.562074 -3.47327e-06 0.827087
    outer loop
      vertex 4.48346 11.5 9.3
      vertex 4.23303 10.9966 9.12981
      vertex 4.61316 11.0544 9.38814
    endloop
  endfacet
  facet normal 0.562074 0 0.827087
    outer loop
      vertex -4.61316 0.445648 9.38814
      vertex -4.23303 -0.503392 9.12981
      vertex -4.23303 0.503392 9.12981
    endloop
  endfacet
  facet normal 0.562074 0 0.827087
    outer loop
      vertex -4.61316 0.445648 9.38814
      vertex -4.61316 -0.445648 9.38814
      vertex -4.23303 -0.503392 9.12981
    endloop
  endfacet
  facet normal 0.562101 0 0.827068
    outer loop
      vertex -4.6435 0.442382 9.40876
      vertex -4.61316 -0.445648 9.38814
      vertex -4.61316 0.445648 9.38814
    endloop
  endfacet
  facet normal 0.562101 0 0.827068
    outer loop
      vertex -4.61316 -0.445648 9.38814
      vertex -4.6435 0.442382 9.40876
      vertex -4.6435 -0.442382 9.40876
    endloop
  endfacet
  facet normal 0.562079 0 0.827084
    outer loop
      vertex -4.23303 -10.9966 9.12981
      vertex -4.48346 -11.5 9.3
      vertex -4.23303 -11.5 9.12981
    endloop
  endfacet
  facet normal 0.562074 3.47327e-06 0.827087
    outer loop
      vertex -4.61316 -11.0544 9.38814
      vertex -4.48346 -11.5 9.3
      vertex -4.23303 -10.9966 9.12981
    endloop
  endfacet
  facet normal 0.562101 -0 0.827068
    outer loop
      vertex -4.6435 -11.4966 9.40876
      vertex -4.61316 -11.0544 9.38814
      vertex -4.6435 -11.0576 9.40876
    endloop
  endfacet
  facet normal 0.562073 2.87549e-06 0.827088
    outer loop
      vertex -4.61316 -11.0544 9.38814
      vertex -4.6435 -11.4966 9.40876
      vertex -4.48346 -11.5 9.3
    endloop
  endfacet
  facet normal 0.562079 0 0.827084
    outer loop
      vertex -4.48346 11.5 9.3
      vertex -4.23303 10.9966 9.12981
      vertex -4.23303 11.5 9.12981
    endloop
  endfacet
  facet normal 0.562074 -3.47327e-06 0.827087
    outer loop
      vertex -4.48346 11.5 9.3
      vertex -4.61316 11.0544 9.38814
      vertex -4.23303 10.9966 9.12981
    endloop
  endfacet
  facet normal 0.562073 -2.87549e-06 0.827088
    outer loop
      vertex -4.6435 11.4966 9.40876
      vertex -4.61316 11.0544 9.38814
      vertex -4.48346 11.5 9.3
    endloop
  endfacet
  facet normal 0.562101 0 0.827068
    outer loop
      vertex -4.61316 11.0544 9.38814
      vertex -4.6435 11.4966 9.40876
      vertex -4.6435 11.0576 9.40876
    endloop
  endfacet
endsolid OpenSCAD_Model
