solid OpenSCAD_Model
  facet normal -1 0 0
    outer loop
      vertex 15.4 1.86 2.4
      vertex 15.4 1.87999 3.8
      vertex 15.4 1.87999 2.4
    endloop
  endfacet
  facet normal -1 0 0
    outer loop
      vertex 15.4 1.86 2.4
      vertex 15.4 1.86 3.8
      vertex 15.4 1.87999 3.8
    endloop
  endfacet
  facet normal -1 0 0
    outer loop
      vertex 15.4 1.16 3.1
      vertex 15.4 1.86 2.4
      vertex 15.4 1.16 3.08
    endloop
  endfacet
  facet normal -1 0 0
    outer loop
      vertex 15.4 1.86 2.4
      vertex 15.4 1.16 3.1
      vertex 15.4 1.86 3.8
    endloop
  endfacet
  facet normal 1 -0 0
    outer loop
      vertex 27.4 1.86 3.8
      vertex 27.4 1.87999 2.4
      vertex 27.4 1.87999 3.8
    endloop
  endfacet
  facet normal 1 0 0
    outer loop
      vertex 27.4 1.86 3.8
      vertex 27.4 1.86 2.4
      vertex 27.4 1.87999 2.4
    endloop
  endfacet
  facet normal 1 -0 0
    outer loop
      vertex 27.4 1.16 3.1
      vertex 27.4 1.86 2.4
      vertex 27.4 1.86 3.8
    endloop
  endfacet
  facet normal 1 0 0
    outer loop
      vertex 27.4 1.86 2.4
      vertex 27.4 1.16 3.1
      vertex 27.4 1.16 3.08
    endloop
  endfacet
  facet normal 0 -0.696786 -0.717279
    outer loop
      vertex 15.4 1.16 3.08
      vertex 27.4 1.86 2.4
      vertex 27.4 1.16 3.08
    endloop
  endfacet
  facet normal -0 -0.696786 -0.717279
    outer loop
      vertex 27.4 1.86 2.4
      vertex 15.4 1.16 3.08
      vertex 15.4 1.86 2.4
    endloop
  endfacet
  facet normal 0 0 1
    outer loop
      vertex 27.4 19.74 3.8
      vertex 15.4 19.74 3.8
      vertex 27.4 19.72 3.8
    endloop
  endfacet
  facet normal 0 0 1
    outer loop
      vertex 40.32 19.72 3.8
      vertex 40.92 19.12 3.8
      vertex 40.9171 19.1788 3.8
    endloop
  endfacet
  facet normal 0 0 1
    outer loop
      vertex 40.92 19.12 3.8
      vertex 39.77 18.37 3.8
      vertex 40.92 2.48 3.8
    endloop
  endfacet
  facet normal 0 0 1
    outer loop
      vertex 40.32 19.72 3.8
      vertex 40.9171 19.1788 3.8
      vertex 40.9085 19.2371 3.8
    endloop
  endfacet
  facet normal -0 0 1
    outer loop
      vertex 39.77 3.23 3.8
      vertex 40.92 2.48 3.8
      vertex 39.77 18.37 3.8
    endloop
  endfacet
  facet normal 0 0 1
    outer loop
      vertex 40.32 19.72 3.8
      vertex 40.9085 19.2371 3.8
      vertex 40.8942 19.2942 3.8
    endloop
  endfacet
  facet normal -0 0 1
    outer loop
      vertex 39.769 3.21039 3.8
      vertex 40.92 2.48 3.8
      vertex 39.77 3.23 3.8
    endloop
  endfacet
  facet normal 0 0 1
    outer loop
      vertex 40.32 19.72 3.8
      vertex 40.8942 19.2942 3.8
      vertex 40.8743 19.3496 3.8
    endloop
  endfacet
  facet normal -0 0 1
    outer loop
      vertex 39.7661 3.19098 3.8
      vertex 40.92 2.48 3.8
      vertex 39.769 3.21039 3.8
    endloop
  endfacet
  facet normal 0 0 1
    outer loop
      vertex 40.32 19.72 3.8
      vertex 40.8743 19.3496 3.8
      vertex 40.8492 19.4028 3.8
    endloop
  endfacet
  facet normal -0 0 1
    outer loop
      vertex 39.7614 3.17194 3.8
      vertex 40.92 2.48 3.8
      vertex 39.7661 3.19098 3.8
    endloop
  endfacet
  facet normal 0 0 1
    outer loop
      vertex 40.32 19.72 3.8
      vertex 40.8492 19.4028 3.8
      vertex 40.8189 19.4533 3.8
    endloop
  endfacet
  facet normal -0 0 1
    outer loop
      vertex 39.7548 3.15346 3.8
      vertex 40.92 2.48 3.8
      vertex 39.7614 3.17194 3.8
    endloop
  endfacet
  facet normal 0 0 1
    outer loop
      vertex 40.32 19.72 3.8
      vertex 40.8189 19.4533 3.8
      vertex 40.7838 19.5006 3.8
    endloop
  endfacet
  facet normal -0 0 1
    outer loop
      vertex 39.7464 3.13572 3.8
      vertex 40.92 2.48 3.8
      vertex 39.7548 3.15346 3.8
    endloop
  endfacet
  facet normal 0 0 1
    outer loop
      vertex 40.32 19.72 3.8
      vertex 40.7838 19.5006 3.8
      vertex 40.7443 19.5443 3.8
    endloop
  endfacet
  facet normal -0 0 1
    outer loop
      vertex 39.7363 3.11889 3.8
      vertex 40.92 2.48 3.8
      vertex 39.7464 3.13572 3.8
    endloop
  endfacet
  facet normal 0 0 1
    outer loop
      vertex 40.32 19.72 3.8
      vertex 40.7443 19.5443 3.8
      vertex 40.7006 19.5838 3.8
    endloop
  endfacet
  facet normal -0 0 1
    outer loop
      vertex 39.7246 3.10312 3.8
      vertex 40.92 2.48 3.8
      vertex 39.7363 3.11889 3.8
    endloop
  endfacet
  facet normal 0 0 1
    outer loop
      vertex 40.32 19.72 3.8
      vertex 40.7006 19.5838 3.8
      vertex 40.6533 19.6189 3.8
    endloop
  endfacet
  facet normal -0 0 1
    outer loop
      vertex 39.7114 3.08858 3.8
      vertex 40.92 2.48 3.8
      vertex 39.7246 3.10312 3.8
    endloop
  endfacet
  facet normal 0 0 1
    outer loop
      vertex 40.32 19.72 3.8
      vertex 40.6533 19.6189 3.8
      vertex 40.6028 19.6492 3.8
    endloop
  endfacet
  facet normal 0 -0 1
    outer loop
      vertex 40.32 1.87999 3.8
      vertex 40.92 2.48 3.8
      vertex 39.7114 3.08858 3.8
    endloop
  endfacet
  facet normal 0 0 1
    outer loop
      vertex 40.32 19.72 3.8
      vertex 40.6028 19.6492 3.8
      vertex 40.5496 19.6743 3.8
    endloop
  endfacet
  facet normal 0 0 1
    outer loop
      vertex 40.92 2.48 3.8
      vertex 40.32 1.87999 3.8
      vertex 40.9171 2.42119 3.8
    endloop
  endfacet
  facet normal 0 0 1
    outer loop
      vertex 40.32 19.72 3.8
      vertex 40.5496 19.6743 3.8
      vertex 40.4942 19.6942 3.8
    endloop
  endfacet
  facet normal 0 0 1
    outer loop
      vertex 40.9171 2.42119 3.8
      vertex 40.32 1.87999 3.8
      vertex 40.9085 2.36295 3.8
    endloop
  endfacet
  facet normal 0 0 1
    outer loop
      vertex 40.32 19.72 3.8
      vertex 40.4942 19.6942 3.8
      vertex 40.437 19.7085 3.8
    endloop
  endfacet
  facet normal 0 0 1
    outer loop
      vertex 40.9085 2.36295 3.8
      vertex 40.32 1.87999 3.8
      vertex 40.8942 2.30584 3.8
    endloop
  endfacet
  facet normal 0 0 1
    outer loop
      vertex 40.32 19.72 3.8
      vertex 40.437 19.7085 3.8
      vertex 40.3788 19.7171 3.8
    endloop
  endfacet
  facet normal 0 0 1
    outer loop
      vertex 40.8942 2.30584 3.8
      vertex 40.32 1.87999 3.8
      vertex 40.8743 2.25039 3.8
    endloop
  endfacet
  facet normal 0 0 1
    outer loop
      vertex 40.92 19.12 3.8
      vertex 40.32 19.72 3.8
      vertex 39.7114 18.5114 3.8
    endloop
  endfacet
  facet normal 0 0 1
    outer loop
      vertex 40.8492 2.19716 3.8
      vertex 40.32 1.87999 3.8
      vertex 40.8189 2.14666 3.8
    endloop
  endfacet
  facet normal 0 0 1
    outer loop
      vertex 40.8189 2.14666 3.8
      vertex 40.32 1.87999 3.8
      vertex 40.7838 2.09937 3.8
    endloop
  endfacet
  facet normal 0 0 1
    outer loop
      vertex 40.92 19.12 3.8
      vertex 39.769 18.3896 3.8
      vertex 39.77 18.37 3.8
    endloop
  endfacet
  facet normal 0 0 1
    outer loop
      vertex 40.92 19.12 3.8
      vertex 39.7661 18.409 3.8
      vertex 39.769 18.3896 3.8
    endloop
  endfacet
  facet normal 0 0 1
    outer loop
      vertex 40.92 19.12 3.8
      vertex 39.7614 18.4281 3.8
      vertex 39.7661 18.409 3.8
    endloop
  endfacet
  facet normal 0 0 1
    outer loop
      vertex 40.92 19.12 3.8
      vertex 39.7548 18.4465 3.8
      vertex 39.7614 18.4281 3.8
    endloop
  endfacet
  facet normal 0 0 1
    outer loop
      vertex 40.92 19.12 3.8
      vertex 39.7464 18.4643 3.8
      vertex 39.7548 18.4465 3.8
    endloop
  endfacet
  facet normal 0 0 1
    outer loop
      vertex 40.92 19.12 3.8
      vertex 39.7363 18.4811 3.8
      vertex 39.7464 18.4643 3.8
    endloop
  endfacet
  facet normal 0 0 1
    outer loop
      vertex 40.92 19.12 3.8
      vertex 39.7246 18.4969 3.8
      vertex 39.7363 18.4811 3.8
    endloop
  endfacet
  facet normal 0 0 1
    outer loop
      vertex 40.92 19.12 3.8
      vertex 39.7114 18.5114 3.8
      vertex 39.7246 18.4969 3.8
    endloop
  endfacet
  facet normal 0 0 1
    outer loop
      vertex 40.32 19.72 3.8
      vertex 39.6969 18.5246 3.8
      vertex 39.7114 18.5114 3.8
    endloop
  endfacet
  facet normal 0 0 1
    outer loop
      vertex 40.32 19.72 3.8
      vertex 39.6811 18.5363 3.8
      vertex 39.6969 18.5246 3.8
    endloop
  endfacet
  facet normal 0 0 1
    outer loop
      vertex 40.32 19.72 3.8
      vertex 39.6643 18.5464 3.8
      vertex 39.6811 18.5363 3.8
    endloop
  endfacet
  facet normal 0 0 1
    outer loop
      vertex 40.32 19.72 3.8
      vertex 39.6465 18.5548 3.8
      vertex 39.6643 18.5464 3.8
    endloop
  endfacet
  facet normal 0 0 1
    outer loop
      vertex 40.32 19.72 3.8
      vertex 39.6281 18.5614 3.8
      vertex 39.6465 18.5548 3.8
    endloop
  endfacet
  facet normal 0 0 1
    outer loop
      vertex 40.32 19.72 3.8
      vertex 39.609 18.5662 3.8
      vertex 39.6281 18.5614 3.8
    endloop
  endfacet
  facet normal 0 0 1
    outer loop
      vertex 40.32 19.72 3.8
      vertex 39.5896 18.569 3.8
      vertex 39.609 18.5662 3.8
    endloop
  endfacet
  facet normal 0 0 1
    outer loop
      vertex 40.32 19.72 3.8
      vertex 39.57 18.57 3.8
      vertex 39.5896 18.569 3.8
    endloop
  endfacet
  facet normal -0 0 1
    outer loop
      vertex 27.4 19.72 3.8
      vertex 39.57 18.57 3.8
      vertex 40.32 19.72 3.8
    endloop
  endfacet
  facet normal 0 0 1
    outer loop
      vertex 15.4 19.72 3.8
      vertex 27.4 19.72 3.8
      vertex 15.4 19.74 3.8
    endloop
  endfacet
  facet normal 0 0 1
    outer loop
      vertex 27.4 19.72 3.8
      vertex 15.4 19.72 3.8
      vertex 39.57 18.57 3.8
    endloop
  endfacet
  facet normal 0 0 1
    outer loop
      vertex 4.03 18.57 3.8
      vertex 15.4 19.72 3.8
      vertex 4.03 19.72 3.8
    endloop
  endfacet
  facet normal 0 0 1
    outer loop
      vertex 15.4 19.72 3.8
      vertex 4.03 18.57 3.8
      vertex 39.57 18.57 3.8
    endloop
  endfacet
  facet normal 0 0 1
    outer loop
      vertex 40.7838 2.09937 3.8
      vertex 40.32 1.87999 3.8
      vertex 40.7443 2.05573 3.8
    endloop
  endfacet
  facet normal 0 0 1
    outer loop
      vertex 40.7443 2.05573 3.8
      vertex 40.32 1.87999 3.8
      vertex 40.7006 2.01619 3.8
    endloop
  endfacet
  facet normal 0 0 1
    outer loop
      vertex 40.7006 2.01619 3.8
      vertex 40.32 1.87999 3.8
      vertex 40.6533 1.98111 3.8
    endloop
  endfacet
  facet normal 0 0 1
    outer loop
      vertex 40.6533 1.98111 3.8
      vertex 40.32 1.87999 3.8
      vertex 40.6028 1.95084 3.8
    endloop
  endfacet
  facet normal 0 0 1
    outer loop
      vertex 40.6028 1.95084 3.8
      vertex 40.32 1.87999 3.8
      vertex 40.5496 1.92568 3.8
    endloop
  endfacet
  facet normal 0 0 1
    outer loop
      vertex 40.5496 1.92568 3.8
      vertex 40.32 1.87999 3.8
      vertex 40.4942 1.90584 3.8
    endloop
  endfacet
  facet normal 0 0 1
    outer loop
      vertex 40.4942 1.90584 3.8
      vertex 40.32 1.87999 3.8
      vertex 40.437 1.89153 3.8
    endloop
  endfacet
  facet normal 0 0 1
    outer loop
      vertex 40.437 1.89153 3.8
      vertex 40.32 1.87999 3.8
      vertex 40.3788 1.88289 3.8
    endloop
  endfacet
  facet normal 0 0 1
    outer loop
      vertex 40.8743 2.25039 3.8
      vertex 40.32 1.87999 3.8
      vertex 40.8492 2.19716 3.8
    endloop
  endfacet
  facet normal -0 0 1
    outer loop
      vertex 39.6969 3.0754 3.8
      vertex 40.32 1.87999 3.8
      vertex 39.7114 3.08858 3.8
    endloop
  endfacet
  facet normal -0 0 1
    outer loop
      vertex 39.6811 3.06371 3.8
      vertex 40.32 1.87999 3.8
      vertex 39.6969 3.0754 3.8
    endloop
  endfacet
  facet normal -0 0 1
    outer loop
      vertex 39.6643 3.05361 3.8
      vertex 40.32 1.87999 3.8
      vertex 39.6811 3.06371 3.8
    endloop
  endfacet
  facet normal -0 0 1
    outer loop
      vertex 39.6465 3.04523 3.8
      vertex 40.32 1.87999 3.8
      vertex 39.6643 3.05361 3.8
    endloop
  endfacet
  facet normal -0 0 1
    outer loop
      vertex 39.6281 3.03861 3.8
      vertex 40.32 1.87999 3.8
      vertex 39.6465 3.04523 3.8
    endloop
  endfacet
  facet normal -0 0 1
    outer loop
      vertex 39.609 3.03385 3.8
      vertex 40.32 1.87999 3.8
      vertex 39.6281 3.03861 3.8
    endloop
  endfacet
  facet normal -0 0 1
    outer loop
      vertex 39.5896 3.03097 3.8
      vertex 40.32 1.87999 3.8
      vertex 39.609 3.03385 3.8
    endloop
  endfacet
  facet normal -0 0 1
    outer loop
      vertex 39.57 3.03 3.8
      vertex 40.32 1.87999 3.8
      vertex 39.5896 3.03097 3.8
    endloop
  endfacet
  facet normal 0 0 1
    outer loop
      vertex 39.57 3.03 3.8
      vertex 27.4 1.87999 3.8
      vertex 40.32 1.87999 3.8
    endloop
  endfacet
  facet normal 0 0 1
    outer loop
      vertex 27.4 1.87999 3.8
      vertex 15.4 1.87999 3.8
      vertex 27.4 1.86 3.8
    endloop
  endfacet
  facet normal 0 0 1
    outer loop
      vertex 39.57 3.03 3.8
      vertex 15.4 1.87999 3.8
      vertex 27.4 1.87999 3.8
    endloop
  endfacet
  facet normal -0 0 1
    outer loop
      vertex 4.03 3.03 3.8
      vertex 15.4 1.87999 3.8
      vertex 39.57 3.03 3.8
    endloop
  endfacet
  facet normal 0 0 1
    outer loop
      vertex 15.4 1.87999 3.8
      vertex 4.03 3.03 3.8
      vertex 4.03 1.87999 3.8
    endloop
  endfacet
  facet normal 0 0 1
    outer loop
      vertex 27.4 1.86 3.8
      vertex 15.4 1.87999 3.8
      vertex 15.4 1.86 3.8
    endloop
  endfacet
  facet normal 0 0 -1
    outer loop
      vertex 15.4 1.86 2.4
      vertex 27.4 1.87999 2.4
      vertex 27.4 1.86 2.4
    endloop
  endfacet
  facet normal -0 0 -1
    outer loop
      vertex 27.4 1.87999 2.4
      vertex 15.4 1.86 2.4
      vertex 15.4 1.87999 2.4
    endloop
  endfacet
  facet normal 0 -1 0
    outer loop
      vertex 15.4 1.16 3.08
      vertex 27.4 1.16 3.1
      vertex 15.4 1.16 3.1
    endloop
  endfacet
  facet normal 0 -1 -0
    outer loop
      vertex 27.4 1.16 3.1
      vertex 15.4 1.16 3.08
      vertex 27.4 1.16 3.08
    endloop
  endfacet
  facet normal 0 -0.707107 0.707107
    outer loop
      vertex 15.4 1.16 3.1
      vertex 27.4 1.86 3.8
      vertex 15.4 1.86 3.8
    endloop
  endfacet
  facet normal 0 -0.707107 0.707107
    outer loop
      vertex 27.4 1.86 3.8
      vertex 15.4 1.16 3.1
      vertex 27.4 1.16 3.1
    endloop
  endfacet
  facet normal 0 0.707107 -0.707107
    outer loop
      vertex 27.4 19.74 2.4
      vertex 15.4 20.42 3.08
      vertex 27.4 20.42 3.08
    endloop
  endfacet
  facet normal 0 0.707107 -0.707107
    outer loop
      vertex 15.4 20.42 3.08
      vertex 27.4 19.74 2.4
      vertex 15.4 19.74 2.4
    endloop
  endfacet
  facet normal 0 0 -1
    outer loop
      vertex 15.4 19.72 2.4
      vertex 27.4 19.74 2.4
      vertex 27.4 19.72 2.4
    endloop
  endfacet
  facet normal -0 0 -1
    outer loop
      vertex 27.4 19.74 2.4
      vertex 15.4 19.72 2.4
      vertex 15.4 19.74 2.4
    endloop
  endfacet
  facet normal 0 1 -0
    outer loop
      vertex 27.4 20.42 3.08
      vertex 15.4 20.42 3.1
      vertex 27.4 20.42 3.1
    endloop
  endfacet
  facet normal 0 1 0
    outer loop
      vertex 15.4 20.42 3.1
      vertex 27.4 20.42 3.08
      vertex 15.4 20.42 3.08
    endloop
  endfacet
  facet normal 0 0.717279 0.696786
    outer loop
      vertex 27.4 20.42 3.1
      vertex 15.4 19.74 3.8
      vertex 27.4 19.74 3.8
    endloop
  endfacet
  facet normal 0 0.717279 0.696786
    outer loop
      vertex 15.4 19.74 3.8
      vertex 27.4 20.42 3.1
      vertex 15.4 20.42 3.1
    endloop
  endfacet
  facet normal -1 0 0
    outer loop
      vertex 15.4 19.74 2.4
      vertex 15.4 20.42 3.1
      vertex 15.4 20.42 3.08
    endloop
  endfacet
  facet normal -1 0 0
    outer loop
      vertex 15.4 19.72 2.4
      vertex 15.4 20.42 3.1
      vertex 15.4 19.74 2.4
    endloop
  endfacet
  facet normal -1 0 0
    outer loop
      vertex 15.4 19.72 3.8
      vertex 15.4 20.42 3.1
      vertex 15.4 19.72 2.4
    endloop
  endfacet
  facet normal -1 0 0
    outer loop
      vertex 15.4 20.42 3.1
      vertex 15.4 19.72 3.8
      vertex 15.4 19.74 3.8
    endloop
  endfacet
  facet normal 1 -0 0
    outer loop
      vertex 27.4 19.72 3.8
      vertex 27.4 20.42 3.1
      vertex 27.4 19.74 3.8
    endloop
  endfacet
  facet normal 1 0 0
    outer loop
      vertex 27.4 19.72 2.4
      vertex 27.4 20.42 3.1
      vertex 27.4 19.72 3.8
    endloop
  endfacet
  facet normal 1 0 0
    outer loop
      vertex 27.4 20.42 3.1
      vertex 27.4 19.72 2.4
      vertex 27.4 20.42 3.08
    endloop
  endfacet
  facet normal 1 0 0
    outer loop
      vertex 27.4 20.42 3.08
      vertex 27.4 19.72 2.4
      vertex 27.4 19.74 2.4
    endloop
  endfacet
  facet normal 0 1 -0
    outer loop
      vertex 40.8 21.6 5.72205e-07
      vertex 4.03 21.6 1.6
      vertex 40.8 21.6 1.6
    endloop
  endfacet
  facet normal 0 1 0
    outer loop
      vertex 2 21.6 5.72205e-07
      vertex 4.03 21.6 1.6
      vertex 40.8 21.6 5.72205e-07
    endloop
  endfacet
  facet normal 0 1 0
    outer loop
      vertex 4.03 21.6 1.6
      vertex 2 21.6 5.72205e-07
      vertex 2 21.6 1.6
    endloop
  endfacet
  facet normal 0.0489209 0.998803 -0
    outer loop
      vertex 40.996 21.5904 5.72205e-07
      vertex 40.8 21.6 1.6
      vertex 40.996 21.5904 1.6
    endloop
  endfacet
  facet normal 0.0489209 0.998803 0
    outer loop
      vertex 40.8 21.6 1.6
      vertex 40.996 21.5904 5.72205e-07
      vertex 40.8 21.6 5.72205e-07
    endloop
  endfacet
  facet normal 0.146696 0.989182 -0
    outer loop
      vertex 41.1902 21.5616 5.72205e-07
      vertex 40.996 21.5904 1.6
      vertex 41.1902 21.5616 1.6
    endloop
  endfacet
  facet normal 0.146696 0.989182 0
    outer loop
      vertex 40.996 21.5904 1.6
      vertex 41.1902 21.5616 5.72205e-07
      vertex 40.996 21.5904 5.72205e-07
    endloop
  endfacet
  facet normal -0.0490573 -0.998796 0
    outer loop
      vertex 1.80397 0.00963745 5.72205e-07
      vertex 2 9.15527e-06 1.6
      vertex 1.80397 0.00963745 1.6
    endloop
  endfacet
  facet normal -0.0490573 -0.998796 -0
    outer loop
      vertex 2 9.15527e-06 1.6
      vertex 1.80397 0.00963745 5.72205e-07
      vertex 2 9.15527e-06 5.72205e-07
    endloop
  endfacet
  facet normal 0.0490648 -0.998796 0
    outer loop
      vertex 40.8 9.15527e-06 5.72205e-07
      vertex 40.996 0.00963745 1.6
      vertex 40.8 9.15527e-06 1.6
    endloop
  endfacet
  facet normal 0.0490648 -0.998796 0
    outer loop
      vertex 40.996 0.00963745 1.6
      vertex 40.8 9.15527e-06 5.72205e-07
      vertex 40.996 0.00963745 5.72205e-07
    endloop
  endfacet
  facet normal -0.514072 0.857747 0
    outer loop
      vertex 1.05721 21.3638 5.72205e-07
      vertex 0.888855 21.2629 1.6
      vertex 1.05721 21.3638 1.6
    endloop
  endfacet
  facet normal -0.514072 0.857747 0
    outer loop
      vertex 0.888855 21.2629 1.6
      vertex 1.05721 21.3638 5.72205e-07
      vertex 0.888855 21.2629 5.72205e-07
    endloop
  endfacet
  facet normal 0 -1 0
    outer loop
      vertex 2 9.15527e-06 5.72205e-07
      vertex 4.03 9.15527e-06 1.6
      vertex 2 9.15527e-06 1.6
    endloop
  endfacet
  facet normal 0 -1 0
    outer loop
      vertex 4.03 9.15527e-06 1.6
      vertex 16.4 9.15527e-06 1.182
      vertex 40.8 9.15527e-06 1.6
    endloop
  endfacet
  facet normal 0 -1 0
    outer loop
      vertex 16.4 9.15527e-06 5.72205e-07
      vertex 4.03 9.15527e-06 1.6
      vertex 2 9.15527e-06 5.72205e-07
    endloop
  endfacet
  facet normal 0 -1 0
    outer loop
      vertex 4.03 9.15527e-06 1.6
      vertex 16.4 9.15527e-06 5.72205e-07
      vertex 16.4 9.15527e-06 1.182
    endloop
  endfacet
  facet normal 0 -1 0
    outer loop
      vertex 26.4 9.15527e-06 1.182
      vertex 40.8 9.15527e-06 1.6
      vertex 16.4 9.15527e-06 1.182
    endloop
  endfacet
  facet normal 0 -1 0
    outer loop
      vertex 40.8 9.15527e-06 5.72205e-07
      vertex 26.4 9.15527e-06 1.182
      vertex 26.4 9.15527e-06 5.72205e-07
    endloop
  endfacet
  facet normal 0 -1 0
    outer loop
      vertex 26.4 9.15527e-06 1.182
      vertex 40.8 9.15527e-06 5.72205e-07
      vertex 40.8 9.15527e-06 1.6
    endloop
  endfacet
  facet normal 0 0 -1
    outer loop
      vertex 16.4 9.15527e-06 5.72205e-07
      vertex 2 9.15527e-06 5.72205e-07
      vertex 16.4 1 5.72205e-07
    endloop
  endfacet
  facet normal 0 0 -1
    outer loop
      vertex 40.8 9.15527e-06 5.72205e-07
      vertex 42.8 2.00001 5.72205e-07
      vertex 42.7904 1.80398 5.72205e-07
    endloop
  endfacet
  facet normal -0 0 -1
    outer loop
      vertex 42.8 2.00001 5.72205e-07
      vertex 26.4 1 5.72205e-07
      vertex 42.8 19.6 5.72205e-07
    endloop
  endfacet
  facet normal 0 0 -1
    outer loop
      vertex 40.8 9.15527e-06 5.72205e-07
      vertex 42.7904 1.80398 5.72205e-07
      vertex 42.7616 1.60983 5.72205e-07
    endloop
  endfacet
  facet normal 0 -0 -1
    outer loop
      vertex 40.8 21.6 5.72205e-07
      vertex 42.8 19.6 5.72205e-07
      vertex 26.4 1 5.72205e-07
    endloop
  endfacet
  facet normal 0 0 -1
    outer loop
      vertex 40.8 9.15527e-06 5.72205e-07
      vertex 42.7616 1.60983 5.72205e-07
      vertex 42.7139 1.41944 5.72205e-07
    endloop
  endfacet
  facet normal 0 0 -1
    outer loop
      vertex 42.8 2.00001 5.72205e-07
      vertex 40.8 9.15527e-06 5.72205e-07
      vertex 26.4 1 5.72205e-07
    endloop
  endfacet
  facet normal 0 0 -1
    outer loop
      vertex 40.8 9.15527e-06 5.72205e-07
      vertex 42.7139 1.41944 5.72205e-07
      vertex 42.6478 1.23464 5.72205e-07
    endloop
  endfacet
  facet normal 0 0 -1
    outer loop
      vertex 42.8 19.6 5.72205e-07
      vertex 40.8 21.6 5.72205e-07
      vertex 42.7904 19.796 5.72205e-07
    endloop
  endfacet
  facet normal 0 0 -1
    outer loop
      vertex 40.8 9.15527e-06 5.72205e-07
      vertex 42.6478 1.23464 5.72205e-07
      vertex 42.5638 1.05721 5.72205e-07
    endloop
  endfacet
  facet normal 0 0 -1
    outer loop
      vertex 42.7616 19.9902 5.72205e-07
      vertex 40.8 21.6 5.72205e-07
      vertex 42.7139 20.1806 5.72205e-07
    endloop
  endfacet
  facet normal 0 0 -1
    outer loop
      vertex 40.8 9.15527e-06 5.72205e-07
      vertex 42.5638 1.05721 5.72205e-07
      vertex 42.4629 0.888864 5.72205e-07
    endloop
  endfacet
  facet normal 0 0 -1
    outer loop
      vertex 42.7139 20.1806 5.72205e-07
      vertex 40.8 21.6 5.72205e-07
      vertex 42.6478 20.3654 5.72205e-07
    endloop
  endfacet
  facet normal 0 0 -1
    outer loop
      vertex 40.8 9.15527e-06 5.72205e-07
      vertex 42.4629 0.888864 5.72205e-07
      vertex 42.346 0.731226 5.72205e-07
    endloop
  endfacet
  facet normal 0 0 -1
    outer loop
      vertex 42.6478 20.3654 5.72205e-07
      vertex 40.8 21.6 5.72205e-07
      vertex 42.5638 20.5428 5.72205e-07
    endloop
  endfacet
  facet normal 0 0 -1
    outer loop
      vertex 40.8 9.15527e-06 5.72205e-07
      vertex 42.346 0.731226 5.72205e-07
      vertex 42.2142 0.585794 5.72205e-07
    endloop
  endfacet
  facet normal 0 0 -1
    outer loop
      vertex 42.5638 20.5428 5.72205e-07
      vertex 40.8 21.6 5.72205e-07
      vertex 42.4629 20.7111 5.72205e-07
    endloop
  endfacet
  facet normal 0 0 -1
    outer loop
      vertex 40.8 9.15527e-06 5.72205e-07
      vertex 42.2142 0.585794 5.72205e-07
      vertex 42.0688 0.453989 5.72205e-07
    endloop
  endfacet
  facet normal 0 0 -1
    outer loop
      vertex 42.4629 20.7111 5.72205e-07
      vertex 40.8 21.6 5.72205e-07
      vertex 42.346 20.8688 5.72205e-07
    endloop
  endfacet
  facet normal 0 0 -1
    outer loop
      vertex 40.8 9.15527e-06 5.72205e-07
      vertex 42.0688 0.453989 5.72205e-07
      vertex 41.9111 0.337076 5.72205e-07
    endloop
  endfacet
  facet normal 0 0 -1
    outer loop
      vertex 42.346 20.8688 5.72205e-07
      vertex 40.8 21.6 5.72205e-07
      vertex 42.2142 21.0142 5.72205e-07
    endloop
  endfacet
  facet normal 0 0 -1
    outer loop
      vertex 40.8 9.15527e-06 5.72205e-07
      vertex 41.9111 0.337076 5.72205e-07
      vertex 41.7428 0.236169 5.72205e-07
    endloop
  endfacet
  facet normal 0 0 -1
    outer loop
      vertex 42.2142 21.0142 5.72205e-07
      vertex 40.8 21.6 5.72205e-07
      vertex 42.0688 21.146 5.72205e-07
    endloop
  endfacet
  facet normal 0 0 -1
    outer loop
      vertex 40.8 9.15527e-06 5.72205e-07
      vertex 41.7428 0.236169 5.72205e-07
      vertex 41.5654 0.152246 5.72205e-07
    endloop
  endfacet
  facet normal 0 0 -1
    outer loop
      vertex 42.0688 21.146 5.72205e-07
      vertex 40.8 21.6 5.72205e-07
      vertex 41.9111 21.2629 5.72205e-07
    endloop
  endfacet
  facet normal 0 0 -1
    outer loop
      vertex 40.8 9.15527e-06 5.72205e-07
      vertex 41.5654 0.152246 5.72205e-07
      vertex 41.3806 0.0861298 5.72205e-07
    endloop
  endfacet
  facet normal 0 0 -1
    outer loop
      vertex 41.9111 21.2629 5.72205e-07
      vertex 40.8 21.6 5.72205e-07
      vertex 41.7428 21.3638 5.72205e-07
    endloop
  endfacet
  facet normal 0 0 -1
    outer loop
      vertex 40.8 9.15527e-06 5.72205e-07
      vertex 41.3806 0.0861298 5.72205e-07
      vertex 41.1902 0.038446 5.72205e-07
    endloop
  endfacet
  facet normal 0 0 -1
    outer loop
      vertex 41.7428 21.3638 5.72205e-07
      vertex 40.8 21.6 5.72205e-07
      vertex 41.5654 21.4478 5.72205e-07
    endloop
  endfacet
  facet normal 0 0 -1
    outer loop
      vertex 40.8 9.15527e-06 5.72205e-07
      vertex 41.1902 0.038446 5.72205e-07
      vertex 40.996 0.00963745 5.72205e-07
    endloop
  endfacet
  facet normal 0 0 -1
    outer loop
      vertex 41.5654 21.4478 5.72205e-07
      vertex 40.8 21.6 5.72205e-07
      vertex 41.3806 21.5139 5.72205e-07
    endloop
  endfacet
  facet normal 0 0 -1
    outer loop
      vertex 41.3806 21.5139 5.72205e-07
      vertex 40.8 21.6 5.72205e-07
      vertex 41.1902 21.5616 5.72205e-07
    endloop
  endfacet
  facet normal 0 0 -1
    outer loop
      vertex 41.1902 21.5616 5.72205e-07
      vertex 40.8 21.6 5.72205e-07
      vertex 40.996 21.5904 5.72205e-07
    endloop
  endfacet
  facet normal 0 0 -1
    outer loop
      vertex 26.4 1 5.72205e-07
      vertex 40.8 9.15527e-06 5.72205e-07
      vertex 26.4 9.15527e-06 5.72205e-07
    endloop
  endfacet
  facet normal 0 0 -1
    outer loop
      vertex 42.7904 19.796 5.72205e-07
      vertex 40.8 21.6 5.72205e-07
      vertex 42.7616 19.9902 5.72205e-07
    endloop
  endfacet
  facet normal 0 0 -1
    outer loop
      vertex 16.4 1 5.72205e-07
      vertex 40.8 21.6 5.72205e-07
      vertex 26.4 1 5.72205e-07
    endloop
  endfacet
  facet normal 0 0 -1
    outer loop
      vertex 0 2.00001 5.72205e-07
      vertex 16.4 1 5.72205e-07
      vertex 2 9.15527e-06 5.72205e-07
    endloop
  endfacet
  facet normal 0 0 -1
    outer loop
      vertex 16.4 1 5.72205e-07
      vertex 2 21.6 5.72205e-07
      vertex 40.8 21.6 5.72205e-07
    endloop
  endfacet
  facet normal 0 0 -1
    outer loop
      vertex 0 2.00001 5.72205e-07
      vertex 2 9.15527e-06 5.72205e-07
      vertex 1.80397 0.00963745 5.72205e-07
    endloop
  endfacet
  facet normal 0 0 -1
    outer loop
      vertex 0 19.6 5.72205e-07
      vertex 16.4 1 5.72205e-07
      vertex 0 2.00001 5.72205e-07
    endloop
  endfacet
  facet normal 0 0 -1
    outer loop
      vertex 0 2.00001 5.72205e-07
      vertex 1.80397 0.00963745 5.72205e-07
      vertex 1.60982 0.038446 5.72205e-07
    endloop
  endfacet
  facet normal 0 0 -1
    outer loop
      vertex 16.4 1 5.72205e-07
      vertex 0 19.6 5.72205e-07
      vertex 2 21.6 5.72205e-07
    endloop
  endfacet
  facet normal 0 0 -1
    outer loop
      vertex 0 2.00001 5.72205e-07
      vertex 1.60982 0.038446 5.72205e-07
      vertex 1.41943 0.0861298 5.72205e-07
    endloop
  endfacet
  facet normal 0 0 -1
    outer loop
      vertex 2 21.6 5.72205e-07
      vertex 0 19.6 5.72205e-07
      vertex 1.80397 21.5904 5.72205e-07
    endloop
  endfacet
  facet normal 0 0 -1
    outer loop
      vertex 0 2.00001 5.72205e-07
      vertex 1.41943 0.0861298 5.72205e-07
      vertex 1.23463 0.152246 5.72205e-07
    endloop
  endfacet
  facet normal 0 0 -1
    outer loop
      vertex 1.80397 21.5904 5.72205e-07
      vertex 0 19.6 5.72205e-07
      vertex 1.60982 21.5616 5.72205e-07
    endloop
  endfacet
  facet normal 0 0 -1
    outer loop
      vertex 0 2.00001 5.72205e-07
      vertex 1.23463 0.152246 5.72205e-07
      vertex 1.05721 0.236169 5.72205e-07
    endloop
  endfacet
  facet normal 0 0 -1
    outer loop
      vertex 1.60982 21.5616 5.72205e-07
      vertex 0 19.6 5.72205e-07
      vertex 1.41943 21.5139 5.72205e-07
    endloop
  endfacet
  facet normal 0 0 -1
    outer loop
      vertex 0 2.00001 5.72205e-07
      vertex 1.05721 0.236169 5.72205e-07
      vertex 0.888855 0.337076 5.72205e-07
    endloop
  endfacet
  facet normal 0 0 -1
    outer loop
      vertex 1.41943 21.5139 5.72205e-07
      vertex 0 19.6 5.72205e-07
      vertex 1.23463 21.4478 5.72205e-07
    endloop
  endfacet
  facet normal 0 0 -1
    outer loop
      vertex 0 2.00001 5.72205e-07
      vertex 0.888855 0.337076 5.72205e-07
      vertex 0.731216 0.453989 5.72205e-07
    endloop
  endfacet
  facet normal 0 0 -1
    outer loop
      vertex 1.23463 21.4478 5.72205e-07
      vertex 0 19.6 5.72205e-07
      vertex 1.05721 21.3638 5.72205e-07
    endloop
  endfacet
  facet normal 0 0 -1
    outer loop
      vertex 0 2.00001 5.72205e-07
      vertex 0.731216 0.453989 5.72205e-07
      vertex 0.585785 0.585794 5.72205e-07
    endloop
  endfacet
  facet normal 0 0 -1
    outer loop
      vertex 1.05721 21.3638 5.72205e-07
      vertex 0 19.6 5.72205e-07
      vertex 0.888855 21.2629 5.72205e-07
    endloop
  endfacet
  facet normal 0 0 -1
    outer loop
      vertex 0 2.00001 5.72205e-07
      vertex 0.585785 0.585794 5.72205e-07
      vertex 0.453979 0.731226 5.72205e-07
    endloop
  endfacet
  facet normal 0 0 -1
    outer loop
      vertex 0.888855 21.2629 5.72205e-07
      vertex 0 19.6 5.72205e-07
      vertex 0.731216 21.146 5.72205e-07
    endloop
  endfacet
  facet normal 0 0 -1
    outer loop
      vertex 0 2.00001 5.72205e-07
      vertex 0.453979 0.731226 5.72205e-07
      vertex 0.337067 0.888864 5.72205e-07
    endloop
  endfacet
  facet normal 0 0 -1
    outer loop
      vertex 0.731216 21.146 5.72205e-07
      vertex 0 19.6 5.72205e-07
      vertex 0.585785 21.0142 5.72205e-07
    endloop
  endfacet
  facet normal 0 0 -1
    outer loop
      vertex 0 2.00001 5.72205e-07
      vertex 0.337067 0.888864 5.72205e-07
      vertex 0.23616 1.05721 5.72205e-07
    endloop
  endfacet
  facet normal 0 0 -1
    outer loop
      vertex 0.585785 21.0142 5.72205e-07
      vertex 0 19.6 5.72205e-07
      vertex 0.453979 20.8688 5.72205e-07
    endloop
  endfacet
  facet normal 0 0 -1
    outer loop
      vertex 0 2.00001 5.72205e-07
      vertex 0.23616 1.05721 5.72205e-07
      vertex 0.152237 1.23464 5.72205e-07
    endloop
  endfacet
  facet normal 0 0 -1
    outer loop
      vertex 0.453979 20.8688 5.72205e-07
      vertex 0 19.6 5.72205e-07
      vertex 0.337067 20.7111 5.72205e-07
    endloop
  endfacet
  facet normal 0 0 -1
    outer loop
      vertex 0 2.00001 5.72205e-07
      vertex 0.152237 1.23464 5.72205e-07
      vertex 0.0861206 1.41944 5.72205e-07
    endloop
  endfacet
  facet normal 0 0 -1
    outer loop
      vertex 0.337067 20.7111 5.72205e-07
      vertex 0 19.6 5.72205e-07
      vertex 0.23616 20.5428 5.72205e-07
    endloop
  endfacet
  facet normal 0 0 -1
    outer loop
      vertex 0 2.00001 5.72205e-07
      vertex 0.0861206 1.41944 5.72205e-07
      vertex 0.0384369 1.60983 5.72205e-07
    endloop
  endfacet
  facet normal 0 0 -1
    outer loop
      vertex 0.23616 20.5428 5.72205e-07
      vertex 0 19.6 5.72205e-07
      vertex 0.152237 20.3654 5.72205e-07
    endloop
  endfacet
  facet normal 0 0 -1
    outer loop
      vertex 0 2.00001 5.72205e-07
      vertex 0.0384369 1.60983 5.72205e-07
      vertex 0.0096283 1.80398 5.72205e-07
    endloop
  endfacet
  facet normal 0 0 -1
    outer loop
      vertex 0.152237 20.3654 5.72205e-07
      vertex 0 19.6 5.72205e-07
      vertex 0.0861206 20.1806 5.72205e-07
    endloop
  endfacet
  facet normal 0 0 -1
    outer loop
      vertex 0.0861206 20.1806 5.72205e-07
      vertex 0 19.6 5.72205e-07
      vertex 0.0384369 19.9902 5.72205e-07
    endloop
  endfacet
  facet normal 0 0 -1
    outer loop
      vertex 0.0384369 19.9902 5.72205e-07
      vertex 0 19.6 5.72205e-07
      vertex 0.0096283 19.796 5.72205e-07
    endloop
  endfacet
  facet normal 0 0 1
    outer loop
      vertex 40.8942 19.2942 1.6
      vertex 42.8 19.6 1.6
      vertex 42.7904 19.796 1.6
    endloop
  endfacet
  facet normal 0 0 1
    outer loop
      vertex 42.8 19.6 1.6
      vertex 40.92 19.12 1.6
      vertex 42.8 2.00001 1.6
    endloop
  endfacet
  facet normal 0 0 1
    outer loop
      vertex 40.8743 19.3496 1.6
      vertex 42.7904 19.796 1.6
      vertex 42.7616 19.9902 1.6
    endloop
  endfacet
  facet normal -0 0 1
    outer loop
      vertex 40.92 2.48 1.6
      vertex 42.8 2.00001 1.6
      vertex 40.92 19.12 1.6
    endloop
  endfacet
  facet normal 0 0 1
    outer loop
      vertex 40.8492 19.4028 1.6
      vertex 42.7616 19.9902 1.6
      vertex 42.7139 20.1806 1.6
    endloop
  endfacet
  facet normal -0 0 1
    outer loop
      vertex 40.9171 2.42119 1.6
      vertex 42.8 2.00001 1.6
      vertex 40.92 2.48 1.6
    endloop
  endfacet
  facet normal 0 0 1
    outer loop
      vertex 40.8492 19.4028 1.6
      vertex 42.7139 20.1806 1.6
      vertex 42.6478 20.3654 1.6
    endloop
  endfacet
  facet normal -0 0 1
    outer loop
      vertex 40.9085 2.36295 1.6
      vertex 42.8 2.00001 1.6
      vertex 40.9171 2.42119 1.6
    endloop
  endfacet
  facet normal 0 0 1
    outer loop
      vertex 40.8189 19.4533 1.6
      vertex 42.6478 20.3654 1.6
      vertex 42.5638 20.5428 1.6
    endloop
  endfacet
  facet normal -0 0 1
    outer loop
      vertex 40.8942 2.30584 1.6
      vertex 42.8 2.00001 1.6
      vertex 40.9085 2.36295 1.6
    endloop
  endfacet
  facet normal 0 0 1
    outer loop
      vertex 40.8189 19.4533 1.6
      vertex 42.5638 20.5428 1.6
      vertex 42.4629 20.7111 1.6
    endloop
  endfacet
  facet normal 0 0 1
    outer loop
      vertex 42.8 2.00001 1.6
      vertex 40.8942 2.30584 1.6
      vertex 42.7904 1.80398 1.6
    endloop
  endfacet
  facet normal 0 0 1
    outer loop
      vertex 40.7838 19.5006 1.6
      vertex 42.4629 20.7111 1.6
      vertex 42.346 20.8688 1.6
    endloop
  endfacet
  facet normal -0 0 1
    outer loop
      vertex 40.8743 2.25039 1.6
      vertex 42.7904 1.80398 1.6
      vertex 40.8942 2.30584 1.6
    endloop
  endfacet
  facet normal 0 0 1
    outer loop
      vertex 40.7443 19.5443 1.6
      vertex 42.346 20.8688 1.6
      vertex 42.2142 21.0142 1.6
    endloop
  endfacet
  facet normal 0 0 1
    outer loop
      vertex 42.7904 1.80398 1.6
      vertex 40.8743 2.25039 1.6
      vertex 42.7616 1.60983 1.6
    endloop
  endfacet
  facet normal 0 0 1
    outer loop
      vertex 40.7443 19.5443 1.6
      vertex 42.2142 21.0142 1.6
      vertex 42.0688 21.146 1.6
    endloop
  endfacet
  facet normal -0 0 1
    outer loop
      vertex 40.8492 2.19716 1.6
      vertex 42.7616 1.60983 1.6
      vertex 40.8743 2.25039 1.6
    endloop
  endfacet
  facet normal 0 0 1
    outer loop
      vertex 40.7006 19.5838 1.6
      vertex 42.0688 21.146 1.6
      vertex 41.9111 21.2629 1.6
    endloop
  endfacet
  facet normal 0 0 1
    outer loop
      vertex 42.7616 1.60983 1.6
      vertex 40.8492 2.19716 1.6
      vertex 42.7139 1.41944 1.6
    endloop
  endfacet
  facet normal 0 0 1
    outer loop
      vertex 40.7006 19.5838 1.6
      vertex 41.9111 21.2629 1.6
      vertex 41.7428 21.3638 1.6
    endloop
  endfacet
  facet normal 0 0 1
    outer loop
      vertex 42.7139 1.41944 1.6
      vertex 40.8492 2.19716 1.6
      vertex 42.6478 1.23464 1.6
    endloop
  endfacet
  facet normal 0 0 1
    outer loop
      vertex 40.6533 19.6189 1.6
      vertex 41.7428 21.3638 1.6
      vertex 41.5654 21.4478 1.6
    endloop
  endfacet
  facet normal -0 0 1
    outer loop
      vertex 40.8189 2.14666 1.6
      vertex 42.6478 1.23464 1.6
      vertex 40.8492 2.19716 1.6
    endloop
  endfacet
  facet normal 0 0 1
    outer loop
      vertex 40.6028 19.6492 1.6
      vertex 41.5654 21.4478 1.6
      vertex 41.3806 21.5139 1.6
    endloop
  endfacet
  facet normal 0 0 1
    outer loop
      vertex 42.6478 1.23464 1.6
      vertex 40.8189 2.14666 1.6
      vertex 42.5638 1.05721 1.6
    endloop
  endfacet
  facet normal 0 0 1
    outer loop
      vertex 40.6028 19.6492 1.6
      vertex 41.3806 21.5139 1.6
      vertex 41.1902 21.5616 1.6
    endloop
  endfacet
  facet normal 0 0 1
    outer loop
      vertex 42.5638 1.05721 1.6
      vertex 40.8189 2.14666 1.6
      vertex 42.4629 0.888864 1.6
    endloop
  endfacet
  facet normal 0 0 1
    outer loop
      vertex 40.5496 19.6743 1.6
      vertex 41.1902 21.5616 1.6
      vertex 40.996 21.5904 1.6
    endloop
  endfacet
  facet normal -0 0 1
    outer loop
      vertex 40.7838 2.09937 1.6
      vertex 42.4629 0.888864 1.6
      vertex 40.8189 2.14666 1.6
    endloop
  endfacet
  facet normal 0 0 1
    outer loop
      vertex 42.4629 0.888864 1.6
      vertex 40.7838 2.09937 1.6
      vertex 42.346 0.731226 1.6
    endloop
  endfacet
  facet normal 0 0 1
    outer loop
      vertex 42.8 19.6 1.6
      vertex 40.9171 19.1788 1.6
      vertex 40.92 19.12 1.6
    endloop
  endfacet
  facet normal 0 0 1
    outer loop
      vertex 42.8 19.6 1.6
      vertex 40.9085 19.2371 1.6
      vertex 40.9171 19.1788 1.6
    endloop
  endfacet
  facet normal 0 0 1
    outer loop
      vertex 42.8 19.6 1.6
      vertex 40.8942 19.2942 1.6
      vertex 40.9085 19.2371 1.6
    endloop
  endfacet
  facet normal 0 0 1
    outer loop
      vertex 42.7904 19.796 1.6
      vertex 40.8743 19.3496 1.6
      vertex 40.8942 19.2942 1.6
    endloop
  endfacet
  facet normal 0 0 1
    outer loop
      vertex 42.7616 19.9902 1.6
      vertex 40.8492 19.4028 1.6
      vertex 40.8743 19.3496 1.6
    endloop
  endfacet
  facet normal 0 0 1
    outer loop
      vertex 42.6478 20.3654 1.6
      vertex 40.8189 19.4533 1.6
      vertex 40.8492 19.4028 1.6
    endloop
  endfacet
  facet normal 0 0 1
    outer loop
      vertex 40.5496 19.6743 1.6
      vertex 40.996 21.5904 1.6
      vertex 40.8 21.6 1.6
    endloop
  endfacet
  facet normal 0 0 1
    outer loop
      vertex 42.4629 20.7111 1.6
      vertex 40.7838 19.5006 1.6
      vertex 40.8189 19.4533 1.6
    endloop
  endfacet
  facet normal 0 0 1
    outer loop
      vertex 42.346 20.8688 1.6
      vertex 40.7443 19.5443 1.6
      vertex 40.7838 19.5006 1.6
    endloop
  endfacet
  facet normal 0 0 1
    outer loop
      vertex 42.0688 21.146 1.6
      vertex 40.7006 19.5838 1.6
      vertex 40.7443 19.5443 1.6
    endloop
  endfacet
  facet normal 0 0 1
    outer loop
      vertex 41.7428 21.3638 1.6
      vertex 40.6533 19.6189 1.6
      vertex 40.7006 19.5838 1.6
    endloop
  endfacet
  facet normal 0 0 1
    outer loop
      vertex 41.5654 21.4478 1.6
      vertex 40.6028 19.6492 1.6
      vertex 40.6533 19.6189 1.6
    endloop
  endfacet
  facet normal 0 0 1
    outer loop
      vertex 41.1902 21.5616 1.6
      vertex 40.5496 19.6743 1.6
      vertex 40.6028 19.6492 1.6
    endloop
  endfacet
  facet normal 0 0 1
    outer loop
      vertex 40.8 21.6 1.6
      vertex 40.4942 19.6942 1.6
      vertex 40.5496 19.6743 1.6
    endloop
  endfacet
  facet normal 0 0 1
    outer loop
      vertex 40.8 21.6 1.6
      vertex 40.437 19.7085 1.6
      vertex 40.4942 19.6942 1.6
    endloop
  endfacet
  facet normal 0 0 1
    outer loop
      vertex 40.8 21.6 1.6
      vertex 40.3788 19.7171 1.6
      vertex 40.437 19.7085 1.6
    endloop
  endfacet
  facet normal 0 0 1
    outer loop
      vertex 40.8 21.6 1.6
      vertex 40.32 19.72 1.6
      vertex 40.3788 19.7171 1.6
    endloop
  endfacet
  facet normal -0 0 1
    outer loop
      vertex 4.03 21.6 1.6
      vertex 40.32 19.72 1.6
      vertex 40.8 21.6 1.6
    endloop
  endfacet
  facet normal 0 0 1
    outer loop
      vertex 40.32 19.72 1.6
      vertex 4.03 21.6 1.6
      vertex 4.03 19.72 1.6
    endloop
  endfacet
  facet normal -0 0 1
    outer loop
      vertex 40.7443 2.05573 1.6
      vertex 42.346 0.731226 1.6
      vertex 40.7838 2.09937 1.6
    endloop
  endfacet
  facet normal 0 0 1
    outer loop
      vertex 42.346 0.731226 1.6
      vertex 40.7443 2.05573 1.6
      vertex 42.2142 0.585794 1.6
    endloop
  endfacet
  facet normal 0 0 1
    outer loop
      vertex 42.2142 0.585794 1.6
      vertex 40.7443 2.05573 1.6
      vertex 42.0688 0.453989 1.6
    endloop
  endfacet
  facet normal -0 0 1
    outer loop
      vertex 40.7006 2.01619 1.6
      vertex 42.0688 0.453989 1.6
      vertex 40.7443 2.05573 1.6
    endloop
  endfacet
  facet normal 0 0 1
    outer loop
      vertex 42.0688 0.453989 1.6
      vertex 40.7006 2.01619 1.6
      vertex 41.9111 0.337076 1.6
    endloop
  endfacet
  facet normal 0 0 1
    outer loop
      vertex 41.9111 0.337076 1.6
      vertex 40.7006 2.01619 1.6
      vertex 41.7428 0.236169 1.6
    endloop
  endfacet
  facet normal -0 0 1
    outer loop
      vertex 40.6533 1.98111 1.6
      vertex 41.7428 0.236169 1.6
      vertex 40.7006 2.01619 1.6
    endloop
  endfacet
  facet normal 0 0 1
    outer loop
      vertex 41.7428 0.236169 1.6
      vertex 40.6533 1.98111 1.6
      vertex 41.5654 0.152246 1.6
    endloop
  endfacet
  facet normal -0 0 1
    outer loop
      vertex 40.6028 1.95084 1.6
      vertex 41.5654 0.152246 1.6
      vertex 40.6533 1.98111 1.6
    endloop
  endfacet
  facet normal 0 0 1
    outer loop
      vertex 41.5654 0.152246 1.6
      vertex 40.6028 1.95084 1.6
      vertex 41.3806 0.0861298 1.6
    endloop
  endfacet
  facet normal 0 0 1
    outer loop
      vertex 41.3806 0.0861298 1.6
      vertex 40.6028 1.95084 1.6
      vertex 41.1902 0.038446 1.6
    endloop
  endfacet
  facet normal -0 0 1
    outer loop
      vertex 40.5496 1.92568 1.6
      vertex 41.1902 0.038446 1.6
      vertex 40.6028 1.95084 1.6
    endloop
  endfacet
  facet normal 0 0 1
    outer loop
      vertex 41.1902 0.038446 1.6
      vertex 40.5496 1.92568 1.6
      vertex 40.996 0.00963745 1.6
    endloop
  endfacet
  facet normal 0 0 1
    outer loop
      vertex 40.996 0.00963745 1.6
      vertex 40.5496 1.92568 1.6
      vertex 40.8 9.15527e-06 1.6
    endloop
  endfacet
  facet normal -0 0 1
    outer loop
      vertex 40.4942 1.90584 1.6
      vertex 40.8 9.15527e-06 1.6
      vertex 40.5496 1.92568 1.6
    endloop
  endfacet
  facet normal -0 0 1
    outer loop
      vertex 40.437 1.89153 1.6
      vertex 40.8 9.15527e-06 1.6
      vertex 40.4942 1.90584 1.6
    endloop
  endfacet
  facet normal -0 0 1
    outer loop
      vertex 40.3788 1.88289 1.6
      vertex 40.8 9.15527e-06 1.6
      vertex 40.437 1.89153 1.6
    endloop
  endfacet
  facet normal -0 0 1
    outer loop
      vertex 40.32 1.87999 1.6
      vertex 40.8 9.15527e-06 1.6
      vertex 40.3788 1.88289 1.6
    endloop
  endfacet
  facet normal 0 0 1
    outer loop
      vertex 4.03 9.15527e-06 1.6
      vertex 40.32 1.87999 1.6
      vertex 4.03 1.87999 1.6
    endloop
  endfacet
  facet normal 0 0 1
    outer loop
      vertex 40.32 1.87999 1.6
      vertex 4.03 9.15527e-06 1.6
      vertex 40.8 9.15527e-06 1.6
    endloop
  endfacet
  facet normal -0 0 1
    outer loop
      vertex 2 21.6 1.6
      vertex 4.03 19.72 1.6
      vertex 4.03 21.6 1.6
    endloop
  endfacet
  facet normal 0 0 1
    outer loop
      vertex 4.03 19.72 1.6
      vertex 3.23 18.57 1.6
      vertex 4.03 18.57 1.6
    endloop
  endfacet
  facet normal 0 0 1
    outer loop
      vertex 4.03 19.72 1.6
      vertex 3.21039 18.569 1.6
      vertex 3.23 18.57 1.6
    endloop
  endfacet
  facet normal 0 -0 1
    outer loop
      vertex 3.13572 18.5464 1.6
      vertex 4.03 19.72 1.6
      vertex 2 21.6 1.6
    endloop
  endfacet
  facet normal 0 0 1
    outer loop
      vertex 4.03 19.72 1.6
      vertex 3.19098 18.5662 1.6
      vertex 3.21039 18.569 1.6
    endloop
  endfacet
  facet normal 0 0 1
    outer loop
      vertex 4.03 19.72 1.6
      vertex 3.17194 18.5614 1.6
      vertex 3.19098 18.5662 1.6
    endloop
  endfacet
  facet normal 0 0 1
    outer loop
      vertex 4.03 19.72 1.6
      vertex 3.15346 18.5548 1.6
      vertex 3.17194 18.5614 1.6
    endloop
  endfacet
  facet normal 0 0 1
    outer loop
      vertex 4.03 19.72 1.6
      vertex 3.13572 18.5464 1.6
      vertex 3.15346 18.5548 1.6
    endloop
  endfacet
  facet normal 0 0 1
    outer loop
      vertex 3.13572 18.5464 1.6
      vertex 2 21.6 1.6
      vertex 3.11889 18.5363 1.6
    endloop
  endfacet
  facet normal 0 0 1
    outer loop
      vertex 3.11889 18.5363 1.6
      vertex 2 21.6 1.6
      vertex 3.10312 18.5246 1.6
    endloop
  endfacet
  facet normal -0 0 1
    outer loop
      vertex 1.80397 21.5904 1.6
      vertex 3.10312 18.5246 1.6
      vertex 2 21.6 1.6
    endloop
  endfacet
  facet normal -0 0 1
    outer loop
      vertex 1.60982 21.5616 1.6
      vertex 3.10312 18.5246 1.6
      vertex 1.80397 21.5904 1.6
    endloop
  endfacet
  facet normal -0 0 1
    outer loop
      vertex 1.41943 21.5139 1.6
      vertex 3.10312 18.5246 1.6
      vertex 1.60982 21.5616 1.6
    endloop
  endfacet
  facet normal 0 0 1
    outer loop
      vertex 3.10312 18.5246 1.6
      vertex 1.41943 21.5139 1.6
      vertex 3.08858 18.5114 1.6
    endloop
  endfacet
  facet normal -0 0 1
    outer loop
      vertex 1.23463 21.4478 1.6
      vertex 3.08858 18.5114 1.6
      vertex 1.41943 21.5139 1.6
    endloop
  endfacet
  facet normal -0 0 1
    outer loop
      vertex 0.453979 20.8688 1.6
      vertex 3.08858 18.5114 1.6
      vertex 0.585785 21.0142 1.6
    endloop
  endfacet
  facet normal -0 0 1
    outer loop
      vertex 0.585785 21.0142 1.6
      vertex 3.08858 18.5114 1.6
      vertex 0.731216 21.146 1.6
    endloop
  endfacet
  facet normal -0 0 1
    outer loop
      vertex 0.731216 21.146 1.6
      vertex 3.08858 18.5114 1.6
      vertex 0.888855 21.2629 1.6
    endloop
  endfacet
  facet normal -0 0 1
    outer loop
      vertex 0.888855 21.2629 1.6
      vertex 3.08858 18.5114 1.6
      vertex 1.05721 21.3638 1.6
    endloop
  endfacet
  facet normal -0 0 1
    outer loop
      vertex 1.05721 21.3638 1.6
      vertex 3.08858 18.5114 1.6
      vertex 1.23463 21.4478 1.6
    endloop
  endfacet
  facet normal -0 0 1
    outer loop
      vertex 3.23 3.03 1.6
      vertex 4.03 1.87999 1.6
      vertex 4.03 3.03 1.6
    endloop
  endfacet
  facet normal 0 0 1
    outer loop
      vertex 3.21039 3.03097 1.6
      vertex 4.03 1.87999 1.6
      vertex 3.23 3.03 1.6
    endloop
  endfacet
  facet normal 0 0 1
    outer loop
      vertex 3.19098 3.03385 1.6
      vertex 4.03 1.87999 1.6
      vertex 3.21039 3.03097 1.6
    endloop
  endfacet
  facet normal 0 0 1
    outer loop
      vertex 3.17194 3.03861 1.6
      vertex 4.03 1.87999 1.6
      vertex 3.19098 3.03385 1.6
    endloop
  endfacet
  facet normal 0 0 1
    outer loop
      vertex 3.15346 3.04523 1.6
      vertex 4.03 1.87999 1.6
      vertex 3.17194 3.03861 1.6
    endloop
  endfacet
  facet normal 0 0 1
    outer loop
      vertex 3.13572 3.05361 1.6
      vertex 4.03 1.87999 1.6
      vertex 3.15346 3.04523 1.6
    endloop
  endfacet
  facet normal 0 0 1
    outer loop
      vertex 4.03 1.87999 1.6
      vertex 3.13572 3.05361 1.6
      vertex 2 9.15527e-06 1.6
    endloop
  endfacet
  facet normal 0 0 1
    outer loop
      vertex 2 9.15527e-06 1.6
      vertex 3.13572 3.05361 1.6
      vertex 3.11889 3.06371 1.6
    endloop
  endfacet
  facet normal 0 0 1
    outer loop
      vertex 2 9.15527e-06 1.6
      vertex 3.11889 3.06371 1.6
      vertex 3.10312 3.0754 1.6
    endloop
  endfacet
  facet normal 0 0 1
    outer loop
      vertex 1.41943 0.0861298 1.6
      vertex 3.10312 3.0754 1.6
      vertex 3.08858 3.08858 1.6
    endloop
  endfacet
  facet normal 0 0 1
    outer loop
      vertex 0.23616 1.05721 1.6
      vertex 3.08858 3.08858 1.6
      vertex 3.0754 3.10312 1.6
    endloop
  endfacet
  facet normal 0 0 1
    outer loop
      vertex 0 2.00001 1.6
      vertex 3.0754 3.10312 1.6
      vertex 3.06371 3.11889 1.6
    endloop
  endfacet
  facet normal 0 0 1
    outer loop
      vertex 0 2.00001 1.6
      vertex 3.06371 3.11889 1.6
      vertex 3.05361 3.13572 1.6
    endloop
  endfacet
  facet normal 0 0 1
    outer loop
      vertex 0 2.00001 1.6
      vertex 3.05361 3.13572 1.6
      vertex 3.04523 3.15346 1.6
    endloop
  endfacet
  facet normal 0 0 1
    outer loop
      vertex 0 2.00001 1.6
      vertex 3.04523 3.15346 1.6
      vertex 3.03861 3.17194 1.6
    endloop
  endfacet
  facet normal 0 0 1
    outer loop
      vertex 3.03 18.37 1.6
      vertex 0 19.6 1.6
      vertex 3.03 3.23 1.6
    endloop
  endfacet
  facet normal 0 0 1
    outer loop
      vertex 4.03 1.87999 1.6
      vertex 2 9.15527e-06 1.6
      vertex 4.03 9.15527e-06 1.6
    endloop
  endfacet
  facet normal 0 0 1
    outer loop
      vertex 0 2.00001 1.6
      vertex 3.03861 3.17194 1.6
      vertex 3.03385 3.19098 1.6
    endloop
  endfacet
  facet normal 0 0 1
    outer loop
      vertex 0 2.00001 1.6
      vertex 3.03385 3.19098 1.6
      vertex 3.03096 3.21039 1.6
    endloop
  endfacet
  facet normal 0 0 1
    outer loop
      vertex 0 2.00001 1.6
      vertex 3.03 3.23 1.6
      vertex 0 19.6 1.6
    endloop
  endfacet
  facet normal -0 0 1
    outer loop
      vertex 0.337067 20.7111 1.6
      vertex 3.08858 18.5114 1.6
      vertex 0.453979 20.8688 1.6
    endloop
  endfacet
  facet normal 0 0 1
    outer loop
      vertex 3.03 3.23 1.6
      vertex 0 2.00001 1.6
      vertex 3.03096 3.21039 1.6
    endloop
  endfacet
  facet normal -0 0 1
    outer loop
      vertex 0.23616 20.5428 1.6
      vertex 3.08858 18.5114 1.6
      vertex 0.337067 20.7111 1.6
    endloop
  endfacet
  facet normal 0 0 1
    outer loop
      vertex 3.0754 3.10312 1.6
      vertex 0 2.00001 1.6
      vertex 0.0096283 1.80398 1.6
    endloop
  endfacet
  facet normal 0 0 1
    outer loop
      vertex 3.08858 18.5114 1.6
      vertex 0.23616 20.5428 1.6
      vertex 3.0754 18.4969 1.6
    endloop
  endfacet
  facet normal 0 0 1
    outer loop
      vertex 3.10312 3.0754 1.6
      vertex 1.80397 0.00963745 1.6
      vertex 2 9.15527e-06 1.6
    endloop
  endfacet
  facet normal -0 0 1
    outer loop
      vertex 0.152237 20.3654 1.6
      vertex 3.0754 18.4969 1.6
      vertex 0.23616 20.5428 1.6
    endloop
  endfacet
  facet normal 0 0 1
    outer loop
      vertex 3.10312 3.0754 1.6
      vertex 1.60982 0.038446 1.6
      vertex 1.80397 0.00963745 1.6
    endloop
  endfacet
  facet normal -0 0 1
    outer loop
      vertex 0.0861206 20.1806 1.6
      vertex 3.0754 18.4969 1.6
      vertex 0.152237 20.3654 1.6
    endloop
  endfacet
  facet normal 0 0 1
    outer loop
      vertex 3.10312 3.0754 1.6
      vertex 1.41943 0.0861298 1.6
      vertex 1.60982 0.038446 1.6
    endloop
  endfacet
  facet normal -0 0 1
    outer loop
      vertex 0.0384369 19.9902 1.6
      vertex 3.0754 18.4969 1.6
      vertex 0.0861206 20.1806 1.6
    endloop
  endfacet
  facet normal 0 0 1
    outer loop
      vertex 3.08858 3.08858 1.6
      vertex 1.23463 0.152246 1.6
      vertex 1.41943 0.0861298 1.6
    endloop
  endfacet
  facet normal -0 0 1
    outer loop
      vertex 0.0096283 19.796 1.6
      vertex 3.0754 18.4969 1.6
      vertex 0.0384369 19.9902 1.6
    endloop
  endfacet
  facet normal 0 0 1
    outer loop
      vertex 3.08858 3.08858 1.6
      vertex 1.05721 0.236169 1.6
      vertex 1.23463 0.152246 1.6
    endloop
  endfacet
  facet normal -0 0 1
    outer loop
      vertex 0 19.6 1.6
      vertex 3.0754 18.4969 1.6
      vertex 0.0096283 19.796 1.6
    endloop
  endfacet
  facet normal 0 0 1
    outer loop
      vertex 3.08858 3.08858 1.6
      vertex 0.888855 0.337076 1.6
      vertex 1.05721 0.236169 1.6
    endloop
  endfacet
  facet normal 0 0 1
    outer loop
      vertex 3.0754 18.4969 1.6
      vertex 0 19.6 1.6
      vertex 3.06371 18.4811 1.6
    endloop
  endfacet
  facet normal 0 0 1
    outer loop
      vertex 3.08858 3.08858 1.6
      vertex 0.731216 0.453989 1.6
      vertex 0.888855 0.337076 1.6
    endloop
  endfacet
  facet normal 0 0 1
    outer loop
      vertex 3.06371 18.4811 1.6
      vertex 0 19.6 1.6
      vertex 3.05361 18.4643 1.6
    endloop
  endfacet
  facet normal 0 0 1
    outer loop
      vertex 3.08858 3.08858 1.6
      vertex 0.585785 0.585794 1.6
      vertex 0.731216 0.453989 1.6
    endloop
  endfacet
  facet normal 0 0 1
    outer loop
      vertex 3.05361 18.4643 1.6
      vertex 0 19.6 1.6
      vertex 3.04523 18.4465 1.6
    endloop
  endfacet
  facet normal 0 0 1
    outer loop
      vertex 3.08858 3.08858 1.6
      vertex 0.453979 0.731226 1.6
      vertex 0.585785 0.585794 1.6
    endloop
  endfacet
  facet normal 0 0 1
    outer loop
      vertex 3.04523 18.4465 1.6
      vertex 0 19.6 1.6
      vertex 3.03861 18.4281 1.6
    endloop
  endfacet
  facet normal 0 0 1
    outer loop
      vertex 3.08858 3.08858 1.6
      vertex 0.337067 0.888864 1.6
      vertex 0.453979 0.731226 1.6
    endloop
  endfacet
  facet normal 0 0 1
    outer loop
      vertex 3.03861 18.4281 1.6
      vertex 0 19.6 1.6
      vertex 3.03385 18.409 1.6
    endloop
  endfacet
  facet normal 0 0 1
    outer loop
      vertex 3.08858 3.08858 1.6
      vertex 0.23616 1.05721 1.6
      vertex 0.337067 0.888864 1.6
    endloop
  endfacet
  facet normal 0 0 1
    outer loop
      vertex 3.03385 18.409 1.6
      vertex 0 19.6 1.6
      vertex 3.03096 18.3896 1.6
    endloop
  endfacet
  facet normal 0 0 1
    outer loop
      vertex 3.0754 3.10312 1.6
      vertex 0.152237 1.23464 1.6
      vertex 0.23616 1.05721 1.6
    endloop
  endfacet
  facet normal 0 0 1
    outer loop
      vertex 3.03096 18.3896 1.6
      vertex 0 19.6 1.6
      vertex 3.03 18.37 1.6
    endloop
  endfacet
  facet normal 0 0 1
    outer loop
      vertex 3.0754 3.10312 1.6
      vertex 0.0861206 1.41944 1.6
      vertex 0.152237 1.23464 1.6
    endloop
  endfacet
  facet normal 0 0 1
    outer loop
      vertex 3.0754 3.10312 1.6
      vertex 0.0384369 1.60983 1.6
      vertex 0.0861206 1.41944 1.6
    endloop
  endfacet
  facet normal 0 0 1
    outer loop
      vertex 3.0754 3.10312 1.6
      vertex 0.0096283 1.80398 1.6
      vertex 0.0384369 1.60983 1.6
    endloop
  endfacet
  facet normal -0.243027 0.970019 0
    outer loop
      vertex 1.60982 21.5616 5.72205e-07
      vertex 1.41943 21.5139 1.6
      vertex 1.60982 21.5616 1.6
    endloop
  endfacet
  facet normal -0.243027 0.970019 0
    outer loop
      vertex 1.41943 21.5139 1.6
      vertex 1.60982 21.5616 5.72205e-07
      vertex 1.41943 21.5139 5.72205e-07
    endloop
  endfacet
  facet normal -0.336788 0.94158 0
    outer loop
      vertex 1.41943 21.5139 5.72205e-07
      vertex 1.23463 21.4478 1.6
      vertex 1.41943 21.5139 1.6
    endloop
  endfacet
  facet normal -0.336788 0.94158 0
    outer loop
      vertex 1.23463 21.4478 1.6
      vertex 1.41943 21.5139 5.72205e-07
      vertex 1.23463 21.4478 5.72205e-07
    endloop
  endfacet
  facet normal 1 -0 0
    outer loop
      vertex 42.8 2.00001 1.6
      vertex 42.8 19.6 5.72205e-07
      vertex 42.8 19.6 1.6
    endloop
  endfacet
  facet normal 1 0 0
    outer loop
      vertex 42.8 19.6 5.72205e-07
      vertex 42.8 2.00001 1.6
      vertex 42.8 2.00001 5.72205e-07
    endloop
  endfacet
  facet normal 0.514222 -0.857657 0
    outer loop
      vertex 41.7428 0.236169 5.72205e-07
      vertex 41.9111 0.337076 1.6
      vertex 41.7428 0.236169 1.6
    endloop
  endfacet
  facet normal 0.514222 -0.857657 0
    outer loop
      vertex 41.9111 0.337076 1.6
      vertex 41.7428 0.236169 5.72205e-07
      vertex 41.9111 0.337076 5.72205e-07
    endloop
  endfacet
  facet normal -0.970039 -0.242949 0
    outer loop
      vertex 0.0861206 1.41944 5.72205e-07
      vertex 0.0384369 1.60983 1.6
      vertex 0.0384369 1.60983 5.72205e-07
    endloop
  endfacet
  facet normal -0.970039 -0.242949 0
    outer loop
      vertex 0.0384369 1.60983 1.6
      vertex 0.0861206 1.41944 5.72205e-07
      vertex 0.0861206 1.41944 1.6
    endloop
  endfacet
  facet normal -0.989175 0.146739 0
    outer loop
      vertex 0.0096283 19.796 5.72205e-07
      vertex 0.0384369 19.9902 1.6
      vertex 0.0384369 19.9902 5.72205e-07
    endloop
  endfacet
  facet normal -0.989175 0.146739 0
    outer loop
      vertex 0.0384369 19.9902 1.6
      vertex 0.0096283 19.796 5.72205e-07
      vertex 0.0096283 19.796 1.6
    endloop
  endfacet
  facet normal -0.998796 0.0490648 0
    outer loop
      vertex 0 19.6 5.72205e-07
      vertex 0.0096283 19.796 1.6
      vertex 0.0096283 19.796 5.72205e-07
    endloop
  endfacet
  facet normal -0.998796 0.0490648 0
    outer loop
      vertex 0.0096283 19.796 1.6
      vertex 0 19.6 5.72205e-07
      vertex 0 19.6 1.6
    endloop
  endfacet
  facet normal -1 0 0
    outer loop
      vertex 0 2.00001 5.72205e-07
      vertex 0 19.6 1.6
      vertex 0 19.6 5.72205e-07
    endloop
  endfacet
  facet normal -1 -0 0
    outer loop
      vertex 0 19.6 1.6
      vertex 0 2.00001 5.72205e-07
      vertex 0 2.00001 1.6
    endloop
  endfacet
  facet normal -0.0489135 0.998803 0
    outer loop
      vertex 2 21.6 5.72205e-07
      vertex 1.80397 21.5904 1.6
      vertex 2 21.6 1.6
    endloop
  endfacet
  facet normal -0.0489135 0.998803 0
    outer loop
      vertex 1.80397 21.5904 1.6
      vertex 2 21.6 5.72205e-07
      vertex 1.80397 21.5904 5.72205e-07
    endloop
  endfacet
  facet normal 0.427955 0.9038 -0
    outer loop
      vertex 41.7428 21.3638 5.72205e-07
      vertex 41.5654 21.4478 1.6
      vertex 41.7428 21.3638 1.6
    endloop
  endfacet
  facet normal 0.427955 0.9038 0
    outer loop
      vertex 41.5654 21.4478 1.6
      vertex 41.7428 21.3638 5.72205e-07
      vertex 41.5654 21.4478 5.72205e-07
    endloop
  endfacet
  facet normal 0.242937 -0.970042 0
    outer loop
      vertex 41.1902 0.038446 5.72205e-07
      vertex 41.3806 0.0861298 1.6
      vertex 41.1902 0.038446 1.6
    endloop
  endfacet
  facet normal 0.242937 -0.970042 0
    outer loop
      vertex 41.3806 0.0861298 1.6
      vertex 41.1902 0.038446 5.72205e-07
      vertex 41.3806 0.0861298 5.72205e-07
    endloop
  endfacet
  facet normal 0.336861 -0.941554 0
    outer loop
      vertex 41.3806 0.0861298 5.72205e-07
      vertex 41.5654 0.152246 1.6
      vertex 41.3806 0.0861298 1.6
    endloop
  endfacet
  facet normal 0.336861 -0.941554 0
    outer loop
      vertex 41.5654 0.152246 1.6
      vertex 41.3806 0.0861298 5.72205e-07
      vertex 41.5654 0.152246 5.72205e-07
    endloop
  endfacet
  facet normal 0.427634 -0.903952 0
    outer loop
      vertex 41.5654 0.152246 5.72205e-07
      vertex 41.7428 0.236169 1.6
      vertex 41.5654 0.152246 1.6
    endloop
  endfacet
  facet normal 0.427634 -0.903952 0
    outer loop
      vertex 41.7428 0.236169 1.6
      vertex 41.5654 0.152246 5.72205e-07
      vertex 41.7428 0.236169 5.72205e-07
    endloop
  endfacet
  facet normal -0.514099 -0.857731 0
    outer loop
      vertex 0.888855 0.337076 5.72205e-07
      vertex 1.05721 0.236169 1.6
      vertex 0.888855 0.337076 1.6
    endloop
  endfacet
  facet normal -0.514099 -0.857731 -0
    outer loop
      vertex 1.05721 0.236169 1.6
      vertex 0.888855 0.337076 5.72205e-07
      vertex 1.05721 0.236169 5.72205e-07
    endloop
  endfacet
  facet normal -0.336861 -0.941554 0
    outer loop
      vertex 1.23463 0.152246 5.72205e-07
      vertex 1.41943 0.0861298 1.6
      vertex 1.23463 0.152246 1.6
    endloop
  endfacet
  facet normal -0.336861 -0.941554 -0
    outer loop
      vertex 1.41943 0.0861298 1.6
      vertex 1.23463 0.152246 5.72205e-07
      vertex 1.41943 0.0861298 5.72205e-07
    endloop
  endfacet
  facet normal -0.998796 -0.0490573 0
    outer loop
      vertex 0.0096283 1.80398 5.72205e-07
      vertex 0 2.00001 1.6
      vertex 0 2.00001 5.72205e-07
    endloop
  endfacet
  facet normal -0.998796 -0.0490573 0
    outer loop
      vertex 0 2.00001 1.6
      vertex 0.0096283 1.80398 5.72205e-07
      vertex 0.0096283 1.80398 1.6
    endloop
  endfacet
  facet normal -0.941554 -0.336862 0
    outer loop
      vertex 0.152237 1.23464 5.72205e-07
      vertex 0.0861206 1.41944 1.6
      vertex 0.0861206 1.41944 5.72205e-07
    endloop
  endfacet
  facet normal -0.941554 -0.336862 0
    outer loop
      vertex 0.0861206 1.41944 1.6
      vertex 0.152237 1.23464 5.72205e-07
      vertex 0.152237 1.23464 1.6
    endloop
  endfacet
  facet normal -0.98917 -0.146776 0
    outer loop
      vertex 0.0384369 1.60983 5.72205e-07
      vertex 0.0096283 1.80398 1.6
      vertex 0.0096283 1.80398 5.72205e-07
    endloop
  endfacet
  facet normal -0.98917 -0.146776 0
    outer loop
      vertex 0.0096283 1.80398 1.6
      vertex 0.0384369 1.60983 5.72205e-07
      vertex 0.0384369 1.60983 1.6
    endloop
  endfacet
  facet normal -0.427916 0.903819 0
    outer loop
      vertex 1.23463 21.4478 5.72205e-07
      vertex 1.05721 21.3638 1.6
      vertex 1.23463 21.4478 1.6
    endloop
  endfacet
  facet normal -0.427916 0.903819 0
    outer loop
      vertex 1.05721 21.3638 1.6
      vertex 1.23463 21.4478 5.72205e-07
      vertex 1.05721 21.3638 5.72205e-07
    endloop
  endfacet
  facet normal -0.80332 0.595547 0
    outer loop
      vertex 0.337067 20.7111 5.72205e-07
      vertex 0.453979 20.8688 1.6
      vertex 0.453979 20.8688 5.72205e-07
    endloop
  endfacet
  facet normal -0.80332 0.595547 0
    outer loop
      vertex 0.453979 20.8688 1.6
      vertex 0.337067 20.7111 5.72205e-07
      vertex 0.337067 20.7111 1.6
    endloop
  endfacet
  facet normal -0.146733 0.989176 0
    outer loop
      vertex 1.80397 21.5904 5.72205e-07
      vertex 1.60982 21.5616 1.6
      vertex 1.80397 21.5904 1.6
    endloop
  endfacet
  facet normal -0.146733 0.989176 0
    outer loop
      vertex 1.60982 21.5616 1.6
      vertex 1.80397 21.5904 5.72205e-07
      vertex 1.60982 21.5616 5.72205e-07
    endloop
  endfacet
  facet normal 0.998803 -0.0489135 0
    outer loop
      vertex 42.7904 1.80398 1.6
      vertex 42.8 2.00001 5.72205e-07
      vertex 42.8 2.00001 1.6
    endloop
  endfacet
  facet normal 0.998803 -0.0489135 0
    outer loop
      vertex 42.8 2.00001 5.72205e-07
      vertex 42.7904 1.80398 1.6
      vertex 42.7904 1.80398 5.72205e-07
    endloop
  endfacet
  facet normal 0.671607 0.740908 -0
    outer loop
      vertex 42.2142 21.0142 5.72205e-07
      vertex 42.0688 21.146 1.6
      vertex 42.2142 21.0142 1.6
    endloop
  endfacet
  facet normal 0.671607 0.740908 0
    outer loop
      vertex 42.0688 21.146 1.6
      vertex 42.2142 21.0142 5.72205e-07
      vertex 42.0688 21.146 5.72205e-07
    endloop
  endfacet
  facet normal 0.243015 0.970023 -0
    outer loop
      vertex 41.3806 21.5139 5.72205e-07
      vertex 41.1902 21.5616 1.6
      vertex 41.3806 21.5139 1.6
    endloop
  endfacet
  facet normal 0.243015 0.970023 0
    outer loop
      vertex 41.1902 21.5616 1.6
      vertex 41.3806 21.5139 5.72205e-07
      vertex 41.1902 21.5616 5.72205e-07
    endloop
  endfacet
  facet normal 0.146739 -0.989175 0
    outer loop
      vertex 40.996 0.00963745 5.72205e-07
      vertex 41.1902 0.038446 1.6
      vertex 40.996 0.00963745 1.6
    endloop
  endfacet
  facet normal 0.146739 -0.989175 0
    outer loop
      vertex 41.1902 0.038446 1.6
      vertex 40.996 0.00963745 5.72205e-07
      vertex 41.1902 0.038446 5.72205e-07
    endloop
  endfacet
  facet normal -0.671542 -0.740966 0
    outer loop
      vertex 0.585785 0.585794 5.72205e-07
      vertex 0.731216 0.453989 1.6
      vertex 0.585785 0.585794 1.6
    endloop
  endfacet
  facet normal -0.671542 -0.740966 -0
    outer loop
      vertex 0.731216 0.453989 1.6
      vertex 0.585785 0.585794 5.72205e-07
      vertex 0.731216 0.453989 5.72205e-07
    endloop
  endfacet
  facet normal -0.427595 -0.90397 0
    outer loop
      vertex 1.05721 0.236169 5.72205e-07
      vertex 1.23463 0.152246 1.6
      vertex 1.05721 0.236169 1.6
    endloop
  endfacet
  facet normal -0.427595 -0.90397 -0
    outer loop
      vertex 1.23463 0.152246 1.6
      vertex 1.05721 0.236169 5.72205e-07
      vertex 1.23463 0.152246 5.72205e-07
    endloop
  endfacet
  facet normal -0.595656 0.803239 0
    outer loop
      vertex 0.888855 21.2629 5.72205e-07
      vertex 0.731216 21.146 1.6
      vertex 0.888855 21.2629 1.6
    endloop
  endfacet
  facet normal -0.595656 0.803239 0
    outer loop
      vertex 0.731216 21.146 1.6
      vertex 0.888855 21.2629 5.72205e-07
      vertex 0.731216 21.146 5.72205e-07
    endloop
  endfacet
  facet normal -0.671528 0.740979 0
    outer loop
      vertex 0.731216 21.146 5.72205e-07
      vertex 0.585785 21.0142 1.6
      vertex 0.731216 21.146 1.6
    endloop
  endfacet
  facet normal -0.671528 0.740979 0
    outer loop
      vertex 0.585785 21.0142 1.6
      vertex 0.731216 21.146 5.72205e-07
      vertex 0.585785 21.0142 5.72205e-07
    endloop
  endfacet
  facet normal -0.740892 0.671624 0
    outer loop
      vertex 0.453979 20.8688 5.72205e-07
      vertex 0.585785 21.0142 1.6
      vertex 0.585785 21.0142 5.72205e-07
    endloop
  endfacet
  facet normal -0.740892 0.671624 0
    outer loop
      vertex 0.585785 21.0142 1.6
      vertex 0.453979 20.8688 5.72205e-07
      vertex 0.453979 20.8688 1.6
    endloop
  endfacet
  facet normal 0.989176 -0.146733 0
    outer loop
      vertex 42.7616 1.60983 1.6
      vertex 42.7904 1.80398 5.72205e-07
      vertex 42.7904 1.80398 1.6
    endloop
  endfacet
  facet normal 0.989176 -0.146733 0
    outer loop
      vertex 42.7904 1.80398 5.72205e-07
      vertex 42.7616 1.60983 1.6
      vertex 42.7616 1.60983 5.72205e-07
    endloop
  endfacet
  facet normal 0.857735 -0.514093 0
    outer loop
      vertex 42.4629 0.888864 1.6
      vertex 42.5638 1.05721 5.72205e-07
      vertex 42.5638 1.05721 1.6
    endloop
  endfacet
  facet normal 0.857735 -0.514093 0
    outer loop
      vertex 42.5638 1.05721 5.72205e-07
      vertex 42.4629 0.888864 1.6
      vertex 42.4629 0.888864 5.72205e-07
    endloop
  endfacet
  facet normal 0.595508 0.80335 -0
    outer loop
      vertex 42.0688 21.146 5.72205e-07
      vertex 41.9111 21.2629 1.6
      vertex 42.0688 21.146 1.6
    endloop
  endfacet
  facet normal 0.595508 0.80335 0
    outer loop
      vertex 41.9111 21.2629 1.6
      vertex 42.0688 21.146 5.72205e-07
      vertex 41.9111 21.2629 5.72205e-07
    endloop
  endfacet
  facet normal -0.740966 -0.671543 0
    outer loop
      vertex 0.585785 0.585794 5.72205e-07
      vertex 0.453979 0.731226 1.6
      vertex 0.453979 0.731226 5.72205e-07
    endloop
  endfacet
  facet normal -0.740966 -0.671543 0
    outer loop
      vertex 0.453979 0.731226 1.6
      vertex 0.585785 0.585794 5.72205e-07
      vertex 0.585785 0.585794 1.6
    endloop
  endfacet
  facet normal -0.803208 -0.595698 0
    outer loop
      vertex 0.453979 0.731226 5.72205e-07
      vertex 0.337067 0.888864 1.6
      vertex 0.337067 0.888864 5.72205e-07
    endloop
  endfacet
  facet normal -0.803208 -0.595698 0
    outer loop
      vertex 0.337067 0.888864 1.6
      vertex 0.453979 0.731226 5.72205e-07
      vertex 0.453979 0.731226 1.6
    endloop
  endfacet
  facet normal 0.59555 -0.803318 0
    outer loop
      vertex 41.9111 0.337076 5.72205e-07
      vertex 42.0688 0.453989 1.6
      vertex 41.9111 0.337076 1.6
    endloop
  endfacet
  facet normal 0.59555 -0.803318 0
    outer loop
      vertex 42.0688 0.453989 1.6
      vertex 41.9111 0.337076 5.72205e-07
      vertex 42.0688 0.453989 5.72205e-07
    endloop
  endfacet
  facet normal 0.740981 -0.671526 0
    outer loop
      vertex 42.2142 0.585794 1.6
      vertex 42.346 0.731226 5.72205e-07
      vertex 42.346 0.731226 1.6
    endloop
  endfacet
  facet normal 0.740981 -0.671526 0
    outer loop
      vertex 42.346 0.731226 5.72205e-07
      vertex 42.2142 0.585794 1.6
      vertex 42.2142 0.585794 5.72205e-07
    endloop
  endfacet
  facet normal 0.803238 -0.595659 0
    outer loop
      vertex 42.346 0.731226 1.6
      vertex 42.4629 0.888864 5.72205e-07
      vertex 42.4629 0.888864 1.6
    endloop
  endfacet
  facet normal 0.803238 -0.595659 0
    outer loop
      vertex 42.4629 0.888864 5.72205e-07
      vertex 42.346 0.731226 1.6
      vertex 42.346 0.731226 5.72205e-07
    endloop
  endfacet
  facet normal 0.94158 -0.336788 0
    outer loop
      vertex 42.6478 1.23464 1.6
      vertex 42.7139 1.41944 5.72205e-07
      vertex 42.7139 1.41944 1.6
    endloop
  endfacet
  facet normal 0.94158 -0.336788 0
    outer loop
      vertex 42.7139 1.41944 5.72205e-07
      vertex 42.6478 1.23464 1.6
      vertex 42.6478 1.23464 5.72205e-07
    endloop
  endfacet
  facet normal 0.970019 -0.243027 0
    outer loop
      vertex 42.7139 1.41944 1.6
      vertex 42.7616 1.60983 5.72205e-07
      vertex 42.7616 1.60983 1.6
    endloop
  endfacet
  facet normal 0.970019 -0.243027 0
    outer loop
      vertex 42.7616 1.60983 5.72205e-07
      vertex 42.7139 1.41944 1.6
      vertex 42.7139 1.41944 5.72205e-07
    endloop
  endfacet
  facet normal 0.903828 -0.427896 0
    outer loop
      vertex 42.5638 1.05721 1.6
      vertex 42.6478 1.23464 5.72205e-07
      vertex 42.6478 1.23464 1.6
    endloop
  endfacet
  facet normal 0.903828 -0.427896 0
    outer loop
      vertex 42.6478 1.23464 5.72205e-07
      vertex 42.5638 1.05721 1.6
      vertex 42.5638 1.05721 5.72205e-07
    endloop
  endfacet
  facet normal 0.857673 0.514196 0
    outer loop
      vertex 42.5638 20.5428 1.6
      vertex 42.4629 20.7111 5.72205e-07
      vertex 42.4629 20.7111 1.6
    endloop
  endfacet
  facet normal 0.857673 0.514196 0
    outer loop
      vertex 42.4629 20.7111 5.72205e-07
      vertex 42.5638 20.5428 1.6
      vertex 42.5638 20.5428 5.72205e-07
    endloop
  endfacet
  facet normal 0.94158 0.336788 0
    outer loop
      vertex 42.7139 20.1806 1.6
      vertex 42.6478 20.3654 5.72205e-07
      vertex 42.6478 20.3654 1.6
    endloop
  endfacet
  facet normal 0.94158 0.336788 0
    outer loop
      vertex 42.6478 20.3654 5.72205e-07
      vertex 42.7139 20.1806 1.6
      vertex 42.7139 20.1806 5.72205e-07
    endloop
  endfacet
  facet normal 0.989182 0.146696 0
    outer loop
      vertex 42.7904 19.796 1.6
      vertex 42.7616 19.9902 5.72205e-07
      vertex 42.7616 19.9902 1.6
    endloop
  endfacet
  facet normal 0.989182 0.146696 0
    outer loop
      vertex 42.7616 19.9902 5.72205e-07
      vertex 42.7904 19.796 1.6
      vertex 42.7904 19.796 5.72205e-07
    endloop
  endfacet
  facet normal 0.740908 0.671607 0
    outer loop
      vertex 42.346 20.8688 1.6
      vertex 42.2142 21.0142 5.72205e-07
      vertex 42.2142 21.0142 1.6
    endloop
  endfacet
  facet normal 0.740908 0.671607 0
    outer loop
      vertex 42.2142 21.0142 5.72205e-07
      vertex 42.346 20.8688 1.6
      vertex 42.346 20.8688 5.72205e-07
    endloop
  endfacet
  facet normal 0.514196 0.857673 -0
    outer loop
      vertex 41.9111 21.2629 5.72205e-07
      vertex 41.7428 21.3638 1.6
      vertex 41.9111 21.2629 1.6
    endloop
  endfacet
  facet normal 0.514196 0.857673 0
    outer loop
      vertex 41.7428 21.3638 1.6
      vertex 41.9111 21.2629 5.72205e-07
      vertex 41.7428 21.3638 5.72205e-07
    endloop
  endfacet
  facet normal 0.336788 0.94158 -0
    outer loop
      vertex 41.5654 21.4478 5.72205e-07
      vertex 41.3806 21.5139 1.6
      vertex 41.5654 21.4478 1.6
    endloop
  endfacet
  facet normal 0.336788 0.94158 0
    outer loop
      vertex 41.3806 21.5139 1.6
      vertex 41.5654 21.4478 5.72205e-07
      vertex 41.3806 21.5139 5.72205e-07
    endloop
  endfacet
  facet normal -0.595699 -0.803208 0
    outer loop
      vertex 0.731216 0.453989 5.72205e-07
      vertex 0.888855 0.337076 1.6
      vertex 0.731216 0.453989 1.6
    endloop
  endfacet
  facet normal -0.595699 -0.803208 -0
    outer loop
      vertex 0.888855 0.337076 1.6
      vertex 0.731216 0.453989 5.72205e-07
      vertex 0.888855 0.337076 5.72205e-07
    endloop
  endfacet
  facet normal -0.90398 -0.427575 0
    outer loop
      vertex 0.23616 1.05721 5.72205e-07
      vertex 0.152237 1.23464 1.6
      vertex 0.152237 1.23464 5.72205e-07
    endloop
  endfacet
  facet normal -0.90398 -0.427575 0
    outer loop
      vertex 0.152237 1.23464 1.6
      vertex 0.23616 1.05721 5.72205e-07
      vertex 0.23616 1.05721 1.6
    endloop
  endfacet
  facet normal -0.857719 -0.514119 0
    outer loop
      vertex 0.337067 0.888864 5.72205e-07
      vertex 0.23616 1.05721 1.6
      vertex 0.23616 1.05721 5.72205e-07
    endloop
  endfacet
  facet normal -0.857719 -0.514119 0
    outer loop
      vertex 0.23616 1.05721 1.6
      vertex 0.337067 0.888864 5.72205e-07
      vertex 0.337067 0.888864 1.6
    endloop
  endfacet
  facet normal -0.970042 0.242937 0
    outer loop
      vertex 0.0384369 19.9902 5.72205e-07
      vertex 0.0861206 20.1806 1.6
      vertex 0.0861206 20.1806 5.72205e-07
    endloop
  endfacet
  facet normal -0.970042 0.242937 0
    outer loop
      vertex 0.0861206 20.1806 1.6
      vertex 0.0384369 19.9902 5.72205e-07
      vertex 0.0384369 19.9902 1.6
    endloop
  endfacet
  facet normal -0.941554 0.336862 0
    outer loop
      vertex 0.0861206 20.1806 5.72205e-07
      vertex 0.152237 20.3654 1.6
      vertex 0.152237 20.3654 5.72205e-07
    endloop
  endfacet
  facet normal -0.941554 0.336862 0
    outer loop
      vertex 0.152237 20.3654 1.6
      vertex 0.0861206 20.1806 5.72205e-07
      vertex 0.0861206 20.1806 1.6
    endloop
  endfacet
  facet normal -0.857657 0.514222 0
    outer loop
      vertex 0.23616 20.5428 5.72205e-07
      vertex 0.337067 20.7111 1.6
      vertex 0.337067 20.7111 5.72205e-07
    endloop
  endfacet
  facet normal -0.857657 0.514222 0
    outer loop
      vertex 0.337067 20.7111 1.6
      vertex 0.23616 20.5428 5.72205e-07
      vertex 0.23616 20.5428 1.6
    endloop
  endfacet
  facet normal -0.903952 0.427634 0
    outer loop
      vertex 0.152237 20.3654 5.72205e-07
      vertex 0.23616 20.5428 1.6
      vertex 0.23616 20.5428 5.72205e-07
    endloop
  endfacet
  facet normal -0.903952 0.427634 0
    outer loop
      vertex 0.23616 20.5428 1.6
      vertex 0.152237 20.3654 5.72205e-07
      vertex 0.152237 20.3654 1.6
    endloop
  endfacet
  facet normal 0.671621 -0.740895 0
    outer loop
      vertex 42.0688 0.453989 5.72205e-07
      vertex 42.2142 0.585794 1.6
      vertex 42.0688 0.453989 1.6
    endloop
  endfacet
  facet normal 0.671621 -0.740895 0
    outer loop
      vertex 42.2142 0.585794 1.6
      vertex 42.0688 0.453989 5.72205e-07
      vertex 42.2142 0.585794 5.72205e-07
    endloop
  endfacet
  facet normal 0.80335 0.595508 0
    outer loop
      vertex 42.4629 20.7111 1.6
      vertex 42.346 20.8688 5.72205e-07
      vertex 42.346 20.8688 1.6
    endloop
  endfacet
  facet normal 0.80335 0.595508 0
    outer loop
      vertex 42.346 20.8688 5.72205e-07
      vertex 42.4629 20.7111 1.6
      vertex 42.4629 20.7111 5.72205e-07
    endloop
  endfacet
  facet normal 0.970023 0.243015 0
    outer loop
      vertex 42.7616 19.9902 1.6
      vertex 42.7139 20.1806 5.72205e-07
      vertex 42.7139 20.1806 1.6
    endloop
  endfacet
  facet normal 0.970023 0.243015 0
    outer loop
      vertex 42.7139 20.1806 5.72205e-07
      vertex 42.7616 19.9902 1.6
      vertex 42.7616 19.9902 5.72205e-07
    endloop
  endfacet
  facet normal 0.998803 0.0489209 0
    outer loop
      vertex 42.8 19.6 1.6
      vertex 42.7904 19.796 5.72205e-07
      vertex 42.7904 19.796 1.6
    endloop
  endfacet
  facet normal 0.998803 0.0489209 0
    outer loop
      vertex 42.7904 19.796 5.72205e-07
      vertex 42.8 19.6 1.6
      vertex 42.8 19.6 5.72205e-07
    endloop
  endfacet
  facet normal -0.242949 -0.970039 0
    outer loop
      vertex 1.41943 0.0861298 5.72205e-07
      vertex 1.60982 0.038446 1.6
      vertex 1.41943 0.0861298 1.6
    endloop
  endfacet
  facet normal -0.242949 -0.970039 -0
    outer loop
      vertex 1.60982 0.038446 1.6
      vertex 1.41943 0.0861298 5.72205e-07
      vertex 1.60982 0.038446 5.72205e-07
    endloop
  endfacet
  facet normal -0.146776 -0.98917 0
    outer loop
      vertex 1.60982 0.038446 5.72205e-07
      vertex 1.80397 0.00963745 1.6
      vertex 1.60982 0.038446 1.6
    endloop
  endfacet
  facet normal -0.146776 -0.98917 -0
    outer loop
      vertex 1.80397 0.00963745 1.6
      vertex 1.60982 0.038446 5.72205e-07
      vertex 1.80397 0.00963745 5.72205e-07
    endloop
  endfacet
  facet normal 0.9038 0.427955 0
    outer loop
      vertex 42.6478 20.3654 1.6
      vertex 42.5638 20.5428 5.72205e-07
      vertex 42.5638 20.5428 1.6
    endloop
  endfacet
  facet normal 0.9038 0.427955 0
    outer loop
      vertex 42.5638 20.5428 5.72205e-07
      vertex 42.6478 20.3654 1.6
      vertex 42.6478 20.3654 5.72205e-07
    endloop
  endfacet
  facet normal 0.242536 0.970143 -0
    outer loop
      vertex 40.4942 19.6942 1.6
      vertex 40.437 19.7085 3.8
      vertex 40.4942 19.6942 3.8
    endloop
  endfacet
  facet normal 0.242536 0.970143 0
    outer loop
      vertex 40.437 19.7085 3.8
      vertex 40.4942 19.6942 1.6
      vertex 40.437 19.7085 1.6
    endloop
  endfacet
  facet normal 0.146179 0.989258 -0
    outer loop
      vertex 40.437 19.7085 1.6
      vertex 40.3788 19.7171 3.8
      vertex 40.437 19.7085 3.8
    endloop
  endfacet
  facet normal 0.146179 0.989258 0
    outer loop
      vertex 40.3788 19.7171 3.8
      vertex 40.437 19.7085 1.6
      vertex 40.3788 19.7171 1.6
    endloop
  endfacet
  facet normal 0 1 0
    outer loop
      vertex 40.32 19.72 3.8
      vertex 27.4 19.72 2.4
      vertex 27.4 19.72 3.8
    endloop
  endfacet
  facet normal 0 1 0
    outer loop
      vertex 27.4 19.72 2.4
      vertex 40.32 19.72 1.6
      vertex 15.4 19.72 2.4
    endloop
  endfacet
  facet normal 0 1 -0
    outer loop
      vertex 40.32 19.72 1.6
      vertex 27.4 19.72 2.4
      vertex 40.32 19.72 3.8
    endloop
  endfacet
  facet normal 0 1 -0
    outer loop
      vertex 15.4 19.72 2.4
      vertex 4.03 19.72 3.8
      vertex 15.4 19.72 3.8
    endloop
  endfacet
  facet normal 0 1 0
    outer loop
      vertex 15.4 19.72 2.4
      vertex 4.03 19.72 1.6
      vertex 4.03 19.72 3.8
    endloop
  endfacet
  facet normal 0 1 0
    outer loop
      vertex 4.03 19.72 1.6
      vertex 15.4 19.72 2.4
      vertex 40.32 19.72 1.6
    endloop
  endfacet
  facet normal 0.0492599 -0.998786 0
    outer loop
      vertex 40.32 1.87999 1.6
      vertex 40.3788 1.88289 3.8
      vertex 40.32 1.87999 3.8
    endloop
  endfacet
  facet normal 0.0492599 -0.998786 0
    outer loop
      vertex 40.3788 1.88289 3.8
      vertex 40.32 1.87999 1.6
      vertex 40.3788 1.88289 1.6
    endloop
  endfacet
  facet normal 0 -1 0
    outer loop
      vertex 4.03 1.87999 3.8
      vertex 15.4 1.87999 2.4
      vertex 15.4 1.87999 3.8
    endloop
  endfacet
  facet normal 0 -1 -0
    outer loop
      vertex 15.4 1.87999 2.4
      vertex 4.03 1.87999 1.6
      vertex 27.4 1.87999 2.4
    endloop
  endfacet
  facet normal 0 -1 0
    outer loop
      vertex 4.03 1.87999 1.6
      vertex 15.4 1.87999 2.4
      vertex 4.03 1.87999 3.8
    endloop
  endfacet
  facet normal 0 -1 0
    outer loop
      vertex 27.4 1.87999 2.4
      vertex 40.32 1.87999 3.8
      vertex 27.4 1.87999 3.8
    endloop
  endfacet
  facet normal 0 -1 0
    outer loop
      vertex 27.4 1.87999 2.4
      vertex 40.32 1.87999 1.6
      vertex 40.32 1.87999 3.8
    endloop
  endfacet
  facet normal 0 -1 0
    outer loop
      vertex 40.32 1.87999 1.6
      vertex 27.4 1.87999 2.4
      vertex 4.03 1.87999 1.6
    endloop
  endfacet
  facet normal 1 -0 0
    outer loop
      vertex 40.92 2.48 3.8
      vertex 40.92 19.12 1.6
      vertex 40.92 19.12 3.8
    endloop
  endfacet
  facet normal 1 0 0
    outer loop
      vertex 40.92 19.12 1.6
      vertex 40.92 2.48 3.8
      vertex 40.92 2.48 1.6
    endloop
  endfacet
  facet normal 0.970042 0.242935 0
    outer loop
      vertex 40.9085 19.2371 3.8
      vertex 40.8942 19.2942 1.6
      vertex 40.8942 19.2942 3.8
    endloop
  endfacet
  facet normal 0.970042 0.242935 0
    outer loop
      vertex 40.8942 19.2942 1.6
      vertex 40.9085 19.2371 3.8
      vertex 40.9085 19.2371 1.6
    endloop
  endfacet
  facet normal 0.0492599 0.998786 -0
    outer loop
      vertex 40.3788 19.7171 1.6
      vertex 40.32 19.72 3.8
      vertex 40.3788 19.7171 3.8
    endloop
  endfacet
  facet normal 0.0492599 0.998786 0
    outer loop
      vertex 40.32 19.72 3.8
      vertex 40.3788 19.7171 1.6
      vertex 40.32 19.72 1.6
    endloop
  endfacet
  facet normal 0.242695 -0.970103 0
    outer loop
      vertex 40.437 1.89153 1.6
      vertex 40.4942 1.90584 3.8
      vertex 40.437 1.89153 3.8
    endloop
  endfacet
  facet normal 0.242695 -0.970103 0
    outer loop
      vertex 40.4942 1.90584 3.8
      vertex 40.437 1.89153 1.6
      vertex 40.4942 1.90584 1.6
    endloop
  endfacet
  facet normal 0.337154 -0.941449 0
    outer loop
      vertex 40.4942 1.90584 1.6
      vertex 40.5496 1.92568 3.8
      vertex 40.4942 1.90584 3.8
    endloop
  endfacet
  facet normal 0.337154 -0.941449 0
    outer loop
      vertex 40.5496 1.92568 3.8
      vertex 40.4942 1.90584 1.6
      vertex 40.5496 1.92568 1.6
    endloop
  endfacet
  facet normal 0.146844 -0.98916 0
    outer loop
      vertex 40.3788 1.88289 1.6
      vertex 40.437 1.89153 3.8
      vertex 40.3788 1.88289 3.8
    endloop
  endfacet
  facet normal 0.146844 -0.98916 0
    outer loop
      vertex 40.437 1.89153 3.8
      vertex 40.3788 1.88289 1.6
      vertex 40.437 1.89153 1.6
    endloop
  endfacet
  facet normal 0.941125 0.338058 0
    outer loop
      vertex 40.8942 19.2942 3.8
      vertex 40.8743 19.3496 1.6
      vertex 40.8743 19.3496 3.8
    endloop
  endfacet
  facet normal 0.941125 0.338058 0
    outer loop
      vertex 40.8743 19.3496 1.6
      vertex 40.8942 19.2942 3.8
      vertex 40.8942 19.2942 1.6
    endloop
  endfacet
  facet normal 0.857493 -0.514496 0
    outer loop
      vertex 40.8189 2.14666 3.8
      vertex 40.8492 2.19716 1.6
      vertex 40.8492 2.19716 3.8
    endloop
  endfacet
  facet normal 0.857493 -0.514496 0
    outer loop
      vertex 40.8492 2.19716 1.6
      vertex 40.8189 2.14666 3.8
      vertex 40.8189 2.14666 1.6
    endloop
  endfacet
  facet normal 0.670931 -0.74152 0
    outer loop
      vertex 40.7006 2.01619 1.6
      vertex 40.7443 2.05573 3.8
      vertex 40.7006 2.01619 3.8
    endloop
  endfacet
  facet normal 0.670931 -0.74152 0
    outer loop
      vertex 40.7443 2.05573 3.8
      vertex 40.7006 2.01619 1.6
      vertex 40.7443 2.05573 1.6
    endloop
  endfacet
  facet normal 0.989294 0.145934 0
    outer loop
      vertex 40.9171 19.1788 3.8
      vertex 40.9085 19.2371 1.6
      vertex 40.9085 19.2371 3.8
    endloop
  endfacet
  facet normal 0.989294 0.145934 0
    outer loop
      vertex 40.9085 19.2371 1.6
      vertex 40.9171 19.1788 3.8
      vertex 40.9171 19.1788 1.6
    endloop
  endfacet
  facet normal 0.857493 0.514496 0
    outer loop
      vertex 40.8492 19.4028 3.8
      vertex 40.8189 19.4533 1.6
      vertex 40.8189 19.4533 3.8
    endloop
  endfacet
  facet normal 0.857493 0.514496 0
    outer loop
      vertex 40.8189 19.4533 1.6
      vertex 40.8492 19.4028 3.8
      vertex 40.8492 19.4028 1.6
    endloop
  endfacet
  facet normal 0.426697 0.904394 -0
    outer loop
      vertex 40.6028 19.6492 1.6
      vertex 40.5496 19.6743 3.8
      vertex 40.6028 19.6492 3.8
    endloop
  endfacet
  facet normal 0.426697 0.904394 0
    outer loop
      vertex 40.5496 19.6743 3.8
      vertex 40.6028 19.6492 1.6
      vertex 40.5496 19.6743 1.6
    endloop
  endfacet
  facet normal 0.427531 -0.904001 0
    outer loop
      vertex 40.5496 1.92568 1.6
      vertex 40.6028 1.95084 3.8
      vertex 40.5496 1.92568 3.8
    endloop
  endfacet
  facet normal 0.427531 -0.904001 0
    outer loop
      vertex 40.6028 1.95084 3.8
      vertex 40.5496 1.92568 1.6
      vertex 40.6028 1.95084 1.6
    endloop
  endfacet
  facet normal 0.970053 -0.242895 0
    outer loop
      vertex 40.8942 2.30584 3.8
      vertex 40.9085 2.36295 1.6
      vertex 40.9085 2.36295 3.8
    endloop
  endfacet
  facet normal 0.970053 -0.242895 0
    outer loop
      vertex 40.9085 2.36295 1.6
      vertex 40.8942 2.30584 3.8
      vertex 40.8942 2.30584 1.6
    endloop
  endfacet
  facet normal 0.802985 -0.595999 0
    outer loop
      vertex 40.7838 2.09937 3.8
      vertex 40.8189 2.14666 1.6
      vertex 40.8189 2.14666 3.8
    endloop
  endfacet
  facet normal 0.802985 -0.595999 0
    outer loop
      vertex 40.8189 2.14666 1.6
      vertex 40.7838 2.09937 3.8
      vertex 40.7838 2.09937 1.6
    endloop
  endfacet
  facet normal 0.998786 0.0492599 0
    outer loop
      vertex 40.92 19.12 3.8
      vertex 40.9171 19.1788 1.6
      vertex 40.9171 19.1788 3.8
    endloop
  endfacet
  facet normal 0.998786 0.0492599 0
    outer loop
      vertex 40.9171 19.1788 1.6
      vertex 40.92 19.12 3.8
      vertex 40.92 19.12 1.6
    endloop
  endfacet
  facet normal 0.904394 0.426697 0
    outer loop
      vertex 40.8743 19.3496 3.8
      vertex 40.8492 19.4028 1.6
      vertex 40.8492 19.4028 3.8
    endloop
  endfacet
  facet normal 0.904394 0.426697 0
    outer loop
      vertex 40.8492 19.4028 1.6
      vertex 40.8743 19.3496 3.8
      vertex 40.8743 19.3496 1.6
    endloop
  endfacet
  facet normal 0.514496 0.857493 -0
    outer loop
      vertex 40.6533 19.6189 1.6
      vertex 40.6028 19.6492 3.8
      vertex 40.6533 19.6189 3.8
    endloop
  endfacet
  facet normal 0.514496 0.857493 0
    outer loop
      vertex 40.6028 19.6492 3.8
      vertex 40.6533 19.6189 1.6
      vertex 40.6028 19.6492 1.6
    endloop
  endfacet
  facet normal 0.338058 0.941125 -0
    outer loop
      vertex 40.5496 19.6743 1.6
      vertex 40.4942 19.6942 3.8
      vertex 40.5496 19.6743 3.8
    endloop
  endfacet
  facet normal 0.338058 0.941125 0
    outer loop
      vertex 40.4942 19.6942 3.8
      vertex 40.5496 19.6743 1.6
      vertex 40.4942 19.6942 1.6
    endloop
  endfacet
  facet normal 0.741857 0.670558 0
    outer loop
      vertex 40.7838 19.5006 3.8
      vertex 40.7443 19.5443 1.6
      vertex 40.7443 19.5443 3.8
    endloop
  endfacet
  facet normal 0.741857 0.670558 0
    outer loop
      vertex 40.7443 19.5443 1.6
      vertex 40.7838 19.5006 3.8
      vertex 40.7838 19.5006 1.6
    endloop
  endfacet
  facet normal 0.595918 0.803046 -0
    outer loop
      vertex 40.7006 19.5838 1.6
      vertex 40.6533 19.6189 3.8
      vertex 40.7006 19.5838 3.8
    endloop
  endfacet
  facet normal 0.595918 0.803046 0
    outer loop
      vertex 40.6533 19.6189 3.8
      vertex 40.7006 19.5838 1.6
      vertex 40.6533 19.6189 1.6
    endloop
  endfacet
  facet normal 0.595699 -0.803208 0
    outer loop
      vertex 40.6533 1.98111 1.6
      vertex 40.7006 2.01619 3.8
      vertex 40.6533 1.98111 3.8
    endloop
  endfacet
  facet normal 0.595699 -0.803208 0
    outer loop
      vertex 40.7006 2.01619 3.8
      vertex 40.6533 1.98111 1.6
      vertex 40.7006 2.01619 1.6
    endloop
  endfacet
  facet normal 0.514121 -0.857718 0
    outer loop
      vertex 40.6028 1.95084 1.6
      vertex 40.6533 1.98111 3.8
      vertex 40.6028 1.95084 3.8
    endloop
  endfacet
  facet normal 0.514121 -0.857718 0
    outer loop
      vertex 40.6533 1.98111 3.8
      vertex 40.6028 1.95084 1.6
      vertex 40.6533 1.98111 1.6
    endloop
  endfacet
  facet normal 0.989273 -0.146081 0
    outer loop
      vertex 40.9085 2.36295 3.8
      vertex 40.9171 2.42119 1.6
      vertex 40.9171 2.42119 3.8
    endloop
  endfacet
  facet normal 0.989273 -0.146081 0
    outer loop
      vertex 40.9171 2.42119 1.6
      vertex 40.9085 2.36295 3.8
      vertex 40.9085 2.36295 1.6
    endloop
  endfacet
  facet normal 0.904487 -0.426501 0
    outer loop
      vertex 40.8492 2.19716 3.8
      vertex 40.8743 2.25039 1.6
      vertex 40.8743 2.25039 3.8
    endloop
  endfacet
  facet normal 0.904487 -0.426501 0
    outer loop
      vertex 40.8743 2.25039 1.6
      vertex 40.8492 2.19716 3.8
      vertex 40.8492 2.19716 1.6
    endloop
  endfacet
  facet normal 0.941222 -0.337788 0
    outer loop
      vertex 40.8743 2.25039 3.8
      vertex 40.8942 2.30584 1.6
      vertex 40.8942 2.30584 3.8
    endloop
  endfacet
  facet normal 0.941222 -0.337788 0
    outer loop
      vertex 40.8942 2.30584 1.6
      vertex 40.8743 2.25039 3.8
      vertex 40.8743 2.25039 1.6
    endloop
  endfacet
  facet normal 0.741399 -0.671065 0
    outer loop
      vertex 40.7443 2.05573 3.8
      vertex 40.7838 2.09937 1.6
      vertex 40.7838 2.09937 3.8
    endloop
  endfacet
  facet normal 0.741399 -0.671065 0
    outer loop
      vertex 40.7838 2.09937 1.6
      vertex 40.7443 2.05573 3.8
      vertex 40.7443 2.05573 1.6
    endloop
  endfacet
  facet normal 0.670558 0.741857 -0
    outer loop
      vertex 40.7443 19.5443 1.6
      vertex 40.7006 19.5838 3.8
      vertex 40.7443 19.5443 3.8
    endloop
  endfacet
  facet normal 0.670558 0.741857 0
    outer loop
      vertex 40.7006 19.5838 3.8
      vertex 40.7443 19.5443 1.6
      vertex 40.7006 19.5838 1.6
    endloop
  endfacet
  facet normal 0.803046 0.595918 0
    outer loop
      vertex 40.8189 19.4533 3.8
      vertex 40.7838 19.5006 1.6
      vertex 40.7838 19.5006 3.8
    endloop
  endfacet
  facet normal 0.803046 0.595918 0
    outer loop
      vertex 40.7838 19.5006 1.6
      vertex 40.8189 19.4533 3.8
      vertex 40.8189 19.4533 1.6
    endloop
  endfacet
  facet normal 0.998786 -0.0492515 0
    outer loop
      vertex 40.9171 2.42119 3.8
      vertex 40.92 2.48 1.6
      vertex 40.92 2.48 3.8
    endloop
  endfacet
  facet normal 0.998786 -0.0492515 0
    outer loop
      vertex 40.92 2.48 1.6
      vertex 40.9171 2.42119 3.8
      vertex 40.9171 2.42119 1.6
    endloop
  endfacet
  facet normal -0.0509541 -0.998701 0
    outer loop
      vertex 39.57 18.57 1.55
      vertex 39.5896 18.569 3.8
      vertex 39.57 18.57 3.8
    endloop
  endfacet
  facet normal -0.0509541 -0.998701 -0
    outer loop
      vertex 39.5896 18.569 3.8
      vertex 39.57 18.57 1.55
      vertex 39.5896 18.569 1.55
    endloop
  endfacet
  facet normal -0.14285 -0.989744 0
    outer loop
      vertex 39.5896 18.569 1.55
      vertex 39.609 18.5662 3.8
      vertex 39.5896 18.569 3.8
    endloop
  endfacet
  facet normal -0.14285 -0.989744 -0
    outer loop
      vertex 39.609 18.5662 3.8
      vertex 39.5896 18.569 1.55
      vertex 39.609 18.5662 1.55
    endloop
  endfacet
  facet normal 0 0 1
    outer loop
      vertex 39.57 18.57 1.55
      vertex 39.77 18.37 1.55
      vertex 39.769 18.3896 1.55
    endloop
  endfacet
  facet normal 0 0 1
    outer loop
      vertex 39.77 18.37 1.55
      vertex 39.57 18.57 1.55
      vertex 39.77 3.23 1.55
    endloop
  endfacet
  facet normal 0 0 1
    outer loop
      vertex 39.57 18.57 1.55
      vertex 39.769 18.3896 1.55
      vertex 39.7661 18.409 1.55
    endloop
  endfacet
  facet normal 0 0 1
    outer loop
      vertex 39.57 3.03 1.55
      vertex 39.77 3.23 1.55
      vertex 39.57 18.57 1.55
    endloop
  endfacet
  facet normal 0 0 1
    outer loop
      vertex 39.57 18.57 1.55
      vertex 39.7661 18.409 1.55
      vertex 39.7614 18.4281 1.55
    endloop
  endfacet
  facet normal 0 0 1
    outer loop
      vertex 39.77 3.23 1.55
      vertex 39.57 3.03 1.55
      vertex 39.769 3.21039 1.55
    endloop
  endfacet
  facet normal 0 0 1
    outer loop
      vertex 39.57 18.57 1.55
      vertex 39.7614 18.4281 1.55
      vertex 39.7548 18.4465 1.55
    endloop
  endfacet
  facet normal 0 0 1
    outer loop
      vertex 39.769 3.21039 1.55
      vertex 39.57 3.03 1.55
      vertex 39.7661 3.19098 1.55
    endloop
  endfacet
  facet normal 0 0 1
    outer loop
      vertex 39.57 18.57 1.55
      vertex 39.7548 18.4465 1.55
      vertex 39.7464 18.4643 1.55
    endloop
  endfacet
  facet normal 0 0 1
    outer loop
      vertex 39.7661 3.19098 1.55
      vertex 39.57 3.03 1.55
      vertex 39.7614 3.17194 1.55
    endloop
  endfacet
  facet normal 0 0 1
    outer loop
      vertex 39.57 18.57 1.55
      vertex 39.7464 18.4643 1.55
      vertex 39.7363 18.4811 1.55
    endloop
  endfacet
  facet normal 0 0 1
    outer loop
      vertex 39.7614 3.17194 1.55
      vertex 39.57 3.03 1.55
      vertex 39.7548 3.15346 1.55
    endloop
  endfacet
  facet normal 0 0 1
    outer loop
      vertex 39.57 18.57 1.55
      vertex 39.7363 18.4811 1.55
      vertex 39.7246 18.4969 1.55
    endloop
  endfacet
  facet normal 0 0 1
    outer loop
      vertex 39.7548 3.15346 1.55
      vertex 39.57 3.03 1.55
      vertex 39.7464 3.13572 1.55
    endloop
  endfacet
  facet normal 0 0 1
    outer loop
      vertex 39.57 18.57 1.55
      vertex 39.7246 18.4969 1.55
      vertex 39.7114 18.5114 1.55
    endloop
  endfacet
  facet normal 0 0 1
    outer loop
      vertex 39.7464 3.13572 1.55
      vertex 39.57 3.03 1.55
      vertex 39.7363 3.11889 1.55
    endloop
  endfacet
  facet normal 0 0 1
    outer loop
      vertex 39.57 18.57 1.55
      vertex 39.7114 18.5114 1.55
      vertex 39.6969 18.5246 1.55
    endloop
  endfacet
  facet normal 0 0 1
    outer loop
      vertex 39.7363 3.11889 1.55
      vertex 39.57 3.03 1.55
      vertex 39.7246 3.10312 1.55
    endloop
  endfacet
  facet normal 0 0 1
    outer loop
      vertex 39.57 18.57 1.55
      vertex 39.6969 18.5246 1.55
      vertex 39.6811 18.5363 1.55
    endloop
  endfacet
  facet normal 0 0 1
    outer loop
      vertex 39.7246 3.10312 1.55
      vertex 39.57 3.03 1.55
      vertex 39.7114 3.08858 1.55
    endloop
  endfacet
  facet normal 0 0 1
    outer loop
      vertex 39.57 18.57 1.55
      vertex 39.6811 18.5363 1.55
      vertex 39.6643 18.5464 1.55
    endloop
  endfacet
  facet normal 0 0 1
    outer loop
      vertex 39.7114 3.08858 1.55
      vertex 39.57 3.03 1.55
      vertex 39.6969 3.0754 1.55
    endloop
  endfacet
  facet normal 0 0 1
    outer loop
      vertex 39.57 18.57 1.55
      vertex 39.6643 18.5464 1.55
      vertex 39.6465 18.5548 1.55
    endloop
  endfacet
  facet normal 0 0 1
    outer loop
      vertex 39.6969 3.0754 1.55
      vertex 39.57 3.03 1.55
      vertex 39.6811 3.06371 1.55
    endloop
  endfacet
  facet normal 0 0 1
    outer loop
      vertex 39.57 18.57 1.55
      vertex 39.6465 18.5548 1.55
      vertex 39.6281 18.5614 1.55
    endloop
  endfacet
  facet normal 0 0 1
    outer loop
      vertex 39.6811 3.06371 1.55
      vertex 39.57 3.03 1.55
      vertex 39.6643 3.05361 1.55
    endloop
  endfacet
  facet normal 0 0 1
    outer loop
      vertex 39.57 18.57 1.55
      vertex 39.6281 18.5614 1.55
      vertex 39.609 18.5662 1.55
    endloop
  endfacet
  facet normal 0 0 1
    outer loop
      vertex 39.6643 3.05361 1.55
      vertex 39.57 3.03 1.55
      vertex 39.6465 3.04523 1.55
    endloop
  endfacet
  facet normal 0 0 1
    outer loop
      vertex 39.57 18.57 1.55
      vertex 39.609 18.5662 1.55
      vertex 39.5896 18.569 1.55
    endloop
  endfacet
  facet normal 0 0 1
    outer loop
      vertex 39.6465 3.04523 1.55
      vertex 39.57 3.03 1.55
      vertex 39.6281 3.03861 1.55
    endloop
  endfacet
  facet normal 0 0 1
    outer loop
      vertex 39.6281 3.03861 1.55
      vertex 39.57 3.03 1.55
      vertex 39.609 3.03385 1.55
    endloop
  endfacet
  facet normal 0 0 1
    outer loop
      vertex 39.609 3.03385 1.55
      vertex 39.57 3.03 1.55
      vertex 39.5896 3.03097 1.55
    endloop
  endfacet
  facet normal -0 0 1
    outer loop
      vertex 3.23 18.57 1.55
      vertex 39.57 3.03 1.55
      vertex 39.57 18.57 1.55
    endloop
  endfacet
  facet normal 0 0 1
    outer loop
      vertex 3.23 18.57 1.55
      vertex 3.23 3.03 1.55
      vertex 39.57 3.03 1.55
    endloop
  endfacet
  facet normal 0 0 1
    outer loop
      vertex 3.03 18.37 1.55
      vertex 3.23 18.57 1.55
      vertex 3.21039 18.569 1.55
    endloop
  endfacet
  facet normal 0 0 1
    outer loop
      vertex 3.23 18.57 1.55
      vertex 3.03 18.37 1.55
      vertex 3.23 3.03 1.55
    endloop
  endfacet
  facet normal 0 0 1
    outer loop
      vertex 3.03 18.37 1.55
      vertex 3.21039 18.569 1.55
      vertex 3.19098 18.5662 1.55
    endloop
  endfacet
  facet normal -0 0 1
    outer loop
      vertex 3.03 3.23 1.55
      vertex 3.23 3.03 1.55
      vertex 3.03 18.37 1.55
    endloop
  endfacet
  facet normal 0 0 1
    outer loop
      vertex 3.03 18.37 1.55
      vertex 3.19098 18.5662 1.55
      vertex 3.17194 18.5614 1.55
    endloop
  endfacet
  facet normal 0 0 1
    outer loop
      vertex 3.23 3.03 1.55
      vertex 3.03 3.23 1.55
      vertex 3.21039 3.03097 1.55
    endloop
  endfacet
  facet normal 0 0 1
    outer loop
      vertex 3.03 18.37 1.55
      vertex 3.17194 18.5614 1.55
      vertex 3.15346 18.5548 1.55
    endloop
  endfacet
  facet normal 0 0 1
    outer loop
      vertex 3.21039 3.03097 1.55
      vertex 3.03 3.23 1.55
      vertex 3.19098 3.03385 1.55
    endloop
  endfacet
  facet normal 0 0 1
    outer loop
      vertex 3.03 18.37 1.55
      vertex 3.15346 18.5548 1.55
      vertex 3.13572 18.5464 1.55
    endloop
  endfacet
  facet normal 0 0 1
    outer loop
      vertex 3.19098 3.03385 1.55
      vertex 3.03 3.23 1.55
      vertex 3.17194 3.03861 1.55
    endloop
  endfacet
  facet normal 0 0 1
    outer loop
      vertex 3.03 18.37 1.55
      vertex 3.13572 18.5464 1.55
      vertex 3.11889 18.5363 1.55
    endloop
  endfacet
  facet normal 0 0 1
    outer loop
      vertex 3.17194 3.03861 1.55
      vertex 3.03 3.23 1.55
      vertex 3.15346 3.04523 1.55
    endloop
  endfacet
  facet normal 0 0 1
    outer loop
      vertex 3.03 18.37 1.55
      vertex 3.11889 18.5363 1.55
      vertex 3.10312 18.5246 1.55
    endloop
  endfacet
  facet normal 0 0 1
    outer loop
      vertex 3.15346 3.04523 1.55
      vertex 3.03 3.23 1.55
      vertex 3.13572 3.05361 1.55
    endloop
  endfacet
  facet normal 0 0 1
    outer loop
      vertex 3.03 18.37 1.55
      vertex 3.10312 18.5246 1.55
      vertex 3.08858 18.5114 1.55
    endloop
  endfacet
  facet normal 0 0 1
    outer loop
      vertex 3.13572 3.05361 1.55
      vertex 3.03 3.23 1.55
      vertex 3.11889 3.06371 1.55
    endloop
  endfacet
  facet normal 0 0 1
    outer loop
      vertex 3.03 18.37 1.55
      vertex 3.08858 18.5114 1.55
      vertex 3.0754 18.4969 1.55
    endloop
  endfacet
  facet normal 0 0 1
    outer loop
      vertex 3.11889 3.06371 1.55
      vertex 3.03 3.23 1.55
      vertex 3.10312 3.0754 1.55
    endloop
  endfacet
  facet normal 0 0 1
    outer loop
      vertex 3.03 18.37 1.55
      vertex 3.0754 18.4969 1.55
      vertex 3.06371 18.4811 1.55
    endloop
  endfacet
  facet normal 0 0 1
    outer loop
      vertex 3.10312 3.0754 1.55
      vertex 3.03 3.23 1.55
      vertex 3.08858 3.08858 1.55
    endloop
  endfacet
  facet normal 0 0 1
    outer loop
      vertex 3.03 18.37 1.55
      vertex 3.06371 18.4811 1.55
      vertex 3.05361 18.4643 1.55
    endloop
  endfacet
  facet normal 0 0 1
    outer loop
      vertex 3.08858 3.08858 1.55
      vertex 3.03 3.23 1.55
      vertex 3.0754 3.10312 1.55
    endloop
  endfacet
  facet normal 0 0 1
    outer loop
      vertex 3.03 18.37 1.55
      vertex 3.05361 18.4643 1.55
      vertex 3.04523 18.4465 1.55
    endloop
  endfacet
  facet normal 0 0 1
    outer loop
      vertex 3.0754 3.10312 1.55
      vertex 3.03 3.23 1.55
      vertex 3.06371 3.11889 1.55
    endloop
  endfacet
  facet normal 0 0 1
    outer loop
      vertex 3.03 18.37 1.55
      vertex 3.04523 18.4465 1.55
      vertex 3.03861 18.4281 1.55
    endloop
  endfacet
  facet normal 0 0 1
    outer loop
      vertex 3.06371 3.11889 1.55
      vertex 3.03 3.23 1.55
      vertex 3.05361 3.13572 1.55
    endloop
  endfacet
  facet normal 0 0 1
    outer loop
      vertex 3.03 18.37 1.55
      vertex 3.03861 18.4281 1.55
      vertex 3.03385 18.409 1.55
    endloop
  endfacet
  facet normal 0 0 1
    outer loop
      vertex 3.05361 3.13572 1.55
      vertex 3.03 3.23 1.55
      vertex 3.04523 3.15346 1.55
    endloop
  endfacet
  facet normal 0 0 1
    outer loop
      vertex 3.03 18.37 1.55
      vertex 3.03385 18.409 1.55
      vertex 3.03096 18.3896 1.55
    endloop
  endfacet
  facet normal 0 0 1
    outer loop
      vertex 3.04523 3.15346 1.55
      vertex 3.03 3.23 1.55
      vertex 3.03861 3.17194 1.55
    endloop
  endfacet
  facet normal 0 0 1
    outer loop
      vertex 3.03861 3.17194 1.55
      vertex 3.03 3.23 1.55
      vertex 3.03385 3.19098 1.55
    endloop
  endfacet
  facet normal 0 0 1
    outer loop
      vertex 3.03385 3.19098 1.55
      vertex 3.03 3.23 1.55
      vertex 3.03096 3.21039 1.55
    endloop
  endfacet
  facet normal 0.0494042 0.998779 -0
    outer loop
      vertex 3.23 3.03 1.55
      vertex 3.21039 3.03097 1.6
      vertex 3.23 3.03 1.6
    endloop
  endfacet
  facet normal 0.0494042 0.998779 0
    outer loop
      vertex 3.21039 3.03097 1.6
      vertex 3.23 3.03 1.55
      vertex 3.21039 3.03097 1.55
    endloop
  endfacet
  facet normal -0.0494293 0.998778 0
    outer loop
      vertex 39.5896 3.03097 1.55
      vertex 39.57 3.03 3.8
      vertex 39.5896 3.03097 3.8
    endloop
  endfacet
  facet normal -0.0494293 0.998778 0
    outer loop
      vertex 39.57 3.03 3.8
      vertex 39.5896 3.03097 1.55
      vertex 39.57 3.03 1.55
    endloop
  endfacet
  facet normal 0.427955 -0.9038 0
    outer loop
      vertex 3.13572 18.5464 1.55
      vertex 3.15346 18.5548 1.6
      vertex 3.13572 18.5464 1.6
    endloop
  endfacet
  facet normal 0.427955 -0.9038 0
    outer loop
      vertex 3.15346 18.5548 1.6
      vertex 3.13572 18.5464 1.55
      vertex 3.15346 18.5548 1.55
    endloop
  endfacet
  facet normal 0 -1 0
    outer loop
      vertex 3.23 18.57 1.6
      vertex 3.23 18.57 1.55
      vertex 4.03 18.57 1.6
    endloop
  endfacet
  facet normal 0 -1 0
    outer loop
      vertex 4.03 18.57 1.6
      vertex 39.57 18.57 3.8
      vertex 4.03 18.57 3.8
    endloop
  endfacet
  facet normal 0 -1 0
    outer loop
      vertex 39.57 18.57 1.55
      vertex 4.03 18.57 1.6
      vertex 3.23 18.57 1.55
    endloop
  endfacet
  facet normal 0 -1 0
    outer loop
      vertex 4.03 18.57 1.6
      vertex 39.57 18.57 1.55
      vertex 39.57 18.57 3.8
    endloop
  endfacet
  facet normal 0 1 0
    outer loop
      vertex 39.57 3.03 3.8
      vertex 4.03 3.03 1.6
      vertex 4.03 3.03 3.8
    endloop
  endfacet
  facet normal 0 1 -0
    outer loop
      vertex 39.57 3.03 1.55
      vertex 4.03 3.03 1.6
      vertex 39.57 3.03 3.8
    endloop
  endfacet
  facet normal 0 1 0
    outer loop
      vertex 3.23 3.03 1.55
      vertex 4.03 3.03 1.6
      vertex 39.57 3.03 1.55
    endloop
  endfacet
  facet normal 0 1 0
    outer loop
      vertex 4.03 3.03 1.6
      vertex 3.23 3.03 1.55
      vertex 3.23 3.03 1.6
    endloop
  endfacet
  facet normal 0.80335 0.595508 0
    outer loop
      vertex 3.0754 3.10312 1.6
      vertex 3.06371 3.11889 1.55
      vertex 3.06371 3.11889 1.6
    endloop
  endfacet
  facet normal 0.80335 0.595508 0
    outer loop
      vertex 3.06371 3.11889 1.55
      vertex 3.0754 3.10312 1.6
      vertex 3.0754 3.10312 1.55
    endloop
  endfacet
  facet normal 1 -0 0
    outer loop
      vertex 3.03 3.23 1.6
      vertex 3.03 18.37 1.55
      vertex 3.03 18.37 1.6
    endloop
  endfacet
  facet normal 1 0 0
    outer loop
      vertex 3.03 18.37 1.55
      vertex 3.03 3.23 1.6
      vertex 3.03 3.23 1.55
    endloop
  endfacet
  facet normal 0.142778 -0.989755 0
    outer loop
      vertex 3.19098 18.5662 1.55
      vertex 3.21039 18.569 1.6
      vertex 3.19098 18.5662 1.6
    endloop
  endfacet
  facet normal 0.142778 -0.989755 0
    outer loop
      vertex 3.21039 18.569 1.6
      vertex 3.19098 18.5662 1.55
      vertex 3.21039 18.569 1.55
    endloop
  endfacet
  facet normal 0.244452 -0.969661 0
    outer loop
      vertex 3.17194 18.5614 1.55
      vertex 3.19098 18.5662 1.6
      vertex 3.17194 18.5614 1.6
    endloop
  endfacet
  facet normal 0.244452 -0.969661 0
    outer loop
      vertex 3.19098 18.5662 1.6
      vertex 3.17194 18.5614 1.55
      vertex 3.19098 18.5662 1.55
    endloop
  endfacet
  facet normal -1 0 0
    outer loop
      vertex 39.77 3.23 1.55
      vertex 39.77 18.37 3.8
      vertex 39.77 18.37 1.55
    endloop
  endfacet
  facet normal -1 -0 0
    outer loop
      vertex 39.77 18.37 3.8
      vertex 39.77 3.23 1.55
      vertex 39.77 3.23 3.8
    endloop
  endfacet
  facet normal -0.425944 0.90475 0
    outer loop
      vertex 39.6643 3.05361 1.55
      vertex 39.6465 3.04523 3.8
      vertex 39.6643 3.05361 3.8
    endloop
  endfacet
  facet normal -0.425944 0.90475 0
    outer loop
      vertex 39.6465 3.04523 3.8
      vertex 39.6643 3.05361 1.55
      vertex 39.6465 3.04523 1.55
    endloop
  endfacet
  facet normal 0.970143 0.242536 0
    outer loop
      vertex 3.03861 3.17194 1.6
      vertex 3.03385 3.19098 1.55
      vertex 3.03385 3.19098 1.6
    endloop
  endfacet
  facet normal 0.970143 0.242536 0
    outer loop
      vertex 3.03385 3.19098 1.55
      vertex 3.03861 3.17194 1.6
      vertex 3.03861 3.17194 1.55
    endloop
  endfacet
  facet normal 0.998803 -0.0489209 0
    outer loop
      vertex 3.03 18.37 1.6
      vertex 3.03096 18.3896 1.55
      vertex 3.03096 18.3896 1.6
    endloop
  endfacet
  facet normal 0.998803 -0.0489209 0
    outer loop
      vertex 3.03096 18.3896 1.55
      vertex 3.03 18.37 1.6
      vertex 3.03 18.37 1.55
    endloop
  endfacet
  facet normal 0.0509282 -0.998702 0
    outer loop
      vertex 3.21039 18.569 1.55
      vertex 3.23 18.57 1.6
      vertex 3.21039 18.569 1.6
    endloop
  endfacet
  facet normal 0.0509282 -0.998702 0
    outer loop
      vertex 3.23 18.57 1.6
      vertex 3.21039 18.569 1.55
      vertex 3.23 18.57 1.55
    endloop
  endfacet
  facet normal -0.515246 -0.857042 0
    outer loop
      vertex 39.6643 18.5464 1.55
      vertex 39.6811 18.5363 3.8
      vertex 39.6643 18.5464 3.8
    endloop
  endfacet
  facet normal -0.515246 -0.857042 -0
    outer loop
      vertex 39.6811 18.5363 3.8
      vertex 39.6643 18.5464 1.55
      vertex 39.6811 18.5363 1.55
    endloop
  endfacet
  facet normal -0.971033 -0.238945 0
    outer loop
      vertex 39.7661 18.409 1.55
      vertex 39.7614 18.4281 3.8
      vertex 39.7614 18.4281 1.55
    endloop
  endfacet
  facet normal -0.971033 -0.238945 0
    outer loop
      vertex 39.7614 18.4281 3.8
      vertex 39.7661 18.409 1.55
      vertex 39.7661 18.409 3.8
    endloop
  endfacet
  facet normal -0.241818 0.970322 0
    outer loop
      vertex 39.6281 3.03861 1.55
      vertex 39.609 3.03385 3.8
      vertex 39.6281 3.03861 3.8
    endloop
  endfacet
  facet normal -0.241818 0.970322 0
    outer loop
      vertex 39.609 3.03385 3.8
      vertex 39.6281 3.03861 1.55
      vertex 39.609 3.03385 1.55
    endloop
  endfacet
  facet normal -0.338538 0.940953 0
    outer loop
      vertex 39.6465 3.04523 1.55
      vertex 39.6281 3.03861 3.8
      vertex 39.6465 3.04523 3.8
    endloop
  endfacet
  facet normal -0.338538 0.940953 0
    outer loop
      vertex 39.6281 3.03861 3.8
      vertex 39.6465 3.04523 1.55
      vertex 39.6281 3.03861 1.55
    endloop
  endfacet
  facet normal 0.595508 0.80335 -0
    outer loop
      vertex 3.11889 3.06371 1.55
      vertex 3.10312 3.0754 1.6
      vertex 3.11889 3.06371 1.6
    endloop
  endfacet
  facet normal 0.595508 0.80335 0
    outer loop
      vertex 3.10312 3.0754 1.6
      vertex 3.11889 3.06371 1.55
      vertex 3.10312 3.0754 1.55
    endloop
  endfacet
  facet normal 0.33724 0.941419 -0
    outer loop
      vertex 3.17194 3.03861 1.55
      vertex 3.15346 3.04523 1.6
      vertex 3.17194 3.03861 1.6
    endloop
  endfacet
  facet normal 0.33724 0.941419 0
    outer loop
      vertex 3.15346 3.04523 1.6
      vertex 3.17194 3.03861 1.55
      vertex 3.15346 3.04523 1.55
    endloop
  endfacet
  facet normal 0.998804 0.0488961 0
    outer loop
      vertex 3.03096 3.21039 1.6
      vertex 3.03 3.23 1.55
      vertex 3.03 3.23 1.6
    endloop
  endfacet
  facet normal 0.998804 0.0488961 0
    outer loop
      vertex 3.03 3.23 1.55
      vertex 3.03096 3.21039 1.6
      vertex 3.03096 3.21039 1.55
    endloop
  endfacet
  facet normal 0.989096 0.147269 0
    outer loop
      vertex 3.03385 3.19098 1.6
      vertex 3.03096 3.21039 1.55
      vertex 3.03096 3.21039 1.6
    endloop
  endfacet
  facet normal 0.989096 0.147269 0
    outer loop
      vertex 3.03096 3.21039 1.55
      vertex 3.03385 3.19098 1.6
      vertex 3.03385 3.19098 1.55
    endloop
  endfacet
  facet normal 0.336336 -0.941742 0
    outer loop
      vertex 3.15346 18.5548 1.55
      vertex 3.17194 18.5614 1.6
      vertex 3.15346 18.5548 1.6
    endloop
  endfacet
  facet normal 0.336336 -0.941742 0
    outer loop
      vertex 3.17194 18.5614 1.6
      vertex 3.15346 18.5548 1.55
      vertex 3.17194 18.5614 1.55
    endloop
  endfacet
  facet normal -0.857448 0.514571 0
    outer loop
      vertex 39.7363 3.11889 1.55
      vertex 39.7464 3.13572 3.8
      vertex 39.7464 3.13572 1.55
    endloop
  endfacet
  facet normal -0.857448 0.514571 0
    outer loop
      vertex 39.7464 3.13572 3.8
      vertex 39.7363 3.11889 1.55
      vertex 39.7363 3.11889 3.8
    endloop
  endfacet
  facet normal -0.24373 -0.969843 0
    outer loop
      vertex 39.609 18.5662 1.55
      vertex 39.6281 18.5614 3.8
      vertex 39.609 18.5662 3.8
    endloop
  endfacet
  facet normal -0.24373 -0.969843 -0
    outer loop
      vertex 39.6281 18.5614 3.8
      vertex 39.609 18.5662 1.55
      vertex 39.6281 18.5614 1.55
    endloop
  endfacet
  facet normal -0.146844 0.98916 0
    outer loop
      vertex 39.609 3.03385 1.55
      vertex 39.5896 3.03097 3.8
      vertex 39.609 3.03385 3.8
    endloop
  endfacet
  facet normal -0.146844 0.98916 0
    outer loop
      vertex 39.5896 3.03097 3.8
      vertex 39.609 3.03385 1.55
      vertex 39.5896 3.03097 1.55
    endloop
  endfacet
  facet normal 0.427122 0.904194 -0
    outer loop
      vertex 3.15346 3.04523 1.55
      vertex 3.13572 3.05361 1.6
      vertex 3.15346 3.04523 1.6
    endloop
  endfacet
  facet normal 0.427122 0.904194 0
    outer loop
      vertex 3.13572 3.05361 1.6
      vertex 3.15346 3.04523 1.55
      vertex 3.13572 3.05361 1.55
    endloop
  endfacet
  facet normal 0.941419 0.33724 0
    outer loop
      vertex 3.04523 3.15346 1.6
      vertex 3.03861 3.17194 1.55
      vertex 3.03861 3.17194 1.6
    endloop
  endfacet
  facet normal 0.941419 0.33724 0
    outer loop
      vertex 3.03861 3.17194 1.55
      vertex 3.04523 3.15346 1.6
      vertex 3.04523 3.15346 1.55
    endloop
  endfacet
  facet normal 0.970322 -0.241818 0
    outer loop
      vertex 3.03385 18.409 1.6
      vertex 3.03861 18.4281 1.55
      vertex 3.03861 18.4281 1.6
    endloop
  endfacet
  facet normal 0.970322 -0.241818 0
    outer loop
      vertex 3.03861 18.4281 1.55
      vertex 3.03385 18.409 1.6
      vertex 3.03385 18.409 1.55
    endloop
  endfacet
  facet normal -0.803647 -0.595106 0
    outer loop
      vertex 39.7363 18.4811 1.55
      vertex 39.7246 18.4969 3.8
      vertex 39.7246 18.4969 1.55
    endloop
  endfacet
  facet normal -0.803647 -0.595106 0
    outer loop
      vertex 39.7246 18.4969 3.8
      vertex 39.7363 18.4811 1.55
      vertex 39.7363 18.4811 3.8
    endloop
  endfacet
  facet normal -0.941278 -0.337632 0
    outer loop
      vertex 39.7614 18.4281 1.55
      vertex 39.7548 18.4465 3.8
      vertex 39.7548 18.4465 1.55
    endloop
  endfacet
  facet normal -0.941278 -0.337632 0
    outer loop
      vertex 39.7548 18.4465 3.8
      vertex 39.7614 18.4281 1.55
      vertex 39.7614 18.4281 3.8
    endloop
  endfacet
  facet normal -0.904358 -0.426775 0
    outer loop
      vertex 39.7548 18.4465 1.55
      vertex 39.7464 18.4643 3.8
      vertex 39.7464 18.4643 1.55
    endloop
  endfacet
  facet normal -0.904358 -0.426775 0
    outer loop
      vertex 39.7464 18.4643 3.8
      vertex 39.7548 18.4465 1.55
      vertex 39.7548 18.4465 3.8
    endloop
  endfacet
  facet normal -0.998701 -0.0509541 0
    outer loop
      vertex 39.77 18.37 1.55
      vertex 39.769 18.3896 3.8
      vertex 39.769 18.3896 1.55
    endloop
  endfacet
  facet normal -0.998701 -0.0509541 0
    outer loop
      vertex 39.769 18.3896 3.8
      vertex 39.77 18.37 1.55
      vertex 39.77 18.37 3.8
    endloop
  endfacet
  facet normal -0.989011 -0.147842 0
    outer loop
      vertex 39.769 18.3896 1.55
      vertex 39.7661 18.409 3.8
      vertex 39.7661 18.409 1.55
    endloop
  endfacet
  facet normal -0.989011 -0.147842 0
    outer loop
      vertex 39.7661 18.409 3.8
      vertex 39.769 18.3896 1.55
      vertex 39.769 18.3896 3.8
    endloop
  endfacet
  facet normal 0.514571 0.857448 -0
    outer loop
      vertex 3.13572 3.05361 1.55
      vertex 3.11889 3.06371 1.6
      vertex 3.13572 3.05361 1.6
    endloop
  endfacet
  facet normal 0.514571 0.857448 0
    outer loop
      vertex 3.11889 3.06371 1.6
      vertex 3.13572 3.05361 1.55
      vertex 3.11889 3.06371 1.55
    endloop
  endfacet
  facet normal 0.740908 0.671607 0
    outer loop
      vertex 3.08858 3.08858 1.6
      vertex 3.0754 3.10312 1.55
      vertex 3.0754 3.10312 1.6
    endloop
  endfacet
  facet normal 0.740908 0.671607 0
    outer loop
      vertex 3.0754 3.10312 1.55
      vertex 3.08858 3.08858 1.6
      vertex 3.08858 3.08858 1.55
    endloop
  endfacet
  facet normal 0.671607 0.740908 -0
    outer loop
      vertex 3.10312 3.0754 1.55
      vertex 3.08858 3.08858 1.6
      vertex 3.10312 3.0754 1.6
    endloop
  endfacet
  facet normal 0.671607 0.740908 0
    outer loop
      vertex 3.08858 3.08858 1.6
      vertex 3.10312 3.0754 1.55
      vertex 3.08858 3.08858 1.55
    endloop
  endfacet
  facet normal 0.514571 -0.857448 0
    outer loop
      vertex 3.11889 18.5363 1.55
      vertex 3.13572 18.5464 1.6
      vertex 3.11889 18.5363 1.6
    endloop
  endfacet
  facet normal 0.514571 -0.857448 0
    outer loop
      vertex 3.13572 18.5464 1.6
      vertex 3.11889 18.5363 1.55
      vertex 3.13572 18.5464 1.55
    endloop
  endfacet
  facet normal 0.595836 -0.803106 0
    outer loop
      vertex 3.10312 18.5246 1.55
      vertex 3.11889 18.5363 1.6
      vertex 3.10312 18.5246 1.6
    endloop
  endfacet
  facet normal 0.595836 -0.803106 0
    outer loop
      vertex 3.11889 18.5363 1.6
      vertex 3.10312 18.5246 1.55
      vertex 3.11889 18.5363 1.55
    endloop
  endfacet
  facet normal 0.739986 -0.672622 0
    outer loop
      vertex 3.0754 18.4969 1.6
      vertex 3.08858 18.5114 1.55
      vertex 3.08858 18.5114 1.6
    endloop
  endfacet
  facet normal 0.739986 -0.672622 0
    outer loop
      vertex 3.08858 18.5114 1.55
      vertex 3.0754 18.4969 1.6
      vertex 3.0754 18.4969 1.55
    endloop
  endfacet
  facet normal 0.989085 -0.147343 0
    outer loop
      vertex 3.03096 18.3896 1.6
      vertex 3.03385 18.409 1.55
      vertex 3.03385 18.409 1.6
    endloop
  endfacet
  facet normal 0.989085 -0.147343 0
    outer loop
      vertex 3.03385 18.409 1.55
      vertex 3.03096 18.3896 1.6
      vertex 3.03096 18.3896 1.55
    endloop
  endfacet
  facet normal 0.803891 -0.594777 0
    outer loop
      vertex 3.06371 18.4811 1.6
      vertex 3.0754 18.4969 1.55
      vertex 3.0754 18.4969 1.6
    endloop
  endfacet
  facet normal 0.803891 -0.594777 0
    outer loop
      vertex 3.0754 18.4969 1.55
      vertex 3.06371 18.4811 1.6
      vertex 3.06371 18.4811 1.55
    endloop
  endfacet
  facet normal -0.515246 0.857042 0
    outer loop
      vertex 39.6811 3.06371 1.55
      vertex 39.6643 3.05361 3.8
      vertex 39.6811 3.06371 3.8
    endloop
  endfacet
  facet normal -0.515246 0.857042 0
    outer loop
      vertex 39.6643 3.05361 3.8
      vertex 39.6811 3.06371 1.55
      vertex 39.6643 3.05361 1.55
    endloop
  endfacet
  facet normal -0.803106 0.595836 0
    outer loop
      vertex 39.7246 3.10312 1.55
      vertex 39.7363 3.11889 3.8
      vertex 39.7363 3.11889 1.55
    endloop
  endfacet
  facet normal -0.803106 0.595836 0
    outer loop
      vertex 39.7363 3.11889 3.8
      vertex 39.7246 3.10312 1.55
      vertex 39.7246 3.10312 3.8
    endloop
  endfacet
  facet normal -0.9038 0.427955 0
    outer loop
      vertex 39.7464 3.13572 1.55
      vertex 39.7548 3.15346 3.8
      vertex 39.7548 3.15346 1.55
    endloop
  endfacet
  facet normal -0.9038 0.427955 0
    outer loop
      vertex 39.7548 3.15346 3.8
      vertex 39.7464 3.13572 1.55
      vertex 39.7464 3.13572 3.8
    endloop
  endfacet
  facet normal -0.998702 0.0509282 0
    outer loop
      vertex 39.769 3.21039 1.55
      vertex 39.77 3.23 3.8
      vertex 39.77 3.23 1.55
    endloop
  endfacet
  facet normal -0.998702 0.0509282 0
    outer loop
      vertex 39.77 3.23 3.8
      vertex 39.769 3.21039 1.55
      vertex 39.769 3.21039 3.8
    endloop
  endfacet
  facet normal -0.989022 0.147767 0
    outer loop
      vertex 39.7661 3.19098 1.55
      vertex 39.769 3.21039 3.8
      vertex 39.769 3.21039 1.55
    endloop
  endfacet
  facet normal -0.989022 0.147767 0
    outer loop
      vertex 39.769 3.21039 3.8
      vertex 39.7661 3.19098 1.55
      vertex 39.7661 3.19098 3.8
    endloop
  endfacet
  facet normal -0.857042 -0.515246 0
    outer loop
      vertex 39.7464 18.4643 1.55
      vertex 39.7363 18.4811 3.8
      vertex 39.7363 18.4811 1.55
    endloop
  endfacet
  facet normal -0.857042 -0.515246 0
    outer loop
      vertex 39.7363 18.4811 3.8
      vertex 39.7464 18.4643 1.55
      vertex 39.7464 18.4643 3.8
    endloop
  endfacet
  facet normal -0.595106 -0.803647 0
    outer loop
      vertex 39.6811 18.5363 1.55
      vertex 39.6969 18.5246 3.8
      vertex 39.6811 18.5363 3.8
    endloop
  endfacet
  facet normal -0.595106 -0.803647 -0
    outer loop
      vertex 39.6969 18.5246 3.8
      vertex 39.6811 18.5363 1.55
      vertex 39.6969 18.5246 1.55
    endloop
  endfacet
  facet normal -0.739478 -0.67318 0
    outer loop
      vertex 39.7246 18.4969 1.55
      vertex 39.7114 18.5114 3.8
      vertex 39.7114 18.5114 1.55
    endloop
  endfacet
  facet normal -0.739478 -0.67318 0
    outer loop
      vertex 39.7114 18.5114 3.8
      vertex 39.7246 18.4969 1.55
      vertex 39.7246 18.4969 3.8
    endloop
  endfacet
  facet normal -0.67318 -0.739478 0
    outer loop
      vertex 39.6969 18.5246 1.55
      vertex 39.7114 18.5114 3.8
      vertex 39.6969 18.5246 3.8
    endloop
  endfacet
  facet normal -0.67318 -0.739478 -0
    outer loop
      vertex 39.7114 18.5114 3.8
      vertex 39.6969 18.5246 1.55
      vertex 39.7114 18.5114 1.55
    endloop
  endfacet
  facet normal -0.426775 -0.904358 0
    outer loop
      vertex 39.6465 18.5548 1.55
      vertex 39.6643 18.5464 3.8
      vertex 39.6465 18.5548 3.8
    endloop
  endfacet
  facet normal -0.426775 -0.904358 -0
    outer loop
      vertex 39.6643 18.5464 3.8
      vertex 39.6465 18.5548 1.55
      vertex 39.6643 18.5464 1.55
    endloop
  endfacet
  facet normal -0.337632 -0.941278 0
    outer loop
      vertex 39.6281 18.5614 1.55
      vertex 39.6465 18.5548 3.8
      vertex 39.6281 18.5614 3.8
    endloop
  endfacet
  facet normal -0.337632 -0.941278 -0
    outer loop
      vertex 39.6465 18.5548 3.8
      vertex 39.6281 18.5614 1.55
      vertex 39.6465 18.5548 1.55
    endloop
  endfacet
  facet normal 0.904194 0.427122 0
    outer loop
      vertex 3.05361 3.13572 1.6
      vertex 3.04523 3.15346 1.55
      vertex 3.04523 3.15346 1.6
    endloop
  endfacet
  facet normal 0.904194 0.427122 0
    outer loop
      vertex 3.04523 3.15346 1.55
      vertex 3.05361 3.13572 1.6
      vertex 3.05361 3.13572 1.55
    endloop
  endfacet
  facet normal 0.857448 0.514571 0
    outer loop
      vertex 3.06371 3.11889 1.6
      vertex 3.05361 3.13572 1.55
      vertex 3.05361 3.13572 1.6
    endloop
  endfacet
  facet normal 0.857448 0.514571 0
    outer loop
      vertex 3.05361 3.13572 1.55
      vertex 3.06371 3.11889 1.6
      vertex 3.06371 3.11889 1.55
    endloop
  endfacet
  facet normal 0.672166 -0.740401 0
    outer loop
      vertex 3.08858 18.5114 1.55
      vertex 3.10312 18.5246 1.6
      vertex 3.08858 18.5114 1.6
    endloop
  endfacet
  facet normal 0.672166 -0.740401 0
    outer loop
      vertex 3.10312 18.5246 1.6
      vertex 3.08858 18.5114 1.55
      vertex 3.10312 18.5246 1.55
    endloop
  endfacet
  facet normal 0.857042 -0.515246 0
    outer loop
      vertex 3.05361 18.4643 1.6
      vertex 3.06371 18.4811 1.55
      vertex 3.06371 18.4811 1.6
    endloop
  endfacet
  facet normal 0.857042 -0.515246 0
    outer loop
      vertex 3.06371 18.4811 1.55
      vertex 3.05361 18.4643 1.6
      vertex 3.05361 18.4643 1.55
    endloop
  endfacet
  facet normal -0.594777 0.803891 0
    outer loop
      vertex 39.6969 3.0754 1.55
      vertex 39.6811 3.06371 3.8
      vertex 39.6969 3.0754 3.8
    endloop
  endfacet
  facet normal -0.594777 0.803891 0
    outer loop
      vertex 39.6811 3.06371 3.8
      vertex 39.6969 3.0754 1.55
      vertex 39.6811 3.06371 1.55
    endloop
  endfacet
  facet normal -0.672622 0.739986 0
    outer loop
      vertex 39.7114 3.08858 1.55
      vertex 39.6969 3.0754 3.8
      vertex 39.7114 3.08858 3.8
    endloop
  endfacet
  facet normal -0.672622 0.739986 0
    outer loop
      vertex 39.6969 3.0754 3.8
      vertex 39.7114 3.08858 1.55
      vertex 39.6969 3.0754 1.55
    endloop
  endfacet
  facet normal -0.740401 0.672166 0
    outer loop
      vertex 39.7114 3.08858 1.55
      vertex 39.7246 3.10312 3.8
      vertex 39.7246 3.10312 1.55
    endloop
  endfacet
  facet normal -0.740401 0.672166 0
    outer loop
      vertex 39.7246 3.10312 3.8
      vertex 39.7114 3.08858 1.55
      vertex 39.7114 3.08858 3.8
    endloop
  endfacet
  facet normal -0.941742 0.336336 0
    outer loop
      vertex 39.7548 3.15346 1.55
      vertex 39.7614 3.17194 3.8
      vertex 39.7614 3.17194 1.55
    endloop
  endfacet
  facet normal -0.941742 0.336336 0
    outer loop
      vertex 39.7614 3.17194 3.8
      vertex 39.7548 3.15346 1.55
      vertex 39.7548 3.15346 3.8
    endloop
  endfacet
  facet normal -0.970858 0.239655 0
    outer loop
      vertex 39.7614 3.17194 1.55
      vertex 39.7661 3.19098 3.8
      vertex 39.7661 3.19098 1.55
    endloop
  endfacet
  facet normal -0.970858 0.239655 0
    outer loop
      vertex 39.7661 3.19098 3.8
      vertex 39.7614 3.17194 1.55
      vertex 39.7614 3.17194 3.8
    endloop
  endfacet
  facet normal 0.242536 0.970143 -0
    outer loop
      vertex 3.19098 3.03385 1.55
      vertex 3.17194 3.03861 1.6
      vertex 3.19098 3.03385 1.6
    endloop
  endfacet
  facet normal 0.242536 0.970143 0
    outer loop
      vertex 3.17194 3.03861 1.6
      vertex 3.19098 3.03385 1.55
      vertex 3.17194 3.03861 1.55
    endloop
  endfacet
  facet normal 0.14677 0.989171 -0
    outer loop
      vertex 3.21039 3.03097 1.55
      vertex 3.19098 3.03385 1.6
      vertex 3.21039 3.03097 1.6
    endloop
  endfacet
  facet normal 0.14677 0.989171 0
    outer loop
      vertex 3.19098 3.03385 1.6
      vertex 3.21039 3.03097 1.55
      vertex 3.19098 3.03385 1.55
    endloop
  endfacet
  facet normal 0.90475 -0.425944 0
    outer loop
      vertex 3.04523 18.4465 1.6
      vertex 3.05361 18.4643 1.55
      vertex 3.05361 18.4643 1.6
    endloop
  endfacet
  facet normal 0.90475 -0.425944 0
    outer loop
      vertex 3.05361 18.4643 1.55
      vertex 3.04523 18.4465 1.6
      vertex 3.04523 18.4465 1.55
    endloop
  endfacet
  facet normal 0.940953 -0.338538 0
    outer loop
      vertex 3.03861 18.4281 1.6
      vertex 3.04523 18.4465 1.55
      vertex 3.04523 18.4465 1.6
    endloop
  endfacet
  facet normal 0.940953 -0.338538 0
    outer loop
      vertex 3.04523 18.4465 1.55
      vertex 3.03861 18.4281 1.6
      vertex 3.03861 18.4281 1.55
    endloop
  endfacet
  facet normal 1 0 0
    outer loop
      vertex 16.4 9.15527e-06 5.72205e-07
      vertex 16.4 0.994222 0.117621
      vertex 16.4 0.976943 0.234109
    endloop
  endfacet
  facet normal 1 0 0
    outer loop
      vertex 16.4 9.15527e-06 5.72205e-07
      vertex 16.4 0.976943 0.234109
      vertex 16.4 0.948329 0.348343
    endloop
  endfacet
  facet normal 1 0 0
    outer loop
      vertex 16.4 9.15527e-06 5.72205e-07
      vertex 16.4 0.948329 0.348343
      vertex 16.4 0.908656 0.45922
    endloop
  endfacet
  facet normal 1 0 0
    outer loop
      vertex 16.4 9.15527e-06 5.72205e-07
      vertex 16.4 0.908656 0.45922
      vertex 16.4 0.858306 0.565676
    endloop
  endfacet
  facet normal 1 0 0
    outer loop
      vertex 16.4 9.15527e-06 5.72205e-07
      vertex 16.4 0.858306 0.565676
      vertex 16.4 0.797764 0.666685
    endloop
  endfacet
  facet normal 1 0 0
    outer loop
      vertex 16.4 9.15527e-06 5.72205e-07
      vertex 16.4 0.797764 0.666685
      vertex 16.4 0.727613 0.761272
    endloop
  endfacet
  facet normal 1 0 0
    outer loop
      vertex 16.4 9.15527e-06 5.72205e-07
      vertex 16.4 0.727613 0.761272
      vertex 16.4 0.648529 0.848529
    endloop
  endfacet
  facet normal 1 0 0
    outer loop
      vertex 16.4 9.15527e-06 5.72205e-07
      vertex 16.4 0.648529 0.848529
      vertex 16.4 0.561272 0.927613
    endloop
  endfacet
  facet normal 1 0 0
    outer loop
      vertex 16.4 9.15527e-06 5.72205e-07
      vertex 16.4 0.561272 0.927613
      vertex 16.4 0.466685 0.997764
    endloop
  endfacet
  facet normal 1 0 0
    outer loop
      vertex 16.4 9.15527e-06 5.72205e-07
      vertex 16.4 0.466685 0.997764
      vertex 16.4 0.365676 1.05831
    endloop
  endfacet
  facet normal 1 0 0
    outer loop
      vertex 16.4 9.15527e-06 5.72205e-07
      vertex 16.4 0.365676 1.05831
      vertex 16.4 0.259221 1.10866
    endloop
  endfacet
  facet normal 1 0 0
    outer loop
      vertex 16.4 9.15527e-06 5.72205e-07
      vertex 16.4 0.259221 1.10866
      vertex 16.4 0.148342 1.14833
    endloop
  endfacet
  facet normal 1 0 0
    outer loop
      vertex 16.4 9.15527e-06 5.72205e-07
      vertex 16.4 0.148342 1.14833
      vertex 16.4 0.0341087 1.17694
    endloop
  endfacet
  facet normal 1 0 0
    outer loop
      vertex 16.4 9.15527e-06 5.72205e-07
      vertex 16.4 0.0341087 1.17694
      vertex 16.4 9.15527e-06 1.182
    endloop
  endfacet
  facet normal 1 0 0
    outer loop
      vertex 16.4 0.994222 0.117621
      vertex 16.4 9.15527e-06 5.72205e-07
      vertex 16.4 1 5.72205e-07
    endloop
  endfacet
  facet normal 0 -0.336866 -0.941553
    outer loop
      vertex 16.4 0.148342 1.14833
      vertex 26.4 0.259221 1.10866
      vertex 26.4 0.148342 1.14833
    endloop
  endfacet
  facet normal -0 -0.336866 -0.941553
    outer loop
      vertex 26.4 0.259221 1.10866
      vertex 16.4 0.148342 1.14833
      vertex 16.4 0.259221 1.10866
    endloop
  endfacet
  facet normal 0 -0.242949 -0.970039
    outer loop
      vertex 16.4 0.0341087 1.17694
      vertex 26.4 0.148342 1.14833
      vertex 26.4 0.0341087 1.17694
    endloop
  endfacet
  facet normal -0 -0.242949 -0.970039
    outer loop
      vertex 26.4 0.148342 1.14833
      vertex 16.4 0.0341087 1.17694
      vertex 16.4 0.148342 1.14833
    endloop
  endfacet
  facet normal 0 -0.595702 -0.803206
    outer loop
      vertex 16.4 0.466685 0.997764
      vertex 26.4 0.561272 0.927613
      vertex 26.4 0.466685 0.997764
    endloop
  endfacet
  facet normal -0 -0.595702 -0.803206
    outer loop
      vertex 26.4 0.561272 0.927613
      vertex 16.4 0.466685 0.997764
      vertex 16.4 0.561272 0.927613
    endloop
  endfacet
  facet normal 0 -0.85773 -0.5141
    outer loop
      vertex 16.4 0.858306 0.565676
      vertex 26.4 0.797764 0.666685
      vertex 16.4 0.797764 0.666685
    endloop
  endfacet
  facet normal 0 -0.85773 -0.5141
    outer loop
      vertex 26.4 0.797764 0.666685
      vertex 16.4 0.858306 0.565676
      vertex 26.4 0.858306 0.565676
    endloop
  endfacet
  facet normal 0 -0.740956 -0.671554
    outer loop
      vertex 16.4 0.727613 0.761272
      vertex 26.4 0.648529 0.848529
      vertex 16.4 0.648529 0.848529
    endloop
  endfacet
  facet normal 0 -0.740956 -0.671554
    outer loop
      vertex 26.4 0.648529 0.848529
      vertex 16.4 0.727613 0.761272
      vertex 26.4 0.727613 0.761272
    endloop
  endfacet
  facet normal 0 -0.427559 -0.903988
    outer loop
      vertex 16.4 0.259221 1.10866
      vertex 26.4 0.365676 1.05831
      vertex 26.4 0.259221 1.10866
    endloop
  endfacet
  facet normal -0 -0.427559 -0.903988
    outer loop
      vertex 26.4 0.365676 1.05831
      vertex 16.4 0.259221 1.10866
      vertex 16.4 0.365676 1.05831
    endloop
  endfacet
  facet normal 0 -0.989177 -0.146727
    outer loop
      vertex 16.4 0.994222 0.117621
      vertex 26.4 0.976943 0.234109
      vertex 16.4 0.976943 0.234109
    endloop
  endfacet
  facet normal 0 -0.989177 -0.146727
    outer loop
      vertex 26.4 0.976943 0.234109
      vertex 16.4 0.994222 0.117621
      vertex 26.4 0.994222 0.117621
    endloop
  endfacet
  facet normal 0 -0.903989 -0.427556
    outer loop
      vertex 16.4 0.908656 0.45922
      vertex 26.4 0.858306 0.565676
      vertex 16.4 0.858306 0.565676
    endloop
  endfacet
  facet normal 0 -0.903989 -0.427556
    outer loop
      vertex 26.4 0.858306 0.565676
      vertex 16.4 0.908656 0.45922
      vertex 26.4 0.908656 0.45922
    endloop
  endfacet
  facet normal 0 -0.941543 -0.336894
    outer loop
      vertex 16.4 0.948329 0.348343
      vertex 26.4 0.908656 0.45922
      vertex 16.4 0.908656 0.45922
    endloop
  endfacet
  facet normal 0 -0.941543 -0.336894
    outer loop
      vertex 26.4 0.908656 0.45922
      vertex 16.4 0.948329 0.348343
      vertex 26.4 0.948329 0.348343
    endloop
  endfacet
  facet normal 0 -0.146782 -0.989169
    outer loop
      vertex 16.4 9.15527e-06 1.182
      vertex 26.4 0.0341087 1.17694
      vertex 26.4 9.15527e-06 1.182
    endloop
  endfacet
  facet normal -0 -0.146782 -0.989169
    outer loop
      vertex 26.4 0.0341087 1.17694
      vertex 16.4 9.15527e-06 1.182
      vertex 16.4 0.0341087 1.17694
    endloop
  endfacet
  facet normal 0 -0.514125 -0.857715
    outer loop
      vertex 16.4 0.365676 1.05831
      vertex 26.4 0.466685 0.997764
      vertex 26.4 0.365676 1.05831
    endloop
  endfacet
  facet normal -0 -0.514125 -0.857715
    outer loop
      vertex 26.4 0.466685 0.997764
      vertex 16.4 0.365676 1.05831
      vertex 16.4 0.466685 0.997764
    endloop
  endfacet
  facet normal 0 -0.803206 -0.595702
    outer loop
      vertex 16.4 0.797764 0.666685
      vertex 26.4 0.727613 0.761272
      vertex 16.4 0.727613 0.761272
    endloop
  endfacet
  facet normal 0 -0.803206 -0.595702
    outer loop
      vertex 26.4 0.727613 0.761272
      vertex 16.4 0.797764 0.666685
      vertex 26.4 0.797764 0.666685
    endloop
  endfacet
  facet normal 0 -0.998796 -0.049065
    outer loop
      vertex 16.4 1 5.72205e-07
      vertex 26.4 0.994222 0.117621
      vertex 16.4 0.994222 0.117621
    endloop
  endfacet
  facet normal 0 -0.998796 -0.049065
    outer loop
      vertex 26.4 0.994222 0.117621
      vertex 16.4 1 5.72205e-07
      vertex 26.4 1 5.72205e-07
    endloop
  endfacet
  facet normal 0 -0.970032 -0.242979
    outer loop
      vertex 16.4 0.976943 0.234109
      vertex 26.4 0.948329 0.348343
      vertex 16.4 0.948329 0.348343
    endloop
  endfacet
  facet normal 0 -0.970032 -0.242979
    outer loop
      vertex 26.4 0.948329 0.348343
      vertex 16.4 0.976943 0.234109
      vertex 26.4 0.976943 0.234109
    endloop
  endfacet
  facet normal 0 -0.671554 -0.740956
    outer loop
      vertex 16.4 0.561272 0.927613
      vertex 26.4 0.648529 0.848529
      vertex 26.4 0.561272 0.927613
    endloop
  endfacet
  facet normal -0 -0.671554 -0.740956
    outer loop
      vertex 26.4 0.648529 0.848529
      vertex 16.4 0.561272 0.927613
      vertex 16.4 0.648529 0.848529
    endloop
  endfacet
  facet normal -1 0 0
    outer loop
      vertex 26.4 9.15527e-06 5.72205e-07
      vertex 26.4 0.994222 0.117621
      vertex 26.4 1 5.72205e-07
    endloop
  endfacet
  facet normal -1 -0 0
    outer loop
      vertex 26.4 0.994222 0.117621
      vertex 26.4 9.15527e-06 5.72205e-07
      vertex 26.4 0.976943 0.234109
    endloop
  endfacet
  facet normal -1 -0 0
    outer loop
      vertex 26.4 0.976943 0.234109
      vertex 26.4 9.15527e-06 5.72205e-07
      vertex 26.4 0.948329 0.348343
    endloop
  endfacet
  facet normal -1 -0 0
    outer loop
      vertex 26.4 0.948329 0.348343
      vertex 26.4 9.15527e-06 5.72205e-07
      vertex 26.4 0.908656 0.45922
    endloop
  endfacet
  facet normal -1 -0 0
    outer loop
      vertex 26.4 0.908656 0.45922
      vertex 26.4 9.15527e-06 5.72205e-07
      vertex 26.4 0.858306 0.565676
    endloop
  endfacet
  facet normal -1 -0 0
    outer loop
      vertex 26.4 0.858306 0.565676
      vertex 26.4 9.15527e-06 5.72205e-07
      vertex 26.4 0.797764 0.666685
    endloop
  endfacet
  facet normal -1 -0 0
    outer loop
      vertex 26.4 0.797764 0.666685
      vertex 26.4 9.15527e-06 5.72205e-07
      vertex 26.4 0.727613 0.761272
    endloop
  endfacet
  facet normal -1 -0 0
    outer loop
      vertex 26.4 0.727613 0.761272
      vertex 26.4 9.15527e-06 5.72205e-07
      vertex 26.4 0.648529 0.848529
    endloop
  endfacet
  facet normal -1 -0 0
    outer loop
      vertex 26.4 0.648529 0.848529
      vertex 26.4 9.15527e-06 5.72205e-07
      vertex 26.4 0.561272 0.927613
    endloop
  endfacet
  facet normal -1 -0 0
    outer loop
      vertex 26.4 0.561272 0.927613
      vertex 26.4 9.15527e-06 5.72205e-07
      vertex 26.4 0.466685 0.997764
    endloop
  endfacet
  facet normal -1 -0 0
    outer loop
      vertex 26.4 0.466685 0.997764
      vertex 26.4 9.15527e-06 5.72205e-07
      vertex 26.4 0.365676 1.05831
    endloop
  endfacet
  facet normal -1 -0 0
    outer loop
      vertex 26.4 0.365676 1.05831
      vertex 26.4 9.15527e-06 5.72205e-07
      vertex 26.4 0.259221 1.10866
    endloop
  endfacet
  facet normal -1 -0 0
    outer loop
      vertex 26.4 0.259221 1.10866
      vertex 26.4 9.15527e-06 5.72205e-07
      vertex 26.4 0.148342 1.14833
    endloop
  endfacet
  facet normal -1 -0 0
    outer loop
      vertex 26.4 0.148342 1.14833
      vertex 26.4 9.15527e-06 5.72205e-07
      vertex 26.4 0.0341087 1.17694
    endloop
  endfacet
  facet normal -1 -0 0
    outer loop
      vertex 26.4 0.0341087 1.17694
      vertex 26.4 9.15527e-06 5.72205e-07
      vertex 26.4 9.15527e-06 1.182
    endloop
  endfacet
  facet normal -1 0 0
    outer loop
      vertex 4.03 18.57 1.6
      vertex 4.03 19.72 3.8
      vertex 4.03 19.72 1.6
    endloop
  endfacet
  facet normal -1 -0 0
    outer loop
      vertex 4.03 19.72 3.8
      vertex 4.03 18.57 1.6
      vertex 4.03 18.57 3.8
    endloop
  endfacet
  facet normal -1 0 0
    outer loop
      vertex 4.03 1.87999 1.6
      vertex 4.03 3.03 3.8
      vertex 4.03 3.03 1.6
    endloop
  endfacet
  facet normal -1 -0 0
    outer loop
      vertex 4.03 3.03 3.8
      vertex 4.03 1.87999 1.6
      vertex 4.03 1.87999 3.8
    endloop
  endfacet
endsolid OpenSCAD_Model
