solid OpenSCAD_Model
  facet normal -0.998795 0.0490744 0
    outer loop
      vertex 6.28724 20.9903 37.1
      vertex 6.3 21.25 39.25
      vertex 6.3 21.25 37.1
    endloop
  endfacet
  facet normal -0.998795 0.0490744 0
    outer loop
      vertex 6.3 21.25 39.25
      vertex 6.28724 20.9903 37.1
      vertex 6.28724 20.9903 39.25
    endloop
  endfacet
  facet normal 0.998795 0.0490744 0
    outer loop
      vertex 1.01276 20.9903 39.25
      vertex 1 21.25 37.1
      vertex 1 21.25 39.25
    endloop
  endfacet
  facet normal 0.998795 0.0490744 0
    outer loop
      vertex 1 21.25 37.1
      vertex 1.01276 20.9903 39.25
      vertex 1.01276 20.9903 37.1
    endloop
  endfacet
  facet normal 0.0492184 0.998788 -0
    outer loop
      vertex 3.65 18.6 37.1
      vertex 3.39025 18.6128 39.25
      vertex 3.65 18.6 39.25
    endloop
  endfacet
  facet normal 0.0492184 0.998788 0
    outer loop
      vertex 3.39025 18.6128 39.25
      vertex 3.65 18.6 37.1
      vertex 3.39025 18.6128 37.1
    endloop
  endfacet
  facet normal -0.0492184 -0.998788 0
    outer loop
      vertex 3.65 23.9 37.1
      vertex 3.90975 23.8872 39.25
      vertex 3.65 23.9 39.25
    endloop
  endfacet
  facet normal -0.0492184 -0.998788 -0
    outer loop
      vertex 3.90975 23.8872 39.25
      vertex 3.65 23.9 37.1
      vertex 3.90975 23.8872 37.1
    endloop
  endfacet
  facet normal -0.671677 0.740844 0
    outer loop
      vertex 5.52383 19.3762 37.1
      vertex 5.33114 19.2015 39.25
      vertex 5.52383 19.3762 39.25
    endloop
  endfacet
  facet normal -0.671677 0.740844 0
    outer loop
      vertex 5.33114 19.2015 39.25
      vertex 5.52383 19.3762 37.1
      vertex 5.33114 19.2015 37.1
    endloop
  endfacet
  facet normal 0.740957 0.671552 0
    outer loop
      vertex 1.77617 19.3762 39.25
      vertex 1.60152 19.5689 37.1
      vertex 1.60152 19.5689 39.25
    endloop
  endfacet
  facet normal 0.740957 0.671552 0
    outer loop
      vertex 1.60152 19.5689 37.1
      vertex 1.77617 19.3762 39.25
      vertex 1.77617 19.3762 37.1
    endloop
  endfacet
  facet normal 0.427589 0.903973 -0
    outer loop
      vertex 2.63589 18.8017 37.1
      vertex 2.4008 18.9129 39.25
      vertex 2.63589 18.8017 39.25
    endloop
  endfacet
  facet normal 0.427589 0.903973 0
    outer loop
      vertex 2.4008 18.9129 39.25
      vertex 2.63589 18.8017 37.1
      vertex 2.4008 18.9129 37.1
    endloop
  endfacet
  facet normal -0.903995 0.427542 0
    outer loop
      vertex 5.98709 20.0008 37.1
      vertex 6.09828 20.2359 39.25
      vertex 6.09828 20.2359 37.1
    endloop
  endfacet
  facet normal -0.903995 0.427542 0
    outer loop
      vertex 6.09828 20.2359 39.25
      vertex 5.98709 20.0008 37.1
      vertex 5.98709 20.0008 39.25
    endloop
  endfacet
  facet normal -0.336848 0.941559 0
    outer loop
      vertex 4.66411 18.8017 37.1
      vertex 4.41925 18.7141 39.25
      vertex 4.66411 18.8017 39.25
    endloop
  endfacet
  facet normal -0.336848 0.941559 0
    outer loop
      vertex 4.41925 18.7141 39.25
      vertex 4.66411 18.8017 37.1
      vertex 4.41925 18.7141 37.1
    endloop
  endfacet
  facet normal -0.514111 0.857724 0
    outer loop
      vertex 5.12226 19.0466 37.1
      vertex 4.8992 18.9129 39.25
      vertex 5.12226 19.0466 39.25
    endloop
  endfacet
  facet normal -0.514111 0.857724 0
    outer loop
      vertex 4.8992 18.9129 39.25
      vertex 5.12226 19.0466 37.1
      vertex 4.8992 18.9129 37.1
    endloop
  endfacet
  facet normal 0.903995 0.427542 0
    outer loop
      vertex 1.31291 20.0008 39.25
      vertex 1.20172 20.2359 37.1
      vertex 1.20172 20.2359 39.25
    endloop
  endfacet
  facet normal 0.903995 0.427542 0
    outer loop
      vertex 1.20172 20.2359 37.1
      vertex 1.31291 20.0008 39.25
      vertex 1.31291 20.0008 37.1
    endloop
  endfacet
  facet normal 0.803091 0.595857 0
    outer loop
      vertex 1.60152 19.5689 39.25
      vertex 1.4466 19.7777 37.1
      vertex 1.4466 19.7777 39.25
    endloop
  endfacet
  facet normal 0.803091 0.595857 0
    outer loop
      vertex 1.4466 19.7777 37.1
      vertex 1.60152 19.5689 39.25
      vertex 1.60152 19.5689 37.1
    endloop
  endfacet
  facet normal 0.243015 0.970023 -0
    outer loop
      vertex 3.13301 18.6509 37.1
      vertex 2.88074 18.7141 39.25
      vertex 3.13301 18.6509 39.25
    endloop
  endfacet
  facet normal 0.243015 0.970023 0
    outer loop
      vertex 2.88074 18.7141 39.25
      vertex 3.13301 18.6509 37.1
      vertex 2.88074 18.7141 37.1
    endloop
  endfacet
  facet normal -0.970038 -0.242952 0
    outer loop
      vertex 6.24908 21.767 37.1
      vertex 6.18589 22.0193 39.25
      vertex 6.18589 22.0193 37.1
    endloop
  endfacet
  facet normal -0.970038 -0.242952 0
    outer loop
      vertex 6.18589 22.0193 39.25
      vertex 6.24908 21.767 37.1
      vertex 6.24908 21.767 39.25
    endloop
  endfacet
  facet normal -0.146512 -0.989209 0
    outer loop
      vertex 3.90975 23.8872 37.1
      vertex 4.16699 23.8491 39.25
      vertex 3.90975 23.8872 39.25
    endloop
  endfacet
  facet normal -0.146512 -0.989209 -0
    outer loop
      vertex 4.16699 23.8491 39.25
      vertex 3.90975 23.8872 37.1
      vertex 4.16699 23.8491 37.1
    endloop
  endfacet
  facet normal -0.427589 -0.903973 0
    outer loop
      vertex 4.66411 23.6983 37.1
      vertex 4.8992 23.5871 39.25
      vertex 4.66411 23.6983 39.25
    endloop
  endfacet
  facet normal -0.427589 -0.903973 -0
    outer loop
      vertex 4.8992 23.5871 39.25
      vertex 4.66411 23.6983 37.1
      vertex 4.8992 23.5871 37.1
    endloop
  endfacet
  facet normal -0.970038 0.242952 0
    outer loop
      vertex 6.18589 20.4807 37.1
      vertex 6.24908 20.733 39.25
      vertex 6.24908 20.733 37.1
    endloop
  endfacet
  facet normal -0.970038 0.242952 0
    outer loop
      vertex 6.24908 20.733 39.25
      vertex 6.18589 20.4807 37.1
      vertex 6.18589 20.4807 39.25
    endloop
  endfacet
  facet normal -0.98918 0.146705 0
    outer loop
      vertex 6.24908 20.733 37.1
      vertex 6.28724 20.9903 39.25
      vertex 6.28724 20.9903 37.1
    endloop
  endfacet
  facet normal -0.98918 0.146705 0
    outer loop
      vertex 6.28724 20.9903 39.25
      vertex 6.24908 20.733 37.1
      vertex 6.24908 20.733 39.25
    endloop
  endfacet
  facet normal -0.941521 0.336955 0
    outer loop
      vertex 6.09828 20.2359 37.1
      vertex 6.18589 20.4807 39.25
      vertex 6.18589 20.4807 37.1
    endloop
  endfacet
  facet normal -0.941521 0.336955 0
    outer loop
      vertex 6.18589 20.4807 39.25
      vertex 6.09828 20.2359 37.1
      vertex 6.09828 20.2359 39.25
    endloop
  endfacet
  facet normal -0.803109 0.595832 0
    outer loop
      vertex 5.69848 19.5689 37.1
      vertex 5.85339 19.7777 39.25
      vertex 5.85339 19.7777 37.1
    endloop
  endfacet
  facet normal -0.803109 0.595832 0
    outer loop
      vertex 5.85339 19.7777 39.25
      vertex 5.69848 19.5689 37.1
      vertex 5.69848 19.5689 39.25
    endloop
  endfacet
  facet normal -0.740957 0.671552 0
    outer loop
      vertex 5.52383 19.3762 37.1
      vertex 5.69848 19.5689 39.25
      vertex 5.69848 19.5689 37.1
    endloop
  endfacet
  facet normal -0.740957 0.671552 0
    outer loop
      vertex 5.69848 19.5689 39.25
      vertex 5.52383 19.3762 37.1
      vertex 5.52383 19.3762 39.25
    endloop
  endfacet
  facet normal -0.857764 0.514043 0
    outer loop
      vertex 5.85339 19.7777 37.1
      vertex 5.98709 20.0008 39.25
      vertex 5.98709 20.0008 37.1
    endloop
  endfacet
  facet normal -0.857764 0.514043 0
    outer loop
      vertex 5.98709 20.0008 39.25
      vertex 5.85339 19.7777 37.1
      vertex 5.85339 19.7777 39.25
    endloop
  endfacet
  facet normal -0.146512 0.989209 0
    outer loop
      vertex 4.16699 18.6509 37.1
      vertex 3.90975 18.6128 39.25
      vertex 4.16699 18.6509 39.25
    endloop
  endfacet
  facet normal -0.146512 0.989209 0
    outer loop
      vertex 3.90975 18.6128 39.25
      vertex 4.16699 18.6509 37.1
      vertex 3.90975 18.6128 37.1
    endloop
  endfacet
  facet normal -0.243024 0.97002 0
    outer loop
      vertex 4.41925 18.7141 37.1
      vertex 4.16699 18.6509 39.25
      vertex 4.41925 18.7141 39.25
    endloop
  endfacet
  facet normal -0.243024 0.97002 0
    outer loop
      vertex 4.16699 18.6509 39.25
      vertex 4.41925 18.7141 37.1
      vertex 4.16699 18.6509 37.1
    endloop
  endfacet
  facet normal -0.0492184 0.998788 0
    outer loop
      vertex 3.90975 18.6128 37.1
      vertex 3.65 18.6 39.25
      vertex 3.90975 18.6128 39.25
    endloop
  endfacet
  facet normal -0.0492184 0.998788 0
    outer loop
      vertex 3.65 18.6 39.25
      vertex 3.90975 18.6128 37.1
      vertex 3.65 18.6 37.1
    endloop
  endfacet
  facet normal -0.427589 0.903973 0
    outer loop
      vertex 4.8992 18.9129 37.1
      vertex 4.66411 18.8017 39.25
      vertex 4.8992 18.9129 39.25
    endloop
  endfacet
  facet normal -0.427589 0.903973 0
    outer loop
      vertex 4.66411 18.8017 39.25
      vertex 4.8992 18.9129 37.1
      vertex 4.66411 18.8017 37.1
    endloop
  endfacet
  facet normal -0.59566 0.803237 0
    outer loop
      vertex 5.33114 19.2015 37.1
      vertex 5.12226 19.0466 39.25
      vertex 5.33114 19.2015 39.25
    endloop
  endfacet
  facet normal -0.59566 0.803237 0
    outer loop
      vertex 5.12226 19.0466 39.25
      vertex 5.33114 19.2015 37.1
      vertex 5.12226 19.0466 37.1
    endloop
  endfacet
  facet normal 0.970038 0.242952 0
    outer loop
      vertex 1.11411 20.4807 39.25
      vertex 1.05092 20.733 37.1
      vertex 1.05092 20.733 39.25
    endloop
  endfacet
  facet normal 0.970038 0.242952 0
    outer loop
      vertex 1.05092 20.733 37.1
      vertex 1.11411 20.4807 39.25
      vertex 1.11411 20.4807 37.1
    endloop
  endfacet
  facet normal 0.857781 0.514015 0
    outer loop
      vertex 1.4466 19.7777 39.25
      vertex 1.31291 20.0008 37.1
      vertex 1.31291 20.0008 39.25
    endloop
  endfacet
  facet normal 0.857781 0.514015 0
    outer loop
      vertex 1.31291 20.0008 37.1
      vertex 1.4466 19.7777 39.25
      vertex 1.4466 19.7777 37.1
    endloop
  endfacet
  facet normal 0.941521 0.336955 0
    outer loop
      vertex 1.20172 20.2359 39.25
      vertex 1.11411 20.4807 37.1
      vertex 1.11411 20.4807 39.25
    endloop
  endfacet
  facet normal 0.941521 0.336955 0
    outer loop
      vertex 1.11411 20.4807 37.1
      vertex 1.20172 20.2359 39.25
      vertex 1.20172 20.2359 37.1
    endloop
  endfacet
  facet normal 0.98918 0.146705 0
    outer loop
      vertex 1.05092 20.733 39.25
      vertex 1.01276 20.9903 37.1
      vertex 1.01276 20.9903 39.25
    endloop
  endfacet
  facet normal 0.98918 0.146705 0
    outer loop
      vertex 1.01276 20.9903 37.1
      vertex 1.05092 20.733 39.25
      vertex 1.05092 20.733 37.1
    endloop
  endfacet
  facet normal 0 0 1
    outer loop
      vertex 6.28724 21.5097 37.1
      vertex 6.28724 20.9903 37.1
      vertex 6.3 21.25 37.1
    endloop
  endfacet
  facet normal 0 0 1
    outer loop
      vertex 6.24908 21.767 37.1
      vertex 6.28724 20.9903 37.1
      vertex 6.28724 21.5097 37.1
    endloop
  endfacet
  facet normal 0 0 1
    outer loop
      vertex 6.24908 21.767 37.1
      vertex 6.24908 20.733 37.1
      vertex 6.28724 20.9903 37.1
    endloop
  endfacet
  facet normal 0 0 1
    outer loop
      vertex 6.18589 22.0193 37.1
      vertex 6.24908 20.733 37.1
      vertex 6.24908 21.767 37.1
    endloop
  endfacet
  facet normal 0 0 1
    outer loop
      vertex 6.18589 22.0193 37.1
      vertex 6.18589 20.4807 37.1
      vertex 6.24908 20.733 37.1
    endloop
  endfacet
  facet normal 0 0 1
    outer loop
      vertex 6.09828 22.2641 37.1
      vertex 6.18589 20.4807 37.1
      vertex 6.18589 22.0193 37.1
    endloop
  endfacet
  facet normal 0 0 1
    outer loop
      vertex 6.09828 22.2641 37.1
      vertex 6.09828 20.2359 37.1
      vertex 6.18589 20.4807 37.1
    endloop
  endfacet
  facet normal 0 0 1
    outer loop
      vertex 5.98709 22.4992 37.1
      vertex 6.09828 20.2359 37.1
      vertex 6.09828 22.2641 37.1
    endloop
  endfacet
  facet normal 0 0 1
    outer loop
      vertex 5.98709 22.4992 37.1
      vertex 5.98709 20.0008 37.1
      vertex 6.09828 20.2359 37.1
    endloop
  endfacet
  facet normal 0 0 1
    outer loop
      vertex 5.85339 22.7223 37.1
      vertex 5.98709 20.0008 37.1
      vertex 5.98709 22.4992 37.1
    endloop
  endfacet
  facet normal 0 0 1
    outer loop
      vertex 5.85339 22.7223 37.1
      vertex 5.85339 19.7777 37.1
      vertex 5.98709 20.0008 37.1
    endloop
  endfacet
  facet normal 0 0 1
    outer loop
      vertex 5.69848 22.9311 37.1
      vertex 5.85339 19.7777 37.1
      vertex 5.85339 22.7223 37.1
    endloop
  endfacet
  facet normal 0 0 1
    outer loop
      vertex 5.69848 22.9311 37.1
      vertex 5.69848 19.5689 37.1
      vertex 5.85339 19.7777 37.1
    endloop
  endfacet
  facet normal 0 0 1
    outer loop
      vertex 5.52383 23.1238 37.1
      vertex 5.69848 19.5689 37.1
      vertex 5.69848 22.9311 37.1
    endloop
  endfacet
  facet normal 0 0 1
    outer loop
      vertex 5.52383 23.1238 37.1
      vertex 5.52383 19.3762 37.1
      vertex 5.69848 19.5689 37.1
    endloop
  endfacet
  facet normal 0 0 1
    outer loop
      vertex 5.33114 23.2985 37.1
      vertex 5.52383 19.3762 37.1
      vertex 5.52383 23.1238 37.1
    endloop
  endfacet
  facet normal 0 0 1
    outer loop
      vertex 5.33114 23.2985 37.1
      vertex 5.33114 19.2015 37.1
      vertex 5.52383 19.3762 37.1
    endloop
  endfacet
  facet normal 0 0 1
    outer loop
      vertex 5.12226 23.4534 37.1
      vertex 5.33114 19.2015 37.1
      vertex 5.33114 23.2985 37.1
    endloop
  endfacet
  facet normal 0 0 1
    outer loop
      vertex 5.12226 23.4534 37.1
      vertex 5.12226 19.0466 37.1
      vertex 5.33114 19.2015 37.1
    endloop
  endfacet
  facet normal 0 0 1
    outer loop
      vertex 4.8992 23.5871 37.1
      vertex 5.12226 19.0466 37.1
      vertex 5.12226 23.4534 37.1
    endloop
  endfacet
  facet normal 0 0 1
    outer loop
      vertex 4.8992 23.5871 37.1
      vertex 4.8992 18.9129 37.1
      vertex 5.12226 19.0466 37.1
    endloop
  endfacet
  facet normal 0 0 1
    outer loop
      vertex 4.66411 23.6983 37.1
      vertex 4.8992 18.9129 37.1
      vertex 4.8992 23.5871 37.1
    endloop
  endfacet
  facet normal 0 0 1
    outer loop
      vertex 4.66411 23.6983 37.1
      vertex 4.66411 18.8017 37.1
      vertex 4.8992 18.9129 37.1
    endloop
  endfacet
  facet normal 0 0 1
    outer loop
      vertex 4.41925 23.7859 37.1
      vertex 4.66411 18.8017 37.1
      vertex 4.66411 23.6983 37.1
    endloop
  endfacet
  facet normal 0 0 1
    outer loop
      vertex 4.41925 23.7859 37.1
      vertex 4.41925 18.7141 37.1
      vertex 4.66411 18.8017 37.1
    endloop
  endfacet
  facet normal 0 0 1
    outer loop
      vertex 4.16699 23.8491 37.1
      vertex 4.41925 18.7141 37.1
      vertex 4.41925 23.7859 37.1
    endloop
  endfacet
  facet normal 0 0 1
    outer loop
      vertex 4.16699 23.8491 37.1
      vertex 4.16699 18.6509 37.1
      vertex 4.41925 18.7141 37.1
    endloop
  endfacet
  facet normal 0 0 1
    outer loop
      vertex 3.90975 23.8872 37.1
      vertex 4.16699 18.6509 37.1
      vertex 4.16699 23.8491 37.1
    endloop
  endfacet
  facet normal 0 0 1
    outer loop
      vertex 3.90975 23.8872 37.1
      vertex 3.90975 18.6128 37.1
      vertex 4.16699 18.6509 37.1
    endloop
  endfacet
  facet normal 0 0 1
    outer loop
      vertex 3.65 23.9 37.1
      vertex 3.90975 18.6128 37.1
      vertex 3.90975 23.8872 37.1
    endloop
  endfacet
  facet normal 0 0 1
    outer loop
      vertex 3.65 23.9 37.1
      vertex 3.65 18.6 37.1
      vertex 3.90975 18.6128 37.1
    endloop
  endfacet
  facet normal -0 0 1
    outer loop
      vertex 3.39025 23.8872 37.1
      vertex 3.65 18.6 37.1
      vertex 3.65 23.9 37.1
    endloop
  endfacet
  facet normal 0 0 1
    outer loop
      vertex 3.39025 23.8872 37.1
      vertex 3.39025 18.6128 37.1
      vertex 3.65 18.6 37.1
    endloop
  endfacet
  facet normal -0 0 1
    outer loop
      vertex 3.13301 23.8491 37.1
      vertex 3.39025 18.6128 37.1
      vertex 3.39025 23.8872 37.1
    endloop
  endfacet
  facet normal 0 0 1
    outer loop
      vertex 3.13301 23.8491 37.1
      vertex 3.13301 18.6509 37.1
      vertex 3.39025 18.6128 37.1
    endloop
  endfacet
  facet normal -0 0 1
    outer loop
      vertex 2.88074 23.7859 37.1
      vertex 3.13301 18.6509 37.1
      vertex 3.13301 23.8491 37.1
    endloop
  endfacet
  facet normal 0 0 1
    outer loop
      vertex 2.88074 23.7859 37.1
      vertex 2.88074 18.7141 37.1
      vertex 3.13301 18.6509 37.1
    endloop
  endfacet
  facet normal -0 0 1
    outer loop
      vertex 2.63589 23.6983 37.1
      vertex 2.88074 18.7141 37.1
      vertex 2.88074 23.7859 37.1
    endloop
  endfacet
  facet normal 0 0 1
    outer loop
      vertex 2.63589 23.6983 37.1
      vertex 2.63589 18.8017 37.1
      vertex 2.88074 18.7141 37.1
    endloop
  endfacet
  facet normal -0 0 1
    outer loop
      vertex 2.4008 23.5871 37.1
      vertex 2.63589 18.8017 37.1
      vertex 2.63589 23.6983 37.1
    endloop
  endfacet
  facet normal 0 0 1
    outer loop
      vertex 2.4008 23.5871 37.1
      vertex 2.4008 18.9129 37.1
      vertex 2.63589 18.8017 37.1
    endloop
  endfacet
  facet normal -0 0 1
    outer loop
      vertex 2.17774 23.4534 37.1
      vertex 2.4008 18.9129 37.1
      vertex 2.4008 23.5871 37.1
    endloop
  endfacet
  facet normal 0 0 1
    outer loop
      vertex 2.17774 23.4534 37.1
      vertex 2.17774 19.0466 37.1
      vertex 2.4008 18.9129 37.1
    endloop
  endfacet
  facet normal -0 0 1
    outer loop
      vertex 1.96886 23.2985 37.1
      vertex 2.17774 19.0466 37.1
      vertex 2.17774 23.4534 37.1
    endloop
  endfacet
  facet normal 0 0 1
    outer loop
      vertex 1.96886 23.2985 37.1
      vertex 1.96886 19.2015 37.1
      vertex 2.17774 19.0466 37.1
    endloop
  endfacet
  facet normal -0 0 1
    outer loop
      vertex 1.77617 23.1238 37.1
      vertex 1.96886 19.2015 37.1
      vertex 1.96886 23.2985 37.1
    endloop
  endfacet
  facet normal 0 0 1
    outer loop
      vertex 1.77617 23.1238 37.1
      vertex 1.77617 19.3762 37.1
      vertex 1.96886 19.2015 37.1
    endloop
  endfacet
  facet normal -0 0 1
    outer loop
      vertex 1.60152 22.9311 37.1
      vertex 1.77617 19.3762 37.1
      vertex 1.77617 23.1238 37.1
    endloop
  endfacet
  facet normal 0 0 1
    outer loop
      vertex 1.60152 22.9311 37.1
      vertex 1.60152 19.5689 37.1
      vertex 1.77617 19.3762 37.1
    endloop
  endfacet
  facet normal -0 0 1
    outer loop
      vertex 1.4466 22.7223 37.1
      vertex 1.60152 19.5689 37.1
      vertex 1.60152 22.9311 37.1
    endloop
  endfacet
  facet normal 0 0 1
    outer loop
      vertex 1.4466 22.7223 37.1
      vertex 1.4466 19.7777 37.1
      vertex 1.60152 19.5689 37.1
    endloop
  endfacet
  facet normal -0 0 1
    outer loop
      vertex 1.31291 22.4992 37.1
      vertex 1.4466 19.7777 37.1
      vertex 1.4466 22.7223 37.1
    endloop
  endfacet
  facet normal 0 0 1
    outer loop
      vertex 1.31291 22.4992 37.1
      vertex 1.31291 20.0008 37.1
      vertex 1.4466 19.7777 37.1
    endloop
  endfacet
  facet normal -0 0 1
    outer loop
      vertex 1.20172 22.2641 37.1
      vertex 1.31291 20.0008 37.1
      vertex 1.31291 22.4992 37.1
    endloop
  endfacet
  facet normal 0 0 1
    outer loop
      vertex 1.20172 22.2641 37.1
      vertex 1.20172 20.2359 37.1
      vertex 1.31291 20.0008 37.1
    endloop
  endfacet
  facet normal -0 0 1
    outer loop
      vertex 1.11411 22.0193 37.1
      vertex 1.20172 20.2359 37.1
      vertex 1.20172 22.2641 37.1
    endloop
  endfacet
  facet normal 0 0 1
    outer loop
      vertex 1.11411 22.0193 37.1
      vertex 1.11411 20.4807 37.1
      vertex 1.20172 20.2359 37.1
    endloop
  endfacet
  facet normal -0 0 1
    outer loop
      vertex 1.05092 21.767 37.1
      vertex 1.11411 20.4807 37.1
      vertex 1.11411 22.0193 37.1
    endloop
  endfacet
  facet normal 0 0 1
    outer loop
      vertex 1.05092 21.767 37.1
      vertex 1.05092 20.733 37.1
      vertex 1.11411 20.4807 37.1
    endloop
  endfacet
  facet normal -0 0 1
    outer loop
      vertex 1.01276 21.5097 37.1
      vertex 1.05092 20.733 37.1
      vertex 1.05092 21.767 37.1
    endloop
  endfacet
  facet normal 0 0 1
    outer loop
      vertex 1.01276 21.5097 37.1
      vertex 1.01276 20.9903 37.1
      vertex 1.05092 20.733 37.1
    endloop
  endfacet
  facet normal 0 -0 1
    outer loop
      vertex 1.01276 20.9903 37.1
      vertex 1.01276 21.5097 37.1
      vertex 1 21.25 37.1
    endloop
  endfacet
  facet normal 0.59566 0.803237 -0
    outer loop
      vertex 2.17774 19.0466 37.1
      vertex 1.96886 19.2015 39.25
      vertex 2.17774 19.0466 39.25
    endloop
  endfacet
  facet normal 0.59566 0.803237 0
    outer loop
      vertex 1.96886 19.2015 39.25
      vertex 2.17774 19.0466 37.1
      vertex 1.96886 19.2015 37.1
    endloop
  endfacet
  facet normal 0.514111 0.857724 -0
    outer loop
      vertex 2.4008 18.9129 37.1
      vertex 2.17774 19.0466 39.25
      vertex 2.4008 18.9129 39.25
    endloop
  endfacet
  facet normal 0.514111 0.857724 0
    outer loop
      vertex 2.17774 19.0466 39.25
      vertex 2.4008 18.9129 37.1
      vertex 2.17774 19.0466 37.1
    endloop
  endfacet
  facet normal 0.671677 0.740844 -0
    outer loop
      vertex 1.96886 19.2015 37.1
      vertex 1.77617 19.3762 39.25
      vertex 1.96886 19.2015 39.25
    endloop
  endfacet
  facet normal 0.671677 0.740844 0
    outer loop
      vertex 1.77617 19.3762 39.25
      vertex 1.96886 19.2015 37.1
      vertex 1.77617 19.3762 37.1
    endloop
  endfacet
  facet normal 0.33686 0.941555 -0
    outer loop
      vertex 2.88074 18.7141 37.1
      vertex 2.63589 18.8017 39.25
      vertex 2.88074 18.7141 39.25
    endloop
  endfacet
  facet normal 0.33686 0.941555 0
    outer loop
      vertex 2.63589 18.8017 39.25
      vertex 2.88074 18.7141 37.1
      vertex 2.63589 18.8017 37.1
    endloop
  endfacet
  facet normal 0.146512 0.989209 -0
    outer loop
      vertex 3.39025 18.6128 37.1
      vertex 3.13301 18.6509 39.25
      vertex 3.39025 18.6128 39.25
    endloop
  endfacet
  facet normal 0.146512 0.989209 0
    outer loop
      vertex 3.13301 18.6509 39.25
      vertex 3.39025 18.6128 37.1
      vertex 3.13301 18.6509 37.1
    endloop
  endfacet
  facet normal -0.998795 -0.0490744 0
    outer loop
      vertex 6.3 21.25 37.1
      vertex 6.28724 21.5097 39.25
      vertex 6.28724 21.5097 37.1
    endloop
  endfacet
  facet normal -0.998795 -0.0490744 0
    outer loop
      vertex 6.28724 21.5097 39.25
      vertex 6.3 21.25 37.1
      vertex 6.3 21.25 39.25
    endloop
  endfacet
  facet normal -0.740957 -0.671552 0
    outer loop
      vertex 5.69848 22.9311 37.1
      vertex 5.52383 23.1238 39.25
      vertex 5.52383 23.1238 37.1
    endloop
  endfacet
  facet normal -0.740957 -0.671552 0
    outer loop
      vertex 5.52383 23.1238 39.25
      vertex 5.69848 22.9311 37.1
      vertex 5.69848 22.9311 39.25
    endloop
  endfacet
  facet normal 0.903995 -0.427542 0
    outer loop
      vertex 1.20172 22.2641 39.25
      vertex 1.31291 22.4992 37.1
      vertex 1.31291 22.4992 39.25
    endloop
  endfacet
  facet normal 0.903995 -0.427542 0
    outer loop
      vertex 1.31291 22.4992 37.1
      vertex 1.20172 22.2641 39.25
      vertex 1.20172 22.2641 37.1
    endloop
  endfacet
  facet normal -0.98918 -0.146705 0
    outer loop
      vertex 6.28724 21.5097 37.1
      vertex 6.24908 21.767 39.25
      vertex 6.24908 21.767 37.1
    endloop
  endfacet
  facet normal -0.98918 -0.146705 0
    outer loop
      vertex 6.24908 21.767 39.25
      vertex 6.28724 21.5097 37.1
      vertex 6.28724 21.5097 39.25
    endloop
  endfacet
  facet normal -0.803109 -0.595832 0
    outer loop
      vertex 5.85339 22.7223 37.1
      vertex 5.69848 22.9311 39.25
      vertex 5.69848 22.9311 37.1
    endloop
  endfacet
  facet normal -0.803109 -0.595832 0
    outer loop
      vertex 5.69848 22.9311 39.25
      vertex 5.85339 22.7223 37.1
      vertex 5.85339 22.7223 39.25
    endloop
  endfacet
  facet normal -0.514111 -0.857724 0
    outer loop
      vertex 4.8992 23.5871 37.1
      vertex 5.12226 23.4534 39.25
      vertex 4.8992 23.5871 39.25
    endloop
  endfacet
  facet normal -0.514111 -0.857724 -0
    outer loop
      vertex 5.12226 23.4534 39.25
      vertex 4.8992 23.5871 37.1
      vertex 5.12226 23.4534 37.1
    endloop
  endfacet
  facet normal -0.903995 -0.427542 0
    outer loop
      vertex 6.09828 22.2641 37.1
      vertex 5.98709 22.4992 39.25
      vertex 5.98709 22.4992 37.1
    endloop
  endfacet
  facet normal -0.903995 -0.427542 0
    outer loop
      vertex 5.98709 22.4992 39.25
      vertex 6.09828 22.2641 37.1
      vertex 6.09828 22.2641 39.25
    endloop
  endfacet
  facet normal 0.970038 -0.242952 0
    outer loop
      vertex 1.05092 21.767 39.25
      vertex 1.11411 22.0193 37.1
      vertex 1.11411 22.0193 39.25
    endloop
  endfacet
  facet normal 0.970038 -0.242952 0
    outer loop
      vertex 1.11411 22.0193 37.1
      vertex 1.05092 21.767 39.25
      vertex 1.05092 21.767 37.1
    endloop
  endfacet
  facet normal 0.941521 -0.336955 0
    outer loop
      vertex 1.11411 22.0193 39.25
      vertex 1.20172 22.2641 37.1
      vertex 1.20172 22.2641 39.25
    endloop
  endfacet
  facet normal 0.941521 -0.336955 0
    outer loop
      vertex 1.20172 22.2641 37.1
      vertex 1.11411 22.0193 39.25
      vertex 1.11411 22.0193 37.1
    endloop
  endfacet
  facet normal -0.243024 -0.97002 0
    outer loop
      vertex 4.16699 23.8491 37.1
      vertex 4.41925 23.7859 39.25
      vertex 4.16699 23.8491 39.25
    endloop
  endfacet
  facet normal -0.243024 -0.97002 -0
    outer loop
      vertex 4.41925 23.7859 39.25
      vertex 4.16699 23.8491 37.1
      vertex 4.41925 23.7859 37.1
    endloop
  endfacet
  facet normal -0.336848 -0.941559 0
    outer loop
      vertex 4.41925 23.7859 37.1
      vertex 4.66411 23.6983 39.25
      vertex 4.41925 23.7859 39.25
    endloop
  endfacet
  facet normal -0.336848 -0.941559 -0
    outer loop
      vertex 4.66411 23.6983 39.25
      vertex 4.41925 23.7859 37.1
      vertex 4.66411 23.6983 37.1
    endloop
  endfacet
  facet normal -0.857764 -0.514043 0
    outer loop
      vertex 5.98709 22.4992 37.1
      vertex 5.85339 22.7223 39.25
      vertex 5.85339 22.7223 37.1
    endloop
  endfacet
  facet normal -0.857764 -0.514043 0
    outer loop
      vertex 5.85339 22.7223 39.25
      vertex 5.98709 22.4992 37.1
      vertex 5.98709 22.4992 39.25
    endloop
  endfacet
  facet normal -0.941521 -0.336955 0
    outer loop
      vertex 6.18589 22.0193 37.1
      vertex 6.09828 22.2641 39.25
      vertex 6.09828 22.2641 37.1
    endloop
  endfacet
  facet normal -0.941521 -0.336955 0
    outer loop
      vertex 6.09828 22.2641 39.25
      vertex 6.18589 22.0193 37.1
      vertex 6.18589 22.0193 39.25
    endloop
  endfacet
  facet normal 0.0492184 -0.998788 0
    outer loop
      vertex 3.39025 23.8872 37.1
      vertex 3.65 23.9 39.25
      vertex 3.39025 23.8872 39.25
    endloop
  endfacet
  facet normal 0.0492184 -0.998788 0
    outer loop
      vertex 3.65 23.9 39.25
      vertex 3.39025 23.8872 37.1
      vertex 3.65 23.9 37.1
    endloop
  endfacet
  facet normal 0.33686 -0.941555 0
    outer loop
      vertex 2.63589 23.6983 37.1
      vertex 2.88074 23.7859 39.25
      vertex 2.63589 23.6983 39.25
    endloop
  endfacet
  facet normal 0.33686 -0.941555 0
    outer loop
      vertex 2.88074 23.7859 39.25
      vertex 2.63589 23.6983 37.1
      vertex 2.88074 23.7859 37.1
    endloop
  endfacet
  facet normal 0.803091 -0.595857 0
    outer loop
      vertex 1.4466 22.7223 39.25
      vertex 1.60152 22.9311 37.1
      vertex 1.60152 22.9311 39.25
    endloop
  endfacet
  facet normal 0.803091 -0.595857 0
    outer loop
      vertex 1.60152 22.9311 37.1
      vertex 1.4466 22.7223 39.25
      vertex 1.4466 22.7223 37.1
    endloop
  endfacet
  facet normal 0.98918 -0.146705 0
    outer loop
      vertex 1.01276 21.5097 39.25
      vertex 1.05092 21.767 37.1
      vertex 1.05092 21.767 39.25
    endloop
  endfacet
  facet normal 0.98918 -0.146705 0
    outer loop
      vertex 1.05092 21.767 37.1
      vertex 1.01276 21.5097 39.25
      vertex 1.01276 21.5097 37.1
    endloop
  endfacet
  facet normal 0.998795 -0.0490744 0
    outer loop
      vertex 1 21.25 39.25
      vertex 1.01276 21.5097 37.1
      vertex 1.01276 21.5097 39.25
    endloop
  endfacet
  facet normal 0.998795 -0.0490744 0
    outer loop
      vertex 1.01276 21.5097 37.1
      vertex 1 21.25 39.25
      vertex 1 21.25 37.1
    endloop
  endfacet
  facet normal -0.671677 -0.740844 0
    outer loop
      vertex 5.33114 23.2985 37.1
      vertex 5.52383 23.1238 39.25
      vertex 5.33114 23.2985 39.25
    endloop
  endfacet
  facet normal -0.671677 -0.740844 -0
    outer loop
      vertex 5.52383 23.1238 39.25
      vertex 5.33114 23.2985 37.1
      vertex 5.52383 23.1238 37.1
    endloop
  endfacet
  facet normal -0.59566 -0.803237 0
    outer loop
      vertex 5.12226 23.4534 37.1
      vertex 5.33114 23.2985 39.25
      vertex 5.12226 23.4534 39.25
    endloop
  endfacet
  facet normal -0.59566 -0.803237 -0
    outer loop
      vertex 5.33114 23.2985 39.25
      vertex 5.12226 23.4534 37.1
      vertex 5.33114 23.2985 37.1
    endloop
  endfacet
  facet normal 0.59566 -0.803237 0
    outer loop
      vertex 1.96886 23.2985 37.1
      vertex 2.17774 23.4534 39.25
      vertex 1.96886 23.2985 39.25
    endloop
  endfacet
  facet normal 0.59566 -0.803237 0
    outer loop
      vertex 2.17774 23.4534 39.25
      vertex 1.96886 23.2985 37.1
      vertex 2.17774 23.4534 37.1
    endloop
  endfacet
  facet normal 0.427589 -0.903973 0
    outer loop
      vertex 2.4008 23.5871 37.1
      vertex 2.63589 23.6983 39.25
      vertex 2.4008 23.5871 39.25
    endloop
  endfacet
  facet normal 0.427589 -0.903973 0
    outer loop
      vertex 2.63589 23.6983 39.25
      vertex 2.4008 23.5871 37.1
      vertex 2.63589 23.6983 37.1
    endloop
  endfacet
  facet normal 0.514111 -0.857724 0
    outer loop
      vertex 2.17774 23.4534 37.1
      vertex 2.4008 23.5871 39.25
      vertex 2.17774 23.4534 39.25
    endloop
  endfacet
  facet normal 0.514111 -0.857724 0
    outer loop
      vertex 2.4008 23.5871 39.25
      vertex 2.17774 23.4534 37.1
      vertex 2.4008 23.5871 37.1
    endloop
  endfacet
  facet normal 0.146512 -0.989209 0
    outer loop
      vertex 3.13301 23.8491 37.1
      vertex 3.39025 23.8872 39.25
      vertex 3.13301 23.8491 39.25
    endloop
  endfacet
  facet normal 0.146512 -0.989209 0
    outer loop
      vertex 3.39025 23.8872 39.25
      vertex 3.13301 23.8491 37.1
      vertex 3.39025 23.8872 37.1
    endloop
  endfacet
  facet normal 0.243015 -0.970023 0
    outer loop
      vertex 2.88074 23.7859 37.1
      vertex 3.13301 23.8491 39.25
      vertex 2.88074 23.7859 39.25
    endloop
  endfacet
  facet normal 0.243015 -0.970023 0
    outer loop
      vertex 3.13301 23.8491 39.25
      vertex 2.88074 23.7859 37.1
      vertex 3.13301 23.8491 37.1
    endloop
  endfacet
  facet normal 0.857781 -0.514015 0
    outer loop
      vertex 1.31291 22.4992 39.25
      vertex 1.4466 22.7223 37.1
      vertex 1.4466 22.7223 39.25
    endloop
  endfacet
  facet normal 0.857781 -0.514015 0
    outer loop
      vertex 1.4466 22.7223 37.1
      vertex 1.31291 22.4992 39.25
      vertex 1.31291 22.4992 37.1
    endloop
  endfacet
  facet normal 0.740957 -0.671552 0
    outer loop
      vertex 1.60152 22.9311 39.25
      vertex 1.77617 23.1238 37.1
      vertex 1.77617 23.1238 39.25
    endloop
  endfacet
  facet normal 0.740957 -0.671552 0
    outer loop
      vertex 1.77617 23.1238 37.1
      vertex 1.60152 22.9311 39.25
      vertex 1.60152 22.9311 37.1
    endloop
  endfacet
  facet normal 0.671677 -0.740844 0
    outer loop
      vertex 1.77617 23.1238 37.1
      vertex 1.96886 23.2985 39.25
      vertex 1.77617 23.1238 39.25
    endloop
  endfacet
  facet normal 0.671677 -0.740844 0
    outer loop
      vertex 1.96886 23.2985 39.25
      vertex 1.77617 23.1238 37.1
      vertex 1.96886 23.2985 37.1
    endloop
  endfacet
  facet normal -0.998788 0.0492279 0
    outer loop
      vertex 41.2872 20.9903 37.1
      vertex 41.3 21.25 39.25
      vertex 41.3 21.25 37.1
    endloop
  endfacet
  facet normal -0.998788 0.0492279 0
    outer loop
      vertex 41.3 21.25 39.25
      vertex 41.2872 20.9903 37.1
      vertex 41.2872 20.9903 39.25
    endloop
  endfacet
  facet normal 0.998788 0.0492279 0
    outer loop
      vertex 36.0128 20.9903 39.25
      vertex 36 21.25 37.1
      vertex 36 21.25 39.25
    endloop
  endfacet
  facet normal 0.998788 0.0492279 0
    outer loop
      vertex 36 21.25 37.1
      vertex 36.0128 20.9903 39.25
      vertex 36.0128 20.9903 37.1
    endloop
  endfacet
  facet normal 0.0492279 0.998788 -0
    outer loop
      vertex 38.65 18.6 37.1
      vertex 38.3903 18.6128 39.25
      vertex 38.65 18.6 39.25
    endloop
  endfacet
  facet normal 0.0492279 0.998788 0
    outer loop
      vertex 38.3903 18.6128 39.25
      vertex 38.65 18.6 37.1
      vertex 38.3903 18.6128 37.1
    endloop
  endfacet
  facet normal -0.0492279 -0.998788 0
    outer loop
      vertex 38.65 23.9 37.1
      vertex 38.9097 23.8872 39.25
      vertex 38.65 23.9 39.25
    endloop
  endfacet
  facet normal -0.0492279 -0.998788 -0
    outer loop
      vertex 38.9097 23.8872 39.25
      vertex 38.65 23.9 37.1
      vertex 38.9097 23.8872 37.1
    endloop
  endfacet
  facet normal -0.671658 0.740861 0
    outer loop
      vertex 40.5238 19.3762 37.1
      vertex 40.3311 19.2015 39.25
      vertex 40.5238 19.3762 39.25
    endloop
  endfacet
  facet normal -0.671658 0.740861 0
    outer loop
      vertex 40.3311 19.2015 39.25
      vertex 40.5238 19.3762 37.1
      vertex 40.3311 19.2015 37.1
    endloop
  endfacet
  facet normal 0.740861 0.671658 0
    outer loop
      vertex 36.7762 19.3762 39.25
      vertex 36.6015 19.5689 37.1
      vertex 36.6015 19.5689 39.25
    endloop
  endfacet
  facet normal 0.740861 0.671658 0
    outer loop
      vertex 36.6015 19.5689 37.1
      vertex 36.7762 19.3762 39.25
      vertex 36.7762 19.3762 37.1
    endloop
  endfacet
  facet normal 0.427574 0.90398 -0
    outer loop
      vertex 37.6359 18.8017 37.1
      vertex 37.4008 18.9129 39.25
      vertex 37.6359 18.8017 39.25
    endloop
  endfacet
  facet normal 0.427574 0.90398 0
    outer loop
      vertex 37.4008 18.9129 39.25
      vertex 37.6359 18.8017 37.1
      vertex 37.4008 18.9129 37.1
    endloop
  endfacet
  facet normal -0.90398 0.427574 0
    outer loop
      vertex 40.9871 20.0008 37.1
      vertex 41.0983 20.2359 39.25
      vertex 41.0983 20.2359 37.1
    endloop
  endfacet
  facet normal -0.90398 0.427574 0
    outer loop
      vertex 41.0983 20.2359 39.25
      vertex 40.9871 20.0008 37.1
      vertex 40.9871 20.0008 39.25
    endloop
  endfacet
  facet normal -0.336921 0.941533 0
    outer loop
      vertex 39.6641 18.8017 37.1
      vertex 39.4193 18.7141 39.25
      vertex 39.6641 18.8017 39.25
    endloop
  endfacet
  facet normal -0.336921 0.941533 0
    outer loop
      vertex 39.4193 18.7141 39.25
      vertex 39.6641 18.8017 37.1
      vertex 39.4193 18.7141 37.1
    endloop
  endfacet
  facet normal -0.514043 0.857764 0
    outer loop
      vertex 40.1223 19.0466 37.1
      vertex 39.8992 18.9129 39.25
      vertex 40.1223 19.0466 39.25
    endloop
  endfacet
  facet normal -0.514043 0.857764 0
    outer loop
      vertex 39.8992 18.9129 39.25
      vertex 40.1223 19.0466 37.1
      vertex 39.8992 18.9129 37.1
    endloop
  endfacet
  facet normal 0.90398 0.427574 0
    outer loop
      vertex 36.3129 20.0008 39.25
      vertex 36.2017 20.2359 37.1
      vertex 36.2017 20.2359 39.25
    endloop
  endfacet
  facet normal 0.90398 0.427574 0
    outer loop
      vertex 36.2017 20.2359 37.1
      vertex 36.3129 20.0008 39.25
      vertex 36.3129 20.0008 37.1
    endloop
  endfacet
  facet normal 0.803128 0.595807 0
    outer loop
      vertex 36.6015 19.5689 39.25
      vertex 36.4466 19.7777 37.1
      vertex 36.4466 19.7777 39.25
    endloop
  endfacet
  facet normal 0.803128 0.595807 0
    outer loop
      vertex 36.4466 19.7777 37.1
      vertex 36.6015 19.5689 39.25
      vertex 36.6015 19.5689 37.1
    endloop
  endfacet
  facet normal 0.242988 0.970029 -0
    outer loop
      vertex 38.133 18.6509 37.1
      vertex 37.8807 18.7141 39.25
      vertex 38.133 18.6509 39.25
    endloop
  endfacet
  facet normal 0.242988 0.970029 0
    outer loop
      vertex 37.8807 18.7141 39.25
      vertex 38.133 18.6509 37.1
      vertex 37.8807 18.7141 37.1
    endloop
  endfacet
  facet normal -0.970029 -0.242988 0
    outer loop
      vertex 41.2491 21.767 37.1
      vertex 41.1859 22.0193 39.25
      vertex 41.1859 22.0193 37.1
    endloop
  endfacet
  facet normal -0.970029 -0.242988 0
    outer loop
      vertex 41.1859 22.0193 39.25
      vertex 41.2491 21.767 37.1
      vertex 41.2491 21.767 39.25
    endloop
  endfacet
  facet normal -0.146479 -0.989214 0
    outer loop
      vertex 38.9097 23.8872 37.1
      vertex 39.167 23.8491 39.25
      vertex 38.9097 23.8872 39.25
    endloop
  endfacet
  facet normal -0.146479 -0.989214 -0
    outer loop
      vertex 39.167 23.8491 39.25
      vertex 38.9097 23.8872 37.1
      vertex 39.167 23.8491 37.1
    endloop
  endfacet
  facet normal -0.427574 -0.90398 0
    outer loop
      vertex 39.6641 23.6983 37.1
      vertex 39.8992 23.5871 39.25
      vertex 39.6641 23.6983 39.25
    endloop
  endfacet
  facet normal -0.427574 -0.90398 -0
    outer loop
      vertex 39.8992 23.5871 39.25
      vertex 39.6641 23.6983 37.1
      vertex 39.8992 23.5871 37.1
    endloop
  endfacet
  facet normal -0.970029 0.242988 0
    outer loop
      vertex 41.1859 20.4807 37.1
      vertex 41.2491 20.733 39.25
      vertex 41.2491 20.733 37.1
    endloop
  endfacet
  facet normal -0.970029 0.242988 0
    outer loop
      vertex 41.2491 20.733 39.25
      vertex 41.1859 20.4807 37.1
      vertex 41.1859 20.4807 39.25
    endloop
  endfacet
  facet normal -0.989214 0.146479 0
    outer loop
      vertex 41.2491 20.733 37.1
      vertex 41.2872 20.9903 39.25
      vertex 41.2872 20.9903 37.1
    endloop
  endfacet
  facet normal -0.989214 0.146479 0
    outer loop
      vertex 41.2872 20.9903 39.25
      vertex 41.2491 20.733 37.1
      vertex 41.2491 20.733 39.25
    endloop
  endfacet
  facet normal -0.941533 0.336921 0
    outer loop
      vertex 41.0983 20.2359 37.1
      vertex 41.1859 20.4807 39.25
      vertex 41.1859 20.4807 37.1
    endloop
  endfacet
  facet normal -0.941533 0.336921 0
    outer loop
      vertex 41.1859 20.4807 39.25
      vertex 41.0983 20.2359 37.1
      vertex 41.0983 20.2359 39.25
    endloop
  endfacet
  facet normal -0.803128 0.595807 0
    outer loop
      vertex 40.6985 19.5689 37.1
      vertex 40.8534 19.7777 39.25
      vertex 40.8534 19.7777 37.1
    endloop
  endfacet
  facet normal -0.803128 0.595807 0
    outer loop
      vertex 40.8534 19.7777 39.25
      vertex 40.6985 19.5689 37.1
      vertex 40.6985 19.5689 39.25
    endloop
  endfacet
  facet normal -0.740861 0.671658 0
    outer loop
      vertex 40.5238 19.3762 37.1
      vertex 40.6985 19.5689 39.25
      vertex 40.6985 19.5689 37.1
    endloop
  endfacet
  facet normal -0.740861 0.671658 0
    outer loop
      vertex 40.6985 19.5689 39.25
      vertex 40.5238 19.3762 37.1
      vertex 40.5238 19.3762 39.25
    endloop
  endfacet
  facet normal -0.857764 0.514043 0
    outer loop
      vertex 40.8534 19.7777 37.1
      vertex 40.9871 20.0008 39.25
      vertex 40.9871 20.0008 37.1
    endloop
  endfacet
  facet normal -0.857764 0.514043 0
    outer loop
      vertex 40.9871 20.0008 39.25
      vertex 40.8534 19.7777 37.1
      vertex 40.8534 19.7777 39.25
    endloop
  endfacet
  facet normal -0.146479 0.989214 0
    outer loop
      vertex 39.167 18.6509 37.1
      vertex 38.9097 18.6128 39.25
      vertex 39.167 18.6509 39.25
    endloop
  endfacet
  facet normal -0.146479 0.989214 0
    outer loop
      vertex 38.9097 18.6128 39.25
      vertex 39.167 18.6509 37.1
      vertex 38.9097 18.6128 37.1
    endloop
  endfacet
  facet normal -0.242988 0.970029 0
    outer loop
      vertex 39.4193 18.7141 37.1
      vertex 39.167 18.6509 39.25
      vertex 39.4193 18.7141 39.25
    endloop
  endfacet
  facet normal -0.242988 0.970029 0
    outer loop
      vertex 39.167 18.6509 39.25
      vertex 39.4193 18.7141 37.1
      vertex 39.167 18.6509 37.1
    endloop
  endfacet
  facet normal -0.0492279 0.998788 0
    outer loop
      vertex 38.9097 18.6128 37.1
      vertex 38.65 18.6 39.25
      vertex 38.9097 18.6128 39.25
    endloop
  endfacet
  facet normal -0.0492279 0.998788 0
    outer loop
      vertex 38.65 18.6 39.25
      vertex 38.9097 18.6128 37.1
      vertex 38.65 18.6 37.1
    endloop
  endfacet
  facet normal -0.427574 0.90398 0
    outer loop
      vertex 39.8992 18.9129 37.1
      vertex 39.6641 18.8017 39.25
      vertex 39.8992 18.9129 39.25
    endloop
  endfacet
  facet normal -0.427574 0.90398 0
    outer loop
      vertex 39.6641 18.8017 39.25
      vertex 39.8992 18.9129 37.1
      vertex 39.6641 18.8017 37.1
    endloop
  endfacet
  facet normal -0.595807 0.803128 0
    outer loop
      vertex 40.3311 19.2015 37.1
      vertex 40.1223 19.0466 39.25
      vertex 40.3311 19.2015 39.25
    endloop
  endfacet
  facet normal -0.595807 0.803128 0
    outer loop
      vertex 40.1223 19.0466 39.25
      vertex 40.3311 19.2015 37.1
      vertex 40.1223 19.0466 37.1
    endloop
  endfacet
  facet normal 0.970029 0.242988 0
    outer loop
      vertex 36.1141 20.4807 39.25
      vertex 36.0509 20.733 37.1
      vertex 36.0509 20.733 39.25
    endloop
  endfacet
  facet normal 0.970029 0.242988 0
    outer loop
      vertex 36.0509 20.733 37.1
      vertex 36.1141 20.4807 39.25
      vertex 36.1141 20.4807 37.1
    endloop
  endfacet
  facet normal 0.857764 0.514043 0
    outer loop
      vertex 36.4466 19.7777 39.25
      vertex 36.3129 20.0008 37.1
      vertex 36.3129 20.0008 39.25
    endloop
  endfacet
  facet normal 0.857764 0.514043 0
    outer loop
      vertex 36.3129 20.0008 37.1
      vertex 36.4466 19.7777 39.25
      vertex 36.4466 19.7777 37.1
    endloop
  endfacet
  facet normal 0.941533 0.336921 0
    outer loop
      vertex 36.2017 20.2359 39.25
      vertex 36.1141 20.4807 37.1
      vertex 36.1141 20.4807 39.25
    endloop
  endfacet
  facet normal 0.941533 0.336921 0
    outer loop
      vertex 36.1141 20.4807 37.1
      vertex 36.2017 20.2359 39.25
      vertex 36.2017 20.2359 37.1
    endloop
  endfacet
  facet normal 0.989214 0.146479 0
    outer loop
      vertex 36.0509 20.733 39.25
      vertex 36.0128 20.9903 37.1
      vertex 36.0128 20.9903 39.25
    endloop
  endfacet
  facet normal 0.989214 0.146479 0
    outer loop
      vertex 36.0128 20.9903 37.1
      vertex 36.0509 20.733 39.25
      vertex 36.0509 20.733 37.1
    endloop
  endfacet
  facet normal 0 0 1
    outer loop
      vertex 41.2872 21.5097 37.1
      vertex 41.2872 20.9903 37.1
      vertex 41.3 21.25 37.1
    endloop
  endfacet
  facet normal 0 0 1
    outer loop
      vertex 41.2491 21.767 37.1
      vertex 41.2872 20.9903 37.1
      vertex 41.2872 21.5097 37.1
    endloop
  endfacet
  facet normal 0 0 1
    outer loop
      vertex 41.2491 21.767 37.1
      vertex 41.2491 20.733 37.1
      vertex 41.2872 20.9903 37.1
    endloop
  endfacet
  facet normal 0 0 1
    outer loop
      vertex 41.1859 22.0193 37.1
      vertex 41.2491 20.733 37.1
      vertex 41.2491 21.767 37.1
    endloop
  endfacet
  facet normal 0 0 1
    outer loop
      vertex 41.1859 22.0193 37.1
      vertex 41.1859 20.4807 37.1
      vertex 41.2491 20.733 37.1
    endloop
  endfacet
  facet normal 0 0 1
    outer loop
      vertex 41.0983 22.2641 37.1
      vertex 41.1859 20.4807 37.1
      vertex 41.1859 22.0193 37.1
    endloop
  endfacet
  facet normal 0 0 1
    outer loop
      vertex 41.0983 22.2641 37.1
      vertex 41.0983 20.2359 37.1
      vertex 41.1859 20.4807 37.1
    endloop
  endfacet
  facet normal 0 0 1
    outer loop
      vertex 40.9871 22.4992 37.1
      vertex 41.0983 20.2359 37.1
      vertex 41.0983 22.2641 37.1
    endloop
  endfacet
  facet normal 0 0 1
    outer loop
      vertex 40.9871 22.4992 37.1
      vertex 40.9871 20.0008 37.1
      vertex 41.0983 20.2359 37.1
    endloop
  endfacet
  facet normal 0 0 1
    outer loop
      vertex 40.8534 22.7223 37.1
      vertex 40.9871 20.0008 37.1
      vertex 40.9871 22.4992 37.1
    endloop
  endfacet
  facet normal 0 0 1
    outer loop
      vertex 40.8534 22.7223 37.1
      vertex 40.8534 19.7777 37.1
      vertex 40.9871 20.0008 37.1
    endloop
  endfacet
  facet normal 0 0 1
    outer loop
      vertex 40.6985 22.9311 37.1
      vertex 40.8534 19.7777 37.1
      vertex 40.8534 22.7223 37.1
    endloop
  endfacet
  facet normal 0 0 1
    outer loop
      vertex 40.6985 22.9311 37.1
      vertex 40.6985 19.5689 37.1
      vertex 40.8534 19.7777 37.1
    endloop
  endfacet
  facet normal 0 0 1
    outer loop
      vertex 40.5238 23.1238 37.1
      vertex 40.6985 19.5689 37.1
      vertex 40.6985 22.9311 37.1
    endloop
  endfacet
  facet normal 0 0 1
    outer loop
      vertex 40.5238 23.1238 37.1
      vertex 40.5238 19.3762 37.1
      vertex 40.6985 19.5689 37.1
    endloop
  endfacet
  facet normal 0 0 1
    outer loop
      vertex 40.3311 23.2985 37.1
      vertex 40.5238 19.3762 37.1
      vertex 40.5238 23.1238 37.1
    endloop
  endfacet
  facet normal 0 0 1
    outer loop
      vertex 40.3311 23.2985 37.1
      vertex 40.3311 19.2015 37.1
      vertex 40.5238 19.3762 37.1
    endloop
  endfacet
  facet normal 0 0 1
    outer loop
      vertex 40.1223 23.4534 37.1
      vertex 40.3311 19.2015 37.1
      vertex 40.3311 23.2985 37.1
    endloop
  endfacet
  facet normal 0 0 1
    outer loop
      vertex 40.1223 23.4534 37.1
      vertex 40.1223 19.0466 37.1
      vertex 40.3311 19.2015 37.1
    endloop
  endfacet
  facet normal 0 0 1
    outer loop
      vertex 39.8992 23.5871 37.1
      vertex 40.1223 19.0466 37.1
      vertex 40.1223 23.4534 37.1
    endloop
  endfacet
  facet normal 0 0 1
    outer loop
      vertex 39.8992 23.5871 37.1
      vertex 39.8992 18.9129 37.1
      vertex 40.1223 19.0466 37.1
    endloop
  endfacet
  facet normal 0 0 1
    outer loop
      vertex 39.6641 23.6983 37.1
      vertex 39.8992 18.9129 37.1
      vertex 39.8992 23.5871 37.1
    endloop
  endfacet
  facet normal 0 0 1
    outer loop
      vertex 39.6641 23.6983 37.1
      vertex 39.6641 18.8017 37.1
      vertex 39.8992 18.9129 37.1
    endloop
  endfacet
  facet normal 0 0 1
    outer loop
      vertex 39.4193 23.7859 37.1
      vertex 39.6641 18.8017 37.1
      vertex 39.6641 23.6983 37.1
    endloop
  endfacet
  facet normal 0 0 1
    outer loop
      vertex 39.4193 23.7859 37.1
      vertex 39.4193 18.7141 37.1
      vertex 39.6641 18.8017 37.1
    endloop
  endfacet
  facet normal 0 0 1
    outer loop
      vertex 39.167 23.8491 37.1
      vertex 39.4193 18.7141 37.1
      vertex 39.4193 23.7859 37.1
    endloop
  endfacet
  facet normal 0 0 1
    outer loop
      vertex 39.167 23.8491 37.1
      vertex 39.167 18.6509 37.1
      vertex 39.4193 18.7141 37.1
    endloop
  endfacet
  facet normal 0 0 1
    outer loop
      vertex 38.9097 23.8872 37.1
      vertex 39.167 18.6509 37.1
      vertex 39.167 23.8491 37.1
    endloop
  endfacet
  facet normal 0 0 1
    outer loop
      vertex 38.9097 23.8872 37.1
      vertex 38.9097 18.6128 37.1
      vertex 39.167 18.6509 37.1
    endloop
  endfacet
  facet normal 0 0 1
    outer loop
      vertex 38.65 23.9 37.1
      vertex 38.9097 18.6128 37.1
      vertex 38.9097 23.8872 37.1
    endloop
  endfacet
  facet normal 0 0 1
    outer loop
      vertex 38.65 23.9 37.1
      vertex 38.65 18.6 37.1
      vertex 38.9097 18.6128 37.1
    endloop
  endfacet
  facet normal -0 0 1
    outer loop
      vertex 38.3903 23.8872 37.1
      vertex 38.65 18.6 37.1
      vertex 38.65 23.9 37.1
    endloop
  endfacet
  facet normal 0 0 1
    outer loop
      vertex 38.3903 23.8872 37.1
      vertex 38.3903 18.6128 37.1
      vertex 38.65 18.6 37.1
    endloop
  endfacet
  facet normal -0 0 1
    outer loop
      vertex 38.133 23.8491 37.1
      vertex 38.3903 18.6128 37.1
      vertex 38.3903 23.8872 37.1
    endloop
  endfacet
  facet normal 0 0 1
    outer loop
      vertex 38.133 23.8491 37.1
      vertex 38.133 18.6509 37.1
      vertex 38.3903 18.6128 37.1
    endloop
  endfacet
  facet normal -0 0 1
    outer loop
      vertex 37.8807 23.7859 37.1
      vertex 38.133 18.6509 37.1
      vertex 38.133 23.8491 37.1
    endloop
  endfacet
  facet normal 0 0 1
    outer loop
      vertex 37.8807 23.7859 37.1
      vertex 37.8807 18.7141 37.1
      vertex 38.133 18.6509 37.1
    endloop
  endfacet
  facet normal -0 0 1
    outer loop
      vertex 37.6359 23.6983 37.1
      vertex 37.8807 18.7141 37.1
      vertex 37.8807 23.7859 37.1
    endloop
  endfacet
  facet normal 0 0 1
    outer loop
      vertex 37.6359 23.6983 37.1
      vertex 37.6359 18.8017 37.1
      vertex 37.8807 18.7141 37.1
    endloop
  endfacet
  facet normal -0 0 1
    outer loop
      vertex 37.4008 23.5871 37.1
      vertex 37.6359 18.8017 37.1
      vertex 37.6359 23.6983 37.1
    endloop
  endfacet
  facet normal 0 0 1
    outer loop
      vertex 37.4008 23.5871 37.1
      vertex 37.4008 18.9129 37.1
      vertex 37.6359 18.8017 37.1
    endloop
  endfacet
  facet normal -0 0 1
    outer loop
      vertex 37.1777 23.4534 37.1
      vertex 37.4008 18.9129 37.1
      vertex 37.4008 23.5871 37.1
    endloop
  endfacet
  facet normal 0 0 1
    outer loop
      vertex 37.1777 23.4534 37.1
      vertex 37.1777 19.0466 37.1
      vertex 37.4008 18.9129 37.1
    endloop
  endfacet
  facet normal -0 0 1
    outer loop
      vertex 36.9689 23.2985 37.1
      vertex 37.1777 19.0466 37.1
      vertex 37.1777 23.4534 37.1
    endloop
  endfacet
  facet normal 0 0 1
    outer loop
      vertex 36.9689 23.2985 37.1
      vertex 36.9689 19.2015 37.1
      vertex 37.1777 19.0466 37.1
    endloop
  endfacet
  facet normal -0 0 1
    outer loop
      vertex 36.7762 23.1238 37.1
      vertex 36.9689 19.2015 37.1
      vertex 36.9689 23.2985 37.1
    endloop
  endfacet
  facet normal 0 0 1
    outer loop
      vertex 36.7762 23.1238 37.1
      vertex 36.7762 19.3762 37.1
      vertex 36.9689 19.2015 37.1
    endloop
  endfacet
  facet normal -0 0 1
    outer loop
      vertex 36.6015 22.9311 37.1
      vertex 36.7762 19.3762 37.1
      vertex 36.7762 23.1238 37.1
    endloop
  endfacet
  facet normal 0 0 1
    outer loop
      vertex 36.6015 22.9311 37.1
      vertex 36.6015 19.5689 37.1
      vertex 36.7762 19.3762 37.1
    endloop
  endfacet
  facet normal -0 0 1
    outer loop
      vertex 36.4466 22.7223 37.1
      vertex 36.6015 19.5689 37.1
      vertex 36.6015 22.9311 37.1
    endloop
  endfacet
  facet normal 0 0 1
    outer loop
      vertex 36.4466 22.7223 37.1
      vertex 36.4466 19.7777 37.1
      vertex 36.6015 19.5689 37.1
    endloop
  endfacet
  facet normal -0 0 1
    outer loop
      vertex 36.3129 22.4992 37.1
      vertex 36.4466 19.7777 37.1
      vertex 36.4466 22.7223 37.1
    endloop
  endfacet
  facet normal 0 0 1
    outer loop
      vertex 36.3129 22.4992 37.1
      vertex 36.3129 20.0008 37.1
      vertex 36.4466 19.7777 37.1
    endloop
  endfacet
  facet normal -0 0 1
    outer loop
      vertex 36.2017 22.2641 37.1
      vertex 36.3129 20.0008 37.1
      vertex 36.3129 22.4992 37.1
    endloop
  endfacet
  facet normal 0 0 1
    outer loop
      vertex 36.2017 22.2641 37.1
      vertex 36.2017 20.2359 37.1
      vertex 36.3129 20.0008 37.1
    endloop
  endfacet
  facet normal -0 0 1
    outer loop
      vertex 36.1141 22.0193 37.1
      vertex 36.2017 20.2359 37.1
      vertex 36.2017 22.2641 37.1
    endloop
  endfacet
  facet normal 0 0 1
    outer loop
      vertex 36.1141 22.0193 37.1
      vertex 36.1141 20.4807 37.1
      vertex 36.2017 20.2359 37.1
    endloop
  endfacet
  facet normal -0 0 1
    outer loop
      vertex 36.0509 21.767 37.1
      vertex 36.1141 20.4807 37.1
      vertex 36.1141 22.0193 37.1
    endloop
  endfacet
  facet normal 0 0 1
    outer loop
      vertex 36.0509 21.767 37.1
      vertex 36.0509 20.733 37.1
      vertex 36.1141 20.4807 37.1
    endloop
  endfacet
  facet normal -0 0 1
    outer loop
      vertex 36.0128 21.5097 37.1
      vertex 36.0509 20.733 37.1
      vertex 36.0509 21.767 37.1
    endloop
  endfacet
  facet normal 0 0 1
    outer loop
      vertex 36.0128 21.5097 37.1
      vertex 36.0128 20.9903 37.1
      vertex 36.0509 20.733 37.1
    endloop
  endfacet
  facet normal 0 -0 1
    outer loop
      vertex 36.0128 20.9903 37.1
      vertex 36.0128 21.5097 37.1
      vertex 36 21.25 37.1
    endloop
  endfacet
  facet normal 0.595807 0.803128 -0
    outer loop
      vertex 37.1777 19.0466 37.1
      vertex 36.9689 19.2015 39.25
      vertex 37.1777 19.0466 39.25
    endloop
  endfacet
  facet normal 0.595807 0.803128 0
    outer loop
      vertex 36.9689 19.2015 39.25
      vertex 37.1777 19.0466 37.1
      vertex 36.9689 19.2015 37.1
    endloop
  endfacet
  facet normal 0.514043 0.857764 -0
    outer loop
      vertex 37.4008 18.9129 37.1
      vertex 37.1777 19.0466 39.25
      vertex 37.4008 18.9129 39.25
    endloop
  endfacet
  facet normal 0.514043 0.857764 0
    outer loop
      vertex 37.1777 19.0466 39.25
      vertex 37.4008 18.9129 37.1
      vertex 37.1777 19.0466 37.1
    endloop
  endfacet
  facet normal 0.671658 0.740861 -0
    outer loop
      vertex 36.9689 19.2015 37.1
      vertex 36.7762 19.3762 39.25
      vertex 36.9689 19.2015 39.25
    endloop
  endfacet
  facet normal 0.671658 0.740861 0
    outer loop
      vertex 36.7762 19.3762 39.25
      vertex 36.9689 19.2015 37.1
      vertex 36.7762 19.3762 37.1
    endloop
  endfacet
  facet normal 0.336921 0.941533 -0
    outer loop
      vertex 37.8807 18.7141 37.1
      vertex 37.6359 18.8017 39.25
      vertex 37.8807 18.7141 39.25
    endloop
  endfacet
  facet normal 0.336921 0.941533 0
    outer loop
      vertex 37.6359 18.8017 39.25
      vertex 37.8807 18.7141 37.1
      vertex 37.6359 18.8017 37.1
    endloop
  endfacet
  facet normal 0.146479 0.989214 -0
    outer loop
      vertex 38.3903 18.6128 37.1
      vertex 38.133 18.6509 39.25
      vertex 38.3903 18.6128 39.25
    endloop
  endfacet
  facet normal 0.146479 0.989214 0
    outer loop
      vertex 38.133 18.6509 39.25
      vertex 38.3903 18.6128 37.1
      vertex 38.133 18.6509 37.1
    endloop
  endfacet
  facet normal -0.998788 -0.0492279 0
    outer loop
      vertex 41.3 21.25 37.1
      vertex 41.2872 21.5097 39.25
      vertex 41.2872 21.5097 37.1
    endloop
  endfacet
  facet normal -0.998788 -0.0492279 0
    outer loop
      vertex 41.2872 21.5097 39.25
      vertex 41.3 21.25 37.1
      vertex 41.3 21.25 39.25
    endloop
  endfacet
  facet normal -0.740861 -0.671658 0
    outer loop
      vertex 40.6985 22.9311 37.1
      vertex 40.5238 23.1238 39.25
      vertex 40.5238 23.1238 37.1
    endloop
  endfacet
  facet normal -0.740861 -0.671658 0
    outer loop
      vertex 40.5238 23.1238 39.25
      vertex 40.6985 22.9311 37.1
      vertex 40.6985 22.9311 39.25
    endloop
  endfacet
  facet normal -0.941533 -0.336921 0
    outer loop
      vertex 41.1859 22.0193 37.1
      vertex 41.0983 22.2641 39.25
      vertex 41.0983 22.2641 37.1
    endloop
  endfacet
  facet normal -0.941533 -0.336921 0
    outer loop
      vertex 41.0983 22.2641 39.25
      vertex 41.1859 22.0193 37.1
      vertex 41.1859 22.0193 39.25
    endloop
  endfacet
  facet normal -0.989214 -0.146479 0
    outer loop
      vertex 41.2872 21.5097 37.1
      vertex 41.2491 21.767 39.25
      vertex 41.2491 21.767 37.1
    endloop
  endfacet
  facet normal -0.989214 -0.146479 0
    outer loop
      vertex 41.2491 21.767 39.25
      vertex 41.2872 21.5097 37.1
      vertex 41.2872 21.5097 39.25
    endloop
  endfacet
  facet normal -0.803128 -0.595807 0
    outer loop
      vertex 40.8534 22.7223 37.1
      vertex 40.6985 22.9311 39.25
      vertex 40.6985 22.9311 37.1
    endloop
  endfacet
  facet normal -0.803128 -0.595807 0
    outer loop
      vertex 40.6985 22.9311 39.25
      vertex 40.8534 22.7223 37.1
      vertex 40.8534 22.7223 39.25
    endloop
  endfacet
  facet normal -0.514043 -0.857764 0
    outer loop
      vertex 39.8992 23.5871 37.1
      vertex 40.1223 23.4534 39.25
      vertex 39.8992 23.5871 39.25
    endloop
  endfacet
  facet normal -0.514043 -0.857764 -0
    outer loop
      vertex 40.1223 23.4534 39.25
      vertex 39.8992 23.5871 37.1
      vertex 40.1223 23.4534 37.1
    endloop
  endfacet
  facet normal -0.90398 -0.427574 0
    outer loop
      vertex 41.0983 22.2641 37.1
      vertex 40.9871 22.4992 39.25
      vertex 40.9871 22.4992 37.1
    endloop
  endfacet
  facet normal -0.90398 -0.427574 0
    outer loop
      vertex 40.9871 22.4992 39.25
      vertex 41.0983 22.2641 37.1
      vertex 41.0983 22.2641 39.25
    endloop
  endfacet
  facet normal 0.970029 -0.242988 0
    outer loop
      vertex 36.0509 21.767 39.25
      vertex 36.1141 22.0193 37.1
      vertex 36.1141 22.0193 39.25
    endloop
  endfacet
  facet normal 0.970029 -0.242988 0
    outer loop
      vertex 36.1141 22.0193 37.1
      vertex 36.0509 21.767 39.25
      vertex 36.0509 21.767 37.1
    endloop
  endfacet
  facet normal -0.242988 -0.970029 0
    outer loop
      vertex 39.167 23.8491 37.1
      vertex 39.4193 23.7859 39.25
      vertex 39.167 23.8491 39.25
    endloop
  endfacet
  facet normal -0.242988 -0.970029 -0
    outer loop
      vertex 39.4193 23.7859 39.25
      vertex 39.167 23.8491 37.1
      vertex 39.4193 23.7859 37.1
    endloop
  endfacet
  facet normal -0.857764 -0.514043 0
    outer loop
      vertex 40.9871 22.4992 37.1
      vertex 40.8534 22.7223 39.25
      vertex 40.8534 22.7223 37.1
    endloop
  endfacet
  facet normal -0.857764 -0.514043 0
    outer loop
      vertex 40.8534 22.7223 39.25
      vertex 40.9871 22.4992 37.1
      vertex 40.9871 22.4992 39.25
    endloop
  endfacet
  facet normal 0.146479 -0.989214 0
    outer loop
      vertex 38.133 23.8491 37.1
      vertex 38.3903 23.8872 39.25
      vertex 38.133 23.8491 39.25
    endloop
  endfacet
  facet normal 0.146479 -0.989214 0
    outer loop
      vertex 38.3903 23.8872 39.25
      vertex 38.133 23.8491 37.1
      vertex 38.3903 23.8872 37.1
    endloop
  endfacet
  facet normal 0.90398 -0.427574 0
    outer loop
      vertex 36.2017 22.2641 39.25
      vertex 36.3129 22.4992 37.1
      vertex 36.3129 22.4992 39.25
    endloop
  endfacet
  facet normal 0.90398 -0.427574 0
    outer loop
      vertex 36.3129 22.4992 37.1
      vertex 36.2017 22.2641 39.25
      vertex 36.2017 22.2641 37.1
    endloop
  endfacet
  facet normal 0.803128 -0.595807 0
    outer loop
      vertex 36.4466 22.7223 39.25
      vertex 36.6015 22.9311 37.1
      vertex 36.6015 22.9311 39.25
    endloop
  endfacet
  facet normal 0.803128 -0.595807 0
    outer loop
      vertex 36.6015 22.9311 37.1
      vertex 36.4466 22.7223 39.25
      vertex 36.4466 22.7223 37.1
    endloop
  endfacet
  facet normal 0.941533 -0.336921 0
    outer loop
      vertex 36.1141 22.0193 39.25
      vertex 36.2017 22.2641 37.1
      vertex 36.2017 22.2641 39.25
    endloop
  endfacet
  facet normal 0.941533 -0.336921 0
    outer loop
      vertex 36.2017 22.2641 37.1
      vertex 36.1141 22.0193 39.25
      vertex 36.1141 22.0193 37.1
    endloop
  endfacet
  facet normal 0.989214 -0.146479 0
    outer loop
      vertex 36.0128 21.5097 39.25
      vertex 36.0509 21.767 37.1
      vertex 36.0509 21.767 39.25
    endloop
  endfacet
  facet normal 0.989214 -0.146479 0
    outer loop
      vertex 36.0509 21.767 37.1
      vertex 36.0128 21.5097 39.25
      vertex 36.0128 21.5097 37.1
    endloop
  endfacet
  facet normal 0.998788 -0.0492279 0
    outer loop
      vertex 36 21.25 39.25
      vertex 36.0128 21.5097 37.1
      vertex 36.0128 21.5097 39.25
    endloop
  endfacet
  facet normal 0.998788 -0.0492279 0
    outer loop
      vertex 36.0128 21.5097 37.1
      vertex 36 21.25 39.25
      vertex 36 21.25 37.1
    endloop
  endfacet
  facet normal -0.671658 -0.740861 0
    outer loop
      vertex 40.3311 23.2985 37.1
      vertex 40.5238 23.1238 39.25
      vertex 40.3311 23.2985 39.25
    endloop
  endfacet
  facet normal -0.671658 -0.740861 -0
    outer loop
      vertex 40.5238 23.1238 39.25
      vertex 40.3311 23.2985 37.1
      vertex 40.5238 23.1238 37.1
    endloop
  endfacet
  facet normal -0.595807 -0.803128 0
    outer loop
      vertex 40.1223 23.4534 37.1
      vertex 40.3311 23.2985 39.25
      vertex 40.1223 23.4534 39.25
    endloop
  endfacet
  facet normal -0.595807 -0.803128 -0
    outer loop
      vertex 40.3311 23.2985 39.25
      vertex 40.1223 23.4534 37.1
      vertex 40.3311 23.2985 37.1
    endloop
  endfacet
  facet normal 0.595807 -0.803128 0
    outer loop
      vertex 36.9689 23.2985 37.1
      vertex 37.1777 23.4534 39.25
      vertex 36.9689 23.2985 39.25
    endloop
  endfacet
  facet normal 0.595807 -0.803128 0
    outer loop
      vertex 37.1777 23.4534 39.25
      vertex 36.9689 23.2985 37.1
      vertex 37.1777 23.4534 37.1
    endloop
  endfacet
  facet normal 0.427574 -0.90398 0
    outer loop
      vertex 37.4008 23.5871 37.1
      vertex 37.6359 23.6983 39.25
      vertex 37.4008 23.5871 39.25
    endloop
  endfacet
  facet normal 0.427574 -0.90398 0
    outer loop
      vertex 37.6359 23.6983 39.25
      vertex 37.4008 23.5871 37.1
      vertex 37.6359 23.6983 37.1
    endloop
  endfacet
  facet normal 0.514043 -0.857764 0
    outer loop
      vertex 37.1777 23.4534 37.1
      vertex 37.4008 23.5871 39.25
      vertex 37.1777 23.4534 39.25
    endloop
  endfacet
  facet normal 0.514043 -0.857764 0
    outer loop
      vertex 37.4008 23.5871 39.25
      vertex 37.1777 23.4534 37.1
      vertex 37.4008 23.5871 37.1
    endloop
  endfacet
  facet normal 0.336921 -0.941533 0
    outer loop
      vertex 37.6359 23.6983 37.1
      vertex 37.8807 23.7859 39.25
      vertex 37.6359 23.6983 39.25
    endloop
  endfacet
  facet normal 0.336921 -0.941533 0
    outer loop
      vertex 37.8807 23.7859 39.25
      vertex 37.6359 23.6983 37.1
      vertex 37.8807 23.7859 37.1
    endloop
  endfacet
  facet normal 0.242988 -0.970029 0
    outer loop
      vertex 37.8807 23.7859 37.1
      vertex 38.133 23.8491 39.25
      vertex 37.8807 23.7859 39.25
    endloop
  endfacet
  facet normal 0.242988 -0.970029 0
    outer loop
      vertex 38.133 23.8491 39.25
      vertex 37.8807 23.7859 37.1
      vertex 38.133 23.8491 37.1
    endloop
  endfacet
  facet normal 0.0492279 -0.998788 0
    outer loop
      vertex 38.3903 23.8872 37.1
      vertex 38.65 23.9 39.25
      vertex 38.3903 23.8872 39.25
    endloop
  endfacet
  facet normal 0.0492279 -0.998788 0
    outer loop
      vertex 38.65 23.9 39.25
      vertex 38.3903 23.8872 37.1
      vertex 38.65 23.9 37.1
    endloop
  endfacet
  facet normal 0.857764 -0.514043 0
    outer loop
      vertex 36.3129 22.4992 39.25
      vertex 36.4466 22.7223 37.1
      vertex 36.4466 22.7223 39.25
    endloop
  endfacet
  facet normal 0.857764 -0.514043 0
    outer loop
      vertex 36.4466 22.7223 37.1
      vertex 36.3129 22.4992 39.25
      vertex 36.3129 22.4992 37.1
    endloop
  endfacet
  facet normal 0.671658 -0.740861 0
    outer loop
      vertex 36.7762 23.1238 37.1
      vertex 36.9689 23.2985 39.25
      vertex 36.7762 23.1238 39.25
    endloop
  endfacet
  facet normal 0.671658 -0.740861 0
    outer loop
      vertex 36.9689 23.2985 39.25
      vertex 36.7762 23.1238 37.1
      vertex 36.9689 23.2985 37.1
    endloop
  endfacet
  facet normal 0.740861 -0.671658 0
    outer loop
      vertex 36.6015 22.9311 39.25
      vertex 36.7762 23.1238 37.1
      vertex 36.7762 23.1238 39.25
    endloop
  endfacet
  facet normal 0.740861 -0.671658 0
    outer loop
      vertex 36.7762 23.1238 37.1
      vertex 36.6015 22.9311 39.25
      vertex 36.6015 22.9311 37.1
    endloop
  endfacet
  facet normal -0.336921 -0.941533 0
    outer loop
      vertex 39.4193 23.7859 37.1
      vertex 39.6641 23.6983 39.25
      vertex 39.4193 23.7859 39.25
    endloop
  endfacet
  facet normal -0.336921 -0.941533 -0
    outer loop
      vertex 39.6641 23.6983 39.25
      vertex 39.4193 23.7859 37.1
      vertex 39.6641 23.6983 37.1
    endloop
  endfacet
  facet normal -0.970029 0.242988 0
    outer loop
      vertex 6.18589 2.88075 37.1
      vertex 6.24908 3.13301 39.25
      vertex 6.24908 3.13301 37.1
    endloop
  endfacet
  facet normal -0.970029 0.242988 0
    outer loop
      vertex 6.24908 3.13301 39.25
      vertex 6.18589 2.88075 37.1
      vertex 6.18589 2.88075 39.25
    endloop
  endfacet
  facet normal -0.998795 0.0490669 0
    outer loop
      vertex 6.28724 3.39026 37.1
      vertex 6.3 3.65 39.25
      vertex 6.3 3.65 37.1
    endloop
  endfacet
  facet normal -0.998795 0.0490669 0
    outer loop
      vertex 6.3 3.65 39.25
      vertex 6.28724 3.39026 37.1
      vertex 6.28724 3.39026 39.25
    endloop
  endfacet
  facet normal 0.049065 0.998796 -0
    outer loop
      vertex 3.65 1 37.1
      vertex 3.39025 1.01276 39.25
      vertex 3.65 1 39.25
    endloop
  endfacet
  facet normal 0.049065 0.998796 0
    outer loop
      vertex 3.39025 1.01276 39.25
      vertex 3.65 1 37.1
      vertex 3.39025 1.01276 37.1
    endloop
  endfacet
  facet normal -0.671572 0.74094 0
    outer loop
      vertex 5.52383 1.77617 37.1
      vertex 5.33114 1.60152 39.25
      vertex 5.52383 1.77617 39.25
    endloop
  endfacet
  facet normal -0.671572 0.74094 0
    outer loop
      vertex 5.33114 1.60152 39.25
      vertex 5.52383 1.77617 37.1
      vertex 5.33114 1.60152 37.1
    endloop
  endfacet
  facet normal 0.74094 0.671572 0
    outer loop
      vertex 1.77617 1.77617 39.25
      vertex 1.60152 1.96886 37.1
      vertex 1.60152 1.96886 39.25
    endloop
  endfacet
  facet normal 0.74094 0.671572 0
    outer loop
      vertex 1.60152 1.96886 37.1
      vertex 1.77617 1.77617 39.25
      vertex 1.77617 1.77617 37.1
    endloop
  endfacet
  facet normal 0.427557 0.903988 -0
    outer loop
      vertex 2.63589 1.20172 37.1
      vertex 2.4008 1.31291 39.25
      vertex 2.63589 1.20172 39.25
    endloop
  endfacet
  facet normal 0.427557 0.903988 0
    outer loop
      vertex 2.4008 1.31291 39.25
      vertex 2.63589 1.20172 37.1
      vertex 2.4008 1.31291 37.1
    endloop
  endfacet
  facet normal 0.74094 -0.671572 0
    outer loop
      vertex 1.60152 5.33114 39.25
      vertex 1.77617 5.52383 37.1
      vertex 1.77617 5.52383 39.25
    endloop
  endfacet
  facet normal 0.74094 -0.671572 0
    outer loop
      vertex 1.77617 5.52383 37.1
      vertex 1.60152 5.33114 39.25
      vertex 1.60152 5.33114 37.1
    endloop
  endfacet
  facet normal -0.941547 0.336882 0
    outer loop
      vertex 6.09828 2.63589 37.1
      vertex 6.18589 2.88075 39.25
      vertex 6.18589 2.88075 37.1
    endloop
  endfacet
  facet normal -0.941547 0.336882 0
    outer loop
      vertex 6.18589 2.88075 39.25
      vertex 6.09828 2.63589 37.1
      vertex 6.09828 2.63589 39.25
    endloop
  endfacet
  facet normal -0.336882 0.941547 0
    outer loop
      vertex 4.66411 1.20172 37.1
      vertex 4.41925 1.11411 39.25
      vertex 4.66411 1.20172 39.25
    endloop
  endfacet
  facet normal -0.336882 0.941547 0
    outer loop
      vertex 4.41925 1.11411 39.25
      vertex 4.66411 1.20172 37.1
      vertex 4.41925 1.11411 37.1
    endloop
  endfacet
  facet normal 0.903988 0.427557 0
    outer loop
      vertex 1.31291 2.4008 39.25
      vertex 1.20172 2.63589 37.1
      vertex 1.20172 2.63589 39.25
    endloop
  endfacet
  facet normal 0.903988 0.427557 0
    outer loop
      vertex 1.20172 2.63589 37.1
      vertex 1.31291 2.4008 39.25
      vertex 1.31291 2.4008 37.1
    endloop
  endfacet
  facet normal 0.857741 0.514083 0
    outer loop
      vertex 1.4466 2.17774 39.25
      vertex 1.31291 2.4008 37.1
      vertex 1.31291 2.4008 39.25
    endloop
  endfacet
  facet normal 0.857741 0.514083 0
    outer loop
      vertex 1.31291 2.4008 37.1
      vertex 1.4466 2.17774 39.25
      vertex 1.4466 2.17774 37.1
    endloop
  endfacet
  facet normal 0.998796 -0.049065 0
    outer loop
      vertex 1 3.65 39.25
      vertex 1.01276 3.90975 37.1
      vertex 1.01276 3.90975 39.25
    endloop
  endfacet
  facet normal 0.998796 -0.049065 0
    outer loop
      vertex 1.01276 3.90975 37.1
      vertex 1 3.65 39.25
      vertex 1 3.65 37.1
    endloop
  endfacet
  facet normal -0.903988 -0.427557 0
    outer loop
      vertex 6.09828 4.66411 37.1
      vertex 5.98709 4.8992 39.25
      vertex 5.98709 4.8992 37.1
    endloop
  endfacet
  facet normal -0.903988 -0.427557 0
    outer loop
      vertex 5.98709 4.8992 39.25
      vertex 6.09828 4.66411 37.1
      vertex 6.09828 4.66411 39.25
    endloop
  endfacet
  facet normal -0.336882 -0.941547 0
    outer loop
      vertex 4.41925 6.18589 37.1
      vertex 4.66411 6.09828 39.25
      vertex 4.41925 6.18589 39.25
    endloop
  endfacet
  facet normal -0.336882 -0.941547 -0
    outer loop
      vertex 4.66411 6.09828 39.25
      vertex 4.41925 6.18589 37.1
      vertex 4.66411 6.09828 37.1
    endloop
  endfacet
  facet normal -0.74094 -0.671572 0
    outer loop
      vertex 5.69848 5.33114 37.1
      vertex 5.52383 5.52383 39.25
      vertex 5.52383 5.52383 37.1
    endloop
  endfacet
  facet normal -0.74094 -0.671572 0
    outer loop
      vertex 5.52383 5.52383 39.25
      vertex 5.69848 5.33114 37.1
      vertex 5.69848 5.33114 39.25
    endloop
  endfacet
  facet normal -0.989175 -0.146738 0
    outer loop
      vertex 6.28724 3.90975 37.1
      vertex 6.24908 4.16699 39.25
      vertex 6.24908 4.16699 37.1
    endloop
  endfacet
  facet normal -0.989175 -0.146738 0
    outer loop
      vertex 6.24908 4.16699 39.25
      vertex 6.28724 3.90975 37.1
      vertex 6.28724 3.90975 39.25
    endloop
  endfacet
  facet normal -0.970029 -0.242988 0
    outer loop
      vertex 6.24908 4.16699 37.1
      vertex 6.18589 4.41925 39.25
      vertex 6.18589 4.41925 37.1
    endloop
  endfacet
  facet normal -0.970029 -0.242988 0
    outer loop
      vertex 6.18589 4.41925 39.25
      vertex 6.24908 4.16699 37.1
      vertex 6.24908 4.16699 39.25
    endloop
  endfacet
  facet normal 0.242979 -0.970032 0
    outer loop
      vertex 2.88074 6.18589 37.1
      vertex 3.13301 6.24908 39.25
      vertex 2.88074 6.18589 39.25
    endloop
  endfacet
  facet normal 0.242979 -0.970032 0
    outer loop
      vertex 3.13301 6.24908 39.25
      vertex 2.88074 6.18589 37.1
      vertex 3.13301 6.24908 37.1
    endloop
  endfacet
  facet normal 0.427557 -0.903988 0
    outer loop
      vertex 2.4008 5.98709 37.1
      vertex 2.63589 6.09828 39.25
      vertex 2.4008 5.98709 39.25
    endloop
  endfacet
  facet normal 0.427557 -0.903988 0
    outer loop
      vertex 2.63589 6.09828 39.25
      vertex 2.4008 5.98709 37.1
      vertex 2.63589 6.09828 37.1
    endloop
  endfacet
  facet normal -0.989176 0.146733 0
    outer loop
      vertex 6.24908 3.13301 37.1
      vertex 6.28724 3.39026 39.25
      vertex 6.28724 3.39026 37.1
    endloop
  endfacet
  facet normal -0.989176 0.146733 0
    outer loop
      vertex 6.28724 3.39026 39.25
      vertex 6.24908 3.13301 37.1
      vertex 6.24908 3.13301 39.25
    endloop
  endfacet
  facet normal -0.903988 0.427557 0
    outer loop
      vertex 5.98709 2.4008 37.1
      vertex 6.09828 2.63589 39.25
      vertex 6.09828 2.63589 37.1
    endloop
  endfacet
  facet normal -0.903988 0.427557 0
    outer loop
      vertex 6.09828 2.63589 39.25
      vertex 5.98709 2.4008 37.1
      vertex 5.98709 2.4008 39.25
    endloop
  endfacet
  facet normal -0.857724 0.514111 0
    outer loop
      vertex 5.85339 2.17774 37.1
      vertex 5.98709 2.4008 39.25
      vertex 5.98709 2.4008 37.1
    endloop
  endfacet
  facet normal -0.857724 0.514111 0
    outer loop
      vertex 5.98709 2.4008 39.25
      vertex 5.85339 2.17774 37.1
      vertex 5.85339 2.17774 39.25
    endloop
  endfacet
  facet normal -0.74094 0.671572 0
    outer loop
      vertex 5.52383 1.77617 37.1
      vertex 5.69848 1.96886 39.25
      vertex 5.69848 1.96886 37.1
    endloop
  endfacet
  facet normal -0.74094 0.671572 0
    outer loop
      vertex 5.69848 1.96886 39.25
      vertex 5.52383 1.77617 37.1
      vertex 5.52383 1.77617 39.25
    endloop
  endfacet
  facet normal -0.803219 0.595685 0
    outer loop
      vertex 5.69848 1.96886 37.1
      vertex 5.85339 2.17774 39.25
      vertex 5.85339 2.17774 37.1
    endloop
  endfacet
  facet normal -0.803219 0.595685 0
    outer loop
      vertex 5.85339 2.17774 39.25
      vertex 5.69848 1.96886 37.1
      vertex 5.69848 1.96886 39.25
    endloop
  endfacet
  facet normal -0.146738 0.989175 0
    outer loop
      vertex 4.16699 1.05092 37.1
      vertex 3.90975 1.01276 39.25
      vertex 4.16699 1.05092 39.25
    endloop
  endfacet
  facet normal -0.146738 0.989175 0
    outer loop
      vertex 3.90975 1.01276 39.25
      vertex 4.16699 1.05092 37.1
      vertex 3.90975 1.01276 37.1
    endloop
  endfacet
  facet normal -0.595685 0.803219 0
    outer loop
      vertex 5.33114 1.60152 37.1
      vertex 5.12226 1.44661 39.25
      vertex 5.33114 1.60152 39.25
    endloop
  endfacet
  facet normal -0.595685 0.803219 0
    outer loop
      vertex 5.12226 1.44661 39.25
      vertex 5.33114 1.60152 37.1
      vertex 5.12226 1.44661 37.1
    endloop
  endfacet
  facet normal -0.514111 0.857724 0
    outer loop
      vertex 5.12226 1.44661 37.1
      vertex 4.8992 1.31291 39.25
      vertex 5.12226 1.44661 39.25
    endloop
  endfacet
  facet normal -0.514111 0.857724 0
    outer loop
      vertex 4.8992 1.31291 39.25
      vertex 5.12226 1.44661 37.1
      vertex 4.8992 1.31291 37.1
    endloop
  endfacet
  facet normal 0.941547 0.336882 0
    outer loop
      vertex 1.20172 2.63589 39.25
      vertex 1.11411 2.88075 37.1
      vertex 1.11411 2.88075 39.25
    endloop
  endfacet
  facet normal 0.941547 0.336882 0
    outer loop
      vertex 1.11411 2.88075 37.1
      vertex 1.20172 2.63589 39.25
      vertex 1.20172 2.63589 37.1
    endloop
  endfacet
  facet normal 0.989176 0.146733 0
    outer loop
      vertex 1.05092 3.13301 39.25
      vertex 1.01276 3.39026 37.1
      vertex 1.01276 3.39026 39.25
    endloop
  endfacet
  facet normal 0.989176 0.146733 0
    outer loop
      vertex 1.01276 3.39026 37.1
      vertex 1.05092 3.13301 39.25
      vertex 1.05092 3.13301 37.1
    endloop
  endfacet
  facet normal 0.595685 0.803219 -0
    outer loop
      vertex 2.17774 1.44661 37.1
      vertex 1.96886 1.60152 39.25
      vertex 2.17774 1.44661 39.25
    endloop
  endfacet
  facet normal 0.595685 0.803219 0
    outer loop
      vertex 1.96886 1.60152 39.25
      vertex 2.17774 1.44661 37.1
      vertex 1.96886 1.60152 37.1
    endloop
  endfacet
  facet normal 0.146738 0.989175 -0
    outer loop
      vertex 3.39025 1.01276 37.1
      vertex 3.13301 1.05092 39.25
      vertex 3.39025 1.01276 39.25
    endloop
  endfacet
  facet normal 0.146738 0.989175 0
    outer loop
      vertex 3.13301 1.05092 39.25
      vertex 3.39025 1.01276 37.1
      vertex 3.13301 1.05092 37.1
    endloop
  endfacet
  facet normal 0.336894 0.941543 -0
    outer loop
      vertex 2.88074 1.11411 37.1
      vertex 2.63589 1.20172 39.25
      vertex 2.88074 1.11411 39.25
    endloop
  endfacet
  facet normal 0.336894 0.941543 0
    outer loop
      vertex 2.63589 1.20172 39.25
      vertex 2.88074 1.11411 37.1
      vertex 2.63589 1.20172 37.1
    endloop
  endfacet
  facet normal 0.242979 0.970032 -0
    outer loop
      vertex 3.13301 1.05092 37.1
      vertex 2.88074 1.11411 39.25
      vertex 3.13301 1.05092 39.25
    endloop
  endfacet
  facet normal 0.242979 0.970032 0
    outer loop
      vertex 2.88074 1.11411 39.25
      vertex 3.13301 1.05092 37.1
      vertex 2.88074 1.11411 37.1
    endloop
  endfacet
  facet normal -0.998796 -0.049065 0
    outer loop
      vertex 6.3 3.65 37.1
      vertex 6.28724 3.90975 39.25
      vertex 6.28724 3.90975 37.1
    endloop
  endfacet
  facet normal -0.998796 -0.049065 0
    outer loop
      vertex 6.28724 3.90975 39.25
      vertex 6.3 3.65 37.1
      vertex 6.3 3.65 39.25
    endloop
  endfacet
  facet normal -0.146738 -0.989175 0
    outer loop
      vertex 3.90975 6.28724 37.1
      vertex 4.16699 6.24908 39.25
      vertex 3.90975 6.28724 39.25
    endloop
  endfacet
  facet normal -0.146738 -0.989175 -0
    outer loop
      vertex 4.16699 6.24908 39.25
      vertex 3.90975 6.28724 37.1
      vertex 4.16699 6.24908 37.1
    endloop
  endfacet
  facet normal -0.242988 -0.970029 0
    outer loop
      vertex 4.16699 6.24908 37.1
      vertex 4.41925 6.18589 39.25
      vertex 4.16699 6.24908 39.25
    endloop
  endfacet
  facet normal -0.242988 -0.970029 -0
    outer loop
      vertex 4.41925 6.18589 39.25
      vertex 4.16699 6.24908 37.1
      vertex 4.41925 6.18589 37.1
    endloop
  endfacet
  facet normal -0.514111 -0.857724 0
    outer loop
      vertex 4.8992 5.98709 37.1
      vertex 5.12226 5.85339 39.25
      vertex 4.8992 5.98709 39.25
    endloop
  endfacet
  facet normal -0.514111 -0.857724 -0
    outer loop
      vertex 5.12226 5.85339 39.25
      vertex 4.8992 5.98709 37.1
      vertex 5.12226 5.85339 37.1
    endloop
  endfacet
  facet normal -0.671572 -0.74094 0
    outer loop
      vertex 5.33114 5.69848 37.1
      vertex 5.52383 5.52383 39.25
      vertex 5.33114 5.69848 39.25
    endloop
  endfacet
  facet normal -0.671572 -0.74094 -0
    outer loop
      vertex 5.52383 5.52383 39.25
      vertex 5.33114 5.69848 37.1
      vertex 5.52383 5.52383 37.1
    endloop
  endfacet
  facet normal -0.595685 -0.803219 0
    outer loop
      vertex 5.12226 5.85339 37.1
      vertex 5.33114 5.69848 39.25
      vertex 5.12226 5.85339 39.25
    endloop
  endfacet
  facet normal -0.595685 -0.803219 -0
    outer loop
      vertex 5.33114 5.69848 39.25
      vertex 5.12226 5.85339 37.1
      vertex 5.33114 5.69848 37.1
    endloop
  endfacet
  facet normal -0.803219 -0.595685 0
    outer loop
      vertex 5.85339 5.12226 37.1
      vertex 5.69848 5.33114 39.25
      vertex 5.69848 5.33114 37.1
    endloop
  endfacet
  facet normal -0.803219 -0.595685 0
    outer loop
      vertex 5.69848 5.33114 39.25
      vertex 5.85339 5.12226 37.1
      vertex 5.85339 5.12226 39.25
    endloop
  endfacet
  facet normal -0.857724 -0.514111 0
    outer loop
      vertex 5.98709 4.8992 37.1
      vertex 5.85339 5.12226 39.25
      vertex 5.85339 5.12226 37.1
    endloop
  endfacet
  facet normal -0.857724 -0.514111 0
    outer loop
      vertex 5.85339 5.12226 39.25
      vertex 5.98709 4.8992 37.1
      vertex 5.98709 4.8992 39.25
    endloop
  endfacet
  facet normal 0.049065 -0.998796 0
    outer loop
      vertex 3.39025 6.28724 37.1
      vertex 3.65 6.3 39.25
      vertex 3.39025 6.28724 39.25
    endloop
  endfacet
  facet normal 0.049065 -0.998796 0
    outer loop
      vertex 3.65 6.3 39.25
      vertex 3.39025 6.28724 37.1
      vertex 3.65 6.3 37.1
    endloop
  endfacet
  facet normal 0.595685 -0.803219 0
    outer loop
      vertex 1.96886 5.69848 37.1
      vertex 2.17774 5.85339 39.25
      vertex 1.96886 5.69848 39.25
    endloop
  endfacet
  facet normal 0.595685 -0.803219 0
    outer loop
      vertex 2.17774 5.85339 39.25
      vertex 1.96886 5.69848 37.1
      vertex 2.17774 5.85339 37.1
    endloop
  endfacet
  facet normal -0.049065 -0.998796 0
    outer loop
      vertex 3.65 6.3 37.1
      vertex 3.90975 6.28724 39.25
      vertex 3.65 6.3 39.25
    endloop
  endfacet
  facet normal -0.049065 -0.998796 -0
    outer loop
      vertex 3.90975 6.28724 39.25
      vertex 3.65 6.3 37.1
      vertex 3.90975 6.28724 37.1
    endloop
  endfacet
  facet normal 0.514111 -0.857724 0
    outer loop
      vertex 2.17774 5.85339 37.1
      vertex 2.4008 5.98709 39.25
      vertex 2.17774 5.85339 39.25
    endloop
  endfacet
  facet normal 0.514111 -0.857724 0
    outer loop
      vertex 2.4008 5.98709 39.25
      vertex 2.17774 5.85339 37.1
      vertex 2.4008 5.98709 37.1
    endloop
  endfacet
  facet normal 0.671572 -0.74094 0
    outer loop
      vertex 1.77617 5.52383 37.1
      vertex 1.96886 5.69848 39.25
      vertex 1.77617 5.52383 39.25
    endloop
  endfacet
  facet normal 0.671572 -0.74094 0
    outer loop
      vertex 1.96886 5.69848 39.25
      vertex 1.77617 5.52383 37.1
      vertex 1.96886 5.69848 37.1
    endloop
  endfacet
  facet normal 0.857741 -0.514083 0
    outer loop
      vertex 1.31291 4.8992 39.25
      vertex 1.4466 5.12226 37.1
      vertex 1.4466 5.12226 39.25
    endloop
  endfacet
  facet normal 0.857741 -0.514083 0
    outer loop
      vertex 1.4466 5.12226 37.1
      vertex 1.31291 4.8992 39.25
      vertex 1.31291 4.8992 37.1
    endloop
  endfacet
  facet normal 0.941547 -0.336882 0
    outer loop
      vertex 1.11411 4.41925 39.25
      vertex 1.20172 4.66411 37.1
      vertex 1.20172 4.66411 39.25
    endloop
  endfacet
  facet normal 0.941547 -0.336882 0
    outer loop
      vertex 1.20172 4.66411 37.1
      vertex 1.11411 4.41925 39.25
      vertex 1.11411 4.41925 37.1
    endloop
  endfacet
  facet normal 0.989175 -0.146738 0
    outer loop
      vertex 1.01276 3.90975 39.25
      vertex 1.05092 4.16699 37.1
      vertex 1.05092 4.16699 39.25
    endloop
  endfacet
  facet normal 0.989175 -0.146738 0
    outer loop
      vertex 1.05092 4.16699 37.1
      vertex 1.01276 3.90975 39.25
      vertex 1.01276 3.90975 37.1
    endloop
  endfacet
  facet normal -0.049065 0.998796 0
    outer loop
      vertex 3.90975 1.01276 37.1
      vertex 3.65 1 39.25
      vertex 3.90975 1.01276 39.25
    endloop
  endfacet
  facet normal -0.049065 0.998796 0
    outer loop
      vertex 3.65 1 39.25
      vertex 3.90975 1.01276 37.1
      vertex 3.65 1 37.1
    endloop
  endfacet
  facet normal -0.242988 0.970029 0
    outer loop
      vertex 4.41925 1.11411 37.1
      vertex 4.16699 1.05092 39.25
      vertex 4.41925 1.11411 39.25
    endloop
  endfacet
  facet normal -0.242988 0.970029 0
    outer loop
      vertex 4.16699 1.05092 39.25
      vertex 4.41925 1.11411 37.1
      vertex 4.16699 1.05092 37.1
    endloop
  endfacet
  facet normal -0.427557 0.903988 0
    outer loop
      vertex 4.8992 1.31291 37.1
      vertex 4.66411 1.20172 39.25
      vertex 4.8992 1.31291 39.25
    endloop
  endfacet
  facet normal -0.427557 0.903988 0
    outer loop
      vertex 4.66411 1.20172 39.25
      vertex 4.8992 1.31291 37.1
      vertex 4.66411 1.20172 37.1
    endloop
  endfacet
  facet normal 0.8032 0.595709 0
    outer loop
      vertex 1.60152 1.96886 39.25
      vertex 1.4466 2.17774 37.1
      vertex 1.4466 2.17774 39.25
    endloop
  endfacet
  facet normal 0.8032 0.595709 0
    outer loop
      vertex 1.4466 2.17774 37.1
      vertex 1.60152 1.96886 39.25
      vertex 1.60152 1.96886 37.1
    endloop
  endfacet
  facet normal 0 0 1
    outer loop
      vertex 6.28724 3.90975 37.1
      vertex 6.28724 3.39026 37.1
      vertex 6.3 3.65 37.1
    endloop
  endfacet
  facet normal 0 0 1
    outer loop
      vertex 6.24908 4.16699 37.1
      vertex 6.28724 3.39026 37.1
      vertex 6.28724 3.90975 37.1
    endloop
  endfacet
  facet normal 0 0 1
    outer loop
      vertex 6.24908 4.16699 37.1
      vertex 6.24908 3.13301 37.1
      vertex 6.28724 3.39026 37.1
    endloop
  endfacet
  facet normal 0 0 1
    outer loop
      vertex 6.18589 4.41925 37.1
      vertex 6.24908 3.13301 37.1
      vertex 6.24908 4.16699 37.1
    endloop
  endfacet
  facet normal 0 0 1
    outer loop
      vertex 6.18589 4.41925 37.1
      vertex 6.18589 2.88075 37.1
      vertex 6.24908 3.13301 37.1
    endloop
  endfacet
  facet normal 0 0 1
    outer loop
      vertex 6.09828 4.66411 37.1
      vertex 6.18589 2.88075 37.1
      vertex 6.18589 4.41925 37.1
    endloop
  endfacet
  facet normal 0 0 1
    outer loop
      vertex 6.09828 4.66411 37.1
      vertex 6.09828 2.63589 37.1
      vertex 6.18589 2.88075 37.1
    endloop
  endfacet
  facet normal 0 0 1
    outer loop
      vertex 5.98709 4.8992 37.1
      vertex 6.09828 2.63589 37.1
      vertex 6.09828 4.66411 37.1
    endloop
  endfacet
  facet normal 0 0 1
    outer loop
      vertex 5.98709 4.8992 37.1
      vertex 5.98709 2.4008 37.1
      vertex 6.09828 2.63589 37.1
    endloop
  endfacet
  facet normal 0 0 1
    outer loop
      vertex 5.85339 5.12226 37.1
      vertex 5.98709 2.4008 37.1
      vertex 5.98709 4.8992 37.1
    endloop
  endfacet
  facet normal 0 0 1
    outer loop
      vertex 5.85339 5.12226 37.1
      vertex 5.85339 2.17774 37.1
      vertex 5.98709 2.4008 37.1
    endloop
  endfacet
  facet normal 0 0 1
    outer loop
      vertex 5.69848 5.33114 37.1
      vertex 5.85339 2.17774 37.1
      vertex 5.85339 5.12226 37.1
    endloop
  endfacet
  facet normal 0 0 1
    outer loop
      vertex 5.69848 5.33114 37.1
      vertex 5.69848 1.96886 37.1
      vertex 5.85339 2.17774 37.1
    endloop
  endfacet
  facet normal 0 0 1
    outer loop
      vertex 5.52383 5.52383 37.1
      vertex 5.69848 1.96886 37.1
      vertex 5.69848 5.33114 37.1
    endloop
  endfacet
  facet normal 0 0 1
    outer loop
      vertex 5.52383 5.52383 37.1
      vertex 5.52383 1.77617 37.1
      vertex 5.69848 1.96886 37.1
    endloop
  endfacet
  facet normal 0 0 1
    outer loop
      vertex 5.33114 5.69848 37.1
      vertex 5.52383 1.77617 37.1
      vertex 5.52383 5.52383 37.1
    endloop
  endfacet
  facet normal 0 0 1
    outer loop
      vertex 5.33114 5.69848 37.1
      vertex 5.33114 1.60152 37.1
      vertex 5.52383 1.77617 37.1
    endloop
  endfacet
  facet normal 0 0 1
    outer loop
      vertex 5.12226 5.85339 37.1
      vertex 5.33114 1.60152 37.1
      vertex 5.33114 5.69848 37.1
    endloop
  endfacet
  facet normal 0 0 1
    outer loop
      vertex 5.12226 5.85339 37.1
      vertex 5.12226 1.44661 37.1
      vertex 5.33114 1.60152 37.1
    endloop
  endfacet
  facet normal 0 0 1
    outer loop
      vertex 4.8992 5.98709 37.1
      vertex 5.12226 1.44661 37.1
      vertex 5.12226 5.85339 37.1
    endloop
  endfacet
  facet normal 0 0 1
    outer loop
      vertex 4.8992 5.98709 37.1
      vertex 4.8992 1.31291 37.1
      vertex 5.12226 1.44661 37.1
    endloop
  endfacet
  facet normal 0 0 1
    outer loop
      vertex 4.66411 6.09828 37.1
      vertex 4.8992 1.31291 37.1
      vertex 4.8992 5.98709 37.1
    endloop
  endfacet
  facet normal 0 0 1
    outer loop
      vertex 4.66411 6.09828 37.1
      vertex 4.66411 1.20172 37.1
      vertex 4.8992 1.31291 37.1
    endloop
  endfacet
  facet normal 0 0 1
    outer loop
      vertex 4.41925 6.18589 37.1
      vertex 4.66411 1.20172 37.1
      vertex 4.66411 6.09828 37.1
    endloop
  endfacet
  facet normal 0 0 1
    outer loop
      vertex 4.41925 6.18589 37.1
      vertex 4.41925 1.11411 37.1
      vertex 4.66411 1.20172 37.1
    endloop
  endfacet
  facet normal 0 0 1
    outer loop
      vertex 4.16699 6.24908 37.1
      vertex 4.41925 1.11411 37.1
      vertex 4.41925 6.18589 37.1
    endloop
  endfacet
  facet normal 0 0 1
    outer loop
      vertex 4.16699 6.24908 37.1
      vertex 4.16699 1.05092 37.1
      vertex 4.41925 1.11411 37.1
    endloop
  endfacet
  facet normal 0 0 1
    outer loop
      vertex 3.90975 6.28724 37.1
      vertex 4.16699 1.05092 37.1
      vertex 4.16699 6.24908 37.1
    endloop
  endfacet
  facet normal 0 0 1
    outer loop
      vertex 3.90975 6.28724 37.1
      vertex 3.90975 1.01276 37.1
      vertex 4.16699 1.05092 37.1
    endloop
  endfacet
  facet normal 0 0 1
    outer loop
      vertex 3.65 6.3 37.1
      vertex 3.90975 1.01276 37.1
      vertex 3.90975 6.28724 37.1
    endloop
  endfacet
  facet normal 0 0 1
    outer loop
      vertex 3.65 6.3 37.1
      vertex 3.65 1 37.1
      vertex 3.90975 1.01276 37.1
    endloop
  endfacet
  facet normal -0 0 1
    outer loop
      vertex 3.39025 6.28724 37.1
      vertex 3.65 1 37.1
      vertex 3.65 6.3 37.1
    endloop
  endfacet
  facet normal 0 0 1
    outer loop
      vertex 3.39025 6.28724 37.1
      vertex 3.39025 1.01276 37.1
      vertex 3.65 1 37.1
    endloop
  endfacet
  facet normal -0 0 1
    outer loop
      vertex 3.13301 6.24908 37.1
      vertex 3.39025 1.01276 37.1
      vertex 3.39025 6.28724 37.1
    endloop
  endfacet
  facet normal 0 0 1
    outer loop
      vertex 3.13301 6.24908 37.1
      vertex 3.13301 1.05092 37.1
      vertex 3.39025 1.01276 37.1
    endloop
  endfacet
  facet normal -0 0 1
    outer loop
      vertex 2.88074 6.18589 37.1
      vertex 3.13301 1.05092 37.1
      vertex 3.13301 6.24908 37.1
    endloop
  endfacet
  facet normal 0 0 1
    outer loop
      vertex 2.88074 6.18589 37.1
      vertex 2.88074 1.11411 37.1
      vertex 3.13301 1.05092 37.1
    endloop
  endfacet
  facet normal -0 0 1
    outer loop
      vertex 2.63589 6.09828 37.1
      vertex 2.88074 1.11411 37.1
      vertex 2.88074 6.18589 37.1
    endloop
  endfacet
  facet normal 0 0 1
    outer loop
      vertex 2.63589 6.09828 37.1
      vertex 2.63589 1.20172 37.1
      vertex 2.88074 1.11411 37.1
    endloop
  endfacet
  facet normal -0 0 1
    outer loop
      vertex 2.4008 5.98709 37.1
      vertex 2.63589 1.20172 37.1
      vertex 2.63589 6.09828 37.1
    endloop
  endfacet
  facet normal 0 0 1
    outer loop
      vertex 2.4008 5.98709 37.1
      vertex 2.4008 1.31291 37.1
      vertex 2.63589 1.20172 37.1
    endloop
  endfacet
  facet normal -0 0 1
    outer loop
      vertex 2.17774 5.85339 37.1
      vertex 2.4008 1.31291 37.1
      vertex 2.4008 5.98709 37.1
    endloop
  endfacet
  facet normal 0 0 1
    outer loop
      vertex 2.17774 5.85339 37.1
      vertex 2.17774 1.44661 37.1
      vertex 2.4008 1.31291 37.1
    endloop
  endfacet
  facet normal -0 0 1
    outer loop
      vertex 1.96886 5.69848 37.1
      vertex 2.17774 1.44661 37.1
      vertex 2.17774 5.85339 37.1
    endloop
  endfacet
  facet normal 0 0 1
    outer loop
      vertex 1.96886 5.69848 37.1
      vertex 1.96886 1.60152 37.1
      vertex 2.17774 1.44661 37.1
    endloop
  endfacet
  facet normal -0 0 1
    outer loop
      vertex 1.77617 5.52383 37.1
      vertex 1.96886 1.60152 37.1
      vertex 1.96886 5.69848 37.1
    endloop
  endfacet
  facet normal 0 0 1
    outer loop
      vertex 1.77617 5.52383 37.1
      vertex 1.77617 1.77617 37.1
      vertex 1.96886 1.60152 37.1
    endloop
  endfacet
  facet normal -0 0 1
    outer loop
      vertex 1.60152 5.33114 37.1
      vertex 1.77617 1.77617 37.1
      vertex 1.77617 5.52383 37.1
    endloop
  endfacet
  facet normal 0 0 1
    outer loop
      vertex 1.60152 5.33114 37.1
      vertex 1.60152 1.96886 37.1
      vertex 1.77617 1.77617 37.1
    endloop
  endfacet
  facet normal -0 0 1
    outer loop
      vertex 1.4466 5.12226 37.1
      vertex 1.60152 1.96886 37.1
      vertex 1.60152 5.33114 37.1
    endloop
  endfacet
  facet normal 0 0 1
    outer loop
      vertex 1.4466 5.12226 37.1
      vertex 1.4466 2.17774 37.1
      vertex 1.60152 1.96886 37.1
    endloop
  endfacet
  facet normal -0 0 1
    outer loop
      vertex 1.31291 4.8992 37.1
      vertex 1.4466 2.17774 37.1
      vertex 1.4466 5.12226 37.1
    endloop
  endfacet
  facet normal 0 0 1
    outer loop
      vertex 1.31291 4.8992 37.1
      vertex 1.31291 2.4008 37.1
      vertex 1.4466 2.17774 37.1
    endloop
  endfacet
  facet normal -0 0 1
    outer loop
      vertex 1.20172 4.66411 37.1
      vertex 1.31291 2.4008 37.1
      vertex 1.31291 4.8992 37.1
    endloop
  endfacet
  facet normal 0 0 1
    outer loop
      vertex 1.20172 4.66411 37.1
      vertex 1.20172 2.63589 37.1
      vertex 1.31291 2.4008 37.1
    endloop
  endfacet
  facet normal -0 0 1
    outer loop
      vertex 1.11411 4.41925 37.1
      vertex 1.20172 2.63589 37.1
      vertex 1.20172 4.66411 37.1
    endloop
  endfacet
  facet normal 0 0 1
    outer loop
      vertex 1.11411 4.41925 37.1
      vertex 1.11411 2.88075 37.1
      vertex 1.20172 2.63589 37.1
    endloop
  endfacet
  facet normal -0 0 1
    outer loop
      vertex 1.05092 4.16699 37.1
      vertex 1.11411 2.88075 37.1
      vertex 1.11411 4.41925 37.1
    endloop
  endfacet
  facet normal 0 0 1
    outer loop
      vertex 1.05092 4.16699 37.1
      vertex 1.05092 3.13301 37.1
      vertex 1.11411 2.88075 37.1
    endloop
  endfacet
  facet normal -0 0 1
    outer loop
      vertex 1.01276 3.90975 37.1
      vertex 1.05092 3.13301 37.1
      vertex 1.05092 4.16699 37.1
    endloop
  endfacet
  facet normal 0 0 1
    outer loop
      vertex 1.01276 3.90975 37.1
      vertex 1.01276 3.39026 37.1
      vertex 1.05092 3.13301 37.1
    endloop
  endfacet
  facet normal 0 -0 1
    outer loop
      vertex 1.01276 3.39026 37.1
      vertex 1.01276 3.90975 37.1
      vertex 1 3.65 37.1
    endloop
  endfacet
  facet normal 0.998795 0.0490669 0
    outer loop
      vertex 1.01276 3.39026 39.25
      vertex 1 3.65 37.1
      vertex 1 3.65 39.25
    endloop
  endfacet
  facet normal 0.998795 0.0490669 0
    outer loop
      vertex 1 3.65 37.1
      vertex 1.01276 3.39026 39.25
      vertex 1.01276 3.39026 37.1
    endloop
  endfacet
  facet normal 0.970029 0.242988 0
    outer loop
      vertex 1.11411 2.88075 39.25
      vertex 1.05092 3.13301 37.1
      vertex 1.05092 3.13301 39.25
    endloop
  endfacet
  facet normal 0.970029 0.242988 0
    outer loop
      vertex 1.05092 3.13301 37.1
      vertex 1.11411 2.88075 39.25
      vertex 1.11411 2.88075 37.1
    endloop
  endfacet
  facet normal 0.671572 0.74094 -0
    outer loop
      vertex 1.96886 1.60152 37.1
      vertex 1.77617 1.77617 39.25
      vertex 1.96886 1.60152 39.25
    endloop
  endfacet
  facet normal 0.671572 0.74094 0
    outer loop
      vertex 1.77617 1.77617 39.25
      vertex 1.96886 1.60152 37.1
      vertex 1.77617 1.77617 37.1
    endloop
  endfacet
  facet normal 0.514111 0.857724 -0
    outer loop
      vertex 2.4008 1.31291 37.1
      vertex 2.17774 1.44661 39.25
      vertex 2.4008 1.31291 39.25
    endloop
  endfacet
  facet normal 0.514111 0.857724 0
    outer loop
      vertex 2.17774 1.44661 39.25
      vertex 2.4008 1.31291 37.1
      vertex 2.17774 1.44661 37.1
    endloop
  endfacet
  facet normal -0.427557 -0.903988 0
    outer loop
      vertex 4.66411 6.09828 37.1
      vertex 4.8992 5.98709 39.25
      vertex 4.66411 6.09828 39.25
    endloop
  endfacet
  facet normal -0.427557 -0.903988 -0
    outer loop
      vertex 4.8992 5.98709 39.25
      vertex 4.66411 6.09828 37.1
      vertex 4.8992 5.98709 37.1
    endloop
  endfacet
  facet normal -0.941547 -0.336882 0
    outer loop
      vertex 6.18589 4.41925 37.1
      vertex 6.09828 4.66411 39.25
      vertex 6.09828 4.66411 37.1
    endloop
  endfacet
  facet normal -0.941547 -0.336882 0
    outer loop
      vertex 6.09828 4.66411 39.25
      vertex 6.18589 4.41925 37.1
      vertex 6.18589 4.41925 39.25
    endloop
  endfacet
  facet normal 0.146738 -0.989175 0
    outer loop
      vertex 3.13301 6.24908 37.1
      vertex 3.39025 6.28724 39.25
      vertex 3.13301 6.24908 39.25
    endloop
  endfacet
  facet normal 0.146738 -0.989175 0
    outer loop
      vertex 3.39025 6.28724 39.25
      vertex 3.13301 6.24908 37.1
      vertex 3.39025 6.28724 37.1
    endloop
  endfacet
  facet normal 0.336894 -0.941543 0
    outer loop
      vertex 2.63589 6.09828 37.1
      vertex 2.88074 6.18589 39.25
      vertex 2.63589 6.09828 39.25
    endloop
  endfacet
  facet normal 0.336894 -0.941543 0
    outer loop
      vertex 2.88074 6.18589 39.25
      vertex 2.63589 6.09828 37.1
      vertex 2.88074 6.18589 37.1
    endloop
  endfacet
  facet normal 0.8032 -0.595709 0
    outer loop
      vertex 1.4466 5.12226 39.25
      vertex 1.60152 5.33114 37.1
      vertex 1.60152 5.33114 39.25
    endloop
  endfacet
  facet normal 0.8032 -0.595709 0
    outer loop
      vertex 1.60152 5.33114 37.1
      vertex 1.4466 5.12226 39.25
      vertex 1.4466 5.12226 37.1
    endloop
  endfacet
  facet normal 0.970029 -0.242988 0
    outer loop
      vertex 1.05092 4.16699 39.25
      vertex 1.11411 4.41925 37.1
      vertex 1.11411 4.41925 39.25
    endloop
  endfacet
  facet normal 0.970029 -0.242988 0
    outer loop
      vertex 1.11411 4.41925 37.1
      vertex 1.05092 4.16699 39.25
      vertex 1.05092 4.16699 37.1
    endloop
  endfacet
  facet normal 0.903988 -0.427557 0
    outer loop
      vertex 1.20172 4.66411 39.25
      vertex 1.31291 4.8992 37.1
      vertex 1.31291 4.8992 39.25
    endloop
  endfacet
  facet normal 0.903988 -0.427557 0
    outer loop
      vertex 1.31291 4.8992 37.1
      vertex 1.20172 4.66411 39.25
      vertex 1.20172 4.66411 37.1
    endloop
  endfacet
  facet normal -0.998788 0.0492203 0
    outer loop
      vertex 41.2872 3.39026 37.1
      vertex 41.3 3.65 39.25
      vertex 41.3 3.65 37.1
    endloop
  endfacet
  facet normal -0.998788 0.0492203 0
    outer loop
      vertex 41.3 3.65 39.25
      vertex 41.2872 3.39026 37.1
      vertex 41.2872 3.39026 39.25
    endloop
  endfacet
  facet normal 0.0490744 0.998795 -0
    outer loop
      vertex 38.65 1 37.1
      vertex 38.3903 1.01276 39.25
      vertex 38.65 1 39.25
    endloop
  endfacet
  facet normal 0.0490744 0.998795 0
    outer loop
      vertex 38.3903 1.01276 39.25
      vertex 38.65 1 37.1
      vertex 38.3903 1.01276 37.1
    endloop
  endfacet
  facet normal 0.671552 -0.740957 0
    outer loop
      vertex 36.7762 5.52383 37.1
      vertex 36.9689 5.69848 39.25
      vertex 36.7762 5.52383 39.25
    endloop
  endfacet
  facet normal 0.671552 -0.740957 0
    outer loop
      vertex 36.9689 5.69848 39.25
      vertex 36.7762 5.52383 37.1
      vertex 36.9689 5.69848 37.1
    endloop
  endfacet
  facet normal -0.671552 0.740957 0
    outer loop
      vertex 40.5238 1.77617 37.1
      vertex 40.3311 1.60152 39.25
      vertex 40.5238 1.77617 39.25
    endloop
  endfacet
  facet normal -0.671552 0.740957 0
    outer loop
      vertex 40.3311 1.60152 39.25
      vertex 40.5238 1.77617 37.1
      vertex 40.3311 1.60152 37.1
    endloop
  endfacet
  facet normal 0.740844 0.671677 0
    outer loop
      vertex 36.7762 1.77617 39.25
      vertex 36.6015 1.96886 37.1
      vertex 36.6015 1.96886 39.25
    endloop
  endfacet
  facet normal 0.740844 0.671677 0
    outer loop
      vertex 36.6015 1.96886 37.1
      vertex 36.7762 1.77617 39.25
      vertex 36.7762 1.77617 37.1
    endloop
  endfacet
  facet normal 0.427542 0.903995 -0
    outer loop
      vertex 37.6359 1.20172 37.1
      vertex 37.4008 1.31291 39.25
      vertex 37.6359 1.20172 39.25
    endloop
  endfacet
  facet normal 0.427542 0.903995 0
    outer loop
      vertex 37.4008 1.31291 39.25
      vertex 37.6359 1.20172 37.1
      vertex 37.4008 1.31291 37.1
    endloop
  endfacet
  facet normal 0.941559 -0.336848 0
    outer loop
      vertex 36.1141 4.41925 39.25
      vertex 36.2017 4.66411 37.1
      vertex 36.2017 4.66411 39.25
    endloop
  endfacet
  facet normal 0.941559 -0.336848 0
    outer loop
      vertex 36.2017 4.66411 37.1
      vertex 36.1141 4.41925 39.25
      vertex 36.1141 4.41925 37.1
    endloop
  endfacet
  facet normal -0.903973 0.427589 0
    outer loop
      vertex 40.9871 2.4008 37.1
      vertex 41.0983 2.63589 39.25
      vertex 41.0983 2.63589 37.1
    endloop
  endfacet
  facet normal -0.903973 0.427589 0
    outer loop
      vertex 41.0983 2.63589 39.25
      vertex 40.9871 2.4008 37.1
      vertex 40.9871 2.4008 39.25
    endloop
  endfacet
  facet normal -0.336955 0.941521 0
    outer loop
      vertex 39.6641 1.20172 37.1
      vertex 39.4193 1.11411 39.25
      vertex 39.6641 1.20172 39.25
    endloop
  endfacet
  facet normal -0.336955 0.941521 0
    outer loop
      vertex 39.4193 1.11411 39.25
      vertex 39.6641 1.20172 37.1
      vertex 39.4193 1.11411 37.1
    endloop
  endfacet
  facet normal 0.903973 0.427589 0
    outer loop
      vertex 36.3129 2.4008 39.25
      vertex 36.2017 2.63589 37.1
      vertex 36.2017 2.63589 39.25
    endloop
  endfacet
  facet normal 0.903973 0.427589 0
    outer loop
      vertex 36.2017 2.63589 37.1
      vertex 36.3129 2.4008 39.25
      vertex 36.3129 2.4008 37.1
    endloop
  endfacet
  facet normal 0.857724 0.514111 0
    outer loop
      vertex 36.4466 2.17774 39.25
      vertex 36.3129 2.4008 37.1
      vertex 36.3129 2.4008 39.25
    endloop
  endfacet
  facet normal 0.857724 0.514111 0
    outer loop
      vertex 36.3129 2.4008 37.1
      vertex 36.4466 2.17774 39.25
      vertex 36.4466 2.17774 37.1
    endloop
  endfacet
  facet normal 0.242952 0.970038 -0
    outer loop
      vertex 38.133 1.05092 37.1
      vertex 37.8807 1.11411 39.25
      vertex 38.133 1.05092 39.25
    endloop
  endfacet
  facet normal 0.242952 0.970038 0
    outer loop
      vertex 37.8807 1.11411 39.25
      vertex 38.133 1.05092 37.1
      vertex 37.8807 1.11411 37.1
    endloop
  endfacet
  facet normal -0.903973 -0.427589 0
    outer loop
      vertex 41.0983 4.66411 37.1
      vertex 40.9871 4.8992 39.25
      vertex 40.9871 4.8992 37.1
    endloop
  endfacet
  facet normal -0.903973 -0.427589 0
    outer loop
      vertex 40.9871 4.8992 39.25
      vertex 41.0983 4.66411 37.1
      vertex 41.0983 4.66411 39.25
    endloop
  endfacet
  facet normal -0.336955 -0.941521 0
    outer loop
      vertex 39.4193 6.18589 37.1
      vertex 39.6641 6.09828 39.25
      vertex 39.4193 6.18589 39.25
    endloop
  endfacet
  facet normal -0.336955 -0.941521 -0
    outer loop
      vertex 39.6641 6.09828 39.25
      vertex 39.4193 6.18589 37.1
      vertex 39.6641 6.09828 37.1
    endloop
  endfacet
  facet normal -0.740844 -0.671677 0
    outer loop
      vertex 40.6985 5.33114 37.1
      vertex 40.5238 5.52383 39.25
      vertex 40.5238 5.52383 37.1
    endloop
  endfacet
  facet normal -0.740844 -0.671677 0
    outer loop
      vertex 40.5238 5.52383 39.25
      vertex 40.6985 5.33114 37.1
      vertex 40.6985 5.33114 39.25
    endloop
  endfacet
  facet normal -0.97002 -0.243024 0
    outer loop
      vertex 41.2491 4.16699 37.1
      vertex 41.1859 4.41925 39.25
      vertex 41.1859 4.41925 37.1
    endloop
  endfacet
  facet normal -0.97002 -0.243024 0
    outer loop
      vertex 41.1859 4.41925 39.25
      vertex 41.2491 4.16699 37.1
      vertex 41.2491 4.16699 39.25
    endloop
  endfacet
  facet normal 0.242952 -0.970038 0
    outer loop
      vertex 37.8807 6.18589 37.1
      vertex 38.133 6.24908 39.25
      vertex 37.8807 6.18589 39.25
    endloop
  endfacet
  facet normal 0.242952 -0.970038 0
    outer loop
      vertex 38.133 6.24908 39.25
      vertex 37.8807 6.18589 37.1
      vertex 38.133 6.24908 37.1
    endloop
  endfacet
  facet normal 0.740844 -0.671677 0
    outer loop
      vertex 36.6015 5.33114 39.25
      vertex 36.7762 5.52383 37.1
      vertex 36.7762 5.52383 39.25
    endloop
  endfacet
  facet normal 0.740844 -0.671677 0
    outer loop
      vertex 36.7762 5.52383 37.1
      vertex 36.6015 5.33114 39.25
      vertex 36.6015 5.33114 37.1
    endloop
  endfacet
  facet normal -0.97002 0.243024 0
    outer loop
      vertex 41.1859 2.88075 37.1
      vertex 41.2491 3.13301 39.25
      vertex 41.2491 3.13301 37.1
    endloop
  endfacet
  facet normal -0.97002 0.243024 0
    outer loop
      vertex 41.2491 3.13301 39.25
      vertex 41.1859 2.88075 37.1
      vertex 41.1859 2.88075 39.25
    endloop
  endfacet
  facet normal -0.98921 0.146507 0
    outer loop
      vertex 41.2491 3.13301 37.1
      vertex 41.2872 3.39026 39.25
      vertex 41.2872 3.39026 37.1
    endloop
  endfacet
  facet normal -0.98921 0.146507 0
    outer loop
      vertex 41.2872 3.39026 39.25
      vertex 41.2491 3.13301 37.1
      vertex 41.2491 3.13301 39.25
    endloop
  endfacet
  facet normal -0.941559 0.336848 0
    outer loop
      vertex 41.0983 2.63589 37.1
      vertex 41.1859 2.88075 39.25
      vertex 41.1859 2.88075 37.1
    endloop
  endfacet
  facet normal -0.941559 0.336848 0
    outer loop
      vertex 41.1859 2.88075 39.25
      vertex 41.0983 2.63589 37.1
      vertex 41.0983 2.63589 39.25
    endloop
  endfacet
  facet normal -0.803237 0.59566 0
    outer loop
      vertex 40.6985 1.96886 37.1
      vertex 40.8534 2.17774 39.25
      vertex 40.8534 2.17774 37.1
    endloop
  endfacet
  facet normal -0.803237 0.59566 0
    outer loop
      vertex 40.8534 2.17774 39.25
      vertex 40.6985 1.96886 37.1
      vertex 40.6985 1.96886 39.25
    endloop
  endfacet
  facet normal -0.740844 0.671677 0
    outer loop
      vertex 40.5238 1.77617 37.1
      vertex 40.6985 1.96886 39.25
      vertex 40.6985 1.96886 37.1
    endloop
  endfacet
  facet normal -0.740844 0.671677 0
    outer loop
      vertex 40.6985 1.96886 39.25
      vertex 40.5238 1.77617 37.1
      vertex 40.5238 1.77617 39.25
    endloop
  endfacet
  facet normal -0.857724 0.514111 0
    outer loop
      vertex 40.8534 2.17774 37.1
      vertex 40.9871 2.4008 39.25
      vertex 40.9871 2.4008 37.1
    endloop
  endfacet
  facet normal -0.857724 0.514111 0
    outer loop
      vertex 40.9871 2.4008 39.25
      vertex 40.8534 2.17774 37.1
      vertex 40.8534 2.17774 39.25
    endloop
  endfacet
  facet normal -0.146705 0.98918 0
    outer loop
      vertex 39.167 1.05092 37.1
      vertex 38.9097 1.01276 39.25
      vertex 39.167 1.05092 39.25
    endloop
  endfacet
  facet normal -0.146705 0.98918 0
    outer loop
      vertex 38.9097 1.01276 39.25
      vertex 39.167 1.05092 37.1
      vertex 38.9097 1.01276 37.1
    endloop
  endfacet
  facet normal -0.0490744 0.998795 0
    outer loop
      vertex 38.9097 1.01276 37.1
      vertex 38.65 1 39.25
      vertex 38.9097 1.01276 39.25
    endloop
  endfacet
  facet normal -0.0490744 0.998795 0
    outer loop
      vertex 38.65 1 39.25
      vertex 38.9097 1.01276 37.1
      vertex 38.65 1 37.1
    endloop
  endfacet
  facet normal -0.514043 0.857764 0
    outer loop
      vertex 40.1223 1.44661 37.1
      vertex 39.8992 1.31291 39.25
      vertex 40.1223 1.44661 39.25
    endloop
  endfacet
  facet normal -0.514043 0.857764 0
    outer loop
      vertex 39.8992 1.31291 39.25
      vertex 40.1223 1.44661 37.1
      vertex 39.8992 1.31291 37.1
    endloop
  endfacet
  facet normal -0.427542 0.903995 0
    outer loop
      vertex 39.8992 1.31291 37.1
      vertex 39.6641 1.20172 39.25
      vertex 39.8992 1.31291 39.25
    endloop
  endfacet
  facet normal -0.427542 0.903995 0
    outer loop
      vertex 39.6641 1.20172 39.25
      vertex 39.8992 1.31291 37.1
      vertex 39.6641 1.20172 37.1
    endloop
  endfacet
  facet normal -0.595832 0.803109 0
    outer loop
      vertex 40.3311 1.60152 37.1
      vertex 40.1223 1.44661 39.25
      vertex 40.3311 1.60152 39.25
    endloop
  endfacet
  facet normal -0.595832 0.803109 0
    outer loop
      vertex 40.1223 1.44661 39.25
      vertex 40.3311 1.60152 37.1
      vertex 40.1223 1.44661 37.1
    endloop
  endfacet
  facet normal 0.98921 0.146507 0
    outer loop
      vertex 36.0509 3.13301 39.25
      vertex 36.0128 3.39026 37.1
      vertex 36.0128 3.39026 39.25
    endloop
  endfacet
  facet normal 0.98921 0.146507 0
    outer loop
      vertex 36.0128 3.39026 37.1
      vertex 36.0509 3.13301 39.25
      vertex 36.0509 3.13301 37.1
    endloop
  endfacet
  facet normal 0.803237 0.59566 0
    outer loop
      vertex 36.6015 1.96886 39.25
      vertex 36.4466 2.17774 37.1
      vertex 36.4466 2.17774 39.25
    endloop
  endfacet
  facet normal 0.803237 0.59566 0
    outer loop
      vertex 36.4466 2.17774 37.1
      vertex 36.6015 1.96886 39.25
      vertex 36.6015 1.96886 37.1
    endloop
  endfacet
  facet normal 0.941559 0.336848 0
    outer loop
      vertex 36.2017 2.63589 39.25
      vertex 36.1141 2.88075 37.1
      vertex 36.1141 2.88075 39.25
    endloop
  endfacet
  facet normal 0.941559 0.336848 0
    outer loop
      vertex 36.1141 2.88075 37.1
      vertex 36.2017 2.63589 39.25
      vertex 36.2017 2.63589 37.1
    endloop
  endfacet
  facet normal 0.998788 0.0492203 0
    outer loop
      vertex 36.0128 3.39026 39.25
      vertex 36 3.65 37.1
      vertex 36 3.65 39.25
    endloop
  endfacet
  facet normal 0.998788 0.0492203 0
    outer loop
      vertex 36 3.65 37.1
      vertex 36.0128 3.39026 39.25
      vertex 36.0128 3.39026 37.1
    endloop
  endfacet
  facet normal 0 0 1
    outer loop
      vertex 41.2872 3.90975 37.1
      vertex 41.2872 3.39026 37.1
      vertex 41.3 3.65 37.1
    endloop
  endfacet
  facet normal 0 0 1
    outer loop
      vertex 41.2491 4.16699 37.1
      vertex 41.2872 3.39026 37.1
      vertex 41.2872 3.90975 37.1
    endloop
  endfacet
  facet normal 0 0 1
    outer loop
      vertex 41.2491 4.16699 37.1
      vertex 41.2491 3.13301 37.1
      vertex 41.2872 3.39026 37.1
    endloop
  endfacet
  facet normal 0 0 1
    outer loop
      vertex 41.1859 4.41925 37.1
      vertex 41.2491 3.13301 37.1
      vertex 41.2491 4.16699 37.1
    endloop
  endfacet
  facet normal 0 0 1
    outer loop
      vertex 41.1859 4.41925 37.1
      vertex 41.1859 2.88075 37.1
      vertex 41.2491 3.13301 37.1
    endloop
  endfacet
  facet normal 0 0 1
    outer loop
      vertex 41.0983 4.66411 37.1
      vertex 41.1859 2.88075 37.1
      vertex 41.1859 4.41925 37.1
    endloop
  endfacet
  facet normal 0 0 1
    outer loop
      vertex 41.0983 4.66411 37.1
      vertex 41.0983 2.63589 37.1
      vertex 41.1859 2.88075 37.1
    endloop
  endfacet
  facet normal 0 0 1
    outer loop
      vertex 40.9871 4.8992 37.1
      vertex 41.0983 2.63589 37.1
      vertex 41.0983 4.66411 37.1
    endloop
  endfacet
  facet normal 0 0 1
    outer loop
      vertex 40.9871 4.8992 37.1
      vertex 40.9871 2.4008 37.1
      vertex 41.0983 2.63589 37.1
    endloop
  endfacet
  facet normal 0 0 1
    outer loop
      vertex 40.8534 5.12226 37.1
      vertex 40.9871 2.4008 37.1
      vertex 40.9871 4.8992 37.1
    endloop
  endfacet
  facet normal 0 0 1
    outer loop
      vertex 40.8534 5.12226 37.1
      vertex 40.8534 2.17774 37.1
      vertex 40.9871 2.4008 37.1
    endloop
  endfacet
  facet normal 0 0 1
    outer loop
      vertex 40.6985 5.33114 37.1
      vertex 40.8534 2.17774 37.1
      vertex 40.8534 5.12226 37.1
    endloop
  endfacet
  facet normal 0 0 1
    outer loop
      vertex 40.6985 5.33114 37.1
      vertex 40.6985 1.96886 37.1
      vertex 40.8534 2.17774 37.1
    endloop
  endfacet
  facet normal 0 0 1
    outer loop
      vertex 40.5238 5.52383 37.1
      vertex 40.6985 1.96886 37.1
      vertex 40.6985 5.33114 37.1
    endloop
  endfacet
  facet normal 0 0 1
    outer loop
      vertex 40.5238 5.52383 37.1
      vertex 40.5238 1.77617 37.1
      vertex 40.6985 1.96886 37.1
    endloop
  endfacet
  facet normal 0 0 1
    outer loop
      vertex 40.3311 5.69848 37.1
      vertex 40.5238 1.77617 37.1
      vertex 40.5238 5.52383 37.1
    endloop
  endfacet
  facet normal 0 0 1
    outer loop
      vertex 40.3311 5.69848 37.1
      vertex 40.3311 1.60152 37.1
      vertex 40.5238 1.77617 37.1
    endloop
  endfacet
  facet normal 0 0 1
    outer loop
      vertex 40.1223 5.85339 37.1
      vertex 40.3311 1.60152 37.1
      vertex 40.3311 5.69848 37.1
    endloop
  endfacet
  facet normal 0 0 1
    outer loop
      vertex 40.1223 5.85339 37.1
      vertex 40.1223 1.44661 37.1
      vertex 40.3311 1.60152 37.1
    endloop
  endfacet
  facet normal 0 0 1
    outer loop
      vertex 39.8992 5.98709 37.1
      vertex 40.1223 1.44661 37.1
      vertex 40.1223 5.85339 37.1
    endloop
  endfacet
  facet normal 0 0 1
    outer loop
      vertex 39.8992 5.98709 37.1
      vertex 39.8992 1.31291 37.1
      vertex 40.1223 1.44661 37.1
    endloop
  endfacet
  facet normal 0 0 1
    outer loop
      vertex 39.6641 6.09828 37.1
      vertex 39.8992 1.31291 37.1
      vertex 39.8992 5.98709 37.1
    endloop
  endfacet
  facet normal 0 0 1
    outer loop
      vertex 39.6641 6.09828 37.1
      vertex 39.6641 1.20172 37.1
      vertex 39.8992 1.31291 37.1
    endloop
  endfacet
  facet normal 0 0 1
    outer loop
      vertex 39.4193 6.18589 37.1
      vertex 39.6641 1.20172 37.1
      vertex 39.6641 6.09828 37.1
    endloop
  endfacet
  facet normal 0 0 1
    outer loop
      vertex 39.4193 6.18589 37.1
      vertex 39.4193 1.11411 37.1
      vertex 39.6641 1.20172 37.1
    endloop
  endfacet
  facet normal 0 0 1
    outer loop
      vertex 39.167 6.24908 37.1
      vertex 39.4193 1.11411 37.1
      vertex 39.4193 6.18589 37.1
    endloop
  endfacet
  facet normal 0 0 1
    outer loop
      vertex 39.167 6.24908 37.1
      vertex 39.167 1.05092 37.1
      vertex 39.4193 1.11411 37.1
    endloop
  endfacet
  facet normal 0 0 1
    outer loop
      vertex 38.9097 6.28724 37.1
      vertex 39.167 1.05092 37.1
      vertex 39.167 6.24908 37.1
    endloop
  endfacet
  facet normal 0 0 1
    outer loop
      vertex 38.9097 6.28724 37.1
      vertex 38.9097 1.01276 37.1
      vertex 39.167 1.05092 37.1
    endloop
  endfacet
  facet normal 0 0 1
    outer loop
      vertex 38.65 6.3 37.1
      vertex 38.9097 1.01276 37.1
      vertex 38.9097 6.28724 37.1
    endloop
  endfacet
  facet normal 0 0 1
    outer loop
      vertex 38.65 6.3 37.1
      vertex 38.65 1 37.1
      vertex 38.9097 1.01276 37.1
    endloop
  endfacet
  facet normal -0 0 1
    outer loop
      vertex 38.3903 6.28724 37.1
      vertex 38.65 1 37.1
      vertex 38.65 6.3 37.1
    endloop
  endfacet
  facet normal 0 0 1
    outer loop
      vertex 38.3903 6.28724 37.1
      vertex 38.3903 1.01276 37.1
      vertex 38.65 1 37.1
    endloop
  endfacet
  facet normal -0 0 1
    outer loop
      vertex 38.133 6.24908 37.1
      vertex 38.3903 1.01276 37.1
      vertex 38.3903 6.28724 37.1
    endloop
  endfacet
  facet normal 0 0 1
    outer loop
      vertex 38.133 6.24908 37.1
      vertex 38.133 1.05092 37.1
      vertex 38.3903 1.01276 37.1
    endloop
  endfacet
  facet normal -0 0 1
    outer loop
      vertex 37.8807 6.18589 37.1
      vertex 38.133 1.05092 37.1
      vertex 38.133 6.24908 37.1
    endloop
  endfacet
  facet normal 0 0 1
    outer loop
      vertex 37.8807 6.18589 37.1
      vertex 37.8807 1.11411 37.1
      vertex 38.133 1.05092 37.1
    endloop
  endfacet
  facet normal -0 0 1
    outer loop
      vertex 37.6359 6.09828 37.1
      vertex 37.8807 1.11411 37.1
      vertex 37.8807 6.18589 37.1
    endloop
  endfacet
  facet normal 0 0 1
    outer loop
      vertex 37.6359 6.09828 37.1
      vertex 37.6359 1.20172 37.1
      vertex 37.8807 1.11411 37.1
    endloop
  endfacet
  facet normal -0 0 1
    outer loop
      vertex 37.4008 5.98709 37.1
      vertex 37.6359 1.20172 37.1
      vertex 37.6359 6.09828 37.1
    endloop
  endfacet
  facet normal 0 0 1
    outer loop
      vertex 37.4008 5.98709 37.1
      vertex 37.4008 1.31291 37.1
      vertex 37.6359 1.20172 37.1
    endloop
  endfacet
  facet normal -0 0 1
    outer loop
      vertex 37.1777 5.85339 37.1
      vertex 37.4008 1.31291 37.1
      vertex 37.4008 5.98709 37.1
    endloop
  endfacet
  facet normal 0 0 1
    outer loop
      vertex 37.1777 5.85339 37.1
      vertex 37.1777 1.44661 37.1
      vertex 37.4008 1.31291 37.1
    endloop
  endfacet
  facet normal -0 0 1
    outer loop
      vertex 36.9689 5.69848 37.1
      vertex 37.1777 1.44661 37.1
      vertex 37.1777 5.85339 37.1
    endloop
  endfacet
  facet normal 0 0 1
    outer loop
      vertex 36.9689 5.69848 37.1
      vertex 36.9689 1.60152 37.1
      vertex 37.1777 1.44661 37.1
    endloop
  endfacet
  facet normal -0 0 1
    outer loop
      vertex 36.7762 5.52383 37.1
      vertex 36.9689 1.60152 37.1
      vertex 36.9689 5.69848 37.1
    endloop
  endfacet
  facet normal 0 0 1
    outer loop
      vertex 36.7762 5.52383 37.1
      vertex 36.7762 1.77617 37.1
      vertex 36.9689 1.60152 37.1
    endloop
  endfacet
  facet normal -0 0 1
    outer loop
      vertex 36.6015 5.33114 37.1
      vertex 36.7762 1.77617 37.1
      vertex 36.7762 5.52383 37.1
    endloop
  endfacet
  facet normal 0 0 1
    outer loop
      vertex 36.6015 5.33114 37.1
      vertex 36.6015 1.96886 37.1
      vertex 36.7762 1.77617 37.1
    endloop
  endfacet
  facet normal -0 0 1
    outer loop
      vertex 36.4466 5.12226 37.1
      vertex 36.6015 1.96886 37.1
      vertex 36.6015 5.33114 37.1
    endloop
  endfacet
  facet normal 0 0 1
    outer loop
      vertex 36.4466 5.12226 37.1
      vertex 36.4466 2.17774 37.1
      vertex 36.6015 1.96886 37.1
    endloop
  endfacet
  facet normal -0 0 1
    outer loop
      vertex 36.3129 4.8992 37.1
      vertex 36.4466 2.17774 37.1
      vertex 36.4466 5.12226 37.1
    endloop
  endfacet
  facet normal 0 0 1
    outer loop
      vertex 36.3129 4.8992 37.1
      vertex 36.3129 2.4008 37.1
      vertex 36.4466 2.17774 37.1
    endloop
  endfacet
  facet normal -0 0 1
    outer loop
      vertex 36.2017 4.66411 37.1
      vertex 36.3129 2.4008 37.1
      vertex 36.3129 4.8992 37.1
    endloop
  endfacet
  facet normal 0 0 1
    outer loop
      vertex 36.2017 4.66411 37.1
      vertex 36.2017 2.63589 37.1
      vertex 36.3129 2.4008 37.1
    endloop
  endfacet
  facet normal -0 0 1
    outer loop
      vertex 36.1141 4.41925 37.1
      vertex 36.2017 2.63589 37.1
      vertex 36.2017 4.66411 37.1
    endloop
  endfacet
  facet normal 0 0 1
    outer loop
      vertex 36.1141 4.41925 37.1
      vertex 36.1141 2.88075 37.1
      vertex 36.2017 2.63589 37.1
    endloop
  endfacet
  facet normal -0 0 1
    outer loop
      vertex 36.0509 4.16699 37.1
      vertex 36.1141 2.88075 37.1
      vertex 36.1141 4.41925 37.1
    endloop
  endfacet
  facet normal 0 0 1
    outer loop
      vertex 36.0509 4.16699 37.1
      vertex 36.0509 3.13301 37.1
      vertex 36.1141 2.88075 37.1
    endloop
  endfacet
  facet normal -0 0 1
    outer loop
      vertex 36.0128 3.90975 37.1
      vertex 36.0509 3.13301 37.1
      vertex 36.0509 4.16699 37.1
    endloop
  endfacet
  facet normal 0 0 1
    outer loop
      vertex 36.0128 3.90975 37.1
      vertex 36.0128 3.39026 37.1
      vertex 36.0509 3.13301 37.1
    endloop
  endfacet
  facet normal 0 -0 1
    outer loop
      vertex 36.0128 3.39026 37.1
      vertex 36.0128 3.90975 37.1
      vertex 36 3.65 37.1
    endloop
  endfacet
  facet normal 0.595832 0.803109 -0
    outer loop
      vertex 37.1777 1.44661 37.1
      vertex 36.9689 1.60152 39.25
      vertex 37.1777 1.44661 39.25
    endloop
  endfacet
  facet normal 0.595832 0.803109 0
    outer loop
      vertex 36.9689 1.60152 39.25
      vertex 37.1777 1.44661 37.1
      vertex 36.9689 1.60152 37.1
    endloop
  endfacet
  facet normal 0.671552 0.740957 -0
    outer loop
      vertex 36.9689 1.60152 37.1
      vertex 36.7762 1.77617 39.25
      vertex 36.9689 1.60152 39.25
    endloop
  endfacet
  facet normal 0.671552 0.740957 0
    outer loop
      vertex 36.7762 1.77617 39.25
      vertex 36.9689 1.60152 37.1
      vertex 36.7762 1.77617 37.1
    endloop
  endfacet
  facet normal 0.336955 0.941521 -0
    outer loop
      vertex 37.8807 1.11411 37.1
      vertex 37.6359 1.20172 39.25
      vertex 37.8807 1.11411 39.25
    endloop
  endfacet
  facet normal 0.336955 0.941521 0
    outer loop
      vertex 37.6359 1.20172 39.25
      vertex 37.8807 1.11411 37.1
      vertex 37.6359 1.20172 37.1
    endloop
  endfacet
  facet normal 0.146705 0.98918 -0
    outer loop
      vertex 38.3903 1.01276 37.1
      vertex 38.133 1.05092 39.25
      vertex 38.3903 1.01276 39.25
    endloop
  endfacet
  facet normal 0.146705 0.98918 0
    outer loop
      vertex 38.133 1.05092 39.25
      vertex 38.3903 1.01276 37.1
      vertex 38.133 1.05092 37.1
    endloop
  endfacet
  facet normal -0.998788 -0.0492184 0
    outer loop
      vertex 41.3 3.65 37.1
      vertex 41.2872 3.90975 39.25
      vertex 41.2872 3.90975 37.1
    endloop
  endfacet
  facet normal -0.998788 -0.0492184 0
    outer loop
      vertex 41.2872 3.90975 39.25
      vertex 41.3 3.65 37.1
      vertex 41.3 3.65 39.25
    endloop
  endfacet
  facet normal -0.146705 -0.98918 0
    outer loop
      vertex 38.9097 6.28724 37.1
      vertex 39.167 6.24908 39.25
      vertex 38.9097 6.28724 39.25
    endloop
  endfacet
  facet normal -0.146705 -0.98918 -0
    outer loop
      vertex 39.167 6.24908 39.25
      vertex 38.9097 6.28724 37.1
      vertex 39.167 6.24908 37.1
    endloop
  endfacet
  facet normal -0.514043 -0.857764 0
    outer loop
      vertex 39.8992 5.98709 37.1
      vertex 40.1223 5.85339 39.25
      vertex 39.8992 5.98709 39.25
    endloop
  endfacet
  facet normal -0.514043 -0.857764 -0
    outer loop
      vertex 40.1223 5.85339 39.25
      vertex 39.8992 5.98709 37.1
      vertex 40.1223 5.85339 37.1
    endloop
  endfacet
  facet normal -0.671552 -0.740957 0
    outer loop
      vertex 40.3311 5.69848 37.1
      vertex 40.5238 5.52383 39.25
      vertex 40.3311 5.69848 39.25
    endloop
  endfacet
  facet normal -0.671552 -0.740957 -0
    outer loop
      vertex 40.5238 5.52383 39.25
      vertex 40.3311 5.69848 37.1
      vertex 40.5238 5.52383 37.1
    endloop
  endfacet
  facet normal -0.595832 -0.803109 0
    outer loop
      vertex 40.1223 5.85339 37.1
      vertex 40.3311 5.69848 39.25
      vertex 40.1223 5.85339 39.25
    endloop
  endfacet
  facet normal -0.595832 -0.803109 -0
    outer loop
      vertex 40.3311 5.69848 39.25
      vertex 40.1223 5.85339 37.1
      vertex 40.3311 5.69848 37.1
    endloop
  endfacet
  facet normal -0.803237 -0.59566 0
    outer loop
      vertex 40.8534 5.12226 37.1
      vertex 40.6985 5.33114 39.25
      vertex 40.6985 5.33114 37.1
    endloop
  endfacet
  facet normal -0.803237 -0.59566 0
    outer loop
      vertex 40.6985 5.33114 39.25
      vertex 40.8534 5.12226 37.1
      vertex 40.8534 5.12226 39.25
    endloop
  endfacet
  facet normal -0.857724 -0.514111 0
    outer loop
      vertex 40.9871 4.8992 37.1
      vertex 40.8534 5.12226 39.25
      vertex 40.8534 5.12226 37.1
    endloop
  endfacet
  facet normal -0.857724 -0.514111 0
    outer loop
      vertex 40.8534 5.12226 39.25
      vertex 40.9871 4.8992 37.1
      vertex 40.9871 4.8992 39.25
    endloop
  endfacet
  facet normal 0.595832 -0.803109 0
    outer loop
      vertex 36.9689 5.69848 37.1
      vertex 37.1777 5.85339 39.25
      vertex 36.9689 5.69848 39.25
    endloop
  endfacet
  facet normal 0.595832 -0.803109 0
    outer loop
      vertex 37.1777 5.85339 39.25
      vertex 36.9689 5.69848 37.1
      vertex 37.1777 5.85339 37.1
    endloop
  endfacet
  facet normal 0.514043 -0.857764 0
    outer loop
      vertex 37.1777 5.85339 37.1
      vertex 37.4008 5.98709 39.25
      vertex 37.1777 5.85339 39.25
    endloop
  endfacet
  facet normal 0.514043 -0.857764 0
    outer loop
      vertex 37.4008 5.98709 39.25
      vertex 37.1777 5.85339 37.1
      vertex 37.4008 5.98709 37.1
    endloop
  endfacet
  facet normal 0.427542 -0.903995 0
    outer loop
      vertex 37.4008 5.98709 37.1
      vertex 37.6359 6.09828 39.25
      vertex 37.4008 5.98709 39.25
    endloop
  endfacet
  facet normal 0.427542 -0.903995 0
    outer loop
      vertex 37.6359 6.09828 39.25
      vertex 37.4008 5.98709 37.1
      vertex 37.6359 6.09828 37.1
    endloop
  endfacet
  facet normal 0.0490744 -0.998795 0
    outer loop
      vertex 38.3903 6.28724 37.1
      vertex 38.65 6.3 39.25
      vertex 38.3903 6.28724 39.25
    endloop
  endfacet
  facet normal 0.0490744 -0.998795 0
    outer loop
      vertex 38.65 6.3 39.25
      vertex 38.3903 6.28724 37.1
      vertex 38.65 6.3 37.1
    endloop
  endfacet
  facet normal 0.857724 -0.514111 0
    outer loop
      vertex 36.3129 4.8992 39.25
      vertex 36.4466 5.12226 37.1
      vertex 36.4466 5.12226 39.25
    endloop
  endfacet
  facet normal 0.857724 -0.514111 0
    outer loop
      vertex 36.4466 5.12226 37.1
      vertex 36.3129 4.8992 39.25
      vertex 36.3129 4.8992 37.1
    endloop
  endfacet
  facet normal 0.989209 -0.146512 0
    outer loop
      vertex 36.0128 3.90975 39.25
      vertex 36.0509 4.16699 37.1
      vertex 36.0509 4.16699 39.25
    endloop
  endfacet
  facet normal 0.989209 -0.146512 0
    outer loop
      vertex 36.0509 4.16699 37.1
      vertex 36.0128 3.90975 39.25
      vertex 36.0128 3.90975 37.1
    endloop
  endfacet
  facet normal -0.242952 0.970038 0
    outer loop
      vertex 39.4193 1.11411 37.1
      vertex 39.167 1.05092 39.25
      vertex 39.4193 1.11411 39.25
    endloop
  endfacet
  facet normal -0.242952 0.970038 0
    outer loop
      vertex 39.167 1.05092 39.25
      vertex 39.4193 1.11411 37.1
      vertex 39.167 1.05092 37.1
    endloop
  endfacet
  facet normal 0.97002 0.243024 0
    outer loop
      vertex 36.1141 2.88075 39.25
      vertex 36.0509 3.13301 37.1
      vertex 36.0509 3.13301 39.25
    endloop
  endfacet
  facet normal 0.97002 0.243024 0
    outer loop
      vertex 36.0509 3.13301 37.1
      vertex 36.1141 2.88075 39.25
      vertex 36.1141 2.88075 37.1
    endloop
  endfacet
  facet normal 0.998788 -0.0492184 0
    outer loop
      vertex 36 3.65 39.25
      vertex 36.0128 3.90975 37.1
      vertex 36.0128 3.90975 39.25
    endloop
  endfacet
  facet normal 0.998788 -0.0492184 0
    outer loop
      vertex 36.0128 3.90975 37.1
      vertex 36 3.65 39.25
      vertex 36 3.65 37.1
    endloop
  endfacet
  facet normal 0.514043 0.857764 -0
    outer loop
      vertex 37.4008 1.31291 37.1
      vertex 37.1777 1.44661 39.25
      vertex 37.4008 1.31291 39.25
    endloop
  endfacet
  facet normal 0.514043 0.857764 0
    outer loop
      vertex 37.1777 1.44661 39.25
      vertex 37.4008 1.31291 37.1
      vertex 37.1777 1.44661 37.1
    endloop
  endfacet
  facet normal -0.242952 -0.970038 0
    outer loop
      vertex 39.167 6.24908 37.1
      vertex 39.4193 6.18589 39.25
      vertex 39.167 6.24908 39.25
    endloop
  endfacet
  facet normal -0.242952 -0.970038 -0
    outer loop
      vertex 39.4193 6.18589 39.25
      vertex 39.167 6.24908 37.1
      vertex 39.4193 6.18589 37.1
    endloop
  endfacet
  facet normal -0.427542 -0.903995 0
    outer loop
      vertex 39.6641 6.09828 37.1
      vertex 39.8992 5.98709 39.25
      vertex 39.6641 6.09828 39.25
    endloop
  endfacet
  facet normal -0.427542 -0.903995 -0
    outer loop
      vertex 39.8992 5.98709 39.25
      vertex 39.6641 6.09828 37.1
      vertex 39.8992 5.98709 37.1
    endloop
  endfacet
  facet normal -0.941559 -0.336848 0
    outer loop
      vertex 41.1859 4.41925 37.1
      vertex 41.0983 4.66411 39.25
      vertex 41.0983 4.66411 37.1
    endloop
  endfacet
  facet normal -0.941559 -0.336848 0
    outer loop
      vertex 41.0983 4.66411 39.25
      vertex 41.1859 4.41925 37.1
      vertex 41.1859 4.41925 39.25
    endloop
  endfacet
  facet normal -0.989209 -0.146512 0
    outer loop
      vertex 41.2872 3.90975 37.1
      vertex 41.2491 4.16699 39.25
      vertex 41.2491 4.16699 37.1
    endloop
  endfacet
  facet normal -0.989209 -0.146512 0
    outer loop
      vertex 41.2491 4.16699 39.25
      vertex 41.2872 3.90975 37.1
      vertex 41.2872 3.90975 39.25
    endloop
  endfacet
  facet normal 0.336955 -0.941521 0
    outer loop
      vertex 37.6359 6.09828 37.1
      vertex 37.8807 6.18589 39.25
      vertex 37.6359 6.09828 39.25
    endloop
  endfacet
  facet normal 0.336955 -0.941521 0
    outer loop
      vertex 37.8807 6.18589 39.25
      vertex 37.6359 6.09828 37.1
      vertex 37.8807 6.18589 37.1
    endloop
  endfacet
  facet normal 0.146705 -0.98918 0
    outer loop
      vertex 38.133 6.24908 37.1
      vertex 38.3903 6.28724 39.25
      vertex 38.133 6.24908 39.25
    endloop
  endfacet
  facet normal 0.146705 -0.98918 0
    outer loop
      vertex 38.3903 6.28724 39.25
      vertex 38.133 6.24908 37.1
      vertex 38.3903 6.28724 37.1
    endloop
  endfacet
  facet normal -0.0490744 -0.998795 0
    outer loop
      vertex 38.65 6.3 37.1
      vertex 38.9097 6.28724 39.25
      vertex 38.65 6.3 39.25
    endloop
  endfacet
  facet normal -0.0490744 -0.998795 -0
    outer loop
      vertex 38.9097 6.28724 39.25
      vertex 38.65 6.3 37.1
      vertex 38.9097 6.28724 37.1
    endloop
  endfacet
  facet normal 0.803237 -0.59566 0
    outer loop
      vertex 36.4466 5.12226 39.25
      vertex 36.6015 5.33114 37.1
      vertex 36.6015 5.33114 39.25
    endloop
  endfacet
  facet normal 0.803237 -0.59566 0
    outer loop
      vertex 36.6015 5.33114 37.1
      vertex 36.4466 5.12226 39.25
      vertex 36.4466 5.12226 37.1
    endloop
  endfacet
  facet normal 0.903973 -0.427589 0
    outer loop
      vertex 36.2017 4.66411 39.25
      vertex 36.3129 4.8992 37.1
      vertex 36.3129 4.8992 39.25
    endloop
  endfacet
  facet normal 0.903973 -0.427589 0
    outer loop
      vertex 36.3129 4.8992 37.1
      vertex 36.2017 4.66411 39.25
      vertex 36.2017 4.66411 37.1
    endloop
  endfacet
  facet normal 0.97002 -0.243024 0
    outer loop
      vertex 36.0509 4.16699 39.25
      vertex 36.1141 4.41925 37.1
      vertex 36.1141 4.41925 39.25
    endloop
  endfacet
  facet normal 0.97002 -0.243024 0
    outer loop
      vertex 36.1141 4.41925 37.1
      vertex 36.0509 4.16699 39.25
      vertex 36.0509 4.16699 37.1
    endloop
  endfacet
  facet normal 0.989166 -0.1468 0
    outer loop
      vertex 14.7106 12.6656 39.25
      vertex 14.7423 12.8792 37.75
      vertex 14.7423 12.8792 39.25
    endloop
  endfacet
  facet normal 0.989166 -0.1468 0
    outer loop
      vertex 14.7423 12.8792 37.75
      vertex 14.7106 12.6656 39.25
      vertex 14.7106 12.6656 37.75
    endloop
  endfacet
  facet normal 0.998794 0.0491058 0
    outer loop
      vertex 14.7106 12.2344 39.25
      vertex 14.7 12.45 37.75
      vertex 14.7 12.45 39.25
    endloop
  endfacet
  facet normal 0.998794 0.0491058 0
    outer loop
      vertex 14.7 12.45 37.75
      vertex 14.7106 12.2344 39.25
      vertex 14.7106 12.2344 37.75
    endloop
  endfacet
  facet normal -0.998794 0.0491058 0
    outer loop
      vertex 27.5894 12.2344 37.75
      vertex 27.6 12.45 39.25
      vertex 27.6 12.45 37.75
    endloop
  endfacet
  facet normal -0.998794 0.0491058 0
    outer loop
      vertex 27.6 12.45 39.25
      vertex 27.5894 12.2344 37.75
      vertex 27.5894 12.2344 39.25
    endloop
  endfacet
  facet normal 0.998794 -0.0491058 0
    outer loop
      vertex 14.7 12.45 39.25
      vertex 14.7106 12.6656 37.75
      vertex 14.7106 12.6656 39.25
    endloop
  endfacet
  facet normal 0.998794 -0.0491058 0
    outer loop
      vertex 14.7106 12.6656 37.75
      vertex 14.7 12.45 39.25
      vertex 14.7 12.45 37.75
    endloop
  endfacet
  facet normal 0 1 -0
    outer loop
      vertex 26.4 10.25 34.45
      vertex 25.4 10.25 37.75
      vertex 26.4 10.25 37.75
    endloop
  endfacet
  facet normal 0 1 0
    outer loop
      vertex 25.4 10.25 37.75
      vertex 26.4 10.25 34.45
      vertex 16.9 10.25 37.75
    endloop
  endfacet
  facet normal 0 1 0
    outer loop
      vertex 15.9 10.25 34.45
      vertex 16.9 10.25 37.75
      vertex 26.4 10.25 34.45
    endloop
  endfacet
  facet normal 0 1 0
    outer loop
      vertex 16.9 10.25 37.75
      vertex 15.9 10.25 34.45
      vertex 15.9 10.25 37.75
    endloop
  endfacet
  facet normal 0 1 -0
    outer loop
      vertex 25.4 10.25 37.75
      vertex 16.9 10.25 39.25
      vertex 25.4 10.25 39.25
    endloop
  endfacet
  facet normal 0 1 0
    outer loop
      vertex 16.9 10.25 39.25
      vertex 25.4 10.25 37.75
      vertex 16.9 10.25 37.75
    endloop
  endfacet
  facet normal 0.67175 0.740778 -0
    outer loop
      vertex 15.5043 10.7494 37.75
      vertex 15.3444 10.8944 39.25
      vertex 15.5043 10.7494 39.25
    endloop
  endfacet
  facet normal 0.67175 0.740778 0
    outer loop
      vertex 15.3444 10.8944 39.25
      vertex 15.5043 10.7494 37.75
      vertex 15.3444 10.8944 37.75
    endloop
  endfacet
  facet normal -0.242754 0.970088 0
    outer loop
      vertex 26.0386 10.3447 37.75
      vertex 25.8292 10.2923 39.25
      vertex 26.0386 10.3447 39.25
    endloop
  endfacet
  facet normal -0.242754 0.970088 0
    outer loop
      vertex 25.8292 10.2923 39.25
      vertex 26.0386 10.3447 37.75
      vertex 25.8292 10.2923 37.75
    endloop
  endfacet
  facet normal 0.90403 0.427469 0
    outer loop
      vertex 14.9598 11.4129 39.25
      vertex 14.8675 11.6081 37.75
      vertex 14.8675 11.6081 39.25
    endloop
  endfacet
  facet normal 0.90403 0.427469 0
    outer loop
      vertex 14.8675 11.6081 37.75
      vertex 14.9598 11.4129 39.25
      vertex 14.9598 11.4129 37.75
    endloop
  endfacet
  facet normal -0.803212 0.595693 0
    outer loop
      vertex 27.1006 11.0543 37.75
      vertex 27.2292 11.2277 39.25
      vertex 27.2292 11.2277 37.75
    endloop
  endfacet
  facet normal -0.803212 0.595693 0
    outer loop
      vertex 27.2292 11.2277 39.25
      vertex 27.1006 11.0543 37.75
      vertex 27.1006 11.0543 39.25
    endloop
  endfacet
  facet normal -0.0491058 0.998794 0
    outer loop
      vertex 25.6156 10.2606 37.75
      vertex 25.4 10.25 39.25
      vertex 25.6156 10.2606 39.25
    endloop
  endfacet
  facet normal -0.0491058 0.998794 0
    outer loop
      vertex 25.4 10.25 39.25
      vertex 25.6156 10.2606 37.75
      vertex 25.4 10.25 37.75
    endloop
  endfacet
  facet normal -0.1468 0.989166 0
    outer loop
      vertex 25.8292 10.2923 37.75
      vertex 25.6156 10.2606 39.25
      vertex 25.8292 10.2923 39.25
    endloop
  endfacet
  facet normal -0.1468 0.989166 0
    outer loop
      vertex 25.6156 10.2606 39.25
      vertex 25.8292 10.2923 37.75
      vertex 25.6156 10.2606 37.75
    endloop
  endfacet
  facet normal 0.337128 0.941459 -0
    outer loop
      vertex 16.2614 10.3447 37.75
      vertex 16.0581 10.4175 39.25
      vertex 16.2614 10.3447 39.25
    endloop
  endfacet
  facet normal 0.337128 0.941459 0
    outer loop
      vertex 16.0581 10.4175 39.25
      vertex 16.2614 10.3447 37.75
      vertex 16.0581 10.4175 37.75
    endloop
  endfacet
  facet normal 0.1468 -0.989166 0
    outer loop
      vertex 16.4708 14.6077 37.75
      vertex 16.6844 14.6394 39.25
      vertex 16.4708 14.6077 39.25
    endloop
  endfacet
  facet normal 0.1468 -0.989166 0
    outer loop
      vertex 16.6844 14.6394 39.25
      vertex 16.4708 14.6077 37.75
      vertex 16.6844 14.6394 37.75
    endloop
  endfacet
  facet normal 0 -1 0
    outer loop
      vertex 15.9 14.65 34.45
      vertex 16.9 14.65 37.75
      vertex 15.9 14.65 37.75
    endloop
  endfacet
  facet normal 0 -1 -0
    outer loop
      vertex 16.9 14.65 37.75
      vertex 15.9 14.65 34.45
      vertex 25.4 14.65 37.75
    endloop
  endfacet
  facet normal 0 -1 0
    outer loop
      vertex 26.4 14.65 34.45
      vertex 25.4 14.65 37.75
      vertex 15.9 14.65 34.45
    endloop
  endfacet
  facet normal 0 -1 0
    outer loop
      vertex 25.4 14.65 37.75
      vertex 26.4 14.65 34.45
      vertex 26.4 14.65 37.75
    endloop
  endfacet
  facet normal 0 -1 0
    outer loop
      vertex 16.9 14.65 37.75
      vertex 25.4 14.65 39.25
      vertex 16.9 14.65 39.25
    endloop
  endfacet
  facet normal 0 -1 -0
    outer loop
      vertex 25.4 14.65 39.25
      vertex 16.9 14.65 37.75
      vertex 25.4 14.65 37.75
    endloop
  endfacet
  facet normal 0.970088 0.242754 0
    outer loop
      vertex 14.7947 11.8114 39.25
      vertex 14.7423 12.0208 37.75
      vertex 14.7423 12.0208 39.25
    endloop
  endfacet
  facet normal 0.970088 0.242754 0
    outer loop
      vertex 14.7423 12.0208 37.75
      vertex 14.7947 11.8114 39.25
      vertex 14.7947 11.8114 37.75
    endloop
  endfacet
  facet normal -0.941459 0.337128 0
    outer loop
      vertex 27.4325 11.6081 37.75
      vertex 27.5053 11.8114 39.25
      vertex 27.5053 11.8114 37.75
    endloop
  endfacet
  facet normal -0.941459 0.337128 0
    outer loop
      vertex 27.5053 11.8114 39.25
      vertex 27.4325 11.6081 37.75
      vertex 27.4325 11.6081 39.25
    endloop
  endfacet
  facet normal -0.595693 0.803212 0
    outer loop
      vertex 26.7957 10.7494 37.75
      vertex 26.6223 10.6208 39.25
      vertex 26.7957 10.7494 39.25
    endloop
  endfacet
  facet normal -0.595693 0.803212 0
    outer loop
      vertex 26.6223 10.6208 39.25
      vertex 26.7957 10.7494 37.75
      vertex 26.6223 10.6208 37.75
    endloop
  endfacet
  facet normal -0.740778 0.67175 0
    outer loop
      vertex 26.9556 10.8944 37.75
      vertex 27.1006 11.0543 39.25
      vertex 27.1006 11.0543 37.75
    endloop
  endfacet
  facet normal -0.740778 0.67175 0
    outer loop
      vertex 27.1006 11.0543 39.25
      vertex 26.9556 10.8944 37.75
      vertex 26.9556 10.8944 39.25
    endloop
  endfacet
  facet normal 0.1468 0.989166 -0
    outer loop
      vertex 16.6844 10.2606 37.75
      vertex 16.4708 10.2923 39.25
      vertex 16.6844 10.2606 39.25
    endloop
  endfacet
  facet normal 0.1468 0.989166 0
    outer loop
      vertex 16.4708 10.2923 39.25
      vertex 16.6844 10.2606 37.75
      vertex 16.4708 10.2923 37.75
    endloop
  endfacet
  facet normal 0.0491058 0.998794 -0
    outer loop
      vertex 16.9 10.25 37.75
      vertex 16.6844 10.2606 39.25
      vertex 16.9 10.25 39.25
    endloop
  endfacet
  facet normal 0.0491058 0.998794 0
    outer loop
      vertex 16.6844 10.2606 39.25
      vertex 16.9 10.25 37.75
      vertex 16.6844 10.2606 37.75
    endloop
  endfacet
  facet normal 0.242754 0.970088 -0
    outer loop
      vertex 16.4708 10.2923 37.75
      vertex 16.2614 10.3447 39.25
      vertex 16.4708 10.2923 39.25
    endloop
  endfacet
  facet normal 0.242754 0.970088 0
    outer loop
      vertex 16.2614 10.3447 39.25
      vertex 16.4708 10.2923 37.75
      vertex 16.2614 10.3447 37.75
    endloop
  endfacet
  facet normal 0.514087 0.857738 -0
    outer loop
      vertex 15.8629 10.5098 37.75
      vertex 15.6777 10.6208 39.25
      vertex 15.8629 10.5098 39.25
    endloop
  endfacet
  facet normal 0.514087 0.857738 0
    outer loop
      vertex 15.6777 10.6208 39.25
      vertex 15.8629 10.5098 37.75
      vertex 15.6777 10.6208 37.75
    endloop
  endfacet
  facet normal 0.595693 0.803212 -0
    outer loop
      vertex 15.6777 10.6208 37.75
      vertex 15.5043 10.7494 39.25
      vertex 15.6777 10.6208 39.25
    endloop
  endfacet
  facet normal 0.595693 0.803212 0
    outer loop
      vertex 15.5043 10.7494 39.25
      vertex 15.6777 10.6208 37.75
      vertex 15.5043 10.7494 37.75
    endloop
  endfacet
  facet normal 0.427469 0.90403 -0
    outer loop
      vertex 16.0581 10.4175 37.75
      vertex 15.8629 10.5098 39.25
      vertex 16.0581 10.4175 39.25
    endloop
  endfacet
  facet normal 0.427469 0.90403 0
    outer loop
      vertex 15.8629 10.5098 39.25
      vertex 16.0581 10.4175 37.75
      vertex 15.8629 10.5098 37.75
    endloop
  endfacet
  facet normal 0.803212 0.595693 0
    outer loop
      vertex 15.1994 11.0543 39.25
      vertex 15.0708 11.2277 37.75
      vertex 15.0708 11.2277 39.25
    endloop
  endfacet
  facet normal 0.803212 0.595693 0
    outer loop
      vertex 15.0708 11.2277 37.75
      vertex 15.1994 11.0543 39.25
      vertex 15.1994 11.0543 37.75
    endloop
  endfacet
  facet normal 0.740778 0.67175 0
    outer loop
      vertex 15.3444 10.8944 39.25
      vertex 15.1994 11.0543 37.75
      vertex 15.1994 11.0543 39.25
    endloop
  endfacet
  facet normal 0.740778 0.67175 0
    outer loop
      vertex 15.1994 11.0543 37.75
      vertex 15.3444 10.8944 39.25
      vertex 15.3444 10.8944 37.75
    endloop
  endfacet
  facet normal 0.857738 0.514087 0
    outer loop
      vertex 15.0708 11.2277 39.25
      vertex 14.9598 11.4129 37.75
      vertex 14.9598 11.4129 39.25
    endloop
  endfacet
  facet normal 0.857738 0.514087 0
    outer loop
      vertex 14.9598 11.4129 37.75
      vertex 15.0708 11.2277 39.25
      vertex 15.0708 11.2277 37.75
    endloop
  endfacet
  facet normal 0.941459 0.337128 0
    outer loop
      vertex 14.8675 11.6081 39.25
      vertex 14.7947 11.8114 37.75
      vertex 14.7947 11.8114 39.25
    endloop
  endfacet
  facet normal 0.941459 0.337128 0
    outer loop
      vertex 14.7947 11.8114 37.75
      vertex 14.8675 11.6081 39.25
      vertex 14.8675 11.6081 37.75
    endloop
  endfacet
  facet normal 0.989166 0.1468 0
    outer loop
      vertex 14.7423 12.0208 39.25
      vertex 14.7106 12.2344 37.75
      vertex 14.7106 12.2344 39.25
    endloop
  endfacet
  facet normal 0.989166 0.1468 0
    outer loop
      vertex 14.7106 12.2344 37.75
      vertex 14.7423 12.0208 39.25
      vertex 14.7423 12.0208 37.75
    endloop
  endfacet
  facet normal -0.1468 -0.989166 0
    outer loop
      vertex 25.6156 14.6394 37.75
      vertex 25.8292 14.6077 39.25
      vertex 25.6156 14.6394 39.25
    endloop
  endfacet
  facet normal -0.1468 -0.989166 -0
    outer loop
      vertex 25.8292 14.6077 39.25
      vertex 25.6156 14.6394 37.75
      vertex 25.8292 14.6077 37.75
    endloop
  endfacet
  facet normal -0.337128 -0.941459 0
    outer loop
      vertex 26.0386 14.5553 37.75
      vertex 26.2419 14.4825 39.25
      vertex 26.0386 14.5553 39.25
    endloop
  endfacet
  facet normal -0.337128 -0.941459 -0
    outer loop
      vertex 26.2419 14.4825 39.25
      vertex 26.0386 14.5553 37.75
      vertex 26.2419 14.4825 37.75
    endloop
  endfacet
  facet normal -0.67175 -0.740778 0
    outer loop
      vertex 26.7957 14.1506 37.75
      vertex 26.9556 14.0056 39.25
      vertex 26.7957 14.1506 39.25
    endloop
  endfacet
  facet normal -0.67175 -0.740778 -0
    outer loop
      vertex 26.9556 14.0056 39.25
      vertex 26.7957 14.1506 37.75
      vertex 26.9556 14.0056 37.75
    endloop
  endfacet
  facet normal -0.514087 -0.857738 0
    outer loop
      vertex 26.4371 14.3902 37.75
      vertex 26.6223 14.2792 39.25
      vertex 26.4371 14.3902 39.25
    endloop
  endfacet
  facet normal -0.514087 -0.857738 -0
    outer loop
      vertex 26.6223 14.2792 39.25
      vertex 26.4371 14.3902 37.75
      vertex 26.6223 14.2792 37.75
    endloop
  endfacet
  facet normal -0.803212 -0.595693 0
    outer loop
      vertex 27.2292 13.6723 37.75
      vertex 27.1006 13.8457 39.25
      vertex 27.1006 13.8457 37.75
    endloop
  endfacet
  facet normal -0.803212 -0.595693 0
    outer loop
      vertex 27.1006 13.8457 39.25
      vertex 27.2292 13.6723 37.75
      vertex 27.2292 13.6723 39.25
    endloop
  endfacet
  facet normal -0.90403 -0.427469 0
    outer loop
      vertex 27.4325 13.2919 37.75
      vertex 27.3402 13.4871 39.25
      vertex 27.3402 13.4871 37.75
    endloop
  endfacet
  facet normal -0.90403 -0.427469 0
    outer loop
      vertex 27.3402 13.4871 39.25
      vertex 27.4325 13.2919 37.75
      vertex 27.4325 13.2919 39.25
    endloop
  endfacet
  facet normal -0.970088 -0.242754 0
    outer loop
      vertex 27.5577 12.8792 37.75
      vertex 27.5053 13.0886 39.25
      vertex 27.5053 13.0886 37.75
    endloop
  endfacet
  facet normal -0.970088 -0.242754 0
    outer loop
      vertex 27.5053 13.0886 39.25
      vertex 27.5577 12.8792 37.75
      vertex 27.5577 12.8792 39.25
    endloop
  endfacet
  facet normal -0.998794 -0.0491058 0
    outer loop
      vertex 27.6 12.45 37.75
      vertex 27.5894 12.6656 39.25
      vertex 27.5894 12.6656 37.75
    endloop
  endfacet
  facet normal -0.998794 -0.0491058 0
    outer loop
      vertex 27.5894 12.6656 39.25
      vertex 27.6 12.45 37.75
      vertex 27.6 12.45 39.25
    endloop
  endfacet
  facet normal 0.0491058 -0.998794 0
    outer loop
      vertex 16.6844 14.6394 37.75
      vertex 16.9 14.65 39.25
      vertex 16.6844 14.6394 39.25
    endloop
  endfacet
  facet normal 0.0491058 -0.998794 0
    outer loop
      vertex 16.9 14.65 39.25
      vertex 16.6844 14.6394 37.75
      vertex 16.9 14.65 37.75
    endloop
  endfacet
  facet normal -0.0491058 -0.998794 0
    outer loop
      vertex 25.4 14.65 37.75
      vertex 25.6156 14.6394 39.25
      vertex 25.4 14.65 39.25
    endloop
  endfacet
  facet normal -0.0491058 -0.998794 -0
    outer loop
      vertex 25.6156 14.6394 39.25
      vertex 25.4 14.65 37.75
      vertex 25.6156 14.6394 37.75
    endloop
  endfacet
  facet normal 0.595693 -0.803212 0
    outer loop
      vertex 15.5043 14.1506 37.75
      vertex 15.6777 14.2792 39.25
      vertex 15.5043 14.1506 39.25
    endloop
  endfacet
  facet normal 0.595693 -0.803212 0
    outer loop
      vertex 15.6777 14.2792 39.25
      vertex 15.5043 14.1506 37.75
      vertex 15.6777 14.2792 37.75
    endloop
  endfacet
  facet normal 0.67175 -0.740778 0
    outer loop
      vertex 15.3444 14.0056 37.75
      vertex 15.5043 14.1506 39.25
      vertex 15.3444 14.0056 39.25
    endloop
  endfacet
  facet normal 0.67175 -0.740778 0
    outer loop
      vertex 15.5043 14.1506 39.25
      vertex 15.3444 14.0056 37.75
      vertex 15.5043 14.1506 37.75
    endloop
  endfacet
  facet normal 0.857738 -0.514087 0
    outer loop
      vertex 14.9598 13.4871 39.25
      vertex 15.0708 13.6723 37.75
      vertex 15.0708 13.6723 39.25
    endloop
  endfacet
  facet normal 0.857738 -0.514087 0
    outer loop
      vertex 15.0708 13.6723 37.75
      vertex 14.9598 13.4871 39.25
      vertex 14.9598 13.4871 37.75
    endloop
  endfacet
  facet normal 0.740778 -0.67175 0
    outer loop
      vertex 15.1994 13.8457 39.25
      vertex 15.3444 14.0056 37.75
      vertex 15.3444 14.0056 39.25
    endloop
  endfacet
  facet normal 0.740778 -0.67175 0
    outer loop
      vertex 15.3444 14.0056 37.75
      vertex 15.1994 13.8457 39.25
      vertex 15.1994 13.8457 37.75
    endloop
  endfacet
  facet normal 0.970088 -0.242754 0
    outer loop
      vertex 14.7423 12.8792 39.25
      vertex 14.7947 13.0886 37.75
      vertex 14.7947 13.0886 39.25
    endloop
  endfacet
  facet normal 0.970088 -0.242754 0
    outer loop
      vertex 14.7947 13.0886 37.75
      vertex 14.7423 12.8792 39.25
      vertex 14.7423 12.8792 37.75
    endloop
  endfacet
  facet normal -0.970088 0.242754 0
    outer loop
      vertex 27.5053 11.8114 37.75
      vertex 27.5577 12.0208 39.25
      vertex 27.5577 12.0208 37.75
    endloop
  endfacet
  facet normal -0.970088 0.242754 0
    outer loop
      vertex 27.5577 12.0208 39.25
      vertex 27.5053 11.8114 37.75
      vertex 27.5053 11.8114 39.25
    endloop
  endfacet
  facet normal -0.989166 0.1468 0
    outer loop
      vertex 27.5577 12.0208 37.75
      vertex 27.5894 12.2344 39.25
      vertex 27.5894 12.2344 37.75
    endloop
  endfacet
  facet normal -0.989166 0.1468 0
    outer loop
      vertex 27.5894 12.2344 39.25
      vertex 27.5577 12.0208 37.75
      vertex 27.5577 12.0208 39.25
    endloop
  endfacet
  facet normal -0.90403 0.427469 0
    outer loop
      vertex 27.3402 11.4129 37.75
      vertex 27.4325 11.6081 39.25
      vertex 27.4325 11.6081 37.75
    endloop
  endfacet
  facet normal -0.90403 0.427469 0
    outer loop
      vertex 27.4325 11.6081 39.25
      vertex 27.3402 11.4129 37.75
      vertex 27.3402 11.4129 39.25
    endloop
  endfacet
  facet normal -0.857738 0.514087 0
    outer loop
      vertex 27.2292 11.2277 37.75
      vertex 27.3402 11.4129 39.25
      vertex 27.3402 11.4129 37.75
    endloop
  endfacet
  facet normal -0.857738 0.514087 0
    outer loop
      vertex 27.3402 11.4129 39.25
      vertex 27.2292 11.2277 37.75
      vertex 27.2292 11.2277 39.25
    endloop
  endfacet
  facet normal -0.514087 0.857738 0
    outer loop
      vertex 26.6223 10.6208 37.75
      vertex 26.4371 10.5098 39.25
      vertex 26.6223 10.6208 39.25
    endloop
  endfacet
  facet normal -0.514087 0.857738 0
    outer loop
      vertex 26.4371 10.5098 39.25
      vertex 26.6223 10.6208 37.75
      vertex 26.4371 10.5098 37.75
    endloop
  endfacet
  facet normal -0.427469 0.90403 0
    outer loop
      vertex 26.4371 10.5098 37.75
      vertex 26.2419 10.4175 39.25
      vertex 26.4371 10.5098 39.25
    endloop
  endfacet
  facet normal -0.427469 0.90403 0
    outer loop
      vertex 26.2419 10.4175 39.25
      vertex 26.4371 10.5098 37.75
      vertex 26.2419 10.4175 37.75
    endloop
  endfacet
  facet normal -0.337128 0.941459 0
    outer loop
      vertex 26.2419 10.4175 37.75
      vertex 26.0386 10.3447 39.25
      vertex 26.2419 10.4175 39.25
    endloop
  endfacet
  facet normal -0.337128 0.941459 0
    outer loop
      vertex 26.0386 10.3447 39.25
      vertex 26.2419 10.4175 37.75
      vertex 26.0386 10.3447 37.75
    endloop
  endfacet
  facet normal -0.67175 0.740778 0
    outer loop
      vertex 26.9556 10.8944 37.75
      vertex 26.7957 10.7494 39.25
      vertex 26.9556 10.8944 39.25
    endloop
  endfacet
  facet normal -0.67175 0.740778 0
    outer loop
      vertex 26.7957 10.7494 39.25
      vertex 26.9556 10.8944 37.75
      vertex 26.7957 10.7494 37.75
    endloop
  endfacet
  facet normal -0.242754 -0.970088 0
    outer loop
      vertex 25.8292 14.6077 37.75
      vertex 26.0386 14.5553 39.25
      vertex 25.8292 14.6077 39.25
    endloop
  endfacet
  facet normal -0.242754 -0.970088 -0
    outer loop
      vertex 26.0386 14.5553 39.25
      vertex 25.8292 14.6077 37.75
      vertex 26.0386 14.5553 37.75
    endloop
  endfacet
  facet normal -0.427469 -0.90403 0
    outer loop
      vertex 26.2419 14.4825 37.75
      vertex 26.4371 14.3902 39.25
      vertex 26.2419 14.4825 39.25
    endloop
  endfacet
  facet normal -0.427469 -0.90403 -0
    outer loop
      vertex 26.4371 14.3902 39.25
      vertex 26.2419 14.4825 37.75
      vertex 26.4371 14.3902 37.75
    endloop
  endfacet
  facet normal -0.740778 -0.67175 0
    outer loop
      vertex 27.1006 13.8457 37.75
      vertex 26.9556 14.0056 39.25
      vertex 26.9556 14.0056 37.75
    endloop
  endfacet
  facet normal -0.740778 -0.67175 0
    outer loop
      vertex 26.9556 14.0056 39.25
      vertex 27.1006 13.8457 37.75
      vertex 27.1006 13.8457 39.25
    endloop
  endfacet
  facet normal -0.595693 -0.803212 0
    outer loop
      vertex 26.6223 14.2792 37.75
      vertex 26.7957 14.1506 39.25
      vertex 26.6223 14.2792 39.25
    endloop
  endfacet
  facet normal -0.595693 -0.803212 -0
    outer loop
      vertex 26.7957 14.1506 39.25
      vertex 26.6223 14.2792 37.75
      vertex 26.7957 14.1506 37.75
    endloop
  endfacet
  facet normal -0.857738 -0.514087 0
    outer loop
      vertex 27.3402 13.4871 37.75
      vertex 27.2292 13.6723 39.25
      vertex 27.2292 13.6723 37.75
    endloop
  endfacet
  facet normal -0.857738 -0.514087 0
    outer loop
      vertex 27.2292 13.6723 39.25
      vertex 27.3402 13.4871 37.75
      vertex 27.3402 13.4871 39.25
    endloop
  endfacet
  facet normal -0.941459 -0.337128 0
    outer loop
      vertex 27.5053 13.0886 37.75
      vertex 27.4325 13.2919 39.25
      vertex 27.4325 13.2919 37.75
    endloop
  endfacet
  facet normal -0.941459 -0.337128 0
    outer loop
      vertex 27.4325 13.2919 39.25
      vertex 27.5053 13.0886 37.75
      vertex 27.5053 13.0886 39.25
    endloop
  endfacet
  facet normal -0.989166 -0.1468 0
    outer loop
      vertex 27.5894 12.6656 37.75
      vertex 27.5577 12.8792 39.25
      vertex 27.5577 12.8792 37.75
    endloop
  endfacet
  facet normal -0.989166 -0.1468 0
    outer loop
      vertex 27.5577 12.8792 39.25
      vertex 27.5894 12.6656 37.75
      vertex 27.5894 12.6656 39.25
    endloop
  endfacet
  facet normal 0.242754 -0.970088 0
    outer loop
      vertex 16.2614 14.5553 37.75
      vertex 16.4708 14.6077 39.25
      vertex 16.2614 14.5553 39.25
    endloop
  endfacet
  facet normal 0.242754 -0.970088 0
    outer loop
      vertex 16.4708 14.6077 39.25
      vertex 16.2614 14.5553 37.75
      vertex 16.4708 14.6077 37.75
    endloop
  endfacet
  facet normal 0.427469 -0.90403 0
    outer loop
      vertex 15.8629 14.3902 37.75
      vertex 16.0581 14.4825 39.25
      vertex 15.8629 14.3902 39.25
    endloop
  endfacet
  facet normal 0.427469 -0.90403 0
    outer loop
      vertex 16.0581 14.4825 39.25
      vertex 15.8629 14.3902 37.75
      vertex 16.0581 14.4825 37.75
    endloop
  endfacet
  facet normal 0.337128 -0.941459 0
    outer loop
      vertex 16.0581 14.4825 37.75
      vertex 16.2614 14.5553 39.25
      vertex 16.0581 14.4825 39.25
    endloop
  endfacet
  facet normal 0.337128 -0.941459 0
    outer loop
      vertex 16.2614 14.5553 39.25
      vertex 16.0581 14.4825 37.75
      vertex 16.2614 14.5553 37.75
    endloop
  endfacet
  facet normal 0.803212 -0.595693 0
    outer loop
      vertex 15.0708 13.6723 39.25
      vertex 15.1994 13.8457 37.75
      vertex 15.1994 13.8457 39.25
    endloop
  endfacet
  facet normal 0.803212 -0.595693 0
    outer loop
      vertex 15.1994 13.8457 37.75
      vertex 15.0708 13.6723 39.25
      vertex 15.0708 13.6723 37.75
    endloop
  endfacet
  facet normal 0.941459 -0.337128 0
    outer loop
      vertex 14.7947 13.0886 39.25
      vertex 14.8675 13.2919 37.75
      vertex 14.8675 13.2919 39.25
    endloop
  endfacet
  facet normal 0.941459 -0.337128 0
    outer loop
      vertex 14.8675 13.2919 37.75
      vertex 14.7947 13.0886 39.25
      vertex 14.7947 13.0886 37.75
    endloop
  endfacet
  facet normal 0.90403 -0.427469 0
    outer loop
      vertex 14.8675 13.2919 39.25
      vertex 14.9598 13.4871 37.75
      vertex 14.9598 13.4871 39.25
    endloop
  endfacet
  facet normal 0.90403 -0.427469 0
    outer loop
      vertex 14.9598 13.4871 37.75
      vertex 14.8675 13.2919 39.25
      vertex 14.8675 13.2919 37.75
    endloop
  endfacet
  facet normal 0.514087 -0.857738 0
    outer loop
      vertex 15.6777 14.2792 37.75
      vertex 15.8629 14.3902 39.25
      vertex 15.6777 14.2792 39.25
    endloop
  endfacet
  facet normal 0.514087 -0.857738 0
    outer loop
      vertex 15.8629 14.3902 39.25
      vertex 15.6777 14.2792 37.75
      vertex 15.8629 14.3902 37.75
    endloop
  endfacet
  facet normal 0 0 -1
    outer loop
      vertex 15.9 10.25 37.75
      vertex 16.6844 10.2606 37.75
      vertex 16.9 10.25 37.75
    endloop
  endfacet
  facet normal 0 0 -1
    outer loop
      vertex 15.9 10.25 37.75
      vertex 16.4708 10.2923 37.75
      vertex 16.6844 10.2606 37.75
    endloop
  endfacet
  facet normal 0 0 -1
    outer loop
      vertex 15.9 10.25 37.75
      vertex 16.2614 10.3447 37.75
      vertex 16.4708 10.2923 37.75
    endloop
  endfacet
  facet normal 0 0 -1
    outer loop
      vertex 15.9 10.25 37.75
      vertex 16.0581 10.4175 37.75
      vertex 16.2614 10.3447 37.75
    endloop
  endfacet
  facet normal 0 0 -1
    outer loop
      vertex 15.9 10.25 37.75
      vertex 15.8629 10.5098 37.75
      vertex 16.0581 10.4175 37.75
    endloop
  endfacet
  facet normal 0 0 -1
    outer loop
      vertex 15.6844 10.2606 37.75
      vertex 15.8629 10.5098 37.75
      vertex 15.9 10.25 37.75
    endloop
  endfacet
  facet normal 0 0 -1
    outer loop
      vertex 15.6844 10.2606 37.75
      vertex 15.6777 10.6208 37.75
      vertex 15.8629 10.5098 37.75
    endloop
  endfacet
  facet normal 0 0 -1
    outer loop
      vertex 15.4708 10.2923 37.75
      vertex 15.6777 10.6208 37.75
      vertex 15.6844 10.2606 37.75
    endloop
  endfacet
  facet normal -0 0 -1
    outer loop
      vertex 15.6777 10.6208 37.75
      vertex 15.4708 10.2923 37.75
      vertex 15.5043 10.7494 37.75
    endloop
  endfacet
  facet normal 0 0 -1
    outer loop
      vertex 15.2614 10.3447 37.75
      vertex 15.5043 10.7494 37.75
      vertex 15.4708 10.2923 37.75
    endloop
  endfacet
  facet normal -0 0 -1
    outer loop
      vertex 15.5043 10.7494 37.75
      vertex 15.2614 10.3447 37.75
      vertex 15.3444 10.8944 37.75
    endloop
  endfacet
  facet normal 0 0 -1
    outer loop
      vertex 15.0581 10.4175 37.75
      vertex 15.3444 10.8944 37.75
      vertex 15.2614 10.3447 37.75
    endloop
  endfacet
  facet normal 0 0 -1
    outer loop
      vertex 14.8629 10.5098 37.75
      vertex 15.3444 10.8944 37.75
      vertex 15.0581 10.4175 37.75
    endloop
  endfacet
  facet normal -0 0 -1
    outer loop
      vertex 15.3444 10.8944 37.75
      vertex 14.8629 10.5098 37.75
      vertex 15.1994 11.0543 37.75
    endloop
  endfacet
  facet normal 0 0 -1
    outer loop
      vertex 14.6777 10.6208 37.75
      vertex 15.1994 11.0543 37.75
      vertex 14.8629 10.5098 37.75
    endloop
  endfacet
  facet normal -0 0 -1
    outer loop
      vertex 15.1994 11.0543 37.75
      vertex 14.6777 10.6208 37.75
      vertex 15.0708 11.2277 37.75
    endloop
  endfacet
  facet normal 0 0 -1
    outer loop
      vertex 14.5043 10.7494 37.75
      vertex 15.0708 11.2277 37.75
      vertex 14.6777 10.6208 37.75
    endloop
  endfacet
  facet normal 0 0 -1
    outer loop
      vertex 14.3444 10.8944 37.75
      vertex 15.0708 11.2277 37.75
      vertex 14.5043 10.7494 37.75
    endloop
  endfacet
  facet normal -0 0 -1
    outer loop
      vertex 15.0708 11.2277 37.75
      vertex 14.3444 10.8944 37.75
      vertex 14.9598 11.4129 37.75
    endloop
  endfacet
  facet normal 0 0 -1
    outer loop
      vertex 14.1994 11.0543 37.75
      vertex 14.9598 11.4129 37.75
      vertex 14.3444 10.8944 37.75
    endloop
  endfacet
  facet normal 0 0 -1
    outer loop
      vertex 14.0708 11.2277 37.75
      vertex 14.8675 11.6081 37.75
      vertex 14.1994 11.0543 37.75
    endloop
  endfacet
  facet normal -0 0 -1
    outer loop
      vertex 14.9598 11.4129 37.75
      vertex 14.1994 11.0543 37.75
      vertex 14.8675 11.6081 37.75
    endloop
  endfacet
  facet normal 0 0 -1
    outer loop
      vertex 16.6844 14.6394 37.75
      vertex 15.9 14.65 37.75
      vertex 16.9 14.65 37.75
    endloop
  endfacet
  facet normal 0 0 -1
    outer loop
      vertex 16.4708 14.6077 37.75
      vertex 15.9 14.65 37.75
      vertex 16.6844 14.6394 37.75
    endloop
  endfacet
  facet normal 0 0 -1
    outer loop
      vertex 16.2614 14.5553 37.75
      vertex 15.9 14.65 37.75
      vertex 16.4708 14.6077 37.75
    endloop
  endfacet
  facet normal 0 0 -1
    outer loop
      vertex 16.0581 14.4825 37.75
      vertex 15.9 14.65 37.75
      vertex 16.2614 14.5553 37.75
    endloop
  endfacet
  facet normal 0 0 -1
    outer loop
      vertex 15.8629 14.3902 37.75
      vertex 15.9 14.65 37.75
      vertex 16.0581 14.4825 37.75
    endloop
  endfacet
  facet normal 0 0 -1
    outer loop
      vertex 15.8629 14.3902 37.75
      vertex 15.6844 14.6394 37.75
      vertex 15.9 14.65 37.75
    endloop
  endfacet
  facet normal 0 0 -1
    outer loop
      vertex 15.6777 14.2792 37.75
      vertex 15.6844 14.6394 37.75
      vertex 15.8629 14.3902 37.75
    endloop
  endfacet
  facet normal 0 0 -1
    outer loop
      vertex 15.4708 14.6077 37.75
      vertex 15.6777 14.2792 37.75
      vertex 15.5043 14.1506 37.75
    endloop
  endfacet
  facet normal 0 0 -1
    outer loop
      vertex 15.6777 14.2792 37.75
      vertex 15.4708 14.6077 37.75
      vertex 15.6844 14.6394 37.75
    endloop
  endfacet
  facet normal 0 0 -1
    outer loop
      vertex 15.2614 14.5553 37.75
      vertex 15.5043 14.1506 37.75
      vertex 15.3444 14.0056 37.75
    endloop
  endfacet
  facet normal 0 0 -1
    outer loop
      vertex 15.5043 14.1506 37.75
      vertex 15.2614 14.5553 37.75
      vertex 15.4708 14.6077 37.75
    endloop
  endfacet
  facet normal 0 0 -1
    outer loop
      vertex 14.8629 14.3902 37.75
      vertex 15.3444 14.0056 37.75
      vertex 15.1994 13.8457 37.75
    endloop
  endfacet
  facet normal 0 0 -1
    outer loop
      vertex 14.6777 14.2792 37.75
      vertex 15.1994 13.8457 37.75
      vertex 15.0708 13.6723 37.75
    endloop
  endfacet
  facet normal 0 0 -1
    outer loop
      vertex 15.3444 14.0056 37.75
      vertex 15.0581 14.4825 37.75
      vertex 15.2614 14.5553 37.75
    endloop
  endfacet
  facet normal 0 0 -1
    outer loop
      vertex 14.3444 14.0056 37.75
      vertex 15.0708 13.6723 37.75
      vertex 14.9598 13.4871 37.75
    endloop
  endfacet
  facet normal 0 0 -1
    outer loop
      vertex 14.1994 13.8457 37.75
      vertex 14.9598 13.4871 37.75
      vertex 14.8675 13.2919 37.75
    endloop
  endfacet
  facet normal 0 0 -1
    outer loop
      vertex 15.3444 14.0056 37.75
      vertex 14.8629 14.3902 37.75
      vertex 15.0581 14.4825 37.75
    endloop
  endfacet
  facet normal 0 0 -1
    outer loop
      vertex 14.0708 13.6723 37.75
      vertex 14.8675 13.2919 37.75
      vertex 14.7947 13.0886 37.75
    endloop
  endfacet
  facet normal 0 0 -1
    outer loop
      vertex 13.8675 13.2919 37.75
      vertex 14.7947 13.0886 37.75
      vertex 14.7423 12.8792 37.75
    endloop
  endfacet
  facet normal 0 0 -1
    outer loop
      vertex 13.7423 12.8792 37.75
      vertex 14.7423 12.8792 37.75
      vertex 14.7106 12.6656 37.75
    endloop
  endfacet
  facet normal 0 0 -1
    outer loop
      vertex 15.1994 13.8457 37.75
      vertex 14.6777 14.2792 37.75
      vertex 14.8629 14.3902 37.75
    endloop
  endfacet
  facet normal 0 0 -1
    outer loop
      vertex 13.7106 12.6656 37.75
      vertex 14.7106 12.6656 37.75
      vertex 14.7 12.45 37.75
    endloop
  endfacet
  facet normal -0 0 -1
    outer loop
      vertex 14.8675 11.6081 37.75
      vertex 14.0708 11.2277 37.75
      vertex 14.7947 11.8114 37.75
    endloop
  endfacet
  facet normal 0 0 -1
    outer loop
      vertex 13.9598 11.4129 37.75
      vertex 14.7947 11.8114 37.75
      vertex 14.0708 11.2277 37.75
    endloop
  endfacet
  facet normal 0 0 -1
    outer loop
      vertex 15.0708 13.6723 37.75
      vertex 14.5043 14.1506 37.75
      vertex 14.6777 14.2792 37.75
    endloop
  endfacet
  facet normal 0 0 -1
    outer loop
      vertex 13.8675 11.6081 37.75
      vertex 14.7947 11.8114 37.75
      vertex 13.9598 11.4129 37.75
    endloop
  endfacet
  facet normal 0 0 -1
    outer loop
      vertex 15.0708 13.6723 37.75
      vertex 14.3444 14.0056 37.75
      vertex 14.5043 14.1506 37.75
    endloop
  endfacet
  facet normal -0 0 -1
    outer loop
      vertex 14.7947 11.8114 37.75
      vertex 13.8675 11.6081 37.75
      vertex 14.7423 12.0208 37.75
    endloop
  endfacet
  facet normal 0 0 -1
    outer loop
      vertex 14.9598 13.4871 37.75
      vertex 14.1994 13.8457 37.75
      vertex 14.3444 14.0056 37.75
    endloop
  endfacet
  facet normal 0 0 -1
    outer loop
      vertex 13.7947 11.8114 37.75
      vertex 14.7423 12.0208 37.75
      vertex 13.8675 11.6081 37.75
    endloop
  endfacet
  facet normal 0 0 -1
    outer loop
      vertex 14.8675 13.2919 37.75
      vertex 14.0708 13.6723 37.75
      vertex 14.1994 13.8457 37.75
    endloop
  endfacet
  facet normal 0 0 -1
    outer loop
      vertex 13.7423 12.0208 37.75
      vertex 14.7423 12.0208 37.75
      vertex 13.7947 11.8114 37.75
    endloop
  endfacet
  facet normal 0 0 -1
    outer loop
      vertex 14.7947 13.0886 37.75
      vertex 13.9598 13.4871 37.75
      vertex 14.0708 13.6723 37.75
    endloop
  endfacet
  facet normal 0 0 -1
    outer loop
      vertex 14.7423 12.0208 37.75
      vertex 13.7423 12.0208 37.75
      vertex 14.7106 12.2344 37.75
    endloop
  endfacet
  facet normal 0 0 -1
    outer loop
      vertex 14.7947 13.0886 37.75
      vertex 13.8675 13.2919 37.75
      vertex 13.9598 13.4871 37.75
    endloop
  endfacet
  facet normal 0 0 -1
    outer loop
      vertex 13.7106 12.2344 37.75
      vertex 14.7106 12.2344 37.75
      vertex 13.7423 12.0208 37.75
    endloop
  endfacet
  facet normal 0 0 -1
    outer loop
      vertex 14.7423 12.8792 37.75
      vertex 13.7947 13.0886 37.75
      vertex 13.8675 13.2919 37.75
    endloop
  endfacet
  facet normal 0 0 -1
    outer loop
      vertex 14.7106 12.2344 37.75
      vertex 13.7106 12.2344 37.75
      vertex 14.7 12.45 37.75
    endloop
  endfacet
  facet normal 0 0 -1
    outer loop
      vertex 14.7423 12.8792 37.75
      vertex 13.7423 12.8792 37.75
      vertex 13.7947 13.0886 37.75
    endloop
  endfacet
  facet normal 0 0 -1
    outer loop
      vertex 13.7 12.45 37.75
      vertex 14.7 12.45 37.75
      vertex 13.7106 12.2344 37.75
    endloop
  endfacet
  facet normal 0 0 -1
    outer loop
      vertex 14.7106 12.6656 37.75
      vertex 13.7106 12.6656 37.75
      vertex 13.7423 12.8792 37.75
    endloop
  endfacet
  facet normal 0 0 -1
    outer loop
      vertex 14.7 12.45 37.75
      vertex 13.7 12.45 37.75
      vertex 13.7106 12.6656 37.75
    endloop
  endfacet
  facet normal 0 0 -1
    outer loop
      vertex 27.6 12.45 37.75
      vertex 28.6 12.45 37.75
      vertex 28.5894 12.2344 37.75
    endloop
  endfacet
  facet normal 0 0 -1
    outer loop
      vertex 27.5894 12.2344 37.75
      vertex 28.5894 12.2344 37.75
      vertex 28.5577 12.0208 37.75
    endloop
  endfacet
  facet normal 0 0 -1
    outer loop
      vertex 28.6 12.45 37.75
      vertex 27.6 12.45 37.75
      vertex 28.5894 12.6656 37.75
    endloop
  endfacet
  facet normal 0 0 -1
    outer loop
      vertex 27.5577 12.0208 37.75
      vertex 28.5577 12.0208 37.75
      vertex 28.5053 11.8114 37.75
    endloop
  endfacet
  facet normal 0 0 -1
    outer loop
      vertex 27.5894 12.6656 37.75
      vertex 28.5894 12.6656 37.75
      vertex 27.6 12.45 37.75
    endloop
  endfacet
  facet normal 0 0 -1
    outer loop
      vertex 27.5577 12.0208 37.75
      vertex 28.5053 11.8114 37.75
      vertex 28.4325 11.6081 37.75
    endloop
  endfacet
  facet normal 0 0 -1
    outer loop
      vertex 28.5894 12.6656 37.75
      vertex 27.5894 12.6656 37.75
      vertex 28.5577 12.8792 37.75
    endloop
  endfacet
  facet normal 0 0 -1
    outer loop
      vertex 27.5053 11.8114 37.75
      vertex 28.4325 11.6081 37.75
      vertex 28.3402 11.4129 37.75
    endloop
  endfacet
  facet normal 0 0 -1
    outer loop
      vertex 27.5577 12.8792 37.75
      vertex 28.5577 12.8792 37.75
      vertex 27.5894 12.6656 37.75
    endloop
  endfacet
  facet normal 0 0 -1
    outer loop
      vertex 27.5053 11.8114 37.75
      vertex 28.3402 11.4129 37.75
      vertex 28.2292 11.2277 37.75
    endloop
  endfacet
  facet normal 0 0 -1
    outer loop
      vertex 28.5577 12.8792 37.75
      vertex 27.5577 12.8792 37.75
      vertex 28.5053 13.0886 37.75
    endloop
  endfacet
  facet normal 0 0 -1
    outer loop
      vertex 27.4325 11.6081 37.75
      vertex 28.2292 11.2277 37.75
      vertex 28.1006 11.0543 37.75
    endloop
  endfacet
  facet normal -0 0 -1
    outer loop
      vertex 28.5053 13.0886 37.75
      vertex 27.5577 12.8792 37.75
      vertex 28.4325 13.2919 37.75
    endloop
  endfacet
  facet normal 0 0 -1
    outer loop
      vertex 27.3402 11.4129 37.75
      vertex 28.1006 11.0543 37.75
      vertex 27.9556 10.8944 37.75
    endloop
  endfacet
  facet normal 0 0 -1
    outer loop
      vertex 27.5053 13.0886 37.75
      vertex 28.4325 13.2919 37.75
      vertex 27.5577 12.8792 37.75
    endloop
  endfacet
  facet normal 0 0 -1
    outer loop
      vertex 27.2292 11.2277 37.75
      vertex 27.9556 10.8944 37.75
      vertex 27.7957 10.7494 37.75
    endloop
  endfacet
  facet normal -0 0 -1
    outer loop
      vertex 28.4325 13.2919 37.75
      vertex 27.5053 13.0886 37.75
      vertex 28.3402 13.4871 37.75
    endloop
  endfacet
  facet normal 0 0 -1
    outer loop
      vertex 27.2292 11.2277 37.75
      vertex 27.7957 10.7494 37.75
      vertex 27.6223 10.6208 37.75
    endloop
  endfacet
  facet normal -0 0 -1
    outer loop
      vertex 28.3402 13.4871 37.75
      vertex 27.5053 13.0886 37.75
      vertex 28.2292 13.6723 37.75
    endloop
  endfacet
  facet normal 0 0 -1
    outer loop
      vertex 27.4325 13.2919 37.75
      vertex 28.2292 13.6723 37.75
      vertex 27.5053 13.0886 37.75
    endloop
  endfacet
  facet normal 0 0 -1
    outer loop
      vertex 28.5894 12.2344 37.75
      vertex 27.5894 12.2344 37.75
      vertex 27.6 12.45 37.75
    endloop
  endfacet
  facet normal 0 0 -1
    outer loop
      vertex 28.5577 12.0208 37.75
      vertex 27.5577 12.0208 37.75
      vertex 27.5894 12.2344 37.75
    endloop
  endfacet
  facet normal 0 0 -1
    outer loop
      vertex 28.4325 11.6081 37.75
      vertex 27.5053 11.8114 37.75
      vertex 27.5577 12.0208 37.75
    endloop
  endfacet
  facet normal 0 0 -1
    outer loop
      vertex 27.1006 11.0543 37.75
      vertex 27.6223 10.6208 37.75
      vertex 27.4371 10.5098 37.75
    endloop
  endfacet
  facet normal 0 0 -1
    outer loop
      vertex 28.2292 11.2277 37.75
      vertex 27.4325 11.6081 37.75
      vertex 27.5053 11.8114 37.75
    endloop
  endfacet
  facet normal 0 0 -1
    outer loop
      vertex 28.1006 11.0543 37.75
      vertex 27.3402 11.4129 37.75
      vertex 27.4325 11.6081 37.75
    endloop
  endfacet
  facet normal 0 0 -1
    outer loop
      vertex 26.9556 10.8944 37.75
      vertex 27.4371 10.5098 37.75
      vertex 27.2419 10.4175 37.75
    endloop
  endfacet
  facet normal 0 0 -1
    outer loop
      vertex 27.9556 10.8944 37.75
      vertex 27.2292 11.2277 37.75
      vertex 27.3402 11.4129 37.75
    endloop
  endfacet
  facet normal 0 0 -1
    outer loop
      vertex 27.6223 10.6208 37.75
      vertex 27.1006 11.0543 37.75
      vertex 27.2292 11.2277 37.75
    endloop
  endfacet
  facet normal 0 0 -1
    outer loop
      vertex 26.9556 10.8944 37.75
      vertex 27.2419 10.4175 37.75
      vertex 27.0386 10.3447 37.75
    endloop
  endfacet
  facet normal 0 0 -1
    outer loop
      vertex 27.4371 10.5098 37.75
      vertex 26.9556 10.8944 37.75
      vertex 27.1006 11.0543 37.75
    endloop
  endfacet
  facet normal 0 0 -1
    outer loop
      vertex 26.7957 10.7494 37.75
      vertex 27.0386 10.3447 37.75
      vertex 26.8292 10.2923 37.75
    endloop
  endfacet
  facet normal 0 0 -1
    outer loop
      vertex 27.0386 10.3447 37.75
      vertex 26.7957 10.7494 37.75
      vertex 26.9556 10.8944 37.75
    endloop
  endfacet
  facet normal 0 0 -1
    outer loop
      vertex 26.8292 10.2923 37.75
      vertex 26.6223 10.6208 37.75
      vertex 26.7957 10.7494 37.75
    endloop
  endfacet
  facet normal 0 0 -1
    outer loop
      vertex 26.6156 10.2606 37.75
      vertex 26.6223 10.6208 37.75
      vertex 26.8292 10.2923 37.75
    endloop
  endfacet
  facet normal 0 0 -1
    outer loop
      vertex 26.6156 10.2606 37.75
      vertex 26.4371 10.5098 37.75
      vertex 26.6223 10.6208 37.75
    endloop
  endfacet
  facet normal 0 0 -1
    outer loop
      vertex 26.4 10.25 37.75
      vertex 26.4371 10.5098 37.75
      vertex 26.6156 10.2606 37.75
    endloop
  endfacet
  facet normal 0 0 -1
    outer loop
      vertex 26.4 10.25 37.75
      vertex 26.2419 10.4175 37.75
      vertex 26.4371 10.5098 37.75
    endloop
  endfacet
  facet normal 0 0 -1
    outer loop
      vertex 26.4 10.25 37.75
      vertex 26.0386 10.3447 37.75
      vertex 26.2419 10.4175 37.75
    endloop
  endfacet
  facet normal 0 0 -1
    outer loop
      vertex 26.4 10.25 37.75
      vertex 25.8292 10.2923 37.75
      vertex 26.0386 10.3447 37.75
    endloop
  endfacet
  facet normal 0 0 -1
    outer loop
      vertex 26.4 10.25 37.75
      vertex 25.6156 10.2606 37.75
      vertex 25.8292 10.2923 37.75
    endloop
  endfacet
  facet normal 0 -0 -1
    outer loop
      vertex 25.6156 10.2606 37.75
      vertex 26.4 10.25 37.75
      vertex 25.4 10.25 37.75
    endloop
  endfacet
  facet normal -0 0 -1
    outer loop
      vertex 28.2292 13.6723 37.75
      vertex 27.4325 13.2919 37.75
      vertex 28.1006 13.8457 37.75
    endloop
  endfacet
  facet normal 0 0 -1
    outer loop
      vertex 27.3402 13.4871 37.75
      vertex 28.1006 13.8457 37.75
      vertex 27.4325 13.2919 37.75
    endloop
  endfacet
  facet normal -0 0 -1
    outer loop
      vertex 28.1006 13.8457 37.75
      vertex 27.3402 13.4871 37.75
      vertex 27.9556 14.0056 37.75
    endloop
  endfacet
  facet normal 0 0 -1
    outer loop
      vertex 27.2292 13.6723 37.75
      vertex 27.9556 14.0056 37.75
      vertex 27.3402 13.4871 37.75
    endloop
  endfacet
  facet normal -0 0 -1
    outer loop
      vertex 27.9556 14.0056 37.75
      vertex 27.2292 13.6723 37.75
      vertex 27.7957 14.1506 37.75
    endloop
  endfacet
  facet normal -0 0 -1
    outer loop
      vertex 27.7957 14.1506 37.75
      vertex 27.2292 13.6723 37.75
      vertex 27.6223 14.2792 37.75
    endloop
  endfacet
  facet normal 0 0 -1
    outer loop
      vertex 27.1006 13.8457 37.75
      vertex 27.6223 14.2792 37.75
      vertex 27.2292 13.6723 37.75
    endloop
  endfacet
  facet normal -0 0 -1
    outer loop
      vertex 27.6223 14.2792 37.75
      vertex 27.1006 13.8457 37.75
      vertex 27.4371 14.3902 37.75
    endloop
  endfacet
  facet normal 0 0 -1
    outer loop
      vertex 26.9556 14.0056 37.75
      vertex 27.4371 14.3902 37.75
      vertex 27.1006 13.8457 37.75
    endloop
  endfacet
  facet normal -0 0 -1
    outer loop
      vertex 27.4371 14.3902 37.75
      vertex 26.9556 14.0056 37.75
      vertex 27.2419 14.4825 37.75
    endloop
  endfacet
  facet normal -0 0 -1
    outer loop
      vertex 27.2419 14.4825 37.75
      vertex 26.9556 14.0056 37.75
      vertex 27.0386 14.5553 37.75
    endloop
  endfacet
  facet normal 0 0 -1
    outer loop
      vertex 26.7957 14.1506 37.75
      vertex 27.0386 14.5553 37.75
      vertex 26.9556 14.0056 37.75
    endloop
  endfacet
  facet normal -0 0 -1
    outer loop
      vertex 27.0386 14.5553 37.75
      vertex 26.7957 14.1506 37.75
      vertex 26.8292 14.6077 37.75
    endloop
  endfacet
  facet normal 0 0 -1
    outer loop
      vertex 26.6223 14.2792 37.75
      vertex 26.8292 14.6077 37.75
      vertex 26.7957 14.1506 37.75
    endloop
  endfacet
  facet normal 0 0 -1
    outer loop
      vertex 26.6223 14.2792 37.75
      vertex 26.6156 14.6394 37.75
      vertex 26.8292 14.6077 37.75
    endloop
  endfacet
  facet normal 0 0 -1
    outer loop
      vertex 26.4371 14.3902 37.75
      vertex 26.6156 14.6394 37.75
      vertex 26.6223 14.2792 37.75
    endloop
  endfacet
  facet normal 0 0 -1
    outer loop
      vertex 26.4371 14.3902 37.75
      vertex 26.4 14.65 37.75
      vertex 26.6156 14.6394 37.75
    endloop
  endfacet
  facet normal 0 0 -1
    outer loop
      vertex 26.2419 14.4825 37.75
      vertex 26.4 14.65 37.75
      vertex 26.4371 14.3902 37.75
    endloop
  endfacet
  facet normal 0 0 -1
    outer loop
      vertex 26.0386 14.5553 37.75
      vertex 26.4 14.65 37.75
      vertex 26.2419 14.4825 37.75
    endloop
  endfacet
  facet normal 0 0 -1
    outer loop
      vertex 25.8292 14.6077 37.75
      vertex 26.4 14.65 37.75
      vertex 26.0386 14.5553 37.75
    endloop
  endfacet
  facet normal 0 0 -1
    outer loop
      vertex 25.6156 14.6394 37.75
      vertex 26.4 14.65 37.75
      vertex 25.8292 14.6077 37.75
    endloop
  endfacet
  facet normal -0 0 -1
    outer loop
      vertex 26.4 14.65 37.75
      vertex 25.6156 14.6394 37.75
      vertex 25.4 14.65 37.75
    endloop
  endfacet
  facet normal 0.989166 -0.1468 0
    outer loop
      vertex 13.7106 12.6656 37.75
      vertex 13.7423 12.8792 34.45
      vertex 13.7423 12.8792 37.75
    endloop
  endfacet
  facet normal 0.989166 -0.1468 0
    outer loop
      vertex 13.7423 12.8792 34.45
      vertex 13.7106 12.6656 37.75
      vertex 13.7106 12.6656 34.45
    endloop
  endfacet
  facet normal 0.998794 -0.0491058 0
    outer loop
      vertex 13.7 12.45 37.75
      vertex 13.7106 12.6656 34.45
      vertex 13.7106 12.6656 37.75
    endloop
  endfacet
  facet normal 0.998794 -0.0491058 0
    outer loop
      vertex 13.7106 12.6656 34.45
      vertex 13.7 12.45 37.75
      vertex 13.7 12.45 34.45
    endloop
  endfacet
  facet normal -0.1468 0.989166 0
    outer loop
      vertex 26.8292 10.2923 34.45
      vertex 26.6156 10.2606 37.75
      vertex 26.8292 10.2923 37.75
    endloop
  endfacet
  facet normal -0.1468 0.989166 0
    outer loop
      vertex 26.6156 10.2606 37.75
      vertex 26.8292 10.2923 34.45
      vertex 26.6156 10.2606 34.45
    endloop
  endfacet
  facet normal -0.0491058 -0.998794 0
    outer loop
      vertex 26.4 14.65 34.45
      vertex 26.6156 14.6394 37.75
      vertex 26.4 14.65 37.75
    endloop
  endfacet
  facet normal -0.0491058 -0.998794 -0
    outer loop
      vertex 26.6156 14.6394 37.75
      vertex 26.4 14.65 34.45
      vertex 26.6156 14.6394 34.45
    endloop
  endfacet
  facet normal 0.514087 0.857738 -0
    outer loop
      vertex 14.8629 10.5098 34.45
      vertex 14.6777 10.6208 37.75
      vertex 14.8629 10.5098 37.75
    endloop
  endfacet
  facet normal 0.514087 0.857738 0
    outer loop
      vertex 14.6777 10.6208 37.75
      vertex 14.8629 10.5098 34.45
      vertex 14.6777 10.6208 34.45
    endloop
  endfacet
  facet normal 0.90403 0.427469 0
    outer loop
      vertex 13.9598 11.4129 37.75
      vertex 13.8675 11.6081 34.45
      vertex 13.8675 11.6081 37.75
    endloop
  endfacet
  facet normal 0.90403 0.427469 0
    outer loop
      vertex 13.8675 11.6081 34.45
      vertex 13.9598 11.4129 37.75
      vertex 13.9598 11.4129 34.45
    endloop
  endfacet
  facet normal -0.998794 -0.0491058 0
    outer loop
      vertex 28.6 12.45 34.45
      vertex 28.5894 12.6656 37.75
      vertex 28.5894 12.6656 34.45
    endloop
  endfacet
  facet normal -0.998794 -0.0491058 0
    outer loop
      vertex 28.5894 12.6656 37.75
      vertex 28.6 12.45 34.45
      vertex 28.6 12.45 37.75
    endloop
  endfacet
  facet normal 0.0491058 -0.998794 0
    outer loop
      vertex 15.6844 14.6394 34.45
      vertex 15.9 14.65 37.75
      vertex 15.6844 14.6394 37.75
    endloop
  endfacet
  facet normal 0.0491058 -0.998794 0
    outer loop
      vertex 15.9 14.65 37.75
      vertex 15.6844 14.6394 34.45
      vertex 15.9 14.65 34.45
    endloop
  endfacet
  facet normal -0.0491058 0.998794 0
    outer loop
      vertex 26.6156 10.2606 34.45
      vertex 26.4 10.25 37.75
      vertex 26.6156 10.2606 37.75
    endloop
  endfacet
  facet normal -0.0491058 0.998794 0
    outer loop
      vertex 26.4 10.25 37.75
      vertex 26.6156 10.2606 34.45
      vertex 26.4 10.25 34.45
    endloop
  endfacet
  facet normal 0.337128 0.941459 -0
    outer loop
      vertex 15.2614 10.3447 34.45
      vertex 15.0581 10.4175 37.75
      vertex 15.2614 10.3447 37.75
    endloop
  endfacet
  facet normal 0.337128 0.941459 0
    outer loop
      vertex 15.0581 10.4175 37.75
      vertex 15.2614 10.3447 34.45
      vertex 15.0581 10.4175 34.45
    endloop
  endfacet
  facet normal 0.740778 0.67175 0
    outer loop
      vertex 14.3444 10.8944 37.75
      vertex 14.1994 11.0543 34.45
      vertex 14.1994 11.0543 37.75
    endloop
  endfacet
  facet normal 0.740778 0.67175 0
    outer loop
      vertex 14.1994 11.0543 34.45
      vertex 14.3444 10.8944 37.75
      vertex 14.3444 10.8944 34.45
    endloop
  endfacet
  facet normal -0.740778 -0.67175 0
    outer loop
      vertex 28.1006 13.8457 34.45
      vertex 27.9556 14.0056 37.75
      vertex 27.9556 14.0056 34.45
    endloop
  endfacet
  facet normal -0.740778 -0.67175 0
    outer loop
      vertex 27.9556 14.0056 37.75
      vertex 28.1006 13.8457 34.45
      vertex 28.1006 13.8457 37.75
    endloop
  endfacet
  facet normal -0.941459 -0.337128 0
    outer loop
      vertex 28.5053 13.0886 34.45
      vertex 28.4325 13.2919 37.75
      vertex 28.4325 13.2919 34.45
    endloop
  endfacet
  facet normal -0.941459 -0.337128 0
    outer loop
      vertex 28.4325 13.2919 37.75
      vertex 28.5053 13.0886 34.45
      vertex 28.5053 13.0886 37.75
    endloop
  endfacet
  facet normal 0.998794 0.0491058 0
    outer loop
      vertex 13.7106 12.2344 37.75
      vertex 13.7 12.45 34.45
      vertex 13.7 12.45 37.75
    endloop
  endfacet
  facet normal 0.998794 0.0491058 0
    outer loop
      vertex 13.7 12.45 34.45
      vertex 13.7106 12.2344 37.75
      vertex 13.7106 12.2344 34.45
    endloop
  endfacet
  facet normal -0.803212 0.595693 0
    outer loop
      vertex 28.1006 11.0543 34.45
      vertex 28.2292 11.2277 37.75
      vertex 28.2292 11.2277 34.45
    endloop
  endfacet
  facet normal -0.803212 0.595693 0
    outer loop
      vertex 28.2292 11.2277 37.75
      vertex 28.1006 11.0543 34.45
      vertex 28.1006 11.0543 37.75
    endloop
  endfacet
  facet normal 0.941459 0.337128 0
    outer loop
      vertex 13.8675 11.6081 37.75
      vertex 13.7947 11.8114 34.45
      vertex 13.7947 11.8114 37.75
    endloop
  endfacet
  facet normal 0.941459 0.337128 0
    outer loop
      vertex 13.7947 11.8114 34.45
      vertex 13.8675 11.6081 37.75
      vertex 13.8675 11.6081 34.45
    endloop
  endfacet
  facet normal 0.970088 0.242754 0
    outer loop
      vertex 13.7947 11.8114 37.75
      vertex 13.7423 12.0208 34.45
      vertex 13.7423 12.0208 37.75
    endloop
  endfacet
  facet normal 0.970088 0.242754 0
    outer loop
      vertex 13.7423 12.0208 34.45
      vertex 13.7947 11.8114 37.75
      vertex 13.7947 11.8114 34.45
    endloop
  endfacet
  facet normal 0.1468 0.989166 -0
    outer loop
      vertex 15.6844 10.2606 34.45
      vertex 15.4708 10.2923 37.75
      vertex 15.6844 10.2606 37.75
    endloop
  endfacet
  facet normal 0.1468 0.989166 0
    outer loop
      vertex 15.4708 10.2923 37.75
      vertex 15.6844 10.2606 34.45
      vertex 15.4708 10.2923 34.45
    endloop
  endfacet
  facet normal 0.242754 0.970088 -0
    outer loop
      vertex 15.4708 10.2923 34.45
      vertex 15.2614 10.3447 37.75
      vertex 15.4708 10.2923 37.75
    endloop
  endfacet
  facet normal 0.242754 0.970088 0
    outer loop
      vertex 15.2614 10.3447 37.75
      vertex 15.4708 10.2923 34.45
      vertex 15.2614 10.3447 34.45
    endloop
  endfacet
  facet normal 0.67175 0.740778 -0
    outer loop
      vertex 14.5043 10.7494 34.45
      vertex 14.3444 10.8944 37.75
      vertex 14.5043 10.7494 37.75
    endloop
  endfacet
  facet normal 0.67175 0.740778 0
    outer loop
      vertex 14.3444 10.8944 37.75
      vertex 14.5043 10.7494 34.45
      vertex 14.3444 10.8944 34.45
    endloop
  endfacet
  facet normal 0.595693 0.803212 -0
    outer loop
      vertex 14.6777 10.6208 34.45
      vertex 14.5043 10.7494 37.75
      vertex 14.6777 10.6208 37.75
    endloop
  endfacet
  facet normal 0.595693 0.803212 0
    outer loop
      vertex 14.5043 10.7494 37.75
      vertex 14.6777 10.6208 34.45
      vertex 14.5043 10.7494 34.45
    endloop
  endfacet
  facet normal 0.427469 0.90403 -0
    outer loop
      vertex 15.0581 10.4175 34.45
      vertex 14.8629 10.5098 37.75
      vertex 15.0581 10.4175 37.75
    endloop
  endfacet
  facet normal 0.427469 0.90403 0
    outer loop
      vertex 14.8629 10.5098 37.75
      vertex 15.0581 10.4175 34.45
      vertex 14.8629 10.5098 34.45
    endloop
  endfacet
  facet normal 0.857738 0.514087 0
    outer loop
      vertex 14.0708 11.2277 37.75
      vertex 13.9598 11.4129 34.45
      vertex 13.9598 11.4129 37.75
    endloop
  endfacet
  facet normal 0.857738 0.514087 0
    outer loop
      vertex 13.9598 11.4129 34.45
      vertex 14.0708 11.2277 37.75
      vertex 14.0708 11.2277 34.45
    endloop
  endfacet
  facet normal 0.803212 0.595693 0
    outer loop
      vertex 14.1994 11.0543 37.75
      vertex 14.0708 11.2277 34.45
      vertex 14.0708 11.2277 37.75
    endloop
  endfacet
  facet normal 0.803212 0.595693 0
    outer loop
      vertex 14.0708 11.2277 34.45
      vertex 14.1994 11.0543 37.75
      vertex 14.1994 11.0543 34.45
    endloop
  endfacet
  facet normal -0.998794 0.0491058 0
    outer loop
      vertex 28.5894 12.2344 34.45
      vertex 28.6 12.45 37.75
      vertex 28.6 12.45 34.45
    endloop
  endfacet
  facet normal -0.998794 0.0491058 0
    outer loop
      vertex 28.6 12.45 37.75
      vertex 28.5894 12.2344 34.45
      vertex 28.5894 12.2344 37.75
    endloop
  endfacet
  facet normal -0.242754 -0.970088 0
    outer loop
      vertex 26.8292 14.6077 34.45
      vertex 27.0386 14.5553 37.75
      vertex 26.8292 14.6077 37.75
    endloop
  endfacet
  facet normal -0.242754 -0.970088 -0
    outer loop
      vertex 27.0386 14.5553 37.75
      vertex 26.8292 14.6077 34.45
      vertex 27.0386 14.5553 34.45
    endloop
  endfacet
  facet normal -0.595693 -0.803212 0
    outer loop
      vertex 27.6223 14.2792 34.45
      vertex 27.7957 14.1506 37.75
      vertex 27.6223 14.2792 37.75
    endloop
  endfacet
  facet normal -0.595693 -0.803212 -0
    outer loop
      vertex 27.7957 14.1506 37.75
      vertex 27.6223 14.2792 34.45
      vertex 27.7957 14.1506 34.45
    endloop
  endfacet
  facet normal -0.427469 -0.90403 0
    outer loop
      vertex 27.2419 14.4825 34.45
      vertex 27.4371 14.3902 37.75
      vertex 27.2419 14.4825 37.75
    endloop
  endfacet
  facet normal -0.427469 -0.90403 -0
    outer loop
      vertex 27.4371 14.3902 37.75
      vertex 27.2419 14.4825 34.45
      vertex 27.4371 14.3902 34.45
    endloop
  endfacet
  facet normal -0.970088 -0.242754 0
    outer loop
      vertex 28.5577 12.8792 34.45
      vertex 28.5053 13.0886 37.75
      vertex 28.5053 13.0886 34.45
    endloop
  endfacet
  facet normal -0.970088 -0.242754 0
    outer loop
      vertex 28.5053 13.0886 37.75
      vertex 28.5577 12.8792 34.45
      vertex 28.5577 12.8792 37.75
    endloop
  endfacet
  facet normal -0.857738 -0.514087 0
    outer loop
      vertex 28.3402 13.4871 34.45
      vertex 28.2292 13.6723 37.75
      vertex 28.2292 13.6723 34.45
    endloop
  endfacet
  facet normal -0.857738 -0.514087 0
    outer loop
      vertex 28.2292 13.6723 37.75
      vertex 28.3402 13.4871 34.45
      vertex 28.3402 13.4871 37.75
    endloop
  endfacet
  facet normal 0.67175 -0.740778 0
    outer loop
      vertex 14.3444 14.0056 34.45
      vertex 14.5043 14.1506 37.75
      vertex 14.3444 14.0056 37.75
    endloop
  endfacet
  facet normal 0.67175 -0.740778 0
    outer loop
      vertex 14.5043 14.1506 37.75
      vertex 14.3444 14.0056 34.45
      vertex 14.5043 14.1506 34.45
    endloop
  endfacet
  facet normal 0.857738 -0.514087 0
    outer loop
      vertex 13.9598 13.4871 37.75
      vertex 14.0708 13.6723 34.45
      vertex 14.0708 13.6723 37.75
    endloop
  endfacet
  facet normal 0.857738 -0.514087 0
    outer loop
      vertex 14.0708 13.6723 34.45
      vertex 13.9598 13.4871 37.75
      vertex 13.9598 13.4871 34.45
    endloop
  endfacet
  facet normal 0.970088 -0.242754 0
    outer loop
      vertex 13.7423 12.8792 37.75
      vertex 13.7947 13.0886 34.45
      vertex 13.7947 13.0886 37.75
    endloop
  endfacet
  facet normal 0.970088 -0.242754 0
    outer loop
      vertex 13.7947 13.0886 34.45
      vertex 13.7423 12.8792 37.75
      vertex 13.7423 12.8792 34.45
    endloop
  endfacet
  facet normal -0.595693 0.803212 0
    outer loop
      vertex 27.7957 10.7494 34.45
      vertex 27.6223 10.6208 37.75
      vertex 27.7957 10.7494 37.75
    endloop
  endfacet
  facet normal -0.595693 0.803212 0
    outer loop
      vertex 27.6223 10.6208 37.75
      vertex 27.7957 10.7494 34.45
      vertex 27.6223 10.6208 34.45
    endloop
  endfacet
  facet normal -0.941459 0.337128 0
    outer loop
      vertex 28.4325 11.6081 34.45
      vertex 28.5053 11.8114 37.75
      vertex 28.5053 11.8114 34.45
    endloop
  endfacet
  facet normal -0.941459 0.337128 0
    outer loop
      vertex 28.5053 11.8114 37.75
      vertex 28.4325 11.6081 34.45
      vertex 28.4325 11.6081 37.75
    endloop
  endfacet
  facet normal 0.989166 0.1468 0
    outer loop
      vertex 13.7423 12.0208 37.75
      vertex 13.7106 12.2344 34.45
      vertex 13.7106 12.2344 37.75
    endloop
  endfacet
  facet normal 0.989166 0.1468 0
    outer loop
      vertex 13.7106 12.2344 34.45
      vertex 13.7423 12.0208 37.75
      vertex 13.7423 12.0208 34.45
    endloop
  endfacet
  facet normal 0.0491058 0.998794 -0
    outer loop
      vertex 15.9 10.25 34.45
      vertex 15.6844 10.2606 37.75
      vertex 15.9 10.25 37.75
    endloop
  endfacet
  facet normal 0.0491058 0.998794 0
    outer loop
      vertex 15.6844 10.2606 37.75
      vertex 15.9 10.25 34.45
      vertex 15.6844 10.2606 34.45
    endloop
  endfacet
  facet normal -0.1468 -0.989166 0
    outer loop
      vertex 26.6156 14.6394 34.45
      vertex 26.8292 14.6077 37.75
      vertex 26.6156 14.6394 37.75
    endloop
  endfacet
  facet normal -0.1468 -0.989166 -0
    outer loop
      vertex 26.8292 14.6077 37.75
      vertex 26.6156 14.6394 34.45
      vertex 26.8292 14.6077 34.45
    endloop
  endfacet
  facet normal -0.337128 -0.941459 0
    outer loop
      vertex 27.0386 14.5553 34.45
      vertex 27.2419 14.4825 37.75
      vertex 27.0386 14.5553 37.75
    endloop
  endfacet
  facet normal -0.337128 -0.941459 -0
    outer loop
      vertex 27.2419 14.4825 37.75
      vertex 27.0386 14.5553 34.45
      vertex 27.2419 14.4825 34.45
    endloop
  endfacet
  facet normal -0.67175 -0.740778 0
    outer loop
      vertex 27.7957 14.1506 34.45
      vertex 27.9556 14.0056 37.75
      vertex 27.7957 14.1506 37.75
    endloop
  endfacet
  facet normal -0.67175 -0.740778 -0
    outer loop
      vertex 27.9556 14.0056 37.75
      vertex 27.7957 14.1506 34.45
      vertex 27.9556 14.0056 34.45
    endloop
  endfacet
  facet normal -0.514087 -0.857738 0
    outer loop
      vertex 27.4371 14.3902 34.45
      vertex 27.6223 14.2792 37.75
      vertex 27.4371 14.3902 37.75
    endloop
  endfacet
  facet normal -0.514087 -0.857738 -0
    outer loop
      vertex 27.6223 14.2792 37.75
      vertex 27.4371 14.3902 34.45
      vertex 27.6223 14.2792 34.45
    endloop
  endfacet
  facet normal -0.989166 -0.1468 0
    outer loop
      vertex 28.5894 12.6656 34.45
      vertex 28.5577 12.8792 37.75
      vertex 28.5577 12.8792 34.45
    endloop
  endfacet
  facet normal -0.989166 -0.1468 0
    outer loop
      vertex 28.5577 12.8792 37.75
      vertex 28.5894 12.6656 34.45
      vertex 28.5894 12.6656 37.75
    endloop
  endfacet
  facet normal -0.803212 -0.595693 0
    outer loop
      vertex 28.2292 13.6723 34.45
      vertex 28.1006 13.8457 37.75
      vertex 28.1006 13.8457 34.45
    endloop
  endfacet
  facet normal -0.803212 -0.595693 0
    outer loop
      vertex 28.1006 13.8457 37.75
      vertex 28.2292 13.6723 34.45
      vertex 28.2292 13.6723 37.75
    endloop
  endfacet
  facet normal -0.90403 -0.427469 0
    outer loop
      vertex 28.4325 13.2919 34.45
      vertex 28.3402 13.4871 37.75
      vertex 28.3402 13.4871 34.45
    endloop
  endfacet
  facet normal -0.90403 -0.427469 0
    outer loop
      vertex 28.3402 13.4871 37.75
      vertex 28.4325 13.2919 34.45
      vertex 28.4325 13.2919 37.75
    endloop
  endfacet
  facet normal 0.595693 -0.803212 0
    outer loop
      vertex 14.5043 14.1506 34.45
      vertex 14.6777 14.2792 37.75
      vertex 14.5043 14.1506 37.75
    endloop
  endfacet
  facet normal 0.595693 -0.803212 0
    outer loop
      vertex 14.6777 14.2792 37.75
      vertex 14.5043 14.1506 34.45
      vertex 14.6777 14.2792 34.45
    endloop
  endfacet
  facet normal 0.427469 -0.90403 0
    outer loop
      vertex 14.8629 14.3902 34.45
      vertex 15.0581 14.4825 37.75
      vertex 14.8629 14.3902 37.75
    endloop
  endfacet
  facet normal 0.427469 -0.90403 0
    outer loop
      vertex 15.0581 14.4825 37.75
      vertex 14.8629 14.3902 34.45
      vertex 15.0581 14.4825 34.45
    endloop
  endfacet
  facet normal 0.242754 -0.970088 0
    outer loop
      vertex 15.2614 14.5553 34.45
      vertex 15.4708 14.6077 37.75
      vertex 15.2614 14.5553 37.75
    endloop
  endfacet
  facet normal 0.242754 -0.970088 0
    outer loop
      vertex 15.4708 14.6077 37.75
      vertex 15.2614 14.5553 34.45
      vertex 15.4708 14.6077 34.45
    endloop
  endfacet
  facet normal 0.803212 -0.595693 0
    outer loop
      vertex 14.0708 13.6723 37.75
      vertex 14.1994 13.8457 34.45
      vertex 14.1994 13.8457 37.75
    endloop
  endfacet
  facet normal 0.803212 -0.595693 0
    outer loop
      vertex 14.1994 13.8457 34.45
      vertex 14.0708 13.6723 37.75
      vertex 14.0708 13.6723 34.45
    endloop
  endfacet
  facet normal 0.941459 -0.337128 0
    outer loop
      vertex 13.7947 13.0886 37.75
      vertex 13.8675 13.2919 34.45
      vertex 13.8675 13.2919 37.75
    endloop
  endfacet
  facet normal 0.941459 -0.337128 0
    outer loop
      vertex 13.8675 13.2919 34.45
      vertex 13.7947 13.0886 37.75
      vertex 13.7947 13.0886 34.45
    endloop
  endfacet
  facet normal -0.427469 0.90403 0
    outer loop
      vertex 27.4371 10.5098 34.45
      vertex 27.2419 10.4175 37.75
      vertex 27.4371 10.5098 37.75
    endloop
  endfacet
  facet normal -0.427469 0.90403 0
    outer loop
      vertex 27.2419 10.4175 37.75
      vertex 27.4371 10.5098 34.45
      vertex 27.2419 10.4175 34.45
    endloop
  endfacet
  facet normal -0.514087 0.857738 0
    outer loop
      vertex 27.6223 10.6208 34.45
      vertex 27.4371 10.5098 37.75
      vertex 27.6223 10.6208 37.75
    endloop
  endfacet
  facet normal -0.514087 0.857738 0
    outer loop
      vertex 27.4371 10.5098 37.75
      vertex 27.6223 10.6208 34.45
      vertex 27.4371 10.5098 34.45
    endloop
  endfacet
  facet normal -0.242754 0.970088 0
    outer loop
      vertex 27.0386 10.3447 34.45
      vertex 26.8292 10.2923 37.75
      vertex 27.0386 10.3447 37.75
    endloop
  endfacet
  facet normal -0.242754 0.970088 0
    outer loop
      vertex 26.8292 10.2923 37.75
      vertex 27.0386 10.3447 34.45
      vertex 26.8292 10.2923 34.45
    endloop
  endfacet
  facet normal -0.337128 0.941459 0
    outer loop
      vertex 27.2419 10.4175 34.45
      vertex 27.0386 10.3447 37.75
      vertex 27.2419 10.4175 37.75
    endloop
  endfacet
  facet normal -0.337128 0.941459 0
    outer loop
      vertex 27.0386 10.3447 37.75
      vertex 27.2419 10.4175 34.45
      vertex 27.0386 10.3447 34.45
    endloop
  endfacet
  facet normal -0.67175 0.740778 0
    outer loop
      vertex 27.9556 10.8944 34.45
      vertex 27.7957 10.7494 37.75
      vertex 27.9556 10.8944 37.75
    endloop
  endfacet
  facet normal -0.67175 0.740778 0
    outer loop
      vertex 27.7957 10.7494 37.75
      vertex 27.9556 10.8944 34.45
      vertex 27.7957 10.7494 34.45
    endloop
  endfacet
  facet normal -0.740778 0.67175 0
    outer loop
      vertex 27.9556 10.8944 34.45
      vertex 28.1006 11.0543 37.75
      vertex 28.1006 11.0543 34.45
    endloop
  endfacet
  facet normal -0.740778 0.67175 0
    outer loop
      vertex 28.1006 11.0543 37.75
      vertex 27.9556 10.8944 34.45
      vertex 27.9556 10.8944 37.75
    endloop
  endfacet
  facet normal -0.970088 0.242754 0
    outer loop
      vertex 28.5053 11.8114 34.45
      vertex 28.5577 12.0208 37.75
      vertex 28.5577 12.0208 34.45
    endloop
  endfacet
  facet normal -0.970088 0.242754 0
    outer loop
      vertex 28.5577 12.0208 37.75
      vertex 28.5053 11.8114 34.45
      vertex 28.5053 11.8114 37.75
    endloop
  endfacet
  facet normal 0.514087 -0.857738 0
    outer loop
      vertex 14.6777 14.2792 34.45
      vertex 14.8629 14.3902 37.75
      vertex 14.6777 14.2792 37.75
    endloop
  endfacet
  facet normal 0.514087 -0.857738 0
    outer loop
      vertex 14.8629 14.3902 37.75
      vertex 14.6777 14.2792 34.45
      vertex 14.8629 14.3902 34.45
    endloop
  endfacet
  facet normal 0.337128 -0.941459 0
    outer loop
      vertex 15.0581 14.4825 34.45
      vertex 15.2614 14.5553 37.75
      vertex 15.0581 14.4825 37.75
    endloop
  endfacet
  facet normal 0.337128 -0.941459 0
    outer loop
      vertex 15.2614 14.5553 37.75
      vertex 15.0581 14.4825 34.45
      vertex 15.2614 14.5553 34.45
    endloop
  endfacet
  facet normal 0.1468 -0.989166 0
    outer loop
      vertex 15.4708 14.6077 34.45
      vertex 15.6844 14.6394 37.75
      vertex 15.4708 14.6077 37.75
    endloop
  endfacet
  facet normal 0.1468 -0.989166 0
    outer loop
      vertex 15.6844 14.6394 37.75
      vertex 15.4708 14.6077 34.45
      vertex 15.6844 14.6394 34.45
    endloop
  endfacet
  facet normal 0.740778 -0.67175 0
    outer loop
      vertex 14.1994 13.8457 37.75
      vertex 14.3444 14.0056 34.45
      vertex 14.3444 14.0056 37.75
    endloop
  endfacet
  facet normal 0.740778 -0.67175 0
    outer loop
      vertex 14.3444 14.0056 34.45
      vertex 14.1994 13.8457 37.75
      vertex 14.1994 13.8457 34.45
    endloop
  endfacet
  facet normal 0.90403 -0.427469 0
    outer loop
      vertex 13.8675 13.2919 37.75
      vertex 13.9598 13.4871 34.45
      vertex 13.9598 13.4871 37.75
    endloop
  endfacet
  facet normal 0.90403 -0.427469 0
    outer loop
      vertex 13.9598 13.4871 34.45
      vertex 13.8675 13.2919 37.75
      vertex 13.8675 13.2919 34.45
    endloop
  endfacet
  facet normal -0.857738 0.514087 0
    outer loop
      vertex 28.2292 11.2277 34.45
      vertex 28.3402 11.4129 37.75
      vertex 28.3402 11.4129 34.45
    endloop
  endfacet
  facet normal -0.857738 0.514087 0
    outer loop
      vertex 28.3402 11.4129 37.75
      vertex 28.2292 11.2277 34.45
      vertex 28.2292 11.2277 37.75
    endloop
  endfacet
  facet normal -0.90403 0.427469 0
    outer loop
      vertex 28.3402 11.4129 34.45
      vertex 28.4325 11.6081 37.75
      vertex 28.4325 11.6081 34.45
    endloop
  endfacet
  facet normal -0.90403 0.427469 0
    outer loop
      vertex 28.4325 11.6081 37.75
      vertex 28.3402 11.4129 34.45
      vertex 28.3402 11.4129 37.75
    endloop
  endfacet
  facet normal -0.989166 0.1468 0
    outer loop
      vertex 28.5577 12.0208 34.45
      vertex 28.5894 12.2344 37.75
      vertex 28.5894 12.2344 34.45
    endloop
  endfacet
  facet normal -0.989166 0.1468 0
    outer loop
      vertex 28.5894 12.2344 37.75
      vertex 28.5577 12.0208 34.45
      vertex 28.5577 12.0208 37.75
    endloop
  endfacet
  facet normal 0.0489209 0.998803 -0
    outer loop
      vertex 40.496 24.8904 9.53674e-07
      vertex 40.3 24.9 39.25
      vertex 40.496 24.8904 39.25
    endloop
  endfacet
  facet normal 0.0489209 0.998803 0
    outer loop
      vertex 40.3 24.9 39.25
      vertex 40.496 24.8904 9.53674e-07
      vertex 40.3 24.9 9.53674e-07
    endloop
  endfacet
  facet normal 0.146696 0.989182 -0
    outer loop
      vertex 40.6902 24.8616 9.53674e-07
      vertex 40.496 24.8904 39.25
      vertex 40.6902 24.8616 39.25
    endloop
  endfacet
  facet normal 0.146696 0.989182 0
    outer loop
      vertex 40.496 24.8904 39.25
      vertex 40.6902 24.8616 9.53674e-07
      vertex 40.496 24.8904 9.53674e-07
    endloop
  endfacet
  facet normal -0.0490573 -0.998796 0
    outer loop
      vertex 1.80397 0.0096344 9.53674e-07
      vertex 2 6.10352e-06 39.25
      vertex 1.80397 0.0096344 39.25
    endloop
  endfacet
  facet normal -0.0490573 -0.998796 -0
    outer loop
      vertex 2 6.10352e-06 39.25
      vertex 1.80397 0.0096344 9.53674e-07
      vertex 2 6.10352e-06 9.53674e-07
    endloop
  endfacet
  facet normal 1 0 0
    outer loop
      vertex 42.3 22.9 39.25
      vertex 42.3 13.6 8.05
      vertex 42.3 22.9 8.05
    endloop
  endfacet
  facet normal 1 0 0
    outer loop
      vertex 42.3 2.00001 9.53674e-07
      vertex 42.3 13.6 8.05
      vertex 42.3 2.00001 39.25
    endloop
  endfacet
  facet normal 1 -0 0
    outer loop
      vertex 42.3 2.00001 39.25
      vertex 42.3 13.6 8.05
      vertex 42.3 22.9 39.25
    endloop
  endfacet
  facet normal 1 -0 0
    outer loop
      vertex 42.3 13.6 4.45
      vertex 42.3 22.9 9.53674e-07
      vertex 42.3 22.9 4.45
    endloop
  endfacet
  facet normal 1 0 0
    outer loop
      vertex 42.3 13.6 4.45
      vertex 42.3 2.00001 9.53674e-07
      vertex 42.3 22.9 9.53674e-07
    endloop
  endfacet
  facet normal 1 0 0
    outer loop
      vertex 42.3 13.6 8.05
      vertex 42.3 2.00001 9.53674e-07
      vertex 42.3 13.6 4.45
    endloop
  endfacet
  facet normal -0.0489135 0.998803 0
    outer loop
      vertex 2 24.9 9.53674e-07
      vertex 1.80397 24.8904 39.25
      vertex 2 24.9 39.25
    endloop
  endfacet
  facet normal -0.0489135 0.998803 0
    outer loop
      vertex 1.80397 24.8904 39.25
      vertex 2 24.9 9.53674e-07
      vertex 1.80397 24.8904 9.53674e-07
    endloop
  endfacet
  facet normal 0 1 -0
    outer loop
      vertex 40.3 24.9 9.53674e-07
      vertex 2 24.9 39.25
      vertex 40.3 24.9 39.25
    endloop
  endfacet
  facet normal 0 1 0
    outer loop
      vertex 2 24.9 39.25
      vertex 40.3 24.9 9.53674e-07
      vertex 2 24.9 9.53674e-07
    endloop
  endfacet
  facet normal 0 -1 0
    outer loop
      vertex 2 6.10352e-06 39.25
      vertex 14.3 6.10352e-06 33.3
      vertex 40.3 6.10352e-06 39.25
    endloop
  endfacet
  facet normal 0 -1 0
    outer loop
      vertex 2 6.10352e-06 39.25
      vertex 14.3 6.10352e-06 29.1
      vertex 14.3 6.10352e-06 33.3
    endloop
  endfacet
  facet normal 0 -1 -0
    outer loop
      vertex 14.3 6.10352e-06 29.1
      vertex 2 6.10352e-06 9.53674e-07
      vertex 28 6.10352e-06 29.1
    endloop
  endfacet
  facet normal 0 -1 0
    outer loop
      vertex 2 6.10352e-06 9.53674e-07
      vertex 14.3 6.10352e-06 29.1
      vertex 2 6.10352e-06 39.25
    endloop
  endfacet
  facet normal 0 -1 0
    outer loop
      vertex 28 6.10352e-06 33.3
      vertex 40.3 6.10352e-06 39.25
      vertex 14.3 6.10352e-06 33.3
    endloop
  endfacet
  facet normal 0 -1 0
    outer loop
      vertex 28 6.10352e-06 29.1
      vertex 40.3 6.10352e-06 39.25
      vertex 28 6.10352e-06 33.3
    endloop
  endfacet
  facet normal 0 -1 0
    outer loop
      vertex 40.3 6.10352e-06 9.53674e-07
      vertex 28 6.10352e-06 29.1
      vertex 2 6.10352e-06 9.53674e-07
    endloop
  endfacet
  facet normal 0 -1 0
    outer loop
      vertex 28 6.10352e-06 29.1
      vertex 40.3 6.10352e-06 9.53674e-07
      vertex 40.3 6.10352e-06 39.25
    endloop
  endfacet
  facet normal 0 0 -1
    outer loop
      vertex 6.3 21.25 9.53674e-07
      vertex 6.89999 21.25 9.53674e-07
      vertex 6.88434 20.9314 9.53674e-07
    endloop
  endfacet
  facet normal 0 0 -1
    outer loop
      vertex 6.28724 20.9903 9.53674e-07
      vertex 6.88434 20.9314 9.53674e-07
      vertex 6.83754 20.616 9.53674e-07
    endloop
  endfacet
  facet normal 0 0 -1
    outer loop
      vertex 6.89999 21.25 9.53674e-07
      vertex 6.3 21.25 9.53674e-07
      vertex 6.88434 21.5686 9.53674e-07
    endloop
  endfacet
  facet normal 0 0 -1
    outer loop
      vertex 6.24908 20.733 9.53674e-07
      vertex 6.83754 20.616 9.53674e-07
      vertex 6.76006 20.3066 9.53674e-07
    endloop
  endfacet
  facet normal 0 0 -1
    outer loop
      vertex 6.28724 21.5097 9.53674e-07
      vertex 6.88434 21.5686 9.53674e-07
      vertex 6.3 21.25 9.53674e-07
    endloop
  endfacet
  facet normal 0 0 -1
    outer loop
      vertex 6.18589 20.4807 9.53674e-07
      vertex 6.76006 20.3066 9.53674e-07
      vertex 6.6526 20.0063 9.53674e-07
    endloop
  endfacet
  facet normal -0 0 -1
    outer loop
      vertex 6.88434 21.5686 9.53674e-07
      vertex 6.28724 21.5097 9.53674e-07
      vertex 6.83754 21.8841 9.53674e-07
    endloop
  endfacet
  facet normal 0 0 -1
    outer loop
      vertex 6.09828 20.2359 9.53674e-07
      vertex 6.6526 20.0063 9.53674e-07
      vertex 6.51624 19.718 9.53674e-07
    endloop
  endfacet
  facet normal 0 0 -1
    outer loop
      vertex 6.24908 21.767 9.53674e-07
      vertex 6.83754 21.8841 9.53674e-07
      vertex 6.28724 21.5097 9.53674e-07
    endloop
  endfacet
  facet normal 0 0 -1
    outer loop
      vertex 5.98709 20.0008 9.53674e-07
      vertex 6.51624 19.718 9.53674e-07
      vertex 6.35226 19.4444 9.53674e-07
    endloop
  endfacet
  facet normal -0 0 -1
    outer loop
      vertex 6.83754 21.8841 9.53674e-07
      vertex 6.24908 21.767 9.53674e-07
      vertex 6.76006 22.1934 9.53674e-07
    endloop
  endfacet
  facet normal 0 0 -1
    outer loop
      vertex 6.18589 22.0193 9.53674e-07
      vertex 6.76006 22.1934 9.53674e-07
      vertex 6.24908 21.767 9.53674e-07
    endloop
  endfacet
  facet normal 0 0 -1
    outer loop
      vertex 6.88434 20.9314 9.53674e-07
      vertex 6.28724 20.9903 9.53674e-07
      vertex 6.3 21.25 9.53674e-07
    endloop
  endfacet
  facet normal 0 0 -1
    outer loop
      vertex 6.83754 20.616 9.53674e-07
      vertex 6.24908 20.733 9.53674e-07
      vertex 6.28724 20.9903 9.53674e-07
    endloop
  endfacet
  facet normal 0 0 -1
    outer loop
      vertex 6.76006 20.3066 9.53674e-07
      vertex 6.18589 20.4807 9.53674e-07
      vertex 6.24908 20.733 9.53674e-07
    endloop
  endfacet
  facet normal 0 0 -1
    outer loop
      vertex 5.85339 19.7777 9.53674e-07
      vertex 6.35226 19.4444 9.53674e-07
      vertex 6.16228 19.1882 9.53674e-07
    endloop
  endfacet
  facet normal 0 0 -1
    outer loop
      vertex 6.6526 20.0063 9.53674e-07
      vertex 6.09828 20.2359 9.53674e-07
      vertex 6.18589 20.4807 9.53674e-07
    endloop
  endfacet
  facet normal 0 0 -1
    outer loop
      vertex 6.51624 19.718 9.53674e-07
      vertex 5.98709 20.0008 9.53674e-07
      vertex 6.09828 20.2359 9.53674e-07
    endloop
  endfacet
  facet normal 0 0 -1
    outer loop
      vertex 5.69848 19.5689 9.53674e-07
      vertex 6.16228 19.1882 9.53674e-07
      vertex 5.94809 18.9519 9.53674e-07
    endloop
  endfacet
  facet normal 0 0 -1
    outer loop
      vertex 6.35226 19.4444 9.53674e-07
      vertex 5.85339 19.7777 9.53674e-07
      vertex 5.98709 20.0008 9.53674e-07
    endloop
  endfacet
  facet normal 0 0 -1
    outer loop
      vertex 5.52383 19.3762 9.53674e-07
      vertex 5.94809 18.9519 9.53674e-07
      vertex 5.71178 18.7377 9.53674e-07
    endloop
  endfacet
  facet normal 0 0 -1
    outer loop
      vertex 6.16228 19.1882 9.53674e-07
      vertex 5.69848 19.5689 9.53674e-07
      vertex 5.85339 19.7777 9.53674e-07
    endloop
  endfacet
  facet normal 0 0 -1
    outer loop
      vertex 5.94809 18.9519 9.53674e-07
      vertex 5.52383 19.3762 9.53674e-07
      vertex 5.69848 19.5689 9.53674e-07
    endloop
  endfacet
  facet normal 0 0 -1
    outer loop
      vertex 5.33114 19.2015 9.53674e-07
      vertex 5.71178 18.7377 9.53674e-07
      vertex 5.4556 18.5477 9.53674e-07
    endloop
  endfacet
  facet normal 0 0 -1
    outer loop
      vertex 5.71178 18.7377 9.53674e-07
      vertex 5.33114 19.2015 9.53674e-07
      vertex 5.52383 19.3762 9.53674e-07
    endloop
  endfacet
  facet normal 0 0 -1
    outer loop
      vertex 5.12226 19.0466 9.53674e-07
      vertex 5.4556 18.5477 9.53674e-07
      vertex 5.18204 18.3838 9.53674e-07
    endloop
  endfacet
  facet normal 0 0 -1
    outer loop
      vertex 5.4556 18.5477 9.53674e-07
      vertex 5.12226 19.0466 9.53674e-07
      vertex 5.33114 19.2015 9.53674e-07
    endloop
  endfacet
  facet normal 0 0 -1
    outer loop
      vertex 5.18204 18.3838 9.53674e-07
      vertex 4.8992 18.9129 9.53674e-07
      vertex 5.12226 19.0466 9.53674e-07
    endloop
  endfacet
  facet normal 0 0 -1
    outer loop
      vertex 4.89371 18.2474 9.53674e-07
      vertex 4.8992 18.9129 9.53674e-07
      vertex 5.18204 18.3838 9.53674e-07
    endloop
  endfacet
  facet normal 0 0 -1
    outer loop
      vertex 4.89371 18.2474 9.53674e-07
      vertex 4.66411 18.8017 9.53674e-07
      vertex 4.8992 18.9129 9.53674e-07
    endloop
  endfacet
  facet normal 0 0 -1
    outer loop
      vertex 4.59341 18.1399 9.53674e-07
      vertex 4.66411 18.8017 9.53674e-07
      vertex 4.89371 18.2474 9.53674e-07
    endloop
  endfacet
  facet normal 0 0 -1
    outer loop
      vertex 4.59341 18.1399 9.53674e-07
      vertex 4.41925 18.7141 9.53674e-07
      vertex 4.66411 18.8017 9.53674e-07
    endloop
  endfacet
  facet normal 0 0 -1
    outer loop
      vertex 4.28404 18.0625 9.53674e-07
      vertex 4.41925 18.7141 9.53674e-07
      vertex 4.59341 18.1399 9.53674e-07
    endloop
  endfacet
  facet normal 0 0 -1
    outer loop
      vertex 4.28404 18.0625 9.53674e-07
      vertex 4.16699 18.6509 9.53674e-07
      vertex 4.41925 18.7141 9.53674e-07
    endloop
  endfacet
  facet normal 0 0 -1
    outer loop
      vertex 3.96855 18.0157 9.53674e-07
      vertex 4.16699 18.6509 9.53674e-07
      vertex 4.28404 18.0625 9.53674e-07
    endloop
  endfacet
  facet normal 0 0 -1
    outer loop
      vertex 3.96855 18.0157 9.53674e-07
      vertex 3.90975 18.6128 9.53674e-07
      vertex 4.16699 18.6509 9.53674e-07
    endloop
  endfacet
  facet normal 0 0 -1
    outer loop
      vertex 3.96855 18.0157 9.53674e-07
      vertex 3.65 18.6 9.53674e-07
      vertex 3.90975 18.6128 9.53674e-07
    endloop
  endfacet
  facet normal 0 0 -1
    outer loop
      vertex 3.64999 18 9.53674e-07
      vertex 3.65 18.6 9.53674e-07
      vertex 3.96855 18.0157 9.53674e-07
    endloop
  endfacet
  facet normal 0 0 -1
    outer loop
      vertex 3.64999 18 9.53674e-07
      vertex 3.39025 18.6128 9.53674e-07
      vertex 3.65 18.6 9.53674e-07
    endloop
  endfacet
  facet normal 0 0 -1
    outer loop
      vertex 3.33144 18.0157 9.53674e-07
      vertex 3.39025 18.6128 9.53674e-07
      vertex 3.64999 18 9.53674e-07
    endloop
  endfacet
  facet normal 0 0 -1
    outer loop
      vertex 3.33144 18.0157 9.53674e-07
      vertex 3.13301 18.6509 9.53674e-07
      vertex 3.39025 18.6128 9.53674e-07
    endloop
  endfacet
  facet normal 0 0 -1
    outer loop
      vertex 3.01595 18.0625 9.53674e-07
      vertex 3.13301 18.6509 9.53674e-07
      vertex 3.33144 18.0157 9.53674e-07
    endloop
  endfacet
  facet normal 0 0 -1
    outer loop
      vertex 3.01595 18.0625 9.53674e-07
      vertex 2.88074 18.7141 9.53674e-07
      vertex 3.13301 18.6509 9.53674e-07
    endloop
  endfacet
  facet normal 0 0 -1
    outer loop
      vertex 2.70657 18.1399 9.53674e-07
      vertex 2.88074 18.7141 9.53674e-07
      vertex 3.01595 18.0625 9.53674e-07
    endloop
  endfacet
  facet normal 0 0 -1
    outer loop
      vertex 2.70657 18.1399 9.53674e-07
      vertex 2.63589 18.8017 9.53674e-07
      vertex 2.88074 18.7141 9.53674e-07
    endloop
  endfacet
  facet normal 0 0 -1
    outer loop
      vertex 2.40627 18.2474 9.53674e-07
      vertex 2.63589 18.8017 9.53674e-07
      vertex 2.70657 18.1399 9.53674e-07
    endloop
  endfacet
  facet normal 0 0 -1
    outer loop
      vertex 2.40627 18.2474 9.53674e-07
      vertex 2.4008 18.9129 9.53674e-07
      vertex 2.63589 18.8017 9.53674e-07
    endloop
  endfacet
  facet normal 0 0 -1
    outer loop
      vertex 2.11795 18.3838 9.53674e-07
      vertex 2.4008 18.9129 9.53674e-07
      vertex 2.40627 18.2474 9.53674e-07
    endloop
  endfacet
  facet normal -0 0 -1
    outer loop
      vertex 2.4008 18.9129 9.53674e-07
      vertex 2.11795 18.3838 9.53674e-07
      vertex 2.17774 19.0466 9.53674e-07
    endloop
  endfacet
  facet normal 0 0 -1
    outer loop
      vertex 1.84439 18.5477 9.53674e-07
      vertex 2.17774 19.0466 9.53674e-07
      vertex 2.11795 18.3838 9.53674e-07
    endloop
  endfacet
  facet normal 0 0 -1
    outer loop
      vertex 1.59999 18.729 9.53674e-07
      vertex 2.17774 19.0466 9.53674e-07
      vertex 1.84439 18.5477 9.53674e-07
    endloop
  endfacet
  facet normal -0 0 -1
    outer loop
      vertex 2.17774 19.0466 9.53674e-07
      vertex 1.59999 18.729 9.53674e-07
      vertex 1.96886 19.2015 9.53674e-07
    endloop
  endfacet
  facet normal -0 0 -1
    outer loop
      vertex 1.96886 19.2015 9.53674e-07
      vertex 1.59999 18.729 9.53674e-07
      vertex 1.77617 19.3762 9.53674e-07
    endloop
  endfacet
  facet normal -0 0 -1
    outer loop
      vertex 1.77617 19.3762 9.53674e-07
      vertex 1.59999 18.729 9.53674e-07
      vertex 1.60152 19.5689 9.53674e-07
    endloop
  endfacet
  facet normal 0 0 -1
    outer loop
      vertex 1.20172 4.66411 9.53674e-07
      vertex 1.59999 6.17104 9.53674e-07
      vertex 1.31291 4.8992 9.53674e-07
    endloop
  endfacet
  facet normal 0 0 -1
    outer loop
      vertex 1.59999 18.729 9.53674e-07
      vertex 1.4466 19.7777 9.53674e-07
      vertex 1.60152 19.5689 9.53674e-07
    endloop
  endfacet
  facet normal 0 0 -1
    outer loop
      vertex 1.11411 4.41925 9.53674e-07
      vertex 1.59999 6.17104 9.53674e-07
      vertex 1.20172 4.66411 9.53674e-07
    endloop
  endfacet
  facet normal 0 0 -1
    outer loop
      vertex 1.59999 18.729 9.53674e-07
      vertex 1.31291 20.0008 9.53674e-07
      vertex 1.4466 19.7777 9.53674e-07
    endloop
  endfacet
  facet normal -0 0 -1
    outer loop
      vertex 1.59999 6.17104 9.53674e-07
      vertex 0 2.00001 9.53674e-07
      vertex 1.59999 18.729 9.53674e-07
    endloop
  endfacet
  facet normal 0 0 -1
    outer loop
      vertex 1.59999 18.729 9.53674e-07
      vertex 1.20172 20.2359 9.53674e-07
      vertex 1.31291 20.0008 9.53674e-07
    endloop
  endfacet
  facet normal 0 0 -1
    outer loop
      vertex 1.59999 6.17104 9.53674e-07
      vertex 1.11411 4.41925 9.53674e-07
      vertex 0 2.00001 9.53674e-07
    endloop
  endfacet
  facet normal 0 0 -1
    outer loop
      vertex 0 22.9 9.53674e-07
      vertex 1.59999 18.729 9.53674e-07
      vertex 0 2.00001 9.53674e-07
    endloop
  endfacet
  facet normal 0 0 -1
    outer loop
      vertex 0 2.00001 9.53674e-07
      vertex 1.11411 4.41925 9.53674e-07
      vertex 1.05092 4.16699 9.53674e-07
    endloop
  endfacet
  facet normal -0 -0 -1
    outer loop
      vertex 1.11411 20.4807 9.53674e-07
      vertex 1.59999 18.729 9.53674e-07
      vertex 0 22.9 9.53674e-07
    endloop
  endfacet
  facet normal 0 0 -1
    outer loop
      vertex 0 2.00001 9.53674e-07
      vertex 1.05092 4.16699 9.53674e-07
      vertex 1.01276 3.90975 9.53674e-07
    endloop
  endfacet
  facet normal 0 0 -1
    outer loop
      vertex 1.59999 18.729 9.53674e-07
      vertex 1.11411 20.4807 9.53674e-07
      vertex 1.20172 20.2359 9.53674e-07
    endloop
  endfacet
  facet normal 0 0 -1
    outer loop
      vertex 0 2.00001 9.53674e-07
      vertex 1.01276 3.90975 9.53674e-07
      vertex 1 3.65 9.53674e-07
    endloop
  endfacet
  facet normal 0 0 -1
    outer loop
      vertex 1.11411 20.4807 9.53674e-07
      vertex 0 22.9 9.53674e-07
      vertex 1.05092 20.733 9.53674e-07
    endloop
  endfacet
  facet normal -0 0 -1
    outer loop
      vertex 6.76006 22.1934 9.53674e-07
      vertex 6.18589 22.0193 9.53674e-07
      vertex 6.6526 22.4937 9.53674e-07
    endloop
  endfacet
  facet normal 0 0 -1
    outer loop
      vertex 6.09828 22.2641 9.53674e-07
      vertex 6.6526 22.4937 9.53674e-07
      vertex 6.18589 22.0193 9.53674e-07
    endloop
  endfacet
  facet normal -0 0 -1
    outer loop
      vertex 6.6526 22.4937 9.53674e-07
      vertex 6.09828 22.2641 9.53674e-07
      vertex 6.51624 22.782 9.53674e-07
    endloop
  endfacet
  facet normal 0 0 -1
    outer loop
      vertex 5.98709 22.4992 9.53674e-07
      vertex 6.51624 22.782 9.53674e-07
      vertex 6.09828 22.2641 9.53674e-07
    endloop
  endfacet
  facet normal -0 0 -1
    outer loop
      vertex 6.51624 22.782 9.53674e-07
      vertex 5.98709 22.4992 9.53674e-07
      vertex 6.35226 23.0556 9.53674e-07
    endloop
  endfacet
  facet normal 0 0 -1
    outer loop
      vertex 6.3 3.65 9.53674e-07
      vertex 6.89999 3.65 9.53674e-07
      vertex 6.88434 3.33146 9.53674e-07
    endloop
  endfacet
  facet normal 0 0 -1
    outer loop
      vertex 6.28724 3.39026 9.53674e-07
      vertex 6.88434 3.33146 9.53674e-07
      vertex 6.83754 3.01597 9.53674e-07
    endloop
  endfacet
  facet normal 0 0 -1
    outer loop
      vertex 6.89999 3.65 9.53674e-07
      vertex 6.3 3.65 9.53674e-07
      vertex 6.88434 3.96856 9.53674e-07
    endloop
  endfacet
  facet normal 0 0 -1
    outer loop
      vertex 6.24908 3.13301 9.53674e-07
      vertex 6.83754 3.01597 9.53674e-07
      vertex 6.76006 2.70658 9.53674e-07
    endloop
  endfacet
  facet normal 0 0 -1
    outer loop
      vertex 6.28724 3.90975 9.53674e-07
      vertex 6.88434 3.96856 9.53674e-07
      vertex 6.3 3.65 9.53674e-07
    endloop
  endfacet
  facet normal 0 0 -1
    outer loop
      vertex 6.18589 2.88075 9.53674e-07
      vertex 6.76006 2.70658 9.53674e-07
      vertex 6.6526 2.40629 9.53674e-07
    endloop
  endfacet
  facet normal -0 0 -1
    outer loop
      vertex 6.88434 3.96856 9.53674e-07
      vertex 6.28724 3.90975 9.53674e-07
      vertex 6.83754 4.28405 9.53674e-07
    endloop
  endfacet
  facet normal 0 0 -1
    outer loop
      vertex 6.09828 2.63589 9.53674e-07
      vertex 6.6526 2.40629 9.53674e-07
      vertex 6.51624 2.11797 9.53674e-07
    endloop
  endfacet
  facet normal 0 0 -1
    outer loop
      vertex 6.24908 4.16699 9.53674e-07
      vertex 6.83754 4.28405 9.53674e-07
      vertex 6.28724 3.90975 9.53674e-07
    endloop
  endfacet
  facet normal 0 0 -1
    outer loop
      vertex 5.98709 2.4008 9.53674e-07
      vertex 6.51624 2.11797 9.53674e-07
      vertex 6.35226 1.8444 9.53674e-07
    endloop
  endfacet
  facet normal -0 0 -1
    outer loop
      vertex 6.83754 4.28405 9.53674e-07
      vertex 6.24908 4.16699 9.53674e-07
      vertex 6.76006 4.59344 9.53674e-07
    endloop
  endfacet
  facet normal 0 0 -1
    outer loop
      vertex 6.18589 4.41925 9.53674e-07
      vertex 6.76006 4.59344 9.53674e-07
      vertex 6.24908 4.16699 9.53674e-07
    endloop
  endfacet
  facet normal 0 0 -1
    outer loop
      vertex 6.88434 3.33146 9.53674e-07
      vertex 6.28724 3.39026 9.53674e-07
      vertex 6.3 3.65 9.53674e-07
    endloop
  endfacet
  facet normal 0 0 -1
    outer loop
      vertex 6.83754 3.01597 9.53674e-07
      vertex 6.24908 3.13301 9.53674e-07
      vertex 6.28724 3.39026 9.53674e-07
    endloop
  endfacet
  facet normal 0 0 -1
    outer loop
      vertex 6.76006 2.70658 9.53674e-07
      vertex 6.18589 2.88075 9.53674e-07
      vertex 6.24908 3.13301 9.53674e-07
    endloop
  endfacet
  facet normal 0 0 -1
    outer loop
      vertex 5.85339 2.17774 9.53674e-07
      vertex 6.35226 1.8444 9.53674e-07
      vertex 6.171 1.59999 9.53674e-07
    endloop
  endfacet
  facet normal 0 0 -1
    outer loop
      vertex 6.6526 2.40629 9.53674e-07
      vertex 6.09828 2.63589 9.53674e-07
      vertex 6.18589 2.88075 9.53674e-07
    endloop
  endfacet
  facet normal -0 0 -1
    outer loop
      vertex 6.76006 4.59344 9.53674e-07
      vertex 6.18589 4.41925 9.53674e-07
      vertex 6.6526 4.89373 9.53674e-07
    endloop
  endfacet
  facet normal 0 0 -1
    outer loop
      vertex 6.09828 4.66411 9.53674e-07
      vertex 6.6526 4.89373 9.53674e-07
      vertex 6.18589 4.41925 9.53674e-07
    endloop
  endfacet
  facet normal -0 0 -1
    outer loop
      vertex 6.6526 4.89373 9.53674e-07
      vertex 6.09828 4.66411 9.53674e-07
      vertex 6.51624 5.18204 9.53674e-07
    endloop
  endfacet
  facet normal 0 0 -1
    outer loop
      vertex 5.98709 4.8992 9.53674e-07
      vertex 6.51624 5.18204 9.53674e-07
      vertex 6.09828 4.66411 9.53674e-07
    endloop
  endfacet
  facet normal -0 0 -1
    outer loop
      vertex 6.51624 5.18204 9.53674e-07
      vertex 5.98709 4.8992 9.53674e-07
      vertex 6.35226 5.45562 9.53674e-07
    endloop
  endfacet
  facet normal 0 0 -1
    outer loop
      vertex 5.85339 5.12226 9.53674e-07
      vertex 6.35226 5.45562 9.53674e-07
      vertex 5.98709 4.8992 9.53674e-07
    endloop
  endfacet
  facet normal -0 0 -1
    outer loop
      vertex 6.35226 5.45562 9.53674e-07
      vertex 5.85339 5.12226 9.53674e-07
      vertex 6.16228 5.71178 9.53674e-07
    endloop
  endfacet
  facet normal 0 0 -1
    outer loop
      vertex 5.69848 5.33114 9.53674e-07
      vertex 6.16228 5.71178 9.53674e-07
      vertex 5.85339 5.12226 9.53674e-07
    endloop
  endfacet
  facet normal -0 0 -1
    outer loop
      vertex 6.16228 5.71178 9.53674e-07
      vertex 5.69848 5.33114 9.53674e-07
      vertex 5.94809 5.94811 9.53674e-07
    endloop
  endfacet
  facet normal 0 0 -1
    outer loop
      vertex 5.52383 5.52383 9.53674e-07
      vertex 5.94809 5.94811 9.53674e-07
      vertex 5.69848 5.33114 9.53674e-07
    endloop
  endfacet
  facet normal -0 0 -1
    outer loop
      vertex 5.94809 5.94811 9.53674e-07
      vertex 5.52383 5.52383 9.53674e-07
      vertex 5.71178 6.1623 9.53674e-07
    endloop
  endfacet
  facet normal 0 0 -1
    outer loop
      vertex 5.33114 5.69848 9.53674e-07
      vertex 5.71178 6.1623 9.53674e-07
      vertex 5.52383 5.52383 9.53674e-07
    endloop
  endfacet
  facet normal -0 0 -1
    outer loop
      vertex 5.71178 6.1623 9.53674e-07
      vertex 5.33114 5.69848 9.53674e-07
      vertex 5.4556 6.35229 9.53674e-07
    endloop
  endfacet
  facet normal 0 0 -1
    outer loop
      vertex 5.12226 5.85339 9.53674e-07
      vertex 5.4556 6.35229 9.53674e-07
      vertex 5.33114 5.69848 9.53674e-07
    endloop
  endfacet
  facet normal -0 0 -1
    outer loop
      vertex 5.4556 6.35229 9.53674e-07
      vertex 5.12226 5.85339 9.53674e-07
      vertex 5.18204 6.51626 9.53674e-07
    endloop
  endfacet
  facet normal 0 0 -1
    outer loop
      vertex 4.8992 5.98709 9.53674e-07
      vertex 5.18204 6.51626 9.53674e-07
      vertex 5.12226 5.85339 9.53674e-07
    endloop
  endfacet
  facet normal 0 0 -1
    outer loop
      vertex 4.8992 5.98709 9.53674e-07
      vertex 4.89371 6.65261 9.53674e-07
      vertex 5.18204 6.51626 9.53674e-07
    endloop
  endfacet
  facet normal 0 0 -1
    outer loop
      vertex 4.66411 6.09828 9.53674e-07
      vertex 4.89371 6.65261 9.53674e-07
      vertex 4.8992 5.98709 9.53674e-07
    endloop
  endfacet
  facet normal 0 0 -1
    outer loop
      vertex 4.66411 6.09828 9.53674e-07
      vertex 4.59341 6.76006 9.53674e-07
      vertex 4.89371 6.65261 9.53674e-07
    endloop
  endfacet
  facet normal 0 0 -1
    outer loop
      vertex 4.41925 6.18589 9.53674e-07
      vertex 4.59341 6.76006 9.53674e-07
      vertex 4.66411 6.09828 9.53674e-07
    endloop
  endfacet
  facet normal 0 0 -1
    outer loop
      vertex 4.41925 6.18589 9.53674e-07
      vertex 4.28404 6.83756 9.53674e-07
      vertex 4.59341 6.76006 9.53674e-07
    endloop
  endfacet
  facet normal 0 0 -1
    outer loop
      vertex 4.16699 6.24908 9.53674e-07
      vertex 4.28404 6.83756 9.53674e-07
      vertex 4.41925 6.18589 9.53674e-07
    endloop
  endfacet
  facet normal 0 0 -1
    outer loop
      vertex 4.16699 6.24908 9.53674e-07
      vertex 3.96855 6.88436 9.53674e-07
      vertex 4.28404 6.83756 9.53674e-07
    endloop
  endfacet
  facet normal 0 0 -1
    outer loop
      vertex 3.90975 6.28724 9.53674e-07
      vertex 3.96855 6.88436 9.53674e-07
      vertex 4.16699 6.24908 9.53674e-07
    endloop
  endfacet
  facet normal 0 0 -1
    outer loop
      vertex 3.65 6.3 9.53674e-07
      vertex 3.96855 6.88436 9.53674e-07
      vertex 3.90975 6.28724 9.53674e-07
    endloop
  endfacet
  facet normal 0 0 -1
    outer loop
      vertex 3.65 6.3 9.53674e-07
      vertex 3.64999 6.9 9.53674e-07
      vertex 3.96855 6.88436 9.53674e-07
    endloop
  endfacet
  facet normal 0 0 -1
    outer loop
      vertex 3.39025 6.28724 9.53674e-07
      vertex 3.64999 6.9 9.53674e-07
      vertex 3.65 6.3 9.53674e-07
    endloop
  endfacet
  facet normal 0 0 -1
    outer loop
      vertex 3.39025 6.28724 9.53674e-07
      vertex 3.33144 6.88436 9.53674e-07
      vertex 3.64999 6.9 9.53674e-07
    endloop
  endfacet
  facet normal 0 0 -1
    outer loop
      vertex 3.13301 6.24908 9.53674e-07
      vertex 3.33144 6.88436 9.53674e-07
      vertex 3.39025 6.28724 9.53674e-07
    endloop
  endfacet
  facet normal 0 0 -1
    outer loop
      vertex 3.13301 6.24908 9.53674e-07
      vertex 3.01595 6.83756 9.53674e-07
      vertex 3.33144 6.88436 9.53674e-07
    endloop
  endfacet
  facet normal 0 0 -1
    outer loop
      vertex 2.88074 6.18589 9.53674e-07
      vertex 3.01595 6.83756 9.53674e-07
      vertex 3.13301 6.24908 9.53674e-07
    endloop
  endfacet
  facet normal 0 0 -1
    outer loop
      vertex 2.88074 6.18589 9.53674e-07
      vertex 2.70657 6.76006 9.53674e-07
      vertex 3.01595 6.83756 9.53674e-07
    endloop
  endfacet
  facet normal 0 0 -1
    outer loop
      vertex 2.63589 6.09828 9.53674e-07
      vertex 2.70657 6.76006 9.53674e-07
      vertex 2.88074 6.18589 9.53674e-07
    endloop
  endfacet
  facet normal 0 0 -1
    outer loop
      vertex 2.63589 6.09828 9.53674e-07
      vertex 2.40627 6.65261 9.53674e-07
      vertex 2.70657 6.76006 9.53674e-07
    endloop
  endfacet
  facet normal 0 0 -1
    outer loop
      vertex 2.4008 5.98709 9.53674e-07
      vertex 2.40627 6.65261 9.53674e-07
      vertex 2.63589 6.09828 9.53674e-07
    endloop
  endfacet
  facet normal 0 0 -1
    outer loop
      vertex 2.11795 6.51626 9.53674e-07
      vertex 2.4008 5.98709 9.53674e-07
      vertex 2.17774 5.85339 9.53674e-07
    endloop
  endfacet
  facet normal 0 0 -1
    outer loop
      vertex 2.4008 5.98709 9.53674e-07
      vertex 2.11795 6.51626 9.53674e-07
      vertex 2.40627 6.65261 9.53674e-07
    endloop
  endfacet
  facet normal 0 0 -1
    outer loop
      vertex 1.59999 6.17104 9.53674e-07
      vertex 2.17774 5.85339 9.53674e-07
      vertex 1.96886 5.69848 9.53674e-07
    endloop
  endfacet
  facet normal 0 0 -1
    outer loop
      vertex 2.17774 5.85339 9.53674e-07
      vertex 1.84439 6.35229 9.53674e-07
      vertex 2.11795 6.51626 9.53674e-07
    endloop
  endfacet
  facet normal 0 0 -1
    outer loop
      vertex 1.59999 6.17104 9.53674e-07
      vertex 1.96886 5.69848 9.53674e-07
      vertex 1.77617 5.52383 9.53674e-07
    endloop
  endfacet
  facet normal 0 0 -1
    outer loop
      vertex 1.59999 6.17104 9.53674e-07
      vertex 1.77617 5.52383 9.53674e-07
      vertex 1.60152 5.33114 9.53674e-07
    endloop
  endfacet
  facet normal 0 0 -1
    outer loop
      vertex 2.17774 5.85339 9.53674e-07
      vertex 1.59999 6.17104 9.53674e-07
      vertex 1.84439 6.35229 9.53674e-07
    endloop
  endfacet
  facet normal 0 0 -1
    outer loop
      vertex 1.31291 4.8992 9.53674e-07
      vertex 1.59999 6.17104 9.53674e-07
      vertex 1.4466 5.12226 9.53674e-07
    endloop
  endfacet
  facet normal 0 0 -1
    outer loop
      vertex 1.4466 5.12226 9.53674e-07
      vertex 1.59999 6.17104 9.53674e-07
      vertex 1.60152 5.33114 9.53674e-07
    endloop
  endfacet
  facet normal 0 0 -1
    outer loop
      vertex 35.6474 22.4937 9.53674e-07
      vertex 36.2017 22.2641 9.53674e-07
      vertex 36.1141 22.0193 9.53674e-07
    endloop
  endfacet
  facet normal 0 0 -1
    outer loop
      vertex 35.5399 22.1934 9.53674e-07
      vertex 36.1141 22.0193 9.53674e-07
      vertex 36.0509 21.767 9.53674e-07
    endloop
  endfacet
  facet normal 0 0 -1
    outer loop
      vertex 35.4624 21.8841 9.53674e-07
      vertex 36.0509 21.767 9.53674e-07
      vertex 36.0128 21.5097 9.53674e-07
    endloop
  endfacet
  facet normal 0 0 -1
    outer loop
      vertex 36.2017 22.2641 9.53674e-07
      vertex 35.9477 23.0556 9.53674e-07
      vertex 36.129 23.3 9.53674e-07
    endloop
  endfacet
  facet normal 0 0 -1
    outer loop
      vertex 35.4156 21.5686 9.53674e-07
      vertex 36.0128 21.5097 9.53674e-07
      vertex 36 21.25 9.53674e-07
    endloop
  endfacet
  facet normal -0 0 -1
    outer loop
      vertex 36.1141 20.4807 9.53674e-07
      vertex 35.5399 20.3066 9.53674e-07
      vertex 36.0509 20.733 9.53674e-07
    endloop
  endfacet
  facet normal 0 0 -1
    outer loop
      vertex 35.4624 20.616 9.53674e-07
      vertex 36.0509 20.733 9.53674e-07
      vertex 35.5399 20.3066 9.53674e-07
    endloop
  endfacet
  facet normal 0 0 -1
    outer loop
      vertex 36.2017 22.2641 9.53674e-07
      vertex 35.7838 22.782 9.53674e-07
      vertex 35.9477 23.0556 9.53674e-07
    endloop
  endfacet
  facet normal -0 0 -1
    outer loop
      vertex 36.0509 20.733 9.53674e-07
      vertex 35.4624 20.616 9.53674e-07
      vertex 36.0128 20.9903 9.53674e-07
    endloop
  endfacet
  facet normal 0 0 -1
    outer loop
      vertex 36.2017 22.2641 9.53674e-07
      vertex 35.6474 22.4937 9.53674e-07
      vertex 35.7838 22.782 9.53674e-07
    endloop
  endfacet
  facet normal 0 0 -1
    outer loop
      vertex 35.4156 20.9314 9.53674e-07
      vertex 36.0128 20.9903 9.53674e-07
      vertex 35.4624 20.616 9.53674e-07
    endloop
  endfacet
  facet normal 0 0 -1
    outer loop
      vertex 36.1141 22.0193 9.53674e-07
      vertex 35.5399 22.1934 9.53674e-07
      vertex 35.6474 22.4937 9.53674e-07
    endloop
  endfacet
  facet normal -0 0 -1
    outer loop
      vertex 36.0128 20.9903 9.53674e-07
      vertex 35.4156 20.9314 9.53674e-07
      vertex 36 21.25 9.53674e-07
    endloop
  endfacet
  facet normal 0 0 -1
    outer loop
      vertex 36.0509 21.767 9.53674e-07
      vertex 35.4624 21.8841 9.53674e-07
      vertex 35.5399 22.1934 9.53674e-07
    endloop
  endfacet
  facet normal 0 0 -1
    outer loop
      vertex 35.4 21.25 9.53674e-07
      vertex 36 21.25 9.53674e-07
      vertex 35.4156 20.9314 9.53674e-07
    endloop
  endfacet
  facet normal 0 0 -1
    outer loop
      vertex 36.0128 21.5097 9.53674e-07
      vertex 35.4156 21.5686 9.53674e-07
      vertex 35.4624 21.8841 9.53674e-07
    endloop
  endfacet
  facet normal 0 0 -1
    outer loop
      vertex 36 21.25 9.53674e-07
      vertex 35.4 21.25 9.53674e-07
      vertex 35.4156 21.5686 9.53674e-07
    endloop
  endfacet
  facet normal 0 0 -1
    outer loop
      vertex 41.1859 4.41925 9.53674e-07
      vertex 42.3 2.00001 9.53674e-07
      vertex 41.2491 4.16699 9.53674e-07
    endloop
  endfacet
  facet normal 0 0 -1
    outer loop
      vertex 42.3 22.9 9.53674e-07
      vertex 41.2872 20.9903 9.53674e-07
      vertex 41.3 21.25 9.53674e-07
    endloop
  endfacet
  facet normal 0 0 -1
    outer loop
      vertex 40.7 6.17103 9.53674e-07
      vertex 42.3 2.00001 9.53674e-07
      vertex 41.1859 4.41925 9.53674e-07
    endloop
  endfacet
  facet normal 0 0 -1
    outer loop
      vertex 42.3 22.9 9.53674e-07
      vertex 41.2491 20.733 9.53674e-07
      vertex 41.2872 20.9903 9.53674e-07
    endloop
  endfacet
  facet normal 0 0 -1
    outer loop
      vertex 42.3 2.00001 9.53674e-07
      vertex 40.7 6.17103 9.53674e-07
      vertex 42.3 22.9 9.53674e-07
    endloop
  endfacet
  facet normal 0 0 -1
    outer loop
      vertex 42.3 22.9 9.53674e-07
      vertex 41.1859 20.4807 9.53674e-07
      vertex 41.2491 20.733 9.53674e-07
    endloop
  endfacet
  facet normal 0 0 -1
    outer loop
      vertex 40.7 6.17103 9.53674e-07
      vertex 41.1859 4.41925 9.53674e-07
      vertex 41.0983 4.66411 9.53674e-07
    endloop
  endfacet
  facet normal 0 0 -1
    outer loop
      vertex 40.7 18.729 9.53674e-07
      vertex 42.3 22.9 9.53674e-07
      vertex 40.7 6.17103 9.53674e-07
    endloop
  endfacet
  facet normal 0 0 -1
    outer loop
      vertex 40.7 6.17103 9.53674e-07
      vertex 41.0983 4.66411 9.53674e-07
      vertex 40.9871 4.8992 9.53674e-07
    endloop
  endfacet
  facet normal 0 0 -1
    outer loop
      vertex 42.3 22.9 9.53674e-07
      vertex 40.7 18.729 9.53674e-07
      vertex 41.1859 20.4807 9.53674e-07
    endloop
  endfacet
  facet normal 0 0 -1
    outer loop
      vertex 40.7 6.17103 9.53674e-07
      vertex 40.9871 4.8992 9.53674e-07
      vertex 40.8534 5.12226 9.53674e-07
    endloop
  endfacet
  facet normal 0 0 -1
    outer loop
      vertex 41.1859 20.4807 9.53674e-07
      vertex 40.7 18.729 9.53674e-07
      vertex 41.0983 20.2359 9.53674e-07
    endloop
  endfacet
  facet normal 0 0 -1
    outer loop
      vertex 41.0983 20.2359 9.53674e-07
      vertex 40.7 18.729 9.53674e-07
      vertex 40.9871 20.0008 9.53674e-07
    endloop
  endfacet
  facet normal 0 0 -1
    outer loop
      vertex 40.6985 5.33114 9.53674e-07
      vertex 40.7 6.17103 9.53674e-07
      vertex 40.8534 5.12226 9.53674e-07
    endloop
  endfacet
  facet normal 0 0 -1
    outer loop
      vertex 40.5238 5.52383 9.53674e-07
      vertex 40.7 6.17103 9.53674e-07
      vertex 40.6985 5.33114 9.53674e-07
    endloop
  endfacet
  facet normal 0 0 -1
    outer loop
      vertex 40.3311 5.69848 9.53674e-07
      vertex 40.7 6.17103 9.53674e-07
      vertex 40.5238 5.52383 9.53674e-07
    endloop
  endfacet
  facet normal 0 0 -1
    outer loop
      vertex 40.1223 5.85339 9.53674e-07
      vertex 40.7 6.17103 9.53674e-07
      vertex 40.3311 5.69848 9.53674e-07
    endloop
  endfacet
  facet normal -0 0 -1
    outer loop
      vertex 40.7 6.17103 9.53674e-07
      vertex 40.1223 5.85339 9.53674e-07
      vertex 40.4556 6.35229 9.53674e-07
    endloop
  endfacet
  facet normal -0 0 -1
    outer loop
      vertex 40.4556 6.35229 9.53674e-07
      vertex 40.1223 5.85339 9.53674e-07
      vertex 40.182 6.51626 9.53674e-07
    endloop
  endfacet
  facet normal 0 0 -1
    outer loop
      vertex 39.8992 5.98709 9.53674e-07
      vertex 40.182 6.51626 9.53674e-07
      vertex 40.1223 5.85339 9.53674e-07
    endloop
  endfacet
  facet normal 0 0 -1
    outer loop
      vertex 39.8992 5.98709 9.53674e-07
      vertex 39.8937 6.65261 9.53674e-07
      vertex 40.182 6.51626 9.53674e-07
    endloop
  endfacet
  facet normal 0 0 -1
    outer loop
      vertex 39.6641 6.09828 9.53674e-07
      vertex 39.8937 6.65261 9.53674e-07
      vertex 39.8992 5.98709 9.53674e-07
    endloop
  endfacet
  facet normal 0 0 -1
    outer loop
      vertex 39.6641 6.09828 9.53674e-07
      vertex 39.5934 6.76006 9.53674e-07
      vertex 39.8937 6.65261 9.53674e-07
    endloop
  endfacet
  facet normal 0 0 -1
    outer loop
      vertex 39.4193 6.18589 9.53674e-07
      vertex 39.5934 6.76006 9.53674e-07
      vertex 39.6641 6.09828 9.53674e-07
    endloop
  endfacet
  facet normal 0 0 -1
    outer loop
      vertex 39.4193 6.18589 9.53674e-07
      vertex 39.284 6.83756 9.53674e-07
      vertex 39.5934 6.76006 9.53674e-07
    endloop
  endfacet
  facet normal 0 0 -1
    outer loop
      vertex 39.167 6.24908 9.53674e-07
      vertex 39.284 6.83756 9.53674e-07
      vertex 39.4193 6.18589 9.53674e-07
    endloop
  endfacet
  facet normal 0 0 -1
    outer loop
      vertex 39.167 6.24908 9.53674e-07
      vertex 38.9686 6.88436 9.53674e-07
      vertex 39.284 6.83756 9.53674e-07
    endloop
  endfacet
  facet normal 0 0 -1
    outer loop
      vertex 38.9097 6.28724 9.53674e-07
      vertex 38.9686 6.88436 9.53674e-07
      vertex 39.167 6.24908 9.53674e-07
    endloop
  endfacet
  facet normal 0 0 -1
    outer loop
      vertex 38.65 6.3 9.53674e-07
      vertex 38.9686 6.88436 9.53674e-07
      vertex 38.9097 6.28724 9.53674e-07
    endloop
  endfacet
  facet normal 0 0 -1
    outer loop
      vertex 38.65 6.3 9.53674e-07
      vertex 38.65 6.9 9.53674e-07
      vertex 38.9686 6.88436 9.53674e-07
    endloop
  endfacet
  facet normal 0 0 -1
    outer loop
      vertex 38.3903 6.28724 9.53674e-07
      vertex 38.65 6.9 9.53674e-07
      vertex 38.65 6.3 9.53674e-07
    endloop
  endfacet
  facet normal 0 0 -1
    outer loop
      vertex 38.3903 6.28724 9.53674e-07
      vertex 38.3314 6.88436 9.53674e-07
      vertex 38.65 6.9 9.53674e-07
    endloop
  endfacet
  facet normal 0 0 -1
    outer loop
      vertex 38.133 6.24908 9.53674e-07
      vertex 38.3314 6.88436 9.53674e-07
      vertex 38.3903 6.28724 9.53674e-07
    endloop
  endfacet
  facet normal 0 0 -1
    outer loop
      vertex 38.133 6.24908 9.53674e-07
      vertex 38.0159 6.83756 9.53674e-07
      vertex 38.3314 6.88436 9.53674e-07
    endloop
  endfacet
  facet normal 0 0 -1
    outer loop
      vertex 37.8807 6.18589 9.53674e-07
      vertex 38.0159 6.83756 9.53674e-07
      vertex 38.133 6.24908 9.53674e-07
    endloop
  endfacet
  facet normal 0 0 -1
    outer loop
      vertex 37.8807 6.18589 9.53674e-07
      vertex 37.7066 6.76006 9.53674e-07
      vertex 38.0159 6.83756 9.53674e-07
    endloop
  endfacet
  facet normal 0 0 -1
    outer loop
      vertex 37.6359 6.09828 9.53674e-07
      vertex 37.7066 6.76006 9.53674e-07
      vertex 37.8807 6.18589 9.53674e-07
    endloop
  endfacet
  facet normal 0 0 -1
    outer loop
      vertex 37.6359 6.09828 9.53674e-07
      vertex 37.4063 6.65261 9.53674e-07
      vertex 37.7066 6.76006 9.53674e-07
    endloop
  endfacet
  facet normal 0 0 -1
    outer loop
      vertex 37.4008 5.98709 9.53674e-07
      vertex 37.4063 6.65261 9.53674e-07
      vertex 37.6359 6.09828 9.53674e-07
    endloop
  endfacet
  facet normal 0 0 -1
    outer loop
      vertex 37.118 6.51626 9.53674e-07
      vertex 37.4008 5.98709 9.53674e-07
      vertex 37.1777 5.85339 9.53674e-07
    endloop
  endfacet
  facet normal 0 0 -1
    outer loop
      vertex 37.4008 5.98709 9.53674e-07
      vertex 37.118 6.51626 9.53674e-07
      vertex 37.4063 6.65261 9.53674e-07
    endloop
  endfacet
  facet normal 0 0 -1
    outer loop
      vertex 36.8444 6.35229 9.53674e-07
      vertex 37.1777 5.85339 9.53674e-07
      vertex 36.9689 5.69848 9.53674e-07
    endloop
  endfacet
  facet normal 0 0 -1
    outer loop
      vertex 37.1777 5.85339 9.53674e-07
      vertex 36.8444 6.35229 9.53674e-07
      vertex 37.118 6.51626 9.53674e-07
    endloop
  endfacet
  facet normal 0 0 -1
    outer loop
      vertex 36.5882 6.1623 9.53674e-07
      vertex 36.9689 5.69848 9.53674e-07
      vertex 36.7762 5.52383 9.53674e-07
    endloop
  endfacet
  facet normal 0 0 -1
    outer loop
      vertex 36.3519 5.94811 9.53674e-07
      vertex 36.7762 5.52383 9.53674e-07
      vertex 36.6015 5.33114 9.53674e-07
    endloop
  endfacet
  facet normal 0 0 -1
    outer loop
      vertex 36.9689 5.69848 9.53674e-07
      vertex 36.5882 6.1623 9.53674e-07
      vertex 36.8444 6.35229 9.53674e-07
    endloop
  endfacet
  facet normal 0 0 -1
    outer loop
      vertex 36.1377 5.71178 9.53674e-07
      vertex 36.6015 5.33114 9.53674e-07
      vertex 36.4466 5.12226 9.53674e-07
    endloop
  endfacet
  facet normal 0 0 -1
    outer loop
      vertex 36.7762 5.52383 9.53674e-07
      vertex 36.3519 5.94811 9.53674e-07
      vertex 36.5882 6.1623 9.53674e-07
    endloop
  endfacet
  facet normal 0 0 -1
    outer loop
      vertex 35.9477 5.45562 9.53674e-07
      vertex 36.4466 5.12226 9.53674e-07
      vertex 36.3129 4.8992 9.53674e-07
    endloop
  endfacet
  facet normal 0 0 -1
    outer loop
      vertex 35.7838 5.18204 9.53674e-07
      vertex 36.3129 4.8992 9.53674e-07
      vertex 36.2017 4.66411 9.53674e-07
    endloop
  endfacet
  facet normal 0 0 -1
    outer loop
      vertex 36.6015 5.33114 9.53674e-07
      vertex 36.1377 5.71178 9.53674e-07
      vertex 36.3519 5.94811 9.53674e-07
    endloop
  endfacet
  facet normal 0 0 -1
    outer loop
      vertex 35.6474 4.89373 9.53674e-07
      vertex 36.2017 4.66411 9.53674e-07
      vertex 36.1141 4.41925 9.53674e-07
    endloop
  endfacet
  facet normal 0 0 -1
    outer loop
      vertex 35.5399 4.59344 9.53674e-07
      vertex 36.1141 4.41925 9.53674e-07
      vertex 36.0509 4.16699 9.53674e-07
    endloop
  endfacet
  facet normal 0 0 -1
    outer loop
      vertex 35.4624 4.28405 9.53674e-07
      vertex 36.0509 4.16699 9.53674e-07
      vertex 36.0128 3.90975 9.53674e-07
    endloop
  endfacet
  facet normal 0 0 -1
    outer loop
      vertex 36.4466 5.12226 9.53674e-07
      vertex 35.9477 5.45562 9.53674e-07
      vertex 36.1377 5.71178 9.53674e-07
    endloop
  endfacet
  facet normal 0 0 -1
    outer loop
      vertex 35.4156 3.96856 9.53674e-07
      vertex 36.0128 3.90975 9.53674e-07
      vertex 36 3.65 9.53674e-07
    endloop
  endfacet
  facet normal -0 0 -1
    outer loop
      vertex 36.1141 2.88075 9.53674e-07
      vertex 35.5399 2.70658 9.53674e-07
      vertex 36.0509 3.13301 9.53674e-07
    endloop
  endfacet
  facet normal 0 0 -1
    outer loop
      vertex 35.4624 3.01597 9.53674e-07
      vertex 36.0509 3.13301 9.53674e-07
      vertex 35.5399 2.70658 9.53674e-07
    endloop
  endfacet
  facet normal 0 0 -1
    outer loop
      vertex 36.3129 4.8992 9.53674e-07
      vertex 35.7838 5.18204 9.53674e-07
      vertex 35.9477 5.45562 9.53674e-07
    endloop
  endfacet
  facet normal -0 0 -1
    outer loop
      vertex 36.0509 3.13301 9.53674e-07
      vertex 35.4624 3.01597 9.53674e-07
      vertex 36.0128 3.39026 9.53674e-07
    endloop
  endfacet
  facet normal 0 0 -1
    outer loop
      vertex 36.2017 4.66411 9.53674e-07
      vertex 35.6474 4.89373 9.53674e-07
      vertex 35.7838 5.18204 9.53674e-07
    endloop
  endfacet
  facet normal 0 0 -1
    outer loop
      vertex 35.4156 3.33146 9.53674e-07
      vertex 36.0128 3.39026 9.53674e-07
      vertex 35.4624 3.01597 9.53674e-07
    endloop
  endfacet
  facet normal 0 0 -1
    outer loop
      vertex 36.1141 4.41925 9.53674e-07
      vertex 35.5399 4.59344 9.53674e-07
      vertex 35.6474 4.89373 9.53674e-07
    endloop
  endfacet
  facet normal -0 0 -1
    outer loop
      vertex 36.0128 3.39026 9.53674e-07
      vertex 35.4156 3.33146 9.53674e-07
      vertex 36 3.65 9.53674e-07
    endloop
  endfacet
  facet normal 0 0 -1
    outer loop
      vertex 36.0509 4.16699 9.53674e-07
      vertex 35.4624 4.28405 9.53674e-07
      vertex 35.5399 4.59344 9.53674e-07
    endloop
  endfacet
  facet normal 0 0 -1
    outer loop
      vertex 35.4 3.65 9.53674e-07
      vertex 36 3.65 9.53674e-07
      vertex 35.4156 3.33146 9.53674e-07
    endloop
  endfacet
  facet normal 0 0 -1
    outer loop
      vertex 36.0128 3.90975 9.53674e-07
      vertex 35.4156 3.96856 9.53674e-07
      vertex 35.4624 4.28405 9.53674e-07
    endloop
  endfacet
  facet normal 0 0 -1
    outer loop
      vertex 36 3.65 9.53674e-07
      vertex 35.4 3.65 9.53674e-07
      vertex 35.4156 3.96856 9.53674e-07
    endloop
  endfacet
  facet normal 0 0 -1
    outer loop
      vertex 40.9871 2.4008 9.53674e-07
      vertex 42.3 2.00001 9.53674e-07
      vertex 42.2904 1.80398 9.53674e-07
    endloop
  endfacet
  facet normal 0 0 -1
    outer loop
      vertex 41.2872 3.90975 9.53674e-07
      vertex 42.3 2.00001 9.53674e-07
      vertex 41.3 3.65 9.53674e-07
    endloop
  endfacet
  facet normal 0 0 -1
    outer loop
      vertex 40.8534 2.17774 9.53674e-07
      vertex 42.2904 1.80398 9.53674e-07
      vertex 42.2616 1.60982 9.53674e-07
    endloop
  endfacet
  facet normal 0 0 -1
    outer loop
      vertex 41.2491 4.16699 9.53674e-07
      vertex 42.3 2.00001 9.53674e-07
      vertex 41.2872 3.90975 9.53674e-07
    endloop
  endfacet
  facet normal 0 0 -1
    outer loop
      vertex 40.8534 2.17774 9.53674e-07
      vertex 42.2616 1.60982 9.53674e-07
      vertex 42.2139 1.41944 9.53674e-07
    endloop
  endfacet
  facet normal 0 0 -1
    outer loop
      vertex 41.2872 21.5097 9.53674e-07
      vertex 42.3 22.9 9.53674e-07
      vertex 41.3 21.25 9.53674e-07
    endloop
  endfacet
  facet normal 0 0 -1
    outer loop
      vertex 40.8534 2.17774 9.53674e-07
      vertex 42.2139 1.41944 9.53674e-07
      vertex 42.1478 1.23464 9.53674e-07
    endloop
  endfacet
  facet normal 0 0 -1
    outer loop
      vertex 41.2491 21.767 9.53674e-07
      vertex 42.3 22.9 9.53674e-07
      vertex 41.2872 21.5097 9.53674e-07
    endloop
  endfacet
  facet normal 0 0 -1
    outer loop
      vertex 40.6985 1.96886 9.53674e-07
      vertex 42.1478 1.23464 9.53674e-07
      vertex 42.0638 1.05721 9.53674e-07
    endloop
  endfacet
  facet normal 0 0 -1
    outer loop
      vertex 41.1859 22.0193 9.53674e-07
      vertex 42.3 22.9 9.53674e-07
      vertex 41.2491 21.767 9.53674e-07
    endloop
  endfacet
  facet normal 0 0 -1
    outer loop
      vertex 40.6985 1.96886 9.53674e-07
      vertex 42.0638 1.05721 9.53674e-07
      vertex 41.9629 0.888861 9.53674e-07
    endloop
  endfacet
  facet normal 0 0 -1
    outer loop
      vertex 41.0983 22.2641 9.53674e-07
      vertex 42.3 22.9 9.53674e-07
      vertex 41.1859 22.0193 9.53674e-07
    endloop
  endfacet
  facet normal 0 0 -1
    outer loop
      vertex 40.6985 1.96886 9.53674e-07
      vertex 41.9629 0.888861 9.53674e-07
      vertex 41.846 0.731223 9.53674e-07
    endloop
  endfacet
  facet normal 0 0 -1
    outer loop
      vertex 40.9871 22.4992 9.53674e-07
      vertex 42.3 22.9 9.53674e-07
      vertex 41.0983 22.2641 9.53674e-07
    endloop
  endfacet
  facet normal 0 0 -1
    outer loop
      vertex 40.5238 1.77617 9.53674e-07
      vertex 41.846 0.731223 9.53674e-07
      vertex 41.7142 0.585791 9.53674e-07
    endloop
  endfacet
  facet normal -0 0 -1
    outer loop
      vertex 42.3 22.9 9.53674e-07
      vertex 40.9871 22.4992 9.53674e-07
      vertex 42.2904 23.096 9.53674e-07
    endloop
  endfacet
  facet normal 0 0 -1
    outer loop
      vertex 40.5238 1.77617 9.53674e-07
      vertex 41.7142 0.585791 9.53674e-07
      vertex 41.5688 0.453986 9.53674e-07
    endloop
  endfacet
  facet normal 0 0 -1
    outer loop
      vertex 40.8534 22.7223 9.53674e-07
      vertex 42.2904 23.096 9.53674e-07
      vertex 40.9871 22.4992 9.53674e-07
    endloop
  endfacet
  facet normal 0 0 -1
    outer loop
      vertex 40.5238 1.77617 9.53674e-07
      vertex 41.5688 0.453986 9.53674e-07
      vertex 41.4111 0.337073 9.53674e-07
    endloop
  endfacet
  facet normal -0 0 -1
    outer loop
      vertex 42.2904 23.096 9.53674e-07
      vertex 40.8534 22.7223 9.53674e-07
      vertex 42.2616 23.2902 9.53674e-07
    endloop
  endfacet
  facet normal -0 0 -1
    outer loop
      vertex 42.2616 23.2902 9.53674e-07
      vertex 40.8534 22.7223 9.53674e-07
      vertex 42.2139 23.4806 9.53674e-07
    endloop
  endfacet
  facet normal 0 0 -1
    outer loop
      vertex 42.3 2.00001 9.53674e-07
      vertex 41.2872 3.39026 9.53674e-07
      vertex 41.3 3.65 9.53674e-07
    endloop
  endfacet
  facet normal 0 0 -1
    outer loop
      vertex 42.3 2.00001 9.53674e-07
      vertex 41.2491 3.13301 9.53674e-07
      vertex 41.2872 3.39026 9.53674e-07
    endloop
  endfacet
  facet normal 0 0 -1
    outer loop
      vertex 40.3311 1.60152 9.53674e-07
      vertex 41.4111 0.337073 9.53674e-07
      vertex 41.2428 0.236166 9.53674e-07
    endloop
  endfacet
  facet normal 0 0 -1
    outer loop
      vertex 42.3 2.00001 9.53674e-07
      vertex 41.1859 2.88075 9.53674e-07
      vertex 41.2491 3.13301 9.53674e-07
    endloop
  endfacet
  facet normal 0 0 -1
    outer loop
      vertex 42.3 2.00001 9.53674e-07
      vertex 41.0983 2.63589 9.53674e-07
      vertex 41.1859 2.88075 9.53674e-07
    endloop
  endfacet
  facet normal 0 0 -1
    outer loop
      vertex 40.3311 1.60152 9.53674e-07
      vertex 41.2428 0.236166 9.53674e-07
      vertex 41.0654 0.152243 9.53674e-07
    endloop
  endfacet
  facet normal 0 0 -1
    outer loop
      vertex 42.3 2.00001 9.53674e-07
      vertex 40.9871 2.4008 9.53674e-07
      vertex 41.0983 2.63589 9.53674e-07
    endloop
  endfacet
  facet normal 0 0 -1
    outer loop
      vertex 40.3311 1.60152 9.53674e-07
      vertex 41.0654 0.152243 9.53674e-07
      vertex 40.8806 0.0861267 9.53674e-07
    endloop
  endfacet
  facet normal 0 0 -1
    outer loop
      vertex 42.2904 1.80398 9.53674e-07
      vertex 40.8534 2.17774 9.53674e-07
      vertex 40.9871 2.4008 9.53674e-07
    endloop
  endfacet
  facet normal 0 0 -1
    outer loop
      vertex 42.1478 1.23464 9.53674e-07
      vertex 40.6985 1.96886 9.53674e-07
      vertex 40.8534 2.17774 9.53674e-07
    endloop
  endfacet
  facet normal 0 0 -1
    outer loop
      vertex 40.1223 1.44661 9.53674e-07
      vertex 40.8806 0.0861267 9.53674e-07
      vertex 40.6902 0.038443 9.53674e-07
    endloop
  endfacet
  facet normal 0 0 -1
    outer loop
      vertex 41.846 0.731223 9.53674e-07
      vertex 40.5238 1.77617 9.53674e-07
      vertex 40.6985 1.96886 9.53674e-07
    endloop
  endfacet
  facet normal 0 0 -1
    outer loop
      vertex 40.1223 1.44661 9.53674e-07
      vertex 40.6902 0.038443 9.53674e-07
      vertex 40.496 0.0096344 9.53674e-07
    endloop
  endfacet
  facet normal 0 0 -1
    outer loop
      vertex 41.4111 0.337073 9.53674e-07
      vertex 40.3311 1.60152 9.53674e-07
      vertex 40.5238 1.77617 9.53674e-07
    endloop
  endfacet
  facet normal 0 0 -1
    outer loop
      vertex 39.8992 1.31291 9.53674e-07
      vertex 40.496 0.0096344 9.53674e-07
      vertex 40.3 6.10352e-06 9.53674e-07
    endloop
  endfacet
  facet normal 0 0 -1
    outer loop
      vertex 40.8806 0.0861267 9.53674e-07
      vertex 40.1223 1.44661 9.53674e-07
      vertex 40.3311 1.60152 9.53674e-07
    endloop
  endfacet
  facet normal 0 0 -1
    outer loop
      vertex 40.496 0.0096344 9.53674e-07
      vertex 39.8992 1.31291 9.53674e-07
      vertex 40.1223 1.44661 9.53674e-07
    endloop
  endfacet
  facet normal 0 0 -1
    outer loop
      vertex 40.3 6.10352e-06 9.53674e-07
      vertex 39.6641 1.20172 9.53674e-07
      vertex 39.8992 1.31291 9.53674e-07
    endloop
  endfacet
  facet normal 0 0 -1
    outer loop
      vertex 40.3 6.10352e-06 9.53674e-07
      vertex 39.4193 1.11411 9.53674e-07
      vertex 39.6641 1.20172 9.53674e-07
    endloop
  endfacet
  facet normal 0 0 -1
    outer loop
      vertex 40.3 6.10352e-06 9.53674e-07
      vertex 39.167 1.05092 9.53674e-07
      vertex 39.4193 1.11411 9.53674e-07
    endloop
  endfacet
  facet normal 0 0 -1
    outer loop
      vertex 40.3 6.10352e-06 9.53674e-07
      vertex 38.9097 1.01276 9.53674e-07
      vertex 39.167 1.05092 9.53674e-07
    endloop
  endfacet
  facet normal 0 0 -1
    outer loop
      vertex 40.3 6.10352e-06 9.53674e-07
      vertex 38.65 1 9.53674e-07
      vertex 38.9097 1.01276 9.53674e-07
    endloop
  endfacet
  facet normal 0 0 -1
    outer loop
      vertex 40.3 6.10352e-06 9.53674e-07
      vertex 38.3903 1.01276 9.53674e-07
      vertex 38.65 1 9.53674e-07
    endloop
  endfacet
  facet normal 0 0 -1
    outer loop
      vertex 40.3 6.10352e-06 9.53674e-07
      vertex 38.133 1.05092 9.53674e-07
      vertex 38.3903 1.01276 9.53674e-07
    endloop
  endfacet
  facet normal 0 0 -1
    outer loop
      vertex 40.3 6.10352e-06 9.53674e-07
      vertex 37.8807 1.11411 9.53674e-07
      vertex 38.133 1.05092 9.53674e-07
    endloop
  endfacet
  facet normal 0 0 -1
    outer loop
      vertex 36.129 1.59999 9.53674e-07
      vertex 37.8807 1.11411 9.53674e-07
      vertex 40.3 6.10352e-06 9.53674e-07
    endloop
  endfacet
  facet normal -0 0 -1
    outer loop
      vertex 36.4466 2.17774 9.53674e-07
      vertex 35.9477 1.8444 9.53674e-07
      vertex 36.3129 2.4008 9.53674e-07
    endloop
  endfacet
  facet normal 0 0 -1
    outer loop
      vertex 35.9477 1.8444 9.53674e-07
      vertex 36.4466 2.17774 9.53674e-07
      vertex 36.129 1.59999 9.53674e-07
    endloop
  endfacet
  facet normal -0 0 -1
    outer loop
      vertex 36.6015 1.96886 9.53674e-07
      vertex 36.129 1.59999 9.53674e-07
      vertex 36.4466 2.17774 9.53674e-07
    endloop
  endfacet
  facet normal -0 0 -1
    outer loop
      vertex 36.7762 1.77617 9.53674e-07
      vertex 36.129 1.59999 9.53674e-07
      vertex 36.6015 1.96886 9.53674e-07
    endloop
  endfacet
  facet normal -0 0 -1
    outer loop
      vertex 36.9689 1.60152 9.53674e-07
      vertex 36.129 1.59999 9.53674e-07
      vertex 36.7762 1.77617 9.53674e-07
    endloop
  endfacet
  facet normal 0 0 -1
    outer loop
      vertex 37.1777 1.44661 9.53674e-07
      vertex 36.129 1.59999 9.53674e-07
      vertex 36.9689 1.60152 9.53674e-07
    endloop
  endfacet
  facet normal 0 0 -1
    outer loop
      vertex 37.4008 1.31291 9.53674e-07
      vertex 36.129 1.59999 9.53674e-07
      vertex 37.1777 1.44661 9.53674e-07
    endloop
  endfacet
  facet normal 0 0 -1
    outer loop
      vertex 37.6359 1.20172 9.53674e-07
      vertex 36.129 1.59999 9.53674e-07
      vertex 37.4008 1.31291 9.53674e-07
    endloop
  endfacet
  facet normal 0 0 -1
    outer loop
      vertex 37.8807 1.11411 9.53674e-07
      vertex 36.129 1.59999 9.53674e-07
      vertex 37.6359 1.20172 9.53674e-07
    endloop
  endfacet
  facet normal 0 0 -1
    outer loop
      vertex 40.3 6.10352e-06 9.53674e-07
      vertex 6.171 1.59999 9.53674e-07
      vertex 36.129 1.59999 9.53674e-07
    endloop
  endfacet
  facet normal 0 0 -1
    outer loop
      vertex 6.51624 2.11797 9.53674e-07
      vertex 5.98709 2.4008 9.53674e-07
      vertex 6.09828 2.63589 9.53674e-07
    endloop
  endfacet
  facet normal 0 0 -1
    outer loop
      vertex 6.35226 1.8444 9.53674e-07
      vertex 5.85339 2.17774 9.53674e-07
      vertex 5.98709 2.4008 9.53674e-07
    endloop
  endfacet
  facet normal 0 0 -1
    outer loop
      vertex 6.171 1.59999 9.53674e-07
      vertex 5.69848 1.96886 9.53674e-07
      vertex 5.85339 2.17774 9.53674e-07
    endloop
  endfacet
  facet normal 0 0 -1
    outer loop
      vertex 6.171 1.59999 9.53674e-07
      vertex 5.52383 1.77617 9.53674e-07
      vertex 5.69848 1.96886 9.53674e-07
    endloop
  endfacet
  facet normal 0 0 -1
    outer loop
      vertex 6.171 1.59999 9.53674e-07
      vertex 5.33114 1.60152 9.53674e-07
      vertex 5.52383 1.77617 9.53674e-07
    endloop
  endfacet
  facet normal 0 0 -1
    outer loop
      vertex 2 6.10352e-06 9.53674e-07
      vertex 6.171 1.59999 9.53674e-07
      vertex 40.3 6.10352e-06 9.53674e-07
    endloop
  endfacet
  facet normal -0 0 -1
    outer loop
      vertex 6.171 1.59999 9.53674e-07
      vertex 5.12226 1.44661 9.53674e-07
      vertex 5.33114 1.60152 9.53674e-07
    endloop
  endfacet
  facet normal 0 0 -1
    outer loop
      vertex 6.171 1.59999 9.53674e-07
      vertex 4.8992 1.31291 9.53674e-07
      vertex 5.12226 1.44661 9.53674e-07
    endloop
  endfacet
  facet normal 0 0 -1
    outer loop
      vertex 6.171 1.59999 9.53674e-07
      vertex 4.66411 1.20172 9.53674e-07
      vertex 4.8992 1.31291 9.53674e-07
    endloop
  endfacet
  facet normal 0 -0 -1
    outer loop
      vertex 4.41925 1.11411 9.53674e-07
      vertex 6.171 1.59999 9.53674e-07
      vertex 2 6.10352e-06 9.53674e-07
    endloop
  endfacet
  facet normal 0 0 -1
    outer loop
      vertex 6.171 1.59999 9.53674e-07
      vertex 4.41925 1.11411 9.53674e-07
      vertex 4.66411 1.20172 9.53674e-07
    endloop
  endfacet
  facet normal 0 0 -1
    outer loop
      vertex 4.41925 1.11411 9.53674e-07
      vertex 2 6.10352e-06 9.53674e-07
      vertex 4.16699 1.05092 9.53674e-07
    endloop
  endfacet
  facet normal 0 0 -1
    outer loop
      vertex 4.16699 1.05092 9.53674e-07
      vertex 2 6.10352e-06 9.53674e-07
      vertex 3.90975 1.01276 9.53674e-07
    endloop
  endfacet
  facet normal 0 0 -1
    outer loop
      vertex 3.90975 1.01276 9.53674e-07
      vertex 2 6.10352e-06 9.53674e-07
      vertex 3.65 1 9.53674e-07
    endloop
  endfacet
  facet normal 0 0 -1
    outer loop
      vertex 2 6.10352e-06 9.53674e-07
      vertex 3.39025 1.01276 9.53674e-07
      vertex 3.65 1 9.53674e-07
    endloop
  endfacet
  facet normal 0 0 -1
    outer loop
      vertex 2 6.10352e-06 9.53674e-07
      vertex 3.13301 1.05092 9.53674e-07
      vertex 3.39025 1.01276 9.53674e-07
    endloop
  endfacet
  facet normal 0 0 -1
    outer loop
      vertex 2 6.10352e-06 9.53674e-07
      vertex 2.88074 1.11411 9.53674e-07
      vertex 3.13301 1.05092 9.53674e-07
    endloop
  endfacet
  facet normal 0 0 -1
    outer loop
      vertex 2 6.10352e-06 9.53674e-07
      vertex 2.63589 1.20172 9.53674e-07
      vertex 2.88074 1.11411 9.53674e-07
    endloop
  endfacet
  facet normal 0 0 -1
    outer loop
      vertex 2 6.10352e-06 9.53674e-07
      vertex 2.4008 1.31291 9.53674e-07
      vertex 2.63589 1.20172 9.53674e-07
    endloop
  endfacet
  facet normal 0 0 -1
    outer loop
      vertex 1.80397 0.0096344 9.53674e-07
      vertex 2.4008 1.31291 9.53674e-07
      vertex 2 6.10352e-06 9.53674e-07
    endloop
  endfacet
  facet normal -0 0 -1
    outer loop
      vertex 2.4008 1.31291 9.53674e-07
      vertex 1.80397 0.0096344 9.53674e-07
      vertex 2.17774 1.44661 9.53674e-07
    endloop
  endfacet
  facet normal 0 0 -1
    outer loop
      vertex 1.60982 0.038443 9.53674e-07
      vertex 2.17774 1.44661 9.53674e-07
      vertex 1.80397 0.0096344 9.53674e-07
    endloop
  endfacet
  facet normal 0 0 -1
    outer loop
      vertex 1.41943 0.0861267 9.53674e-07
      vertex 2.17774 1.44661 9.53674e-07
      vertex 1.60982 0.038443 9.53674e-07
    endloop
  endfacet
  facet normal -0 0 -1
    outer loop
      vertex 2.17774 1.44661 9.53674e-07
      vertex 1.41943 0.0861267 9.53674e-07
      vertex 1.96886 1.60152 9.53674e-07
    endloop
  endfacet
  facet normal 0 0 -1
    outer loop
      vertex 1.23463 0.152243 9.53674e-07
      vertex 1.96886 1.60152 9.53674e-07
      vertex 1.41943 0.0861267 9.53674e-07
    endloop
  endfacet
  facet normal 0 0 -1
    outer loop
      vertex 1.05721 0.236166 9.53674e-07
      vertex 1.96886 1.60152 9.53674e-07
      vertex 1.23463 0.152243 9.53674e-07
    endloop
  endfacet
  facet normal 0 0 -1
    outer loop
      vertex 0.888855 0.337073 9.53674e-07
      vertex 1.96886 1.60152 9.53674e-07
      vertex 1.05721 0.236166 9.53674e-07
    endloop
  endfacet
  facet normal -0 0 -1
    outer loop
      vertex 1.96886 1.60152 9.53674e-07
      vertex 0.888855 0.337073 9.53674e-07
      vertex 1.77617 1.77617 9.53674e-07
    endloop
  endfacet
  facet normal 0 0 -1
    outer loop
      vertex 0.731216 0.453986 9.53674e-07
      vertex 1.77617 1.77617 9.53674e-07
      vertex 0.888855 0.337073 9.53674e-07
    endloop
  endfacet
  facet normal 0 0 -1
    outer loop
      vertex 0.585785 0.585791 9.53674e-07
      vertex 1.77617 1.77617 9.53674e-07
      vertex 0.731216 0.453986 9.53674e-07
    endloop
  endfacet
  facet normal 0 0 -1
    outer loop
      vertex 0.453979 0.731223 9.53674e-07
      vertex 1.77617 1.77617 9.53674e-07
      vertex 0.585785 0.585791 9.53674e-07
    endloop
  endfacet
  facet normal -0 0 -1
    outer loop
      vertex 1.77617 1.77617 9.53674e-07
      vertex 0.453979 0.731223 9.53674e-07
      vertex 1.60152 1.96886 9.53674e-07
    endloop
  endfacet
  facet normal 0 0 -1
    outer loop
      vertex 0.337067 0.888861 9.53674e-07
      vertex 1.60152 1.96886 9.53674e-07
      vertex 0.453979 0.731223 9.53674e-07
    endloop
  endfacet
  facet normal 0 0 -1
    outer loop
      vertex 0.23616 1.05721 9.53674e-07
      vertex 1.60152 1.96886 9.53674e-07
      vertex 0.337067 0.888861 9.53674e-07
    endloop
  endfacet
  facet normal 0 0 -1
    outer loop
      vertex 0.152237 1.23464 9.53674e-07
      vertex 1.60152 1.96886 9.53674e-07
      vertex 0.23616 1.05721 9.53674e-07
    endloop
  endfacet
  facet normal 0 0 -1
    outer loop
      vertex 0.0861206 1.41944 9.53674e-07
      vertex 1.4466 2.17774 9.53674e-07
      vertex 0.152237 1.23464 9.53674e-07
    endloop
  endfacet
  facet normal -0 0 -1
    outer loop
      vertex 1.60152 1.96886 9.53674e-07
      vertex 0.152237 1.23464 9.53674e-07
      vertex 1.4466 2.17774 9.53674e-07
    endloop
  endfacet
  facet normal -0 0 -1
    outer loop
      vertex 42.2139 23.4806 9.53674e-07
      vertex 40.8534 22.7223 9.53674e-07
      vertex 42.1478 23.6654 9.53674e-07
    endloop
  endfacet
  facet normal 0 0 -1
    outer loop
      vertex 40.6985 22.9311 9.53674e-07
      vertex 42.1478 23.6654 9.53674e-07
      vertex 40.8534 22.7223 9.53674e-07
    endloop
  endfacet
  facet normal -0 0 -1
    outer loop
      vertex 42.1478 23.6654 9.53674e-07
      vertex 40.6985 22.9311 9.53674e-07
      vertex 42.0638 23.8428 9.53674e-07
    endloop
  endfacet
  facet normal -0 0 -1
    outer loop
      vertex 42.0638 23.8428 9.53674e-07
      vertex 40.6985 22.9311 9.53674e-07
      vertex 41.9629 24.0111 9.53674e-07
    endloop
  endfacet
  facet normal -0 0 -1
    outer loop
      vertex 41.9629 24.0111 9.53674e-07
      vertex 40.6985 22.9311 9.53674e-07
      vertex 41.846 24.1688 9.53674e-07
    endloop
  endfacet
  facet normal 0 0 -1
    outer loop
      vertex 40.5238 23.1238 9.53674e-07
      vertex 41.846 24.1688 9.53674e-07
      vertex 40.6985 22.9311 9.53674e-07
    endloop
  endfacet
  facet normal -0 0 -1
    outer loop
      vertex 41.846 24.1688 9.53674e-07
      vertex 40.5238 23.1238 9.53674e-07
      vertex 41.7142 24.3142 9.53674e-07
    endloop
  endfacet
  facet normal -0 0 -1
    outer loop
      vertex 41.7142 24.3142 9.53674e-07
      vertex 40.5238 23.1238 9.53674e-07
      vertex 41.5688 24.446 9.53674e-07
    endloop
  endfacet
  facet normal -0 0 -1
    outer loop
      vertex 41.5688 24.446 9.53674e-07
      vertex 40.5238 23.1238 9.53674e-07
      vertex 41.4111 24.5629 9.53674e-07
    endloop
  endfacet
  facet normal 0 0 -1
    outer loop
      vertex 40.3311 23.2985 9.53674e-07
      vertex 41.4111 24.5629 9.53674e-07
      vertex 40.5238 23.1238 9.53674e-07
    endloop
  endfacet
  facet normal -0 0 -1
    outer loop
      vertex 41.4111 24.5629 9.53674e-07
      vertex 40.3311 23.2985 9.53674e-07
      vertex 41.2428 24.6638 9.53674e-07
    endloop
  endfacet
  facet normal -0 0 -1
    outer loop
      vertex 41.2428 24.6638 9.53674e-07
      vertex 40.3311 23.2985 9.53674e-07
      vertex 41.0654 24.7478 9.53674e-07
    endloop
  endfacet
  facet normal -0 0 -1
    outer loop
      vertex 41.0654 24.7478 9.53674e-07
      vertex 40.3311 23.2985 9.53674e-07
      vertex 40.8806 24.8139 9.53674e-07
    endloop
  endfacet
  facet normal 0 0 -1
    outer loop
      vertex 40.1223 23.4534 9.53674e-07
      vertex 40.8806 24.8139 9.53674e-07
      vertex 40.3311 23.2985 9.53674e-07
    endloop
  endfacet
  facet normal -0 0 -1
    outer loop
      vertex 40.8806 24.8139 9.53674e-07
      vertex 40.1223 23.4534 9.53674e-07
      vertex 40.6902 24.8616 9.53674e-07
    endloop
  endfacet
  facet normal -0 0 -1
    outer loop
      vertex 40.6902 24.8616 9.53674e-07
      vertex 40.1223 23.4534 9.53674e-07
      vertex 40.496 24.8904 9.53674e-07
    endloop
  endfacet
  facet normal 0 0 -1
    outer loop
      vertex 39.8992 23.5871 9.53674e-07
      vertex 40.496 24.8904 9.53674e-07
      vertex 40.1223 23.4534 9.53674e-07
    endloop
  endfacet
  facet normal -0 0 -1
    outer loop
      vertex 40.496 24.8904 9.53674e-07
      vertex 39.8992 23.5871 9.53674e-07
      vertex 40.3 24.9 9.53674e-07
    endloop
  endfacet
  facet normal 0 0 -1
    outer loop
      vertex 39.6641 23.6983 9.53674e-07
      vertex 40.3 24.9 9.53674e-07
      vertex 39.8992 23.5871 9.53674e-07
    endloop
  endfacet
  facet normal 0 0 -1
    outer loop
      vertex 39.4193 23.7859 9.53674e-07
      vertex 40.3 24.9 9.53674e-07
      vertex 39.6641 23.6983 9.53674e-07
    endloop
  endfacet
  facet normal 0 0 -1
    outer loop
      vertex 39.167 23.8491 9.53674e-07
      vertex 40.3 24.9 9.53674e-07
      vertex 39.4193 23.7859 9.53674e-07
    endloop
  endfacet
  facet normal 0 0 -1
    outer loop
      vertex 38.9097 23.8872 9.53674e-07
      vertex 40.3 24.9 9.53674e-07
      vertex 39.167 23.8491 9.53674e-07
    endloop
  endfacet
  facet normal 0 0 -1
    outer loop
      vertex 38.65 23.9 9.53674e-07
      vertex 40.3 24.9 9.53674e-07
      vertex 38.9097 23.8872 9.53674e-07
    endloop
  endfacet
  facet normal 0 0 -1
    outer loop
      vertex 38.3903 23.8872 9.53674e-07
      vertex 40.3 24.9 9.53674e-07
      vertex 38.65 23.9 9.53674e-07
    endloop
  endfacet
  facet normal 0 0 -1
    outer loop
      vertex 38.133 23.8491 9.53674e-07
      vertex 40.3 24.9 9.53674e-07
      vertex 38.3903 23.8872 9.53674e-07
    endloop
  endfacet
  facet normal 0 0 -1
    outer loop
      vertex 37.8807 23.7859 9.53674e-07
      vertex 40.3 24.9 9.53674e-07
      vertex 38.133 23.8491 9.53674e-07
    endloop
  endfacet
  facet normal 0 0 -1
    outer loop
      vertex 36.129 23.3 9.53674e-07
      vertex 37.8807 23.7859 9.53674e-07
      vertex 37.6359 23.6983 9.53674e-07
    endloop
  endfacet
  facet normal 0 0 -1
    outer loop
      vertex 36.129 23.3 9.53674e-07
      vertex 36.3129 22.4992 9.53674e-07
      vertex 36.2017 22.2641 9.53674e-07
    endloop
  endfacet
  facet normal 0 0 -1
    outer loop
      vertex 36.129 23.3 9.53674e-07
      vertex 36.4466 22.7223 9.53674e-07
      vertex 36.3129 22.4992 9.53674e-07
    endloop
  endfacet
  facet normal 0 0 -1
    outer loop
      vertex 36.129 23.3 9.53674e-07
      vertex 36.6015 22.9311 9.53674e-07
      vertex 36.4466 22.7223 9.53674e-07
    endloop
  endfacet
  facet normal 0 0 -1
    outer loop
      vertex 36.129 23.3 9.53674e-07
      vertex 36.7762 23.1238 9.53674e-07
      vertex 36.6015 22.9311 9.53674e-07
    endloop
  endfacet
  facet normal 0 0 -1
    outer loop
      vertex 36.129 23.3 9.53674e-07
      vertex 36.9689 23.2985 9.53674e-07
      vertex 36.7762 23.1238 9.53674e-07
    endloop
  endfacet
  facet normal 0 0 -1
    outer loop
      vertex 36.129 23.3 9.53674e-07
      vertex 37.1777 23.4534 9.53674e-07
      vertex 36.9689 23.2985 9.53674e-07
    endloop
  endfacet
  facet normal 0 0 -1
    outer loop
      vertex 36.129 23.3 9.53674e-07
      vertex 37.4008 23.5871 9.53674e-07
      vertex 37.1777 23.4534 9.53674e-07
    endloop
  endfacet
  facet normal 0 0 -1
    outer loop
      vertex 36.129 23.3 9.53674e-07
      vertex 37.6359 23.6983 9.53674e-07
      vertex 37.4008 23.5871 9.53674e-07
    endloop
  endfacet
  facet normal -0 0 -1
    outer loop
      vertex 37.8807 23.7859 9.53674e-07
      vertex 36.129 23.3 9.53674e-07
      vertex 40.3 24.9 9.53674e-07
    endloop
  endfacet
  facet normal 0 0 -1
    outer loop
      vertex 6.17102 23.3 9.53674e-07
      vertex 40.3 24.9 9.53674e-07
      vertex 36.129 23.3 9.53674e-07
    endloop
  endfacet
  facet normal 0 0 -1
    outer loop
      vertex 5.85339 22.7223 9.53674e-07
      vertex 6.35226 23.0556 9.53674e-07
      vertex 5.98709 22.4992 9.53674e-07
    endloop
  endfacet
  facet normal -0 0 -1
    outer loop
      vertex 6.35226 23.0556 9.53674e-07
      vertex 5.85339 22.7223 9.53674e-07
      vertex 6.17102 23.3 9.53674e-07
    endloop
  endfacet
  facet normal 0 0 -1
    outer loop
      vertex 5.69848 22.9311 9.53674e-07
      vertex 6.17102 23.3 9.53674e-07
      vertex 5.85339 22.7223 9.53674e-07
    endloop
  endfacet
  facet normal 0 0 -1
    outer loop
      vertex 5.52383 23.1238 9.53674e-07
      vertex 6.17102 23.3 9.53674e-07
      vertex 5.69848 22.9311 9.53674e-07
    endloop
  endfacet
  facet normal 0 0 -1
    outer loop
      vertex 5.33114 23.2985 9.53674e-07
      vertex 6.17102 23.3 9.53674e-07
      vertex 5.52383 23.1238 9.53674e-07
    endloop
  endfacet
  facet normal 0 0 -1
    outer loop
      vertex 5.12226 23.4534 9.53674e-07
      vertex 6.17102 23.3 9.53674e-07
      vertex 5.33114 23.2985 9.53674e-07
    endloop
  endfacet
  facet normal 0 0 -1
    outer loop
      vertex 4.8992 23.5871 9.53674e-07
      vertex 6.17102 23.3 9.53674e-07
      vertex 5.12226 23.4534 9.53674e-07
    endloop
  endfacet
  facet normal 0 0 -1
    outer loop
      vertex 4.66411 23.6983 9.53674e-07
      vertex 6.17102 23.3 9.53674e-07
      vertex 4.8992 23.5871 9.53674e-07
    endloop
  endfacet
  facet normal 0 0 -1
    outer loop
      vertex 4.41925 23.7859 9.53674e-07
      vertex 6.17102 23.3 9.53674e-07
      vertex 4.66411 23.6983 9.53674e-07
    endloop
  endfacet
  facet normal 0 0 -1
    outer loop
      vertex 6.17102 23.3 9.53674e-07
      vertex 4.41925 23.7859 9.53674e-07
      vertex 2 24.9 9.53674e-07
    endloop
  endfacet
  facet normal 0 0 -1
    outer loop
      vertex 2 24.9 9.53674e-07
      vertex 4.41925 23.7859 9.53674e-07
      vertex 4.16699 23.8491 9.53674e-07
    endloop
  endfacet
  facet normal 0 0 -1
    outer loop
      vertex 2 24.9 9.53674e-07
      vertex 4.16699 23.8491 9.53674e-07
      vertex 3.90975 23.8872 9.53674e-07
    endloop
  endfacet
  facet normal 0 0 -1
    outer loop
      vertex 2 24.9 9.53674e-07
      vertex 3.90975 23.8872 9.53674e-07
      vertex 3.65 23.9 9.53674e-07
    endloop
  endfacet
  facet normal 0 0 -1
    outer loop
      vertex 6.17102 23.3 9.53674e-07
      vertex 2 24.9 9.53674e-07
      vertex 40.3 24.9 9.53674e-07
    endloop
  endfacet
  facet normal 0 0 -1
    outer loop
      vertex 3.39025 23.8872 9.53674e-07
      vertex 2 24.9 9.53674e-07
      vertex 3.65 23.9 9.53674e-07
    endloop
  endfacet
  facet normal 0 0 -1
    outer loop
      vertex 3.13301 23.8491 9.53674e-07
      vertex 2 24.9 9.53674e-07
      vertex 3.39025 23.8872 9.53674e-07
    endloop
  endfacet
  facet normal 0 0 -1
    outer loop
      vertex 2.88074 23.7859 9.53674e-07
      vertex 2 24.9 9.53674e-07
      vertex 3.13301 23.8491 9.53674e-07
    endloop
  endfacet
  facet normal 0 0 -1
    outer loop
      vertex 2.63589 23.6983 9.53674e-07
      vertex 2 24.9 9.53674e-07
      vertex 2.88074 23.7859 9.53674e-07
    endloop
  endfacet
  facet normal 0 0 -1
    outer loop
      vertex 2.4008 23.5871 9.53674e-07
      vertex 2 24.9 9.53674e-07
      vertex 2.63589 23.6983 9.53674e-07
    endloop
  endfacet
  facet normal 0 0 -1
    outer loop
      vertex 1.80397 24.8904 9.53674e-07
      vertex 2.4008 23.5871 9.53674e-07
      vertex 2.17774 23.4534 9.53674e-07
    endloop
  endfacet
  facet normal 0 0 -1
    outer loop
      vertex 1.41943 24.8139 9.53674e-07
      vertex 2.17774 23.4534 9.53674e-07
      vertex 1.96886 23.2985 9.53674e-07
    endloop
  endfacet
  facet normal 0 0 -1
    outer loop
      vertex 2.4008 23.5871 9.53674e-07
      vertex 1.80397 24.8904 9.53674e-07
      vertex 2 24.9 9.53674e-07
    endloop
  endfacet
  facet normal 0 0 -1
    outer loop
      vertex 0.888855 24.5629 9.53674e-07
      vertex 1.96886 23.2985 9.53674e-07
      vertex 1.77617 23.1238 9.53674e-07
    endloop
  endfacet
  facet normal 0 0 -1
    outer loop
      vertex 2.17774 23.4534 9.53674e-07
      vertex 1.60982 24.8616 9.53674e-07
      vertex 1.80397 24.8904 9.53674e-07
    endloop
  endfacet
  facet normal 0 0 -1
    outer loop
      vertex 0.453979 24.1688 9.53674e-07
      vertex 1.77617 23.1238 9.53674e-07
      vertex 1.60152 22.9311 9.53674e-07
    endloop
  endfacet
  facet normal 0 0 -1
    outer loop
      vertex 0.152237 23.6654 9.53674e-07
      vertex 1.60152 22.9311 9.53674e-07
      vertex 1.4466 22.7223 9.53674e-07
    endloop
  endfacet
  facet normal 0 0 -1
    outer loop
      vertex 2.17774 23.4534 9.53674e-07
      vertex 1.41943 24.8139 9.53674e-07
      vertex 1.60982 24.8616 9.53674e-07
    endloop
  endfacet
  facet normal 0 0 -1
    outer loop
      vertex 0.0096283 23.096 9.53674e-07
      vertex 1.4466 22.7223 9.53674e-07
      vertex 1.31291 22.4992 9.53674e-07
    endloop
  endfacet
  facet normal 0 0 -1
    outer loop
      vertex 1.96886 23.2985 9.53674e-07
      vertex 1.23463 24.7478 9.53674e-07
      vertex 1.41943 24.8139 9.53674e-07
    endloop
  endfacet
  facet normal 0 0 -1
    outer loop
      vertex 0 22.9 9.53674e-07
      vertex 1.31291 22.4992 9.53674e-07
      vertex 1.20172 22.2641 9.53674e-07
    endloop
  endfacet
  facet normal 0 0 -1
    outer loop
      vertex 0 22.9 9.53674e-07
      vertex 1.20172 22.2641 9.53674e-07
      vertex 1.11411 22.0193 9.53674e-07
    endloop
  endfacet
  facet normal 0 0 -1
    outer loop
      vertex 1.96886 23.2985 9.53674e-07
      vertex 1.05721 24.6638 9.53674e-07
      vertex 1.23463 24.7478 9.53674e-07
    endloop
  endfacet
  facet normal 0 0 -1
    outer loop
      vertex 0 22.9 9.53674e-07
      vertex 1.11411 22.0193 9.53674e-07
      vertex 1.05092 21.767 9.53674e-07
    endloop
  endfacet
  facet normal 0 0 -1
    outer loop
      vertex 0 22.9 9.53674e-07
      vertex 1.05092 21.767 9.53674e-07
      vertex 1.01276 21.5097 9.53674e-07
    endloop
  endfacet
  facet normal 0 0 -1
    outer loop
      vertex 0 22.9 9.53674e-07
      vertex 1.01276 21.5097 9.53674e-07
      vertex 1 21.25 9.53674e-07
    endloop
  endfacet
  facet normal 0 0 -1
    outer loop
      vertex 1.96886 23.2985 9.53674e-07
      vertex 0.888855 24.5629 9.53674e-07
      vertex 1.05721 24.6638 9.53674e-07
    endloop
  endfacet
  facet normal 0 0 -1
    outer loop
      vertex 1.05092 20.733 9.53674e-07
      vertex 0 22.9 9.53674e-07
      vertex 1.01276 20.9903 9.53674e-07
    endloop
  endfacet
  facet normal 0 0 -1
    outer loop
      vertex 0.0384369 1.60982 9.53674e-07
      vertex 1.4466 2.17774 9.53674e-07
      vertex 0.0861206 1.41944 9.53674e-07
    endloop
  endfacet
  facet normal 0 0 -1
    outer loop
      vertex 1.01276 20.9903 9.53674e-07
      vertex 0 22.9 9.53674e-07
      vertex 1 21.25 9.53674e-07
    endloop
  endfacet
  facet normal 0 0 -1
    outer loop
      vertex 0.0096283 1.80398 9.53674e-07
      vertex 1.4466 2.17774 9.53674e-07
      vertex 0.0384369 1.60982 9.53674e-07
    endloop
  endfacet
  facet normal 0 0 -1
    outer loop
      vertex 1.31291 22.4992 9.53674e-07
      vertex 0 22.9 9.53674e-07
      vertex 0.0096283 23.096 9.53674e-07
    endloop
  endfacet
  facet normal -0 0 -1
    outer loop
      vertex 1.4466 2.17774 9.53674e-07
      vertex 0.0096283 1.80398 9.53674e-07
      vertex 1.31291 2.4008 9.53674e-07
    endloop
  endfacet
  facet normal 0 0 -1
    outer loop
      vertex 1.77617 23.1238 9.53674e-07
      vertex 0.731216 24.446 9.53674e-07
      vertex 0.888855 24.5629 9.53674e-07
    endloop
  endfacet
  facet normal 0 0 -1
    outer loop
      vertex 0 2.00001 9.53674e-07
      vertex 1.31291 2.4008 9.53674e-07
      vertex 0.0096283 1.80398 9.53674e-07
    endloop
  endfacet
  facet normal 0 0 -1
    outer loop
      vertex 1.77617 23.1238 9.53674e-07
      vertex 0.585785 24.3142 9.53674e-07
      vertex 0.731216 24.446 9.53674e-07
    endloop
  endfacet
  facet normal -0 0 -1
    outer loop
      vertex 1.31291 2.4008 9.53674e-07
      vertex 0 2.00001 9.53674e-07
      vertex 1.20172 2.63589 9.53674e-07
    endloop
  endfacet
  facet normal 0 0 -1
    outer loop
      vertex 1.77617 23.1238 9.53674e-07
      vertex 0.453979 24.1688 9.53674e-07
      vertex 0.585785 24.3142 9.53674e-07
    endloop
  endfacet
  facet normal -0 0 -1
    outer loop
      vertex 1.20172 2.63589 9.53674e-07
      vertex 0 2.00001 9.53674e-07
      vertex 1.11411 2.88075 9.53674e-07
    endloop
  endfacet
  facet normal 0 0 -1
    outer loop
      vertex 1.60152 22.9311 9.53674e-07
      vertex 0.337067 24.0111 9.53674e-07
      vertex 0.453979 24.1688 9.53674e-07
    endloop
  endfacet
  facet normal -0 0 -1
    outer loop
      vertex 1.01276 3.39026 9.53674e-07
      vertex 0 2.00001 9.53674e-07
      vertex 1 3.65 9.53674e-07
    endloop
  endfacet
  facet normal 0 0 -1
    outer loop
      vertex 1.60152 22.9311 9.53674e-07
      vertex 0.23616 23.8428 9.53674e-07
      vertex 0.337067 24.0111 9.53674e-07
    endloop
  endfacet
  facet normal -0 0 -1
    outer loop
      vertex 1.11411 2.88075 9.53674e-07
      vertex 0 2.00001 9.53674e-07
      vertex 1.05092 3.13301 9.53674e-07
    endloop
  endfacet
  facet normal 0 0 -1
    outer loop
      vertex 1.60152 22.9311 9.53674e-07
      vertex 0.152237 23.6654 9.53674e-07
      vertex 0.23616 23.8428 9.53674e-07
    endloop
  endfacet
  facet normal -0 0 -1
    outer loop
      vertex 1.05092 3.13301 9.53674e-07
      vertex 0 2.00001 9.53674e-07
      vertex 1.01276 3.39026 9.53674e-07
    endloop
  endfacet
  facet normal 0 0 -1
    outer loop
      vertex 1.4466 22.7223 9.53674e-07
      vertex 0.0861206 23.4806 9.53674e-07
      vertex 0.152237 23.6654 9.53674e-07
    endloop
  endfacet
  facet normal 0 0 -1
    outer loop
      vertex 1.4466 22.7223 9.53674e-07
      vertex 0.0384369 23.2902 9.53674e-07
      vertex 0.0861206 23.4806 9.53674e-07
    endloop
  endfacet
  facet normal 0 0 -1
    outer loop
      vertex 1.4466 22.7223 9.53674e-07
      vertex 0.0096283 23.096 9.53674e-07
      vertex 0.0384369 23.2902 9.53674e-07
    endloop
  endfacet
  facet normal 0 0 -1
    outer loop
      vertex 40.9871 20.0008 9.53674e-07
      vertex 40.7 18.729 9.53674e-07
      vertex 40.8534 19.7777 9.53674e-07
    endloop
  endfacet
  facet normal 0 0 -1
    outer loop
      vertex 40.7 18.729 9.53674e-07
      vertex 40.6985 19.5689 9.53674e-07
      vertex 40.8534 19.7777 9.53674e-07
    endloop
  endfacet
  facet normal 0 0 -1
    outer loop
      vertex 40.7 18.729 9.53674e-07
      vertex 40.5238 19.3762 9.53674e-07
      vertex 40.6985 19.5689 9.53674e-07
    endloop
  endfacet
  facet normal 0 0 -1
    outer loop
      vertex 40.1223 19.0466 9.53674e-07
      vertex 40.7 18.729 9.53674e-07
      vertex 40.4556 18.5477 9.53674e-07
    endloop
  endfacet
  facet normal 0 0 -1
    outer loop
      vertex 40.7 18.729 9.53674e-07
      vertex 40.3311 19.2015 9.53674e-07
      vertex 40.5238 19.3762 9.53674e-07
    endloop
  endfacet
  facet normal 0 0 -1
    outer loop
      vertex 40.1223 19.0466 9.53674e-07
      vertex 40.4556 18.5477 9.53674e-07
      vertex 40.182 18.3838 9.53674e-07
    endloop
  endfacet
  facet normal 0 0 -1
    outer loop
      vertex 40.7 18.729 9.53674e-07
      vertex 40.1223 19.0466 9.53674e-07
      vertex 40.3311 19.2015 9.53674e-07
    endloop
  endfacet
  facet normal 0 0 -1
    outer loop
      vertex 40.182 18.3838 9.53674e-07
      vertex 39.8992 18.9129 9.53674e-07
      vertex 40.1223 19.0466 9.53674e-07
    endloop
  endfacet
  facet normal 0 0 -1
    outer loop
      vertex 39.8937 18.2474 9.53674e-07
      vertex 39.8992 18.9129 9.53674e-07
      vertex 40.182 18.3838 9.53674e-07
    endloop
  endfacet
  facet normal 0 0 -1
    outer loop
      vertex 39.8937 18.2474 9.53674e-07
      vertex 39.6641 18.8017 9.53674e-07
      vertex 39.8992 18.9129 9.53674e-07
    endloop
  endfacet
  facet normal 0 0 -1
    outer loop
      vertex 39.5934 18.1399 9.53674e-07
      vertex 39.6641 18.8017 9.53674e-07
      vertex 39.8937 18.2474 9.53674e-07
    endloop
  endfacet
  facet normal 0 0 -1
    outer loop
      vertex 39.5934 18.1399 9.53674e-07
      vertex 39.4193 18.7141 9.53674e-07
      vertex 39.6641 18.8017 9.53674e-07
    endloop
  endfacet
  facet normal 0 0 -1
    outer loop
      vertex 39.284 18.0625 9.53674e-07
      vertex 39.4193 18.7141 9.53674e-07
      vertex 39.5934 18.1399 9.53674e-07
    endloop
  endfacet
  facet normal 0 0 -1
    outer loop
      vertex 39.284 18.0625 9.53674e-07
      vertex 39.167 18.6509 9.53674e-07
      vertex 39.4193 18.7141 9.53674e-07
    endloop
  endfacet
  facet normal 0 0 -1
    outer loop
      vertex 38.9686 18.0157 9.53674e-07
      vertex 39.167 18.6509 9.53674e-07
      vertex 39.284 18.0625 9.53674e-07
    endloop
  endfacet
  facet normal 0 0 -1
    outer loop
      vertex 38.9686 18.0157 9.53674e-07
      vertex 38.9097 18.6128 9.53674e-07
      vertex 39.167 18.6509 9.53674e-07
    endloop
  endfacet
  facet normal 0 0 -1
    outer loop
      vertex 38.9686 18.0157 9.53674e-07
      vertex 38.65 18.6 9.53674e-07
      vertex 38.9097 18.6128 9.53674e-07
    endloop
  endfacet
  facet normal 0 0 -1
    outer loop
      vertex 38.65 18 9.53674e-07
      vertex 38.65 18.6 9.53674e-07
      vertex 38.9686 18.0157 9.53674e-07
    endloop
  endfacet
  facet normal 0 0 -1
    outer loop
      vertex 38.65 18 9.53674e-07
      vertex 38.3903 18.6128 9.53674e-07
      vertex 38.65 18.6 9.53674e-07
    endloop
  endfacet
  facet normal 0 0 -1
    outer loop
      vertex 38.3314 18.0157 9.53674e-07
      vertex 38.3903 18.6128 9.53674e-07
      vertex 38.65 18 9.53674e-07
    endloop
  endfacet
  facet normal 0 0 -1
    outer loop
      vertex 38.3314 18.0157 9.53674e-07
      vertex 38.133 18.6509 9.53674e-07
      vertex 38.3903 18.6128 9.53674e-07
    endloop
  endfacet
  facet normal 0 0 -1
    outer loop
      vertex 38.0159 18.0625 9.53674e-07
      vertex 38.133 18.6509 9.53674e-07
      vertex 38.3314 18.0157 9.53674e-07
    endloop
  endfacet
  facet normal 0 0 -1
    outer loop
      vertex 38.0159 18.0625 9.53674e-07
      vertex 37.8807 18.7141 9.53674e-07
      vertex 38.133 18.6509 9.53674e-07
    endloop
  endfacet
  facet normal 0 0 -1
    outer loop
      vertex 37.7066 18.1399 9.53674e-07
      vertex 37.8807 18.7141 9.53674e-07
      vertex 38.0159 18.0625 9.53674e-07
    endloop
  endfacet
  facet normal 0 0 -1
    outer loop
      vertex 37.7066 18.1399 9.53674e-07
      vertex 37.6359 18.8017 9.53674e-07
      vertex 37.8807 18.7141 9.53674e-07
    endloop
  endfacet
  facet normal 0 0 -1
    outer loop
      vertex 37.4063 18.2474 9.53674e-07
      vertex 37.6359 18.8017 9.53674e-07
      vertex 37.7066 18.1399 9.53674e-07
    endloop
  endfacet
  facet normal 0 0 -1
    outer loop
      vertex 37.4063 18.2474 9.53674e-07
      vertex 37.4008 18.9129 9.53674e-07
      vertex 37.6359 18.8017 9.53674e-07
    endloop
  endfacet
  facet normal 0 0 -1
    outer loop
      vertex 37.118 18.3838 9.53674e-07
      vertex 37.4008 18.9129 9.53674e-07
      vertex 37.4063 18.2474 9.53674e-07
    endloop
  endfacet
  facet normal -0 0 -1
    outer loop
      vertex 37.4008 18.9129 9.53674e-07
      vertex 37.118 18.3838 9.53674e-07
      vertex 37.1777 19.0466 9.53674e-07
    endloop
  endfacet
  facet normal 0 0 -1
    outer loop
      vertex 36.8444 18.5477 9.53674e-07
      vertex 37.1777 19.0466 9.53674e-07
      vertex 37.118 18.3838 9.53674e-07
    endloop
  endfacet
  facet normal -0 0 -1
    outer loop
      vertex 37.1777 19.0466 9.53674e-07
      vertex 36.8444 18.5477 9.53674e-07
      vertex 36.9689 19.2015 9.53674e-07
    endloop
  endfacet
  facet normal 0 0 -1
    outer loop
      vertex 36.5882 18.7377 9.53674e-07
      vertex 36.9689 19.2015 9.53674e-07
      vertex 36.8444 18.5477 9.53674e-07
    endloop
  endfacet
  facet normal -0 0 -1
    outer loop
      vertex 36.9689 19.2015 9.53674e-07
      vertex 36.5882 18.7377 9.53674e-07
      vertex 36.7762 19.3762 9.53674e-07
    endloop
  endfacet
  facet normal 0 0 -1
    outer loop
      vertex 36.3519 18.9519 9.53674e-07
      vertex 36.7762 19.3762 9.53674e-07
      vertex 36.5882 18.7377 9.53674e-07
    endloop
  endfacet
  facet normal -0 0 -1
    outer loop
      vertex 36.7762 19.3762 9.53674e-07
      vertex 36.3519 18.9519 9.53674e-07
      vertex 36.6015 19.5689 9.53674e-07
    endloop
  endfacet
  facet normal 0 0 -1
    outer loop
      vertex 36.1377 19.1882 9.53674e-07
      vertex 36.6015 19.5689 9.53674e-07
      vertex 36.3519 18.9519 9.53674e-07
    endloop
  endfacet
  facet normal -0 0 -1
    outer loop
      vertex 36.6015 19.5689 9.53674e-07
      vertex 36.1377 19.1882 9.53674e-07
      vertex 36.4466 19.7777 9.53674e-07
    endloop
  endfacet
  facet normal 0 0 -1
    outer loop
      vertex 35.9477 19.4444 9.53674e-07
      vertex 36.4466 19.7777 9.53674e-07
      vertex 36.1377 19.1882 9.53674e-07
    endloop
  endfacet
  facet normal -0 0 -1
    outer loop
      vertex 36.4466 19.7777 9.53674e-07
      vertex 35.9477 19.4444 9.53674e-07
      vertex 36.3129 20.0008 9.53674e-07
    endloop
  endfacet
  facet normal 0 0 -1
    outer loop
      vertex 35.7838 19.718 9.53674e-07
      vertex 36.3129 20.0008 9.53674e-07
      vertex 35.9477 19.4444 9.53674e-07
    endloop
  endfacet
  facet normal -0 0 -1
    outer loop
      vertex 36.3129 20.0008 9.53674e-07
      vertex 35.7838 19.718 9.53674e-07
      vertex 36.2017 20.2359 9.53674e-07
    endloop
  endfacet
  facet normal 0 0 -1
    outer loop
      vertex 35.6474 20.0063 9.53674e-07
      vertex 36.2017 20.2359 9.53674e-07
      vertex 35.7838 19.718 9.53674e-07
    endloop
  endfacet
  facet normal 0 0 -1
    outer loop
      vertex 35.5399 20.3066 9.53674e-07
      vertex 36.1141 20.4807 9.53674e-07
      vertex 35.6474 20.0063 9.53674e-07
    endloop
  endfacet
  facet normal -0 0 -1
    outer loop
      vertex 36.2017 20.2359 9.53674e-07
      vertex 35.6474 20.0063 9.53674e-07
      vertex 36.1141 20.4807 9.53674e-07
    endloop
  endfacet
  facet normal 0 0 -1
    outer loop
      vertex 35.7838 2.11797 9.53674e-07
      vertex 36.3129 2.4008 9.53674e-07
      vertex 35.9477 1.8444 9.53674e-07
    endloop
  endfacet
  facet normal -0 0 -1
    outer loop
      vertex 36.3129 2.4008 9.53674e-07
      vertex 35.7838 2.11797 9.53674e-07
      vertex 36.2017 2.63589 9.53674e-07
    endloop
  endfacet
  facet normal 0 0 -1
    outer loop
      vertex 35.6474 2.40629 9.53674e-07
      vertex 36.2017 2.63589 9.53674e-07
      vertex 35.7838 2.11797 9.53674e-07
    endloop
  endfacet
  facet normal 0 0 -1
    outer loop
      vertex 35.5399 2.70658 9.53674e-07
      vertex 36.1141 2.88075 9.53674e-07
      vertex 35.6474 2.40629 9.53674e-07
    endloop
  endfacet
  facet normal -0 0 -1
    outer loop
      vertex 36.2017 2.63589 9.53674e-07
      vertex 35.6474 2.40629 9.53674e-07
      vertex 36.1141 2.88075 9.53674e-07
    endloop
  endfacet
  facet normal -1 0 0
    outer loop
      vertex 0 2.00001 9.53674e-07
      vertex 0 22.9 39.25
      vertex 0 22.9 9.53674e-07
    endloop
  endfacet
  facet normal -1 -0 0
    outer loop
      vertex 0 22.9 39.25
      vertex 0 2.00001 9.53674e-07
      vertex 0 2.00001 39.25
    endloop
  endfacet
  facet normal -0.740892 0.671624 0
    outer loop
      vertex 0.453979 24.1688 9.53674e-07
      vertex 0.585785 24.3142 39.25
      vertex 0.585785 24.3142 9.53674e-07
    endloop
  endfacet
  facet normal -0.740892 0.671624 0
    outer loop
      vertex 0.585785 24.3142 39.25
      vertex 0.453979 24.1688 9.53674e-07
      vertex 0.453979 24.1688 39.25
    endloop
  endfacet
  facet normal -0.336788 0.94158 0
    outer loop
      vertex 1.41943 24.8139 9.53674e-07
      vertex 1.23463 24.7478 39.25
      vertex 1.41943 24.8139 39.25
    endloop
  endfacet
  facet normal -0.336788 0.94158 0
    outer loop
      vertex 1.23463 24.7478 39.25
      vertex 1.41943 24.8139 9.53674e-07
      vertex 1.23463 24.7478 9.53674e-07
    endloop
  endfacet
  facet normal 0.242937 -0.970042 0
    outer loop
      vertex 40.6902 0.038443 9.53674e-07
      vertex 40.8806 0.0861267 39.25
      vertex 40.6902 0.038443 39.25
    endloop
  endfacet
  facet normal 0.242937 -0.970042 0
    outer loop
      vertex 40.8806 0.0861267 39.25
      vertex 40.6902 0.038443 9.53674e-07
      vertex 40.8806 0.0861267 9.53674e-07
    endloop
  endfacet
  facet normal -0.998796 -0.0490573 0
    outer loop
      vertex 0.0096283 1.80398 9.53674e-07
      vertex 0 2.00001 39.25
      vertex 0 2.00001 9.53674e-07
    endloop
  endfacet
  facet normal -0.998796 -0.0490573 0
    outer loop
      vertex 0 2.00001 39.25
      vertex 0.0096283 1.80398 9.53674e-07
      vertex 0.0096283 1.80398 39.25
    endloop
  endfacet
  facet normal -0.998796 0.0490648 0
    outer loop
      vertex 0 22.9 9.53674e-07
      vertex 0.0096283 23.096 39.25
      vertex 0.0096283 23.096 9.53674e-07
    endloop
  endfacet
  facet normal -0.998796 0.0490648 0
    outer loop
      vertex 0.0096283 23.096 39.25
      vertex 0 22.9 9.53674e-07
      vertex 0 22.9 39.25
    endloop
  endfacet
  facet normal -0.146733 0.989176 0
    outer loop
      vertex 1.80397 24.8904 9.53674e-07
      vertex 1.60982 24.8616 39.25
      vertex 1.80397 24.8904 39.25
    endloop
  endfacet
  facet normal -0.146733 0.989176 0
    outer loop
      vertex 1.60982 24.8616 39.25
      vertex 1.80397 24.8904 9.53674e-07
      vertex 1.60982 24.8616 9.53674e-07
    endloop
  endfacet
  facet normal -0.243027 0.970019 0
    outer loop
      vertex 1.60982 24.8616 9.53674e-07
      vertex 1.41943 24.8139 39.25
      vertex 1.60982 24.8616 39.25
    endloop
  endfacet
  facet normal -0.243027 0.970019 0
    outer loop
      vertex 1.41943 24.8139 39.25
      vertex 1.60982 24.8616 9.53674e-07
      vertex 1.41943 24.8139 9.53674e-07
    endloop
  endfacet
  facet normal 0.336862 -0.941554 0
    outer loop
      vertex 40.8806 0.0861267 9.53674e-07
      vertex 41.0654 0.152243 39.25
      vertex 40.8806 0.0861267 39.25
    endloop
  endfacet
  facet normal 0.336862 -0.941554 0
    outer loop
      vertex 41.0654 0.152243 39.25
      vertex 40.8806 0.0861267 9.53674e-07
      vertex 41.0654 0.152243 9.53674e-07
    endloop
  endfacet
  facet normal 0.0490648 -0.998796 0
    outer loop
      vertex 40.3 6.10352e-06 9.53674e-07
      vertex 40.496 0.0096344 39.25
      vertex 40.3 6.10352e-06 39.25
    endloop
  endfacet
  facet normal 0.0490648 -0.998796 0
    outer loop
      vertex 40.496 0.0096344 39.25
      vertex 40.3 6.10352e-06 9.53674e-07
      vertex 40.496 0.0096344 9.53674e-07
    endloop
  endfacet
  facet normal -0.146776 -0.98917 0
    outer loop
      vertex 1.60982 0.038443 9.53674e-07
      vertex 1.80397 0.0096344 39.25
      vertex 1.60982 0.038443 39.25
    endloop
  endfacet
  facet normal -0.146776 -0.98917 -0
    outer loop
      vertex 1.80397 0.0096344 39.25
      vertex 1.60982 0.038443 9.53674e-07
      vertex 1.80397 0.0096344 9.53674e-07
    endloop
  endfacet
  facet normal -0.595699 -0.803208 0
    outer loop
      vertex 0.731216 0.453986 9.53674e-07
      vertex 0.888855 0.337073 39.25
      vertex 0.731216 0.453986 39.25
    endloop
  endfacet
  facet normal -0.595699 -0.803208 -0
    outer loop
      vertex 0.888855 0.337073 39.25
      vertex 0.731216 0.453986 9.53674e-07
      vertex 0.888855 0.337073 9.53674e-07
    endloop
  endfacet
  facet normal -0.514099 -0.857731 0
    outer loop
      vertex 0.888855 0.337073 9.53674e-07
      vertex 1.05721 0.236166 39.25
      vertex 0.888855 0.337073 39.25
    endloop
  endfacet
  facet normal -0.514099 -0.857731 -0
    outer loop
      vertex 1.05721 0.236166 39.25
      vertex 0.888855 0.337073 9.53674e-07
      vertex 1.05721 0.236166 9.53674e-07
    endloop
  endfacet
  facet normal -0.671542 -0.740966 0
    outer loop
      vertex 0.585785 0.585791 9.53674e-07
      vertex 0.731216 0.453986 39.25
      vertex 0.585785 0.585791 39.25
    endloop
  endfacet
  facet normal -0.671542 -0.740966 -0
    outer loop
      vertex 0.731216 0.453986 39.25
      vertex 0.585785 0.585791 9.53674e-07
      vertex 0.731216 0.453986 9.53674e-07
    endloop
  endfacet
  facet normal -0.90398 -0.427575 0
    outer loop
      vertex 0.23616 1.05721 9.53674e-07
      vertex 0.152237 1.23464 39.25
      vertex 0.152237 1.23464 9.53674e-07
    endloop
  endfacet
  facet normal -0.90398 -0.427575 0
    outer loop
      vertex 0.152237 1.23464 39.25
      vertex 0.23616 1.05721 9.53674e-07
      vertex 0.23616 1.05721 39.25
    endloop
  endfacet
  facet normal -0.941554 0.336862 0
    outer loop
      vertex 0.0861206 23.4806 9.53674e-07
      vertex 0.152237 23.6654 39.25
      vertex 0.152237 23.6654 9.53674e-07
    endloop
  endfacet
  facet normal -0.941554 0.336862 0
    outer loop
      vertex 0.152237 23.6654 39.25
      vertex 0.0861206 23.4806 9.53674e-07
      vertex 0.0861206 23.4806 39.25
    endloop
  endfacet
  facet normal -0.671528 0.740979 0
    outer loop
      vertex 0.731216 24.446 9.53674e-07
      vertex 0.585785 24.3142 39.25
      vertex 0.731216 24.446 39.25
    endloop
  endfacet
  facet normal -0.671528 0.740979 0
    outer loop
      vertex 0.585785 24.3142 39.25
      vertex 0.731216 24.446 9.53674e-07
      vertex 0.585785 24.3142 9.53674e-07
    endloop
  endfacet
  facet normal -0.514072 0.857747 0
    outer loop
      vertex 1.05721 24.6638 9.53674e-07
      vertex 0.888855 24.5629 39.25
      vertex 1.05721 24.6638 39.25
    endloop
  endfacet
  facet normal -0.514072 0.857747 0
    outer loop
      vertex 0.888855 24.5629 39.25
      vertex 1.05721 24.6638 9.53674e-07
      vertex 0.888855 24.5629 9.53674e-07
    endloop
  endfacet
  facet normal -0.427916 0.903819 0
    outer loop
      vertex 1.23463 24.7478 9.53674e-07
      vertex 1.05721 24.6638 39.25
      vertex 1.23463 24.7478 39.25
    endloop
  endfacet
  facet normal -0.427916 0.903819 0
    outer loop
      vertex 1.05721 24.6638 39.25
      vertex 1.23463 24.7478 9.53674e-07
      vertex 1.05721 24.6638 9.53674e-07
    endloop
  endfacet
  facet normal 0.59555 -0.803318 0
    outer loop
      vertex 41.4111 0.337073 9.53674e-07
      vertex 41.5688 0.453986 39.25
      vertex 41.4111 0.337073 39.25
    endloop
  endfacet
  facet normal 0.59555 -0.803318 0
    outer loop
      vertex 41.5688 0.453986 39.25
      vertex 41.4111 0.337073 9.53674e-07
      vertex 41.5688 0.453986 9.53674e-07
    endloop
  endfacet
  facet normal 0.243015 0.970023 -0
    outer loop
      vertex 40.8806 24.8139 9.53674e-07
      vertex 40.6902 24.8616 39.25
      vertex 40.8806 24.8139 39.25
    endloop
  endfacet
  facet normal 0.243015 0.970023 0
    outer loop
      vertex 40.6902 24.8616 39.25
      vertex 40.8806 24.8139 9.53674e-07
      vertex 40.6902 24.8616 9.53674e-07
    endloop
  endfacet
  facet normal 0.94158 0.336788 0
    outer loop
      vertex 42.2139 23.4806 39.25
      vertex 42.1478 23.6654 9.53674e-07
      vertex 42.1478 23.6654 39.25
    endloop
  endfacet
  facet normal 0.94158 0.336788 0
    outer loop
      vertex 42.1478 23.6654 9.53674e-07
      vertex 42.2139 23.4806 39.25
      vertex 42.2139 23.4806 9.53674e-07
    endloop
  endfacet
  facet normal 0.595508 0.80335 -0
    outer loop
      vertex 41.5688 24.446 9.53674e-07
      vertex 41.4111 24.5629 39.25
      vertex 41.5688 24.446 39.25
    endloop
  endfacet
  facet normal 0.595508 0.80335 0
    outer loop
      vertex 41.4111 24.5629 39.25
      vertex 41.5688 24.446 9.53674e-07
      vertex 41.4111 24.5629 9.53674e-07
    endloop
  endfacet
  facet normal 0.427634 -0.903952 0
    outer loop
      vertex 41.0654 0.152243 9.53674e-07
      vertex 41.2428 0.236166 39.25
      vertex 41.0654 0.152243 39.25
    endloop
  endfacet
  facet normal 0.427634 -0.903952 0
    outer loop
      vertex 41.2428 0.236166 39.25
      vertex 41.0654 0.152243 9.53674e-07
      vertex 41.2428 0.236166 9.53674e-07
    endloop
  endfacet
  facet normal 0.514222 -0.857657 0
    outer loop
      vertex 41.2428 0.236166 9.53674e-07
      vertex 41.4111 0.337073 39.25
      vertex 41.2428 0.236166 39.25
    endloop
  endfacet
  facet normal 0.514222 -0.857657 0
    outer loop
      vertex 41.4111 0.337073 39.25
      vertex 41.2428 0.236166 9.53674e-07
      vertex 41.4111 0.337073 9.53674e-07
    endloop
  endfacet
  facet normal 0.146739 -0.989175 0
    outer loop
      vertex 40.496 0.0096344 9.53674e-07
      vertex 40.6902 0.038443 39.25
      vertex 40.496 0.0096344 39.25
    endloop
  endfacet
  facet normal 0.146739 -0.989175 0
    outer loop
      vertex 40.6902 0.038443 39.25
      vertex 40.496 0.0096344 9.53674e-07
      vertex 40.6902 0.038443 9.53674e-07
    endloop
  endfacet
  facet normal -0.336862 -0.941554 0
    outer loop
      vertex 1.23463 0.152243 9.53674e-07
      vertex 1.41943 0.0861267 39.25
      vertex 1.23463 0.152243 39.25
    endloop
  endfacet
  facet normal -0.336862 -0.941554 -0
    outer loop
      vertex 1.41943 0.0861267 39.25
      vertex 1.23463 0.152243 9.53674e-07
      vertex 1.41943 0.0861267 9.53674e-07
    endloop
  endfacet
  facet normal -0.242949 -0.970039 0
    outer loop
      vertex 1.41943 0.0861267 9.53674e-07
      vertex 1.60982 0.038443 39.25
      vertex 1.41943 0.0861267 39.25
    endloop
  endfacet
  facet normal -0.242949 -0.970039 -0
    outer loop
      vertex 1.60982 0.038443 39.25
      vertex 1.41943 0.0861267 9.53674e-07
      vertex 1.60982 0.038443 9.53674e-07
    endloop
  endfacet
  facet normal -0.857723 -0.514112 0
    outer loop
      vertex 0.337067 0.888861 9.53674e-07
      vertex 0.23616 1.05721 39.25
      vertex 0.23616 1.05721 9.53674e-07
    endloop
  endfacet
  facet normal -0.857723 -0.514112 0
    outer loop
      vertex 0.23616 1.05721 39.25
      vertex 0.337067 0.888861 9.53674e-07
      vertex 0.337067 0.888861 39.25
    endloop
  endfacet
  facet normal -0.803208 -0.595698 0
    outer loop
      vertex 0.453979 0.731223 9.53674e-07
      vertex 0.337067 0.888861 39.25
      vertex 0.337067 0.888861 9.53674e-07
    endloop
  endfacet
  facet normal -0.803208 -0.595698 0
    outer loop
      vertex 0.337067 0.888861 39.25
      vertex 0.453979 0.731223 9.53674e-07
      vertex 0.453979 0.731223 39.25
    endloop
  endfacet
  facet normal -0.740966 -0.671543 0
    outer loop
      vertex 0.585785 0.585791 9.53674e-07
      vertex 0.453979 0.731223 39.25
      vertex 0.453979 0.731223 9.53674e-07
    endloop
  endfacet
  facet normal -0.740966 -0.671543 0
    outer loop
      vertex 0.453979 0.731223 39.25
      vertex 0.585785 0.585791 9.53674e-07
      vertex 0.585785 0.585791 39.25
    endloop
  endfacet
  facet normal -0.989171 -0.146769 0
    outer loop
      vertex 0.0384369 1.60982 9.53674e-07
      vertex 0.0096283 1.80398 39.25
      vertex 0.0096283 1.80398 9.53674e-07
    endloop
  endfacet
  facet normal -0.989171 -0.146769 0
    outer loop
      vertex 0.0096283 1.80398 39.25
      vertex 0.0384369 1.60982 9.53674e-07
      vertex 0.0384369 1.60982 39.25
    endloop
  endfacet
  facet normal -0.970036 -0.242961 0
    outer loop
      vertex 0.0861206 1.41944 9.53674e-07
      vertex 0.0384369 1.60982 39.25
      vertex 0.0384369 1.60982 9.53674e-07
    endloop
  endfacet
  facet normal -0.970036 -0.242961 0
    outer loop
      vertex 0.0384369 1.60982 39.25
      vertex 0.0861206 1.41944 9.53674e-07
      vertex 0.0861206 1.41944 39.25
    endloop
  endfacet
  facet normal -0.941554 -0.336862 0
    outer loop
      vertex 0.152237 1.23464 9.53674e-07
      vertex 0.0861206 1.41944 39.25
      vertex 0.0861206 1.41944 9.53674e-07
    endloop
  endfacet
  facet normal -0.941554 -0.336862 0
    outer loop
      vertex 0.0861206 1.41944 39.25
      vertex 0.152237 1.23464 9.53674e-07
      vertex 0.152237 1.23464 39.25
    endloop
  endfacet
  facet normal -0 0 1
    outer loop
      vertex 5.69848 19.5689 39.25
      vertex 14.9598 13.4871 39.25
      vertex 5.85339 19.7777 39.25
    endloop
  endfacet
  facet normal 0 0 1
    outer loop
      vertex 14.7 12.45 39.25
      vertex 6.28724 3.90975 39.25
      vertex 6.3 3.65 39.25
    endloop
  endfacet
  facet normal 0 0 1
    outer loop
      vertex 14.9598 13.4871 39.25
      vertex 5.69848 19.5689 39.25
      vertex 14.8675 13.2919 39.25
    endloop
  endfacet
  facet normal 0 0 1
    outer loop
      vertex 14.7 12.45 39.25
      vertex 6.24908 4.16699 39.25
      vertex 6.28724 3.90975 39.25
    endloop
  endfacet
  facet normal -0 0 1
    outer loop
      vertex 5.52383 19.3762 39.25
      vertex 14.8675 13.2919 39.25
      vertex 5.69848 19.5689 39.25
    endloop
  endfacet
  facet normal 0 0 1
    outer loop
      vertex 14.7 12.45 39.25
      vertex 6.18589 4.41925 39.25
      vertex 6.24908 4.16699 39.25
    endloop
  endfacet
  facet normal 0 0 1
    outer loop
      vertex 14.8675 13.2919 39.25
      vertex 5.52383 19.3762 39.25
      vertex 14.7947 13.0886 39.25
    endloop
  endfacet
  facet normal 0 0 1
    outer loop
      vertex 14.7 12.45 39.25
      vertex 6.09828 4.66411 39.25
      vertex 6.18589 4.41925 39.25
    endloop
  endfacet
  facet normal -0 0 1
    outer loop
      vertex 5.33114 19.2015 39.25
      vertex 14.7947 13.0886 39.25
      vertex 5.52383 19.3762 39.25
    endloop
  endfacet
  facet normal 0 0 1
    outer loop
      vertex 14.7 12.45 39.25
      vertex 5.98709 4.8992 39.25
      vertex 6.09828 4.66411 39.25
    endloop
  endfacet
  facet normal 0 0 1
    outer loop
      vertex 14.7947 13.0886 39.25
      vertex 5.33114 19.2015 39.25
      vertex 14.7423 12.8792 39.25
    endloop
  endfacet
  facet normal 0 0 1
    outer loop
      vertex 14.7 12.45 39.25
      vertex 5.85339 5.12226 39.25
      vertex 5.98709 4.8992 39.25
    endloop
  endfacet
  facet normal -0 0 1
    outer loop
      vertex 5.12226 19.0466 39.25
      vertex 14.7423 12.8792 39.25
      vertex 5.33114 19.2015 39.25
    endloop
  endfacet
  facet normal 0 0 1
    outer loop
      vertex 14.7 12.45 39.25
      vertex 5.69848 5.33114 39.25
      vertex 5.85339 5.12226 39.25
    endloop
  endfacet
  facet normal 0 0 1
    outer loop
      vertex 14.7423 12.8792 39.25
      vertex 5.12226 19.0466 39.25
      vertex 14.7106 12.6656 39.25
    endloop
  endfacet
  facet normal 0 0 1
    outer loop
      vertex 14.7 12.45 39.25
      vertex 5.52383 5.52383 39.25
      vertex 5.69848 5.33114 39.25
    endloop
  endfacet
  facet normal -0 0 1
    outer loop
      vertex 4.8992 18.9129 39.25
      vertex 14.7106 12.6656 39.25
      vertex 5.12226 19.0466 39.25
    endloop
  endfacet
  facet normal 0 0 1
    outer loop
      vertex 14.7 12.45 39.25
      vertex 5.33114 5.69848 39.25
      vertex 5.52383 5.52383 39.25
    endloop
  endfacet
  facet normal 0 0 1
    outer loop
      vertex 14.7106 12.6656 39.25
      vertex 4.8992 18.9129 39.25
      vertex 14.7 12.45 39.25
    endloop
  endfacet
  facet normal 0 0 1
    outer loop
      vertex 14.7 12.45 39.25
      vertex 5.12226 5.85339 39.25
      vertex 5.33114 5.69848 39.25
    endloop
  endfacet
  facet normal -0 0 1
    outer loop
      vertex 4.66411 18.8017 39.25
      vertex 14.7 12.45 39.25
      vertex 4.8992 18.9129 39.25
    endloop
  endfacet
  facet normal 0 0 1
    outer loop
      vertex 14.7 12.45 39.25
      vertex 4.8992 5.98709 39.25
      vertex 5.12226 5.85339 39.25
    endloop
  endfacet
  facet normal 0 0 1
    outer loop
      vertex 4.66411 6.09828 39.25
      vertex 14.7 12.45 39.25
      vertex 4.66411 18.8017 39.25
    endloop
  endfacet
  facet normal 0 0 1
    outer loop
      vertex 14.7 12.45 39.25
      vertex 4.66411 6.09828 39.25
      vertex 4.8992 5.98709 39.25
    endloop
  endfacet
  facet normal -0 0 1
    outer loop
      vertex 4.41925 18.7141 39.25
      vertex 4.66411 6.09828 39.25
      vertex 4.66411 18.8017 39.25
    endloop
  endfacet
  facet normal 0 0 1
    outer loop
      vertex 4.41925 18.7141 39.25
      vertex 4.41925 6.18589 39.25
      vertex 4.66411 6.09828 39.25
    endloop
  endfacet
  facet normal -0 0 1
    outer loop
      vertex 4.16699 18.6509 39.25
      vertex 4.41925 6.18589 39.25
      vertex 4.41925 18.7141 39.25
    endloop
  endfacet
  facet normal 0 0 1
    outer loop
      vertex 4.16699 18.6509 39.25
      vertex 4.16699 6.24908 39.25
      vertex 4.41925 6.18589 39.25
    endloop
  endfacet
  facet normal -0 0 1
    outer loop
      vertex 3.90975 18.6128 39.25
      vertex 4.16699 6.24908 39.25
      vertex 4.16699 18.6509 39.25
    endloop
  endfacet
  facet normal 0 0 1
    outer loop
      vertex 3.90975 18.6128 39.25
      vertex 3.90975 6.28724 39.25
      vertex 4.16699 6.24908 39.25
    endloop
  endfacet
  facet normal -0 0 1
    outer loop
      vertex 3.65 18.6 39.25
      vertex 3.90975 6.28724 39.25
      vertex 3.90975 18.6128 39.25
    endloop
  endfacet
  facet normal 0 0 1
    outer loop
      vertex 3.65 18.6 39.25
      vertex 3.65 6.3 39.25
      vertex 3.90975 6.28724 39.25
    endloop
  endfacet
  facet normal 0 0 1
    outer loop
      vertex 3.39025 18.6128 39.25
      vertex 3.65 6.3 39.25
      vertex 3.65 18.6 39.25
    endloop
  endfacet
  facet normal 0 0 1
    outer loop
      vertex 3.39025 18.6128 39.25
      vertex 3.39025 6.28724 39.25
      vertex 3.65 6.3 39.25
    endloop
  endfacet
  facet normal 0 0 1
    outer loop
      vertex 3.13301 18.6509 39.25
      vertex 3.39025 6.28724 39.25
      vertex 3.39025 18.6128 39.25
    endloop
  endfacet
  facet normal 0 0 1
    outer loop
      vertex 3.13301 18.6509 39.25
      vertex 3.13301 6.24908 39.25
      vertex 3.39025 6.28724 39.25
    endloop
  endfacet
  facet normal 0 0 1
    outer loop
      vertex 2.88074 18.7141 39.25
      vertex 3.13301 6.24908 39.25
      vertex 3.13301 18.6509 39.25
    endloop
  endfacet
  facet normal 0 0 1
    outer loop
      vertex 2.88074 18.7141 39.25
      vertex 2.88074 6.18589 39.25
      vertex 3.13301 6.24908 39.25
    endloop
  endfacet
  facet normal 0 0 1
    outer loop
      vertex 2.63589 18.8017 39.25
      vertex 2.88074 6.18589 39.25
      vertex 2.88074 18.7141 39.25
    endloop
  endfacet
  facet normal 0 0 1
    outer loop
      vertex 2.63589 18.8017 39.25
      vertex 2.63589 6.09828 39.25
      vertex 2.88074 6.18589 39.25
    endloop
  endfacet
  facet normal 0 0 1
    outer loop
      vertex 2.4008 18.9129 39.25
      vertex 2.63589 6.09828 39.25
      vertex 2.63589 18.8017 39.25
    endloop
  endfacet
  facet normal 0 0 1
    outer loop
      vertex 2.4008 18.9129 39.25
      vertex 2.4008 5.98709 39.25
      vertex 2.63589 6.09828 39.25
    endloop
  endfacet
  facet normal 0 0 1
    outer loop
      vertex 2.17774 19.0466 39.25
      vertex 2.4008 5.98709 39.25
      vertex 2.4008 18.9129 39.25
    endloop
  endfacet
  facet normal 0 0 1
    outer loop
      vertex 2.17774 19.0466 39.25
      vertex 2.17774 5.85339 39.25
      vertex 2.4008 5.98709 39.25
    endloop
  endfacet
  facet normal 0 0 1
    outer loop
      vertex 1.96886 19.2015 39.25
      vertex 2.17774 5.85339 39.25
      vertex 2.17774 19.0466 39.25
    endloop
  endfacet
  facet normal 0 0 1
    outer loop
      vertex 1.96886 19.2015 39.25
      vertex 1.96886 5.69848 39.25
      vertex 2.17774 5.85339 39.25
    endloop
  endfacet
  facet normal 0 0 1
    outer loop
      vertex 1.77617 19.3762 39.25
      vertex 1.96886 5.69848 39.25
      vertex 1.96886 19.2015 39.25
    endloop
  endfacet
  facet normal 0 0 1
    outer loop
      vertex 1.77617 19.3762 39.25
      vertex 1.77617 5.52383 39.25
      vertex 1.96886 5.69848 39.25
    endloop
  endfacet
  facet normal 0 0 1
    outer loop
      vertex 1.60152 19.5689 39.25
      vertex 1.77617 5.52383 39.25
      vertex 1.77617 19.3762 39.25
    endloop
  endfacet
  facet normal 0 0 1
    outer loop
      vertex 1.60152 19.5689 39.25
      vertex 1.60152 5.33114 39.25
      vertex 1.77617 5.52383 39.25
    endloop
  endfacet
  facet normal 0 0 1
    outer loop
      vertex 1.4466 19.7777 39.25
      vertex 1.60152 5.33114 39.25
      vertex 1.60152 19.5689 39.25
    endloop
  endfacet
  facet normal 0 0 1
    outer loop
      vertex 1.4466 19.7777 39.25
      vertex 1.4466 5.12226 39.25
      vertex 1.60152 5.33114 39.25
    endloop
  endfacet
  facet normal 0 0 1
    outer loop
      vertex 1.31291 20.0008 39.25
      vertex 1.4466 5.12226 39.25
      vertex 1.4466 19.7777 39.25
    endloop
  endfacet
  facet normal 0 0 1
    outer loop
      vertex 1.31291 20.0008 39.25
      vertex 1.31291 4.8992 39.25
      vertex 1.4466 5.12226 39.25
    endloop
  endfacet
  facet normal 0 0 1
    outer loop
      vertex 1.20172 20.2359 39.25
      vertex 1.31291 4.8992 39.25
      vertex 1.31291 20.0008 39.25
    endloop
  endfacet
  facet normal 0 0 1
    outer loop
      vertex 1.20172 20.2359 39.25
      vertex 1.20172 4.66411 39.25
      vertex 1.31291 4.8992 39.25
    endloop
  endfacet
  facet normal 0 0 1
    outer loop
      vertex 0 22.9 39.25
      vertex 1.20172 20.2359 39.25
      vertex 1.11411 20.4807 39.25
    endloop
  endfacet
  facet normal 0 0 1
    outer loop
      vertex 1.20172 20.2359 39.25
      vertex 0 22.9 39.25
      vertex 1.20172 4.66411 39.25
    endloop
  endfacet
  facet normal 0 0 1
    outer loop
      vertex 0 22.9 39.25
      vertex 1.11411 20.4807 39.25
      vertex 1.05092 20.733 39.25
    endloop
  endfacet
  facet normal 0 0 1
    outer loop
      vertex 0 2.00001 39.25
      vertex 1.20172 4.66411 39.25
      vertex 0 22.9 39.25
    endloop
  endfacet
  facet normal 0 0 1
    outer loop
      vertex 0 22.9 39.25
      vertex 1.05092 20.733 39.25
      vertex 1.01276 20.9903 39.25
    endloop
  endfacet
  facet normal 0 0 1
    outer loop
      vertex 1.20172 4.66411 39.25
      vertex 0 2.00001 39.25
      vertex 1.11411 4.41925 39.25
    endloop
  endfacet
  facet normal 0 0 1
    outer loop
      vertex 0 22.9 39.25
      vertex 1.01276 20.9903 39.25
      vertex 1 21.25 39.25
    endloop
  endfacet
  facet normal 0 0 1
    outer loop
      vertex 1.11411 4.41925 39.25
      vertex 0 2.00001 39.25
      vertex 1.05092 4.16699 39.25
    endloop
  endfacet
  facet normal 0 0 1
    outer loop
      vertex 41.1859 20.4807 39.25
      vertex 42.3 22.9 39.25
      vertex 41.2491 20.733 39.25
    endloop
  endfacet
  facet normal 0 0 1
    outer loop
      vertex 42.3 2.00001 39.25
      vertex 41.2872 3.90975 39.25
      vertex 41.3 3.65 39.25
    endloop
  endfacet
  facet normal 0 0 1
    outer loop
      vertex 41.0983 20.2359 39.25
      vertex 42.3 22.9 39.25
      vertex 41.1859 20.4807 39.25
    endloop
  endfacet
  facet normal 0 0 1
    outer loop
      vertex 42.3 2.00001 39.25
      vertex 41.2491 4.16699 39.25
      vertex 41.2872 3.90975 39.25
    endloop
  endfacet
  facet normal 0 0 1
    outer loop
      vertex 42.3 22.9 39.25
      vertex 41.0983 20.2359 39.25
      vertex 42.3 2.00001 39.25
    endloop
  endfacet
  facet normal 0 0 1
    outer loop
      vertex 42.3 2.00001 39.25
      vertex 41.1859 4.41925 39.25
      vertex 41.2491 4.16699 39.25
    endloop
  endfacet
  facet normal -0 0 1
    outer loop
      vertex 41.0983 4.66411 39.25
      vertex 42.3 2.00001 39.25
      vertex 41.0983 20.2359 39.25
    endloop
  endfacet
  facet normal 0 0 1
    outer loop
      vertex 42.3 2.00001 39.25
      vertex 41.0983 4.66411 39.25
      vertex 41.1859 4.41925 39.25
    endloop
  endfacet
  facet normal -0 0 1
    outer loop
      vertex 40.9871 20.0008 39.25
      vertex 41.0983 4.66411 39.25
      vertex 41.0983 20.2359 39.25
    endloop
  endfacet
  facet normal 0 0 1
    outer loop
      vertex 40.9871 20.0008 39.25
      vertex 40.9871 4.8992 39.25
      vertex 41.0983 4.66411 39.25
    endloop
  endfacet
  facet normal -0 0 1
    outer loop
      vertex 40.8534 19.7777 39.25
      vertex 40.9871 4.8992 39.25
      vertex 40.9871 20.0008 39.25
    endloop
  endfacet
  facet normal 0 0 1
    outer loop
      vertex 40.8534 19.7777 39.25
      vertex 40.8534 5.12226 39.25
      vertex 40.9871 4.8992 39.25
    endloop
  endfacet
  facet normal -0 0 1
    outer loop
      vertex 40.6985 19.5689 39.25
      vertex 40.8534 5.12226 39.25
      vertex 40.8534 19.7777 39.25
    endloop
  endfacet
  facet normal 0 0 1
    outer loop
      vertex 40.6985 19.5689 39.25
      vertex 40.6985 5.33114 39.25
      vertex 40.8534 5.12226 39.25
    endloop
  endfacet
  facet normal -0 0 1
    outer loop
      vertex 40.5238 19.3762 39.25
      vertex 40.6985 5.33114 39.25
      vertex 40.6985 19.5689 39.25
    endloop
  endfacet
  facet normal 0 0 1
    outer loop
      vertex 40.5238 19.3762 39.25
      vertex 40.5238 5.52383 39.25
      vertex 40.6985 5.33114 39.25
    endloop
  endfacet
  facet normal -0 0 1
    outer loop
      vertex 40.3311 19.2015 39.25
      vertex 40.5238 5.52383 39.25
      vertex 40.5238 19.3762 39.25
    endloop
  endfacet
  facet normal 0 0 1
    outer loop
      vertex 40.3311 19.2015 39.25
      vertex 40.3311 5.69848 39.25
      vertex 40.5238 5.52383 39.25
    endloop
  endfacet
  facet normal -0 0 1
    outer loop
      vertex 40.1223 19.0466 39.25
      vertex 40.3311 5.69848 39.25
      vertex 40.3311 19.2015 39.25
    endloop
  endfacet
  facet normal 0 0 1
    outer loop
      vertex 40.1223 19.0466 39.25
      vertex 40.1223 5.85339 39.25
      vertex 40.3311 5.69848 39.25
    endloop
  endfacet
  facet normal -0 0 1
    outer loop
      vertex 39.8992 18.9129 39.25
      vertex 40.1223 5.85339 39.25
      vertex 40.1223 19.0466 39.25
    endloop
  endfacet
  facet normal 0 0 1
    outer loop
      vertex 39.8992 18.9129 39.25
      vertex 39.8992 5.98709 39.25
      vertex 40.1223 5.85339 39.25
    endloop
  endfacet
  facet normal -0 0 1
    outer loop
      vertex 39.6641 18.8017 39.25
      vertex 39.8992 5.98709 39.25
      vertex 39.8992 18.9129 39.25
    endloop
  endfacet
  facet normal 0 0 1
    outer loop
      vertex 39.6641 18.8017 39.25
      vertex 39.6641 6.09828 39.25
      vertex 39.8992 5.98709 39.25
    endloop
  endfacet
  facet normal -0 0 1
    outer loop
      vertex 39.4193 18.7141 39.25
      vertex 39.6641 6.09828 39.25
      vertex 39.6641 18.8017 39.25
    endloop
  endfacet
  facet normal 0 0 1
    outer loop
      vertex 39.4193 18.7141 39.25
      vertex 39.4193 6.18589 39.25
      vertex 39.6641 6.09828 39.25
    endloop
  endfacet
  facet normal -0 0 1
    outer loop
      vertex 39.167 18.6509 39.25
      vertex 39.4193 6.18589 39.25
      vertex 39.4193 18.7141 39.25
    endloop
  endfacet
  facet normal 0 0 1
    outer loop
      vertex 39.167 18.6509 39.25
      vertex 39.167 6.24908 39.25
      vertex 39.4193 6.18589 39.25
    endloop
  endfacet
  facet normal -0 0 1
    outer loop
      vertex 38.9097 18.6128 39.25
      vertex 39.167 6.24908 39.25
      vertex 39.167 18.6509 39.25
    endloop
  endfacet
  facet normal 0 0 1
    outer loop
      vertex 38.9097 18.6128 39.25
      vertex 38.9097 6.28724 39.25
      vertex 39.167 6.24908 39.25
    endloop
  endfacet
  facet normal -0 0 1
    outer loop
      vertex 38.65 18.6 39.25
      vertex 38.9097 6.28724 39.25
      vertex 38.9097 18.6128 39.25
    endloop
  endfacet
  facet normal 0 0 1
    outer loop
      vertex 38.65 18.6 39.25
      vertex 38.65 6.3 39.25
      vertex 38.9097 6.28724 39.25
    endloop
  endfacet
  facet normal 0 0 1
    outer loop
      vertex 38.3903 18.6128 39.25
      vertex 38.65 6.3 39.25
      vertex 38.65 18.6 39.25
    endloop
  endfacet
  facet normal 0 0 1
    outer loop
      vertex 38.3903 18.6128 39.25
      vertex 38.3903 6.28724 39.25
      vertex 38.65 6.3 39.25
    endloop
  endfacet
  facet normal 0 0 1
    outer loop
      vertex 38.133 18.6509 39.25
      vertex 38.3903 6.28724 39.25
      vertex 38.3903 18.6128 39.25
    endloop
  endfacet
  facet normal 0 0 1
    outer loop
      vertex 38.133 18.6509 39.25
      vertex 38.133 6.24908 39.25
      vertex 38.3903 6.28724 39.25
    endloop
  endfacet
  facet normal 0 0 1
    outer loop
      vertex 37.8807 18.7141 39.25
      vertex 38.133 6.24908 39.25
      vertex 38.133 18.6509 39.25
    endloop
  endfacet
  facet normal 0 0 1
    outer loop
      vertex 37.8807 18.7141 39.25
      vertex 37.8807 6.18589 39.25
      vertex 38.133 6.24908 39.25
    endloop
  endfacet
  facet normal 0 0 1
    outer loop
      vertex 37.6359 18.8017 39.25
      vertex 37.8807 6.18589 39.25
      vertex 37.8807 18.7141 39.25
    endloop
  endfacet
  facet normal 0 0 1
    outer loop
      vertex 37.6359 18.8017 39.25
      vertex 37.6359 6.09828 39.25
      vertex 37.8807 6.18589 39.25
    endloop
  endfacet
  facet normal 0 0 1
    outer loop
      vertex 27.6 12.45 39.25
      vertex 37.6359 18.8017 39.25
      vertex 37.4008 18.9129 39.25
    endloop
  endfacet
  facet normal 0 0 1
    outer loop
      vertex 37.6359 18.8017 39.25
      vertex 27.6 12.45 39.25
      vertex 37.6359 6.09828 39.25
    endloop
  endfacet
  facet normal 0 0 1
    outer loop
      vertex 27.5894 12.6656 39.25
      vertex 37.4008 18.9129 39.25
      vertex 37.1777 19.0466 39.25
    endloop
  endfacet
  facet normal 0 0 1
    outer loop
      vertex 37.6359 6.09828 39.25
      vertex 27.6 12.45 39.25
      vertex 37.4008 5.98709 39.25
    endloop
  endfacet
  facet normal 0 0 1
    outer loop
      vertex 27.5577 12.8792 39.25
      vertex 37.1777 19.0466 39.25
      vertex 36.9689 19.2015 39.25
    endloop
  endfacet
  facet normal -0 0 1
    outer loop
      vertex 27.5894 12.2344 39.25
      vertex 37.4008 5.98709 39.25
      vertex 27.6 12.45 39.25
    endloop
  endfacet
  facet normal 0 0 1
    outer loop
      vertex 27.5053 13.0886 39.25
      vertex 36.9689 19.2015 39.25
      vertex 36.7762 19.3762 39.25
    endloop
  endfacet
  facet normal 0 0 1
    outer loop
      vertex 37.4008 5.98709 39.25
      vertex 27.5894 12.2344 39.25
      vertex 37.1777 5.85339 39.25
    endloop
  endfacet
  facet normal 0 0 1
    outer loop
      vertex 27.4325 13.2919 39.25
      vertex 36.7762 19.3762 39.25
      vertex 36.6015 19.5689 39.25
    endloop
  endfacet
  facet normal -0 0 1
    outer loop
      vertex 27.5577 12.0208 39.25
      vertex 37.1777 5.85339 39.25
      vertex 27.5894 12.2344 39.25
    endloop
  endfacet
  facet normal 0 0 1
    outer loop
      vertex 27.3402 13.4871 39.25
      vertex 36.6015 19.5689 39.25
      vertex 36.4466 19.7777 39.25
    endloop
  endfacet
  facet normal 0 0 1
    outer loop
      vertex 37.1777 5.85339 39.25
      vertex 27.5577 12.0208 39.25
      vertex 36.9689 5.69848 39.25
    endloop
  endfacet
  facet normal 0 0 1
    outer loop
      vertex 27.2292 13.6723 39.25
      vertex 36.4466 19.7777 39.25
      vertex 36.3129 20.0008 39.25
    endloop
  endfacet
  facet normal -0 0 1
    outer loop
      vertex 27.5053 11.8114 39.25
      vertex 36.9689 5.69848 39.25
      vertex 27.5577 12.0208 39.25
    endloop
  endfacet
  facet normal 0 0 1
    outer loop
      vertex 27.1006 13.8457 39.25
      vertex 36.3129 20.0008 39.25
      vertex 36.2017 20.2359 39.25
    endloop
  endfacet
  facet normal 0 0 1
    outer loop
      vertex 36.9689 5.69848 39.25
      vertex 27.5053 11.8114 39.25
      vertex 36.7762 5.52383 39.25
    endloop
  endfacet
  facet normal 0 0 1
    outer loop
      vertex 26.7957 14.1506 39.25
      vertex 36.2017 20.2359 39.25
      vertex 36.1141 20.4807 39.25
    endloop
  endfacet
  facet normal -0 0 1
    outer loop
      vertex 27.4325 11.6081 39.25
      vertex 36.7762 5.52383 39.25
      vertex 27.5053 11.8114 39.25
    endloop
  endfacet
  facet normal 0 0 1
    outer loop
      vertex 26.6223 14.2792 39.25
      vertex 36.1141 20.4807 39.25
      vertex 36.0509 20.733 39.25
    endloop
  endfacet
  facet normal 0 0 1
    outer loop
      vertex 36.7762 5.52383 39.25
      vertex 27.4325 11.6081 39.25
      vertex 36.6015 5.33114 39.25
    endloop
  endfacet
  facet normal 0 0 1
    outer loop
      vertex 26.4371 14.3902 39.25
      vertex 36.0509 20.733 39.25
      vertex 36.0128 20.9903 39.25
    endloop
  endfacet
  facet normal -0 0 1
    outer loop
      vertex 27.3402 11.4129 39.25
      vertex 36.6015 5.33114 39.25
      vertex 27.4325 11.6081 39.25
    endloop
  endfacet
  facet normal 0 0 1
    outer loop
      vertex 26.2419 14.4825 39.25
      vertex 36.0128 20.9903 39.25
      vertex 36 21.25 39.25
    endloop
  endfacet
  facet normal 0 0 1
    outer loop
      vertex 36.6015 5.33114 39.25
      vertex 27.3402 11.4129 39.25
      vertex 36.4466 5.12226 39.25
    endloop
  endfacet
  facet normal 0 0 1
    outer loop
      vertex 40.9871 22.4992 39.25
      vertex 42.3 22.9 39.25
      vertex 42.2904 23.096 39.25
    endloop
  endfacet
  facet normal 0 0 1
    outer loop
      vertex 41.2872 20.9903 39.25
      vertex 42.3 22.9 39.25
      vertex 41.3 21.25 39.25
    endloop
  endfacet
  facet normal 0 0 1
    outer loop
      vertex 40.8534 22.7223 39.25
      vertex 42.2904 23.096 39.25
      vertex 42.2616 23.2902 39.25
    endloop
  endfacet
  facet normal 0 0 1
    outer loop
      vertex 41.2491 20.733 39.25
      vertex 42.3 22.9 39.25
      vertex 41.2872 20.9903 39.25
    endloop
  endfacet
  facet normal 0 0 1
    outer loop
      vertex 40.8534 22.7223 39.25
      vertex 42.2616 23.2902 39.25
      vertex 42.2139 23.4806 39.25
    endloop
  endfacet
  facet normal -0 0 1
    outer loop
      vertex 41.2872 3.39026 39.25
      vertex 42.3 2.00001 39.25
      vertex 41.3 3.65 39.25
    endloop
  endfacet
  facet normal 0 0 1
    outer loop
      vertex 40.8534 22.7223 39.25
      vertex 42.2139 23.4806 39.25
      vertex 42.1478 23.6654 39.25
    endloop
  endfacet
  facet normal -0 0 1
    outer loop
      vertex 41.2491 3.13301 39.25
      vertex 42.3 2.00001 39.25
      vertex 41.2872 3.39026 39.25
    endloop
  endfacet
  facet normal 0 0 1
    outer loop
      vertex 40.6985 22.9311 39.25
      vertex 42.1478 23.6654 39.25
      vertex 42.0638 23.8428 39.25
    endloop
  endfacet
  facet normal -0 0 1
    outer loop
      vertex 41.1859 2.88075 39.25
      vertex 42.3 2.00001 39.25
      vertex 41.2491 3.13301 39.25
    endloop
  endfacet
  facet normal 0 0 1
    outer loop
      vertex 40.6985 22.9311 39.25
      vertex 42.0638 23.8428 39.25
      vertex 41.9629 24.0111 39.25
    endloop
  endfacet
  facet normal -0 0 1
    outer loop
      vertex 41.0983 2.63589 39.25
      vertex 42.3 2.00001 39.25
      vertex 41.1859 2.88075 39.25
    endloop
  endfacet
  facet normal 0 0 1
    outer loop
      vertex 40.6985 22.9311 39.25
      vertex 41.9629 24.0111 39.25
      vertex 41.846 24.1688 39.25
    endloop
  endfacet
  facet normal -0 0 1
    outer loop
      vertex 40.9871 2.4008 39.25
      vertex 42.3 2.00001 39.25
      vertex 41.0983 2.63589 39.25
    endloop
  endfacet
  facet normal 0 0 1
    outer loop
      vertex 40.5238 23.1238 39.25
      vertex 41.846 24.1688 39.25
      vertex 41.7142 24.3142 39.25
    endloop
  endfacet
  facet normal 0 0 1
    outer loop
      vertex 42.3 2.00001 39.25
      vertex 40.9871 2.4008 39.25
      vertex 42.2904 1.80398 39.25
    endloop
  endfacet
  facet normal 0 0 1
    outer loop
      vertex 40.5238 23.1238 39.25
      vertex 41.7142 24.3142 39.25
      vertex 41.5688 24.446 39.25
    endloop
  endfacet
  facet normal -0 0 1
    outer loop
      vertex 40.8534 2.17774 39.25
      vertex 42.2904 1.80398 39.25
      vertex 40.9871 2.4008 39.25
    endloop
  endfacet
  facet normal 0 0 1
    outer loop
      vertex 40.5238 23.1238 39.25
      vertex 41.5688 24.446 39.25
      vertex 41.4111 24.5629 39.25
    endloop
  endfacet
  facet normal 0 0 1
    outer loop
      vertex 42.2904 1.80398 39.25
      vertex 40.8534 2.17774 39.25
      vertex 42.2616 1.60982 39.25
    endloop
  endfacet
  facet normal 0 0 1
    outer loop
      vertex 42.2616 1.60982 39.25
      vertex 40.8534 2.17774 39.25
      vertex 42.2139 1.41944 39.25
    endloop
  endfacet
  facet normal 0 0 1
    outer loop
      vertex 42.3 22.9 39.25
      vertex 41.2872 21.5097 39.25
      vertex 41.3 21.25 39.25
    endloop
  endfacet
  facet normal 0 0 1
    outer loop
      vertex 42.3 22.9 39.25
      vertex 41.2491 21.767 39.25
      vertex 41.2872 21.5097 39.25
    endloop
  endfacet
  facet normal 0 0 1
    outer loop
      vertex 40.3311 23.2985 39.25
      vertex 41.4111 24.5629 39.25
      vertex 41.2428 24.6638 39.25
    endloop
  endfacet
  facet normal 0 0 1
    outer loop
      vertex 42.3 22.9 39.25
      vertex 41.1859 22.0193 39.25
      vertex 41.2491 21.767 39.25
    endloop
  endfacet
  facet normal 0 0 1
    outer loop
      vertex 42.3 22.9 39.25
      vertex 41.0983 22.2641 39.25
      vertex 41.1859 22.0193 39.25
    endloop
  endfacet
  facet normal 0 0 1
    outer loop
      vertex 40.3311 23.2985 39.25
      vertex 41.2428 24.6638 39.25
      vertex 41.0654 24.7478 39.25
    endloop
  endfacet
  facet normal 0 0 1
    outer loop
      vertex 42.3 22.9 39.25
      vertex 40.9871 22.4992 39.25
      vertex 41.0983 22.2641 39.25
    endloop
  endfacet
  facet normal 0 0 1
    outer loop
      vertex 40.3311 23.2985 39.25
      vertex 41.0654 24.7478 39.25
      vertex 40.8806 24.8139 39.25
    endloop
  endfacet
  facet normal 0 0 1
    outer loop
      vertex 42.2904 23.096 39.25
      vertex 40.8534 22.7223 39.25
      vertex 40.9871 22.4992 39.25
    endloop
  endfacet
  facet normal 0 0 1
    outer loop
      vertex 42.1478 23.6654 39.25
      vertex 40.6985 22.9311 39.25
      vertex 40.8534 22.7223 39.25
    endloop
  endfacet
  facet normal 0 0 1
    outer loop
      vertex 40.1223 23.4534 39.25
      vertex 40.8806 24.8139 39.25
      vertex 40.6902 24.8616 39.25
    endloop
  endfacet
  facet normal 0 0 1
    outer loop
      vertex 41.846 24.1688 39.25
      vertex 40.5238 23.1238 39.25
      vertex 40.6985 22.9311 39.25
    endloop
  endfacet
  facet normal 0 0 1
    outer loop
      vertex 40.1223 23.4534 39.25
      vertex 40.6902 24.8616 39.25
      vertex 40.496 24.8904 39.25
    endloop
  endfacet
  facet normal 0 0 1
    outer loop
      vertex 41.4111 24.5629 39.25
      vertex 40.3311 23.2985 39.25
      vertex 40.5238 23.1238 39.25
    endloop
  endfacet
  facet normal 0 0 1
    outer loop
      vertex 39.8992 23.5871 39.25
      vertex 40.496 24.8904 39.25
      vertex 40.3 24.9 39.25
    endloop
  endfacet
  facet normal 0 0 1
    outer loop
      vertex 40.8806 24.8139 39.25
      vertex 40.1223 23.4534 39.25
      vertex 40.3311 23.2985 39.25
    endloop
  endfacet
  facet normal 0 0 1
    outer loop
      vertex 40.496 24.8904 39.25
      vertex 39.8992 23.5871 39.25
      vertex 40.1223 23.4534 39.25
    endloop
  endfacet
  facet normal 0 0 1
    outer loop
      vertex 40.3 24.9 39.25
      vertex 39.6641 23.6983 39.25
      vertex 39.8992 23.5871 39.25
    endloop
  endfacet
  facet normal 0 0 1
    outer loop
      vertex 40.3 24.9 39.25
      vertex 39.4193 23.7859 39.25
      vertex 39.6641 23.6983 39.25
    endloop
  endfacet
  facet normal 0 0 1
    outer loop
      vertex 40.3 24.9 39.25
      vertex 39.167 23.8491 39.25
      vertex 39.4193 23.7859 39.25
    endloop
  endfacet
  facet normal 0 0 1
    outer loop
      vertex 40.3 24.9 39.25
      vertex 38.9097 23.8872 39.25
      vertex 39.167 23.8491 39.25
    endloop
  endfacet
  facet normal 0 0 1
    outer loop
      vertex 40.3 24.9 39.25
      vertex 38.65 23.9 39.25
      vertex 38.9097 23.8872 39.25
    endloop
  endfacet
  facet normal 0 0 1
    outer loop
      vertex 40.3 24.9 39.25
      vertex 38.3903 23.8872 39.25
      vertex 38.65 23.9 39.25
    endloop
  endfacet
  facet normal 0 0 1
    outer loop
      vertex 40.3 24.9 39.25
      vertex 38.133 23.8491 39.25
      vertex 38.3903 23.8872 39.25
    endloop
  endfacet
  facet normal 0 0 1
    outer loop
      vertex 40.3 24.9 39.25
      vertex 37.8807 23.7859 39.25
      vertex 38.133 23.8491 39.25
    endloop
  endfacet
  facet normal 0 0 1
    outer loop
      vertex 40.3 24.9 39.25
      vertex 37.6359 23.6983 39.25
      vertex 37.8807 23.7859 39.25
    endloop
  endfacet
  facet normal -0 0 1
    outer loop
      vertex 27.2292 11.2277 39.25
      vertex 36.4466 5.12226 39.25
      vertex 27.3402 11.4129 39.25
    endloop
  endfacet
  facet normal 0 0 1
    outer loop
      vertex 26.0386 14.5553 39.25
      vertex 36 21.25 39.25
      vertex 36.0128 21.5097 39.25
    endloop
  endfacet
  facet normal 0 0 1
    outer loop
      vertex 25.8292 14.6077 39.25
      vertex 36.0128 21.5097 39.25
      vertex 36.0509 21.767 39.25
    endloop
  endfacet
  facet normal 0 0 1
    outer loop
      vertex 25.6156 14.6394 39.25
      vertex 36.0509 21.767 39.25
      vertex 36.1141 22.0193 39.25
    endloop
  endfacet
  facet normal 0 0 1
    outer loop
      vertex 25.4 14.65 39.25
      vertex 36.1141 22.0193 39.25
      vertex 36.2017 22.2641 39.25
    endloop
  endfacet
  facet normal 0 0 1
    outer loop
      vertex 25.4 14.65 39.25
      vertex 36.2017 22.2641 39.25
      vertex 36.3129 22.4992 39.25
    endloop
  endfacet
  facet normal 0 0 1
    outer loop
      vertex 25.4 14.65 39.25
      vertex 36.3129 22.4992 39.25
      vertex 36.4466 22.7223 39.25
    endloop
  endfacet
  facet normal 0 0 1
    outer loop
      vertex 5.85339 22.7223 39.25
      vertex 36.4466 22.7223 39.25
      vertex 36.6015 22.9311 39.25
    endloop
  endfacet
  facet normal 0 0 1
    outer loop
      vertex 37.4008 18.9129 39.25
      vertex 27.5894 12.6656 39.25
      vertex 27.6 12.45 39.25
    endloop
  endfacet
  facet normal 0 0 1
    outer loop
      vertex 37.1777 19.0466 39.25
      vertex 27.5577 12.8792 39.25
      vertex 27.5894 12.6656 39.25
    endloop
  endfacet
  facet normal 0 0 1
    outer loop
      vertex 36.9689 19.2015 39.25
      vertex 27.5053 13.0886 39.25
      vertex 27.5577 12.8792 39.25
    endloop
  endfacet
  facet normal 0 0 1
    outer loop
      vertex 5.69848 22.9311 39.25
      vertex 36.6015 22.9311 39.25
      vertex 36.7762 23.1238 39.25
    endloop
  endfacet
  facet normal 0 0 1
    outer loop
      vertex 36.7762 19.3762 39.25
      vertex 27.4325 13.2919 39.25
      vertex 27.5053 13.0886 39.25
    endloop
  endfacet
  facet normal 0 0 1
    outer loop
      vertex 36.6015 19.5689 39.25
      vertex 27.3402 13.4871 39.25
      vertex 27.4325 13.2919 39.25
    endloop
  endfacet
  facet normal 0 0 1
    outer loop
      vertex 36.4466 19.7777 39.25
      vertex 27.2292 13.6723 39.25
      vertex 27.3402 13.4871 39.25
    endloop
  endfacet
  facet normal 0 0 1
    outer loop
      vertex 36.3129 20.0008 39.25
      vertex 27.1006 13.8457 39.25
      vertex 27.2292 13.6723 39.25
    endloop
  endfacet
  facet normal 0 0 1
    outer loop
      vertex 36.2017 20.2359 39.25
      vertex 26.9556 14.0056 39.25
      vertex 27.1006 13.8457 39.25
    endloop
  endfacet
  facet normal 0 0 1
    outer loop
      vertex 36.2017 20.2359 39.25
      vertex 26.7957 14.1506 39.25
      vertex 26.9556 14.0056 39.25
    endloop
  endfacet
  facet normal 0 0 1
    outer loop
      vertex 5.52383 23.1238 39.25
      vertex 36.7762 23.1238 39.25
      vertex 36.9689 23.2985 39.25
    endloop
  endfacet
  facet normal 0 0 1
    outer loop
      vertex 36.1141 20.4807 39.25
      vertex 26.6223 14.2792 39.25
      vertex 26.7957 14.1506 39.25
    endloop
  endfacet
  facet normal 0 0 1
    outer loop
      vertex 36.0509 20.733 39.25
      vertex 26.4371 14.3902 39.25
      vertex 26.6223 14.2792 39.25
    endloop
  endfacet
  facet normal 0 0 1
    outer loop
      vertex 36.0128 20.9903 39.25
      vertex 26.2419 14.4825 39.25
      vertex 26.4371 14.3902 39.25
    endloop
  endfacet
  facet normal 0 0 1
    outer loop
      vertex 36 21.25 39.25
      vertex 26.0386 14.5553 39.25
      vertex 26.2419 14.4825 39.25
    endloop
  endfacet
  facet normal 0 0 1
    outer loop
      vertex 36.0128 21.5097 39.25
      vertex 25.8292 14.6077 39.25
      vertex 26.0386 14.5553 39.25
    endloop
  endfacet
  facet normal 0 0 1
    outer loop
      vertex 36.0509 21.767 39.25
      vertex 25.6156 14.6394 39.25
      vertex 25.8292 14.6077 39.25
    endloop
  endfacet
  facet normal 0 0 1
    outer loop
      vertex 36.1141 22.0193 39.25
      vertex 25.4 14.65 39.25
      vertex 25.6156 14.6394 39.25
    endloop
  endfacet
  facet normal 0 0 1
    outer loop
      vertex 36.4466 22.7223 39.25
      vertex 16.9 14.65 39.25
      vertex 25.4 14.65 39.25
    endloop
  endfacet
  facet normal 0 0 1
    outer loop
      vertex 5.33114 23.2985 39.25
      vertex 36.9689 23.2985 39.25
      vertex 37.1777 23.4534 39.25
    endloop
  endfacet
  facet normal 0 0 1
    outer loop
      vertex 5.12226 23.4534 39.25
      vertex 37.1777 23.4534 39.25
      vertex 37.4008 23.5871 39.25
    endloop
  endfacet
  facet normal 0 0 1
    outer loop
      vertex 4.8992 23.5871 39.25
      vertex 37.4008 23.5871 39.25
      vertex 37.6359 23.6983 39.25
    endloop
  endfacet
  facet normal 0 0 1
    outer loop
      vertex 4.66411 23.6983 39.25
      vertex 37.6359 23.6983 39.25
      vertex 40.3 24.9 39.25
    endloop
  endfacet
  facet normal 0 0 1
    outer loop
      vertex 36.4466 22.7223 39.25
      vertex 5.85339 22.7223 39.25
      vertex 16.9 14.65 39.25
    endloop
  endfacet
  facet normal -0 -0 1
    outer loop
      vertex 5.98709 22.4992 39.25
      vertex 16.9 14.65 39.25
      vertex 5.85339 22.7223 39.25
    endloop
  endfacet
  facet normal -0 -0 1
    outer loop
      vertex 6.09828 22.2641 39.25
      vertex 16.9 14.65 39.25
      vertex 5.98709 22.4992 39.25
    endloop
  endfacet
  facet normal -0 -0 1
    outer loop
      vertex 6.18589 22.0193 39.25
      vertex 16.9 14.65 39.25
      vertex 6.09828 22.2641 39.25
    endloop
  endfacet
  facet normal -0 0 1
    outer loop
      vertex 5.85339 19.7777 39.25
      vertex 15.0708 13.6723 39.25
      vertex 5.98709 20.0008 39.25
    endloop
  endfacet
  facet normal 0 0 1
    outer loop
      vertex 15.1994 13.8457 39.25
      vertex 5.98709 20.0008 39.25
      vertex 15.0708 13.6723 39.25
    endloop
  endfacet
  facet normal -0 0 1
    outer loop
      vertex 5.98709 20.0008 39.25
      vertex 15.1994 13.8457 39.25
      vertex 6.09828 20.2359 39.25
    endloop
  endfacet
  facet normal 0 0 1
    outer loop
      vertex 15.3444 14.0056 39.25
      vertex 6.09828 20.2359 39.25
      vertex 15.1994 13.8457 39.25
    endloop
  endfacet
  facet normal 0 0 1
    outer loop
      vertex 15.5043 14.1506 39.25
      vertex 6.09828 20.2359 39.25
      vertex 15.3444 14.0056 39.25
    endloop
  endfacet
  facet normal -0 0 1
    outer loop
      vertex 6.09828 20.2359 39.25
      vertex 15.5043 14.1506 39.25
      vertex 6.18589 20.4807 39.25
    endloop
  endfacet
  facet normal 0 0 1
    outer loop
      vertex 15.6777 14.2792 39.25
      vertex 6.18589 20.4807 39.25
      vertex 15.5043 14.1506 39.25
    endloop
  endfacet
  facet normal -0 0 1
    outer loop
      vertex 6.18589 20.4807 39.25
      vertex 15.6777 14.2792 39.25
      vertex 6.24908 20.733 39.25
    endloop
  endfacet
  facet normal 0 0 1
    outer loop
      vertex 15.8629 14.3902 39.25
      vertex 6.24908 20.733 39.25
      vertex 15.6777 14.2792 39.25
    endloop
  endfacet
  facet normal -0 0 1
    outer loop
      vertex 6.24908 20.733 39.25
      vertex 15.8629 14.3902 39.25
      vertex 6.28724 20.9903 39.25
    endloop
  endfacet
  facet normal 0 0 1
    outer loop
      vertex 16.0581 14.4825 39.25
      vertex 6.28724 20.9903 39.25
      vertex 15.8629 14.3902 39.25
    endloop
  endfacet
  facet normal -0 0 1
    outer loop
      vertex 6.28724 20.9903 39.25
      vertex 16.0581 14.4825 39.25
      vertex 6.3 21.25 39.25
    endloop
  endfacet
  facet normal 0 0 1
    outer loop
      vertex 16.9 14.65 39.25
      vertex 6.18589 22.0193 39.25
      vertex 16.6844 14.6394 39.25
    endloop
  endfacet
  facet normal 0 0 1
    outer loop
      vertex 16.2614 14.5553 39.25
      vertex 6.3 21.25 39.25
      vertex 16.0581 14.4825 39.25
    endloop
  endfacet
  facet normal -0 -0 1
    outer loop
      vertex 6.3 21.25 39.25
      vertex 16.2614 14.5553 39.25
      vertex 6.28724 21.5097 39.25
    endloop
  endfacet
  facet normal 0 0 1
    outer loop
      vertex 16.4708 14.6077 39.25
      vertex 6.28724 21.5097 39.25
      vertex 16.2614 14.5553 39.25
    endloop
  endfacet
  facet normal -0 -0 1
    outer loop
      vertex 6.28724 21.5097 39.25
      vertex 16.4708 14.6077 39.25
      vertex 6.24908 21.767 39.25
    endloop
  endfacet
  facet normal 0 0 1
    outer loop
      vertex 16.6844 14.6394 39.25
      vertex 6.24908 21.767 39.25
      vertex 16.4708 14.6077 39.25
    endloop
  endfacet
  facet normal -0 -0 1
    outer loop
      vertex 6.24908 21.767 39.25
      vertex 16.6844 14.6394 39.25
      vertex 6.18589 22.0193 39.25
    endloop
  endfacet
  facet normal 0 0 1
    outer loop
      vertex 36.6015 22.9311 39.25
      vertex 5.69848 22.9311 39.25
      vertex 5.85339 22.7223 39.25
    endloop
  endfacet
  facet normal 0 0 1
    outer loop
      vertex 36.7762 23.1238 39.25
      vertex 5.52383 23.1238 39.25
      vertex 5.69848 22.9311 39.25
    endloop
  endfacet
  facet normal 0 0 1
    outer loop
      vertex 36.9689 23.2985 39.25
      vertex 5.33114 23.2985 39.25
      vertex 5.52383 23.1238 39.25
    endloop
  endfacet
  facet normal 0 0 1
    outer loop
      vertex 37.1777 23.4534 39.25
      vertex 5.12226 23.4534 39.25
      vertex 5.33114 23.2985 39.25
    endloop
  endfacet
  facet normal 0 0 1
    outer loop
      vertex 37.4008 23.5871 39.25
      vertex 4.8992 23.5871 39.25
      vertex 5.12226 23.4534 39.25
    endloop
  endfacet
  facet normal 0 0 1
    outer loop
      vertex 37.6359 23.6983 39.25
      vertex 4.66411 23.6983 39.25
      vertex 4.8992 23.5871 39.25
    endloop
  endfacet
  facet normal -0 0 1
    outer loop
      vertex 2 24.9 39.25
      vertex 4.66411 23.6983 39.25
      vertex 40.3 24.9 39.25
    endloop
  endfacet
  facet normal 0 0 1
    outer loop
      vertex 4.66411 23.6983 39.25
      vertex 2 24.9 39.25
      vertex 4.41925 23.7859 39.25
    endloop
  endfacet
  facet normal 0 0 1
    outer loop
      vertex 4.41925 23.7859 39.25
      vertex 2 24.9 39.25
      vertex 4.16699 23.8491 39.25
    endloop
  endfacet
  facet normal 0 0 1
    outer loop
      vertex 4.16699 23.8491 39.25
      vertex 2 24.9 39.25
      vertex 3.90975 23.8872 39.25
    endloop
  endfacet
  facet normal 0 0 1
    outer loop
      vertex 3.90975 23.8872 39.25
      vertex 2 24.9 39.25
      vertex 3.65 23.9 39.25
    endloop
  endfacet
  facet normal 0 0 1
    outer loop
      vertex 2 24.9 39.25
      vertex 3.39025 23.8872 39.25
      vertex 3.65 23.9 39.25
    endloop
  endfacet
  facet normal 0 0 1
    outer loop
      vertex 2 24.9 39.25
      vertex 3.13301 23.8491 39.25
      vertex 3.39025 23.8872 39.25
    endloop
  endfacet
  facet normal 0 0 1
    outer loop
      vertex 2 24.9 39.25
      vertex 2.88074 23.7859 39.25
      vertex 3.13301 23.8491 39.25
    endloop
  endfacet
  facet normal 0 0 1
    outer loop
      vertex 2 24.9 39.25
      vertex 2.63589 23.6983 39.25
      vertex 2.88074 23.7859 39.25
    endloop
  endfacet
  facet normal 0 0 1
    outer loop
      vertex 2 24.9 39.25
      vertex 2.4008 23.5871 39.25
      vertex 2.63589 23.6983 39.25
    endloop
  endfacet
  facet normal -0 0 1
    outer loop
      vertex 1.80397 24.8904 39.25
      vertex 2.4008 23.5871 39.25
      vertex 2 24.9 39.25
    endloop
  endfacet
  facet normal 0 0 1
    outer loop
      vertex 2.4008 23.5871 39.25
      vertex 1.80397 24.8904 39.25
      vertex 2.17774 23.4534 39.25
    endloop
  endfacet
  facet normal -0 0 1
    outer loop
      vertex 1.60982 24.8616 39.25
      vertex 2.17774 23.4534 39.25
      vertex 1.80397 24.8904 39.25
    endloop
  endfacet
  facet normal -0 0 1
    outer loop
      vertex 1.41943 24.8139 39.25
      vertex 2.17774 23.4534 39.25
      vertex 1.60982 24.8616 39.25
    endloop
  endfacet
  facet normal 0 0 1
    outer loop
      vertex 2.17774 23.4534 39.25
      vertex 1.41943 24.8139 39.25
      vertex 1.96886 23.2985 39.25
    endloop
  endfacet
  facet normal -0 0 1
    outer loop
      vertex 1.23463 24.7478 39.25
      vertex 1.96886 23.2985 39.25
      vertex 1.41943 24.8139 39.25
    endloop
  endfacet
  facet normal -0 0 1
    outer loop
      vertex 1.05721 24.6638 39.25
      vertex 1.96886 23.2985 39.25
      vertex 1.23463 24.7478 39.25
    endloop
  endfacet
  facet normal -0 0 1
    outer loop
      vertex 0.888855 24.5629 39.25
      vertex 1.96886 23.2985 39.25
      vertex 1.05721 24.6638 39.25
    endloop
  endfacet
  facet normal 0 0 1
    outer loop
      vertex 1.96886 23.2985 39.25
      vertex 0.888855 24.5629 39.25
      vertex 1.77617 23.1238 39.25
    endloop
  endfacet
  facet normal -0 0 1
    outer loop
      vertex 0.731216 24.446 39.25
      vertex 1.77617 23.1238 39.25
      vertex 0.888855 24.5629 39.25
    endloop
  endfacet
  facet normal -0 0 1
    outer loop
      vertex 0.585785 24.3142 39.25
      vertex 1.77617 23.1238 39.25
      vertex 0.731216 24.446 39.25
    endloop
  endfacet
  facet normal -0 0 1
    outer loop
      vertex 0.453979 24.1688 39.25
      vertex 1.77617 23.1238 39.25
      vertex 0.585785 24.3142 39.25
    endloop
  endfacet
  facet normal 0 0 1
    outer loop
      vertex 1.77617 23.1238 39.25
      vertex 0.453979 24.1688 39.25
      vertex 1.60152 22.9311 39.25
    endloop
  endfacet
  facet normal -0 0 1
    outer loop
      vertex 0.337067 24.0111 39.25
      vertex 1.60152 22.9311 39.25
      vertex 0.453979 24.1688 39.25
    endloop
  endfacet
  facet normal -0 0 1
    outer loop
      vertex 0.23616 23.8428 39.25
      vertex 1.60152 22.9311 39.25
      vertex 0.337067 24.0111 39.25
    endloop
  endfacet
  facet normal -0 0 1
    outer loop
      vertex 0.152237 23.6654 39.25
      vertex 1.60152 22.9311 39.25
      vertex 0.23616 23.8428 39.25
    endloop
  endfacet
  facet normal -0 0 1
    outer loop
      vertex 0.0861206 23.4806 39.25
      vertex 1.4466 22.7223 39.25
      vertex 0.152237 23.6654 39.25
    endloop
  endfacet
  facet normal 0 0 1
    outer loop
      vertex 1.60152 22.9311 39.25
      vertex 0.152237 23.6654 39.25
      vertex 1.4466 22.7223 39.25
    endloop
  endfacet
  facet normal 0 0 1
    outer loop
      vertex 42.2139 1.41944 39.25
      vertex 40.8534 2.17774 39.25
      vertex 42.1478 1.23464 39.25
    endloop
  endfacet
  facet normal -0 0 1
    outer loop
      vertex 40.6985 1.96886 39.25
      vertex 42.1478 1.23464 39.25
      vertex 40.8534 2.17774 39.25
    endloop
  endfacet
  facet normal 0 0 1
    outer loop
      vertex 42.1478 1.23464 39.25
      vertex 40.6985 1.96886 39.25
      vertex 42.0638 1.05721 39.25
    endloop
  endfacet
  facet normal 0 0 1
    outer loop
      vertex 42.0638 1.05721 39.25
      vertex 40.6985 1.96886 39.25
      vertex 41.9629 0.888861 39.25
    endloop
  endfacet
  facet normal 0 0 1
    outer loop
      vertex 41.9629 0.888861 39.25
      vertex 40.6985 1.96886 39.25
      vertex 41.846 0.731223 39.25
    endloop
  endfacet
  facet normal -0 0 1
    outer loop
      vertex 40.5238 1.77617 39.25
      vertex 41.846 0.731223 39.25
      vertex 40.6985 1.96886 39.25
    endloop
  endfacet
  facet normal 0 0 1
    outer loop
      vertex 41.846 0.731223 39.25
      vertex 40.5238 1.77617 39.25
      vertex 41.7142 0.585791 39.25
    endloop
  endfacet
  facet normal 0 0 1
    outer loop
      vertex 41.7142 0.585791 39.25
      vertex 40.5238 1.77617 39.25
      vertex 41.5688 0.453986 39.25
    endloop
  endfacet
  facet normal 0 0 1
    outer loop
      vertex 41.5688 0.453986 39.25
      vertex 40.5238 1.77617 39.25
      vertex 41.4111 0.337073 39.25
    endloop
  endfacet
  facet normal -0 0 1
    outer loop
      vertex 40.3311 1.60152 39.25
      vertex 41.4111 0.337073 39.25
      vertex 40.5238 1.77617 39.25
    endloop
  endfacet
  facet normal 0 0 1
    outer loop
      vertex 41.4111 0.337073 39.25
      vertex 40.3311 1.60152 39.25
      vertex 41.2428 0.236166 39.25
    endloop
  endfacet
  facet normal 0 0 1
    outer loop
      vertex 41.2428 0.236166 39.25
      vertex 40.3311 1.60152 39.25
      vertex 41.0654 0.152243 39.25
    endloop
  endfacet
  facet normal 0 0 1
    outer loop
      vertex 41.0654 0.152243 39.25
      vertex 40.3311 1.60152 39.25
      vertex 40.8806 0.0861267 39.25
    endloop
  endfacet
  facet normal -0 0 1
    outer loop
      vertex 40.1223 1.44661 39.25
      vertex 40.8806 0.0861267 39.25
      vertex 40.3311 1.60152 39.25
    endloop
  endfacet
  facet normal 0 0 1
    outer loop
      vertex 40.8806 0.0861267 39.25
      vertex 40.1223 1.44661 39.25
      vertex 40.6902 0.038443 39.25
    endloop
  endfacet
  facet normal 0 0 1
    outer loop
      vertex 40.6902 0.038443 39.25
      vertex 40.1223 1.44661 39.25
      vertex 40.496 0.0096344 39.25
    endloop
  endfacet
  facet normal -0 0 1
    outer loop
      vertex 39.8992 1.31291 39.25
      vertex 40.496 0.0096344 39.25
      vertex 40.1223 1.44661 39.25
    endloop
  endfacet
  facet normal 0 0 1
    outer loop
      vertex 40.496 0.0096344 39.25
      vertex 39.8992 1.31291 39.25
      vertex 40.3 6.10352e-06 39.25
    endloop
  endfacet
  facet normal -0 0 1
    outer loop
      vertex 39.6641 1.20172 39.25
      vertex 40.3 6.10352e-06 39.25
      vertex 39.8992 1.31291 39.25
    endloop
  endfacet
  facet normal -0 0 1
    outer loop
      vertex 39.4193 1.11411 39.25
      vertex 40.3 6.10352e-06 39.25
      vertex 39.6641 1.20172 39.25
    endloop
  endfacet
  facet normal -0 0 1
    outer loop
      vertex 39.167 1.05092 39.25
      vertex 40.3 6.10352e-06 39.25
      vertex 39.4193 1.11411 39.25
    endloop
  endfacet
  facet normal -0 0 1
    outer loop
      vertex 38.9097 1.01276 39.25
      vertex 40.3 6.10352e-06 39.25
      vertex 39.167 1.05092 39.25
    endloop
  endfacet
  facet normal -0 0 1
    outer loop
      vertex 38.65 1 39.25
      vertex 40.3 6.10352e-06 39.25
      vertex 38.9097 1.01276 39.25
    endloop
  endfacet
  facet normal 0 0 1
    outer loop
      vertex 38.3903 1.01276 39.25
      vertex 40.3 6.10352e-06 39.25
      vertex 38.65 1 39.25
    endloop
  endfacet
  facet normal 0 0 1
    outer loop
      vertex 38.133 1.05092 39.25
      vertex 40.3 6.10352e-06 39.25
      vertex 38.3903 1.01276 39.25
    endloop
  endfacet
  facet normal 0 0 1
    outer loop
      vertex 37.8807 1.11411 39.25
      vertex 40.3 6.10352e-06 39.25
      vertex 38.133 1.05092 39.25
    endloop
  endfacet
  facet normal 0 0 1
    outer loop
      vertex 37.6359 1.20172 39.25
      vertex 40.3 6.10352e-06 39.25
      vertex 37.8807 1.11411 39.25
    endloop
  endfacet
  facet normal 0 0 1
    outer loop
      vertex 36.4466 5.12226 39.25
      vertex 27.2292 11.2277 39.25
      vertex 36.3129 4.8992 39.25
    endloop
  endfacet
  facet normal -0 0 1
    outer loop
      vertex 27.1006 11.0543 39.25
      vertex 36.3129 4.8992 39.25
      vertex 27.2292 11.2277 39.25
    endloop
  endfacet
  facet normal 0 0 1
    outer loop
      vertex 36.3129 4.8992 39.25
      vertex 27.1006 11.0543 39.25
      vertex 36.2017 4.66411 39.25
    endloop
  endfacet
  facet normal -0 0 1
    outer loop
      vertex 26.9556 10.8944 39.25
      vertex 36.2017 4.66411 39.25
      vertex 27.1006 11.0543 39.25
    endloop
  endfacet
  facet normal -0 0 1
    outer loop
      vertex 26.7957 10.7494 39.25
      vertex 36.2017 4.66411 39.25
      vertex 26.9556 10.8944 39.25
    endloop
  endfacet
  facet normal 0 0 1
    outer loop
      vertex 36.2017 4.66411 39.25
      vertex 26.7957 10.7494 39.25
      vertex 36.1141 4.41925 39.25
    endloop
  endfacet
  facet normal -0 0 1
    outer loop
      vertex 26.6223 10.6208 39.25
      vertex 36.1141 4.41925 39.25
      vertex 26.7957 10.7494 39.25
    endloop
  endfacet
  facet normal 0 0 1
    outer loop
      vertex 36.1141 4.41925 39.25
      vertex 26.6223 10.6208 39.25
      vertex 36.0509 4.16699 39.25
    endloop
  endfacet
  facet normal -0 0 1
    outer loop
      vertex 26.4371 10.5098 39.25
      vertex 36.0509 4.16699 39.25
      vertex 26.6223 10.6208 39.25
    endloop
  endfacet
  facet normal 0 0 1
    outer loop
      vertex 36.0509 4.16699 39.25
      vertex 26.4371 10.5098 39.25
      vertex 36.0128 3.90975 39.25
    endloop
  endfacet
  facet normal -0 0 1
    outer loop
      vertex 26.2419 10.4175 39.25
      vertex 36.0128 3.90975 39.25
      vertex 26.4371 10.5098 39.25
    endloop
  endfacet
  facet normal 0 0 1
    outer loop
      vertex 36.0128 3.90975 39.25
      vertex 26.2419 10.4175 39.25
      vertex 36 3.65 39.25
    endloop
  endfacet
  facet normal -0 0 1
    outer loop
      vertex 26.0386 10.3447 39.25
      vertex 36 3.65 39.25
      vertex 26.2419 10.4175 39.25
    endloop
  endfacet
  facet normal 0 0 1
    outer loop
      vertex 36 3.65 39.25
      vertex 26.0386 10.3447 39.25
      vertex 36.0128 3.39026 39.25
    endloop
  endfacet
  facet normal -0 0 1
    outer loop
      vertex 25.8292 10.2923 39.25
      vertex 36.0128 3.39026 39.25
      vertex 26.0386 10.3447 39.25
    endloop
  endfacet
  facet normal 0 0 1
    outer loop
      vertex 36.0128 3.39026 39.25
      vertex 25.8292 10.2923 39.25
      vertex 36.0509 3.13301 39.25
    endloop
  endfacet
  facet normal -0 0 1
    outer loop
      vertex 25.6156 10.2606 39.25
      vertex 36.0509 3.13301 39.25
      vertex 25.8292 10.2923 39.25
    endloop
  endfacet
  facet normal 0 0 1
    outer loop
      vertex 36.0509 3.13301 39.25
      vertex 25.6156 10.2606 39.25
      vertex 36.1141 2.88075 39.25
    endloop
  endfacet
  facet normal -0 0 1
    outer loop
      vertex 25.4 10.25 39.25
      vertex 36.1141 2.88075 39.25
      vertex 25.6156 10.2606 39.25
    endloop
  endfacet
  facet normal 0 0 1
    outer loop
      vertex 36.1141 2.88075 39.25
      vertex 25.4 10.25 39.25
      vertex 36.2017 2.63589 39.25
    endloop
  endfacet
  facet normal 0 0 1
    outer loop
      vertex 36.2017 2.63589 39.25
      vertex 25.4 10.25 39.25
      vertex 36.3129 2.4008 39.25
    endloop
  endfacet
  facet normal 0 0 1
    outer loop
      vertex 36.3129 2.4008 39.25
      vertex 25.4 10.25 39.25
      vertex 36.4466 2.17774 39.25
    endloop
  endfacet
  facet normal -0 0 1
    outer loop
      vertex 16.9 10.25 39.25
      vertex 36.4466 2.17774 39.25
      vertex 25.4 10.25 39.25
    endloop
  endfacet
  facet normal 0 0 1
    outer loop
      vertex 5.85339 2.17774 39.25
      vertex 36.4466 2.17774 39.25
      vertex 16.9 10.25 39.25
    endloop
  endfacet
  facet normal 0 0 1
    outer loop
      vertex 36.4466 2.17774 39.25
      vertex 5.85339 2.17774 39.25
      vertex 36.6015 1.96886 39.25
    endloop
  endfacet
  facet normal 0 0 1
    outer loop
      vertex 5.69848 1.96886 39.25
      vertex 36.6015 1.96886 39.25
      vertex 5.85339 2.17774 39.25
    endloop
  endfacet
  facet normal 0 0 1
    outer loop
      vertex 36.6015 1.96886 39.25
      vertex 5.69848 1.96886 39.25
      vertex 36.7762 1.77617 39.25
    endloop
  endfacet
  facet normal 0 0 1
    outer loop
      vertex 5.52383 1.77617 39.25
      vertex 36.7762 1.77617 39.25
      vertex 5.69848 1.96886 39.25
    endloop
  endfacet
  facet normal 0 0 1
    outer loop
      vertex 36.7762 1.77617 39.25
      vertex 5.52383 1.77617 39.25
      vertex 36.9689 1.60152 39.25
    endloop
  endfacet
  facet normal 0 0 1
    outer loop
      vertex 5.33114 1.60152 39.25
      vertex 36.9689 1.60152 39.25
      vertex 5.52383 1.77617 39.25
    endloop
  endfacet
  facet normal 0 0 1
    outer loop
      vertex 6.18589 2.88075 39.25
      vertex 16.9 10.25 39.25
      vertex 16.6844 10.2606 39.25
    endloop
  endfacet
  facet normal 0 0 1
    outer loop
      vertex 6.24908 3.13301 39.25
      vertex 16.6844 10.2606 39.25
      vertex 16.4708 10.2923 39.25
    endloop
  endfacet
  facet normal 0 0 1
    outer loop
      vertex 6.28724 3.39026 39.25
      vertex 16.4708 10.2923 39.25
      vertex 16.2614 10.3447 39.25
    endloop
  endfacet
  facet normal 0 0 1
    outer loop
      vertex 6.3 3.65 39.25
      vertex 16.2614 10.3447 39.25
      vertex 16.0581 10.4175 39.25
    endloop
  endfacet
  facet normal 0 0 1
    outer loop
      vertex 15.0708 13.6723 39.25
      vertex 5.85339 19.7777 39.25
      vertex 14.9598 13.4871 39.25
    endloop
  endfacet
  facet normal 0 0 1
    outer loop
      vertex 14.7 12.45 39.25
      vertex 6.3 3.65 39.25
      vertex 14.7106 12.2344 39.25
    endloop
  endfacet
  facet normal 0 0 1
    outer loop
      vertex 14.7106 12.2344 39.25
      vertex 6.3 3.65 39.25
      vertex 14.7423 12.0208 39.25
    endloop
  endfacet
  facet normal 0 0 1
    outer loop
      vertex 14.7423 12.0208 39.25
      vertex 6.3 3.65 39.25
      vertex 14.7947 11.8114 39.25
    endloop
  endfacet
  facet normal 0 0 1
    outer loop
      vertex 14.7947 11.8114 39.25
      vertex 6.3 3.65 39.25
      vertex 14.8675 11.6081 39.25
    endloop
  endfacet
  facet normal 0 0 1
    outer loop
      vertex 14.8675 11.6081 39.25
      vertex 6.3 3.65 39.25
      vertex 14.9598 11.4129 39.25
    endloop
  endfacet
  facet normal 0 0 1
    outer loop
      vertex 14.9598 11.4129 39.25
      vertex 6.3 3.65 39.25
      vertex 15.0708 11.2277 39.25
    endloop
  endfacet
  facet normal 0 0 1
    outer loop
      vertex 15.0708 11.2277 39.25
      vertex 6.3 3.65 39.25
      vertex 15.1994 11.0543 39.25
    endloop
  endfacet
  facet normal 0 0 1
    outer loop
      vertex 6.3 3.65 39.25
      vertex 15.3444 10.8944 39.25
      vertex 15.1994 11.0543 39.25
    endloop
  endfacet
  facet normal 0 0 1
    outer loop
      vertex 6.3 3.65 39.25
      vertex 15.5043 10.7494 39.25
      vertex 15.3444 10.8944 39.25
    endloop
  endfacet
  facet normal 0 0 1
    outer loop
      vertex 6.3 3.65 39.25
      vertex 15.6777 10.6208 39.25
      vertex 15.5043 10.7494 39.25
    endloop
  endfacet
  facet normal 0 0 1
    outer loop
      vertex 6.3 3.65 39.25
      vertex 15.8629 10.5098 39.25
      vertex 15.6777 10.6208 39.25
    endloop
  endfacet
  facet normal 0 0 1
    outer loop
      vertex 6.3 3.65 39.25
      vertex 16.0581 10.4175 39.25
      vertex 15.8629 10.5098 39.25
    endloop
  endfacet
  facet normal 0 0 1
    outer loop
      vertex 16.2614 10.3447 39.25
      vertex 6.3 3.65 39.25
      vertex 6.28724 3.39026 39.25
    endloop
  endfacet
  facet normal 0 0 1
    outer loop
      vertex 16.4708 10.2923 39.25
      vertex 6.28724 3.39026 39.25
      vertex 6.24908 3.13301 39.25
    endloop
  endfacet
  facet normal 0 0 1
    outer loop
      vertex 16.6844 10.2606 39.25
      vertex 6.24908 3.13301 39.25
      vertex 6.18589 2.88075 39.25
    endloop
  endfacet
  facet normal 0 0 1
    outer loop
      vertex 16.9 10.25 39.25
      vertex 6.18589 2.88075 39.25
      vertex 6.09828 2.63589 39.25
    endloop
  endfacet
  facet normal 0 0 1
    outer loop
      vertex 16.9 10.25 39.25
      vertex 6.09828 2.63589 39.25
      vertex 5.98709 2.4008 39.25
    endloop
  endfacet
  facet normal 0 0 1
    outer loop
      vertex 16.9 10.25 39.25
      vertex 5.98709 2.4008 39.25
      vertex 5.85339 2.17774 39.25
    endloop
  endfacet
  facet normal 0 0 1
    outer loop
      vertex 36.9689 1.60152 39.25
      vertex 5.33114 1.60152 39.25
      vertex 37.1777 1.44661 39.25
    endloop
  endfacet
  facet normal 0 0 1
    outer loop
      vertex 5.12226 1.44661 39.25
      vertex 37.1777 1.44661 39.25
      vertex 5.33114 1.60152 39.25
    endloop
  endfacet
  facet normal 0 0 1
    outer loop
      vertex 37.1777 1.44661 39.25
      vertex 5.12226 1.44661 39.25
      vertex 37.4008 1.31291 39.25
    endloop
  endfacet
  facet normal 0 0 1
    outer loop
      vertex 4.8992 1.31291 39.25
      vertex 37.4008 1.31291 39.25
      vertex 5.12226 1.44661 39.25
    endloop
  endfacet
  facet normal 0 0 1
    outer loop
      vertex 37.4008 1.31291 39.25
      vertex 4.8992 1.31291 39.25
      vertex 37.6359 1.20172 39.25
    endloop
  endfacet
  facet normal 0 0 1
    outer loop
      vertex 4.66411 1.20172 39.25
      vertex 37.6359 1.20172 39.25
      vertex 4.8992 1.31291 39.25
    endloop
  endfacet
  facet normal 0 0 1
    outer loop
      vertex 37.6359 1.20172 39.25
      vertex 4.66411 1.20172 39.25
      vertex 40.3 6.10352e-06 39.25
    endloop
  endfacet
  facet normal 0 0 1
    outer loop
      vertex 2 6.10352e-06 39.25
      vertex 4.66411 1.20172 39.25
      vertex 4.41925 1.11411 39.25
    endloop
  endfacet
  facet normal 0 0 1
    outer loop
      vertex 2 6.10352e-06 39.25
      vertex 4.41925 1.11411 39.25
      vertex 4.16699 1.05092 39.25
    endloop
  endfacet
  facet normal 0 0 1
    outer loop
      vertex 2 6.10352e-06 39.25
      vertex 4.16699 1.05092 39.25
      vertex 3.90975 1.01276 39.25
    endloop
  endfacet
  facet normal 0 0 1
    outer loop
      vertex 2 6.10352e-06 39.25
      vertex 3.90975 1.01276 39.25
      vertex 3.65 1 39.25
    endloop
  endfacet
  facet normal 0 0 1
    outer loop
      vertex 4.66411 1.20172 39.25
      vertex 2 6.10352e-06 39.25
      vertex 40.3 6.10352e-06 39.25
    endloop
  endfacet
  facet normal 0 0 1
    outer loop
      vertex 3.39025 1.01276 39.25
      vertex 2 6.10352e-06 39.25
      vertex 3.65 1 39.25
    endloop
  endfacet
  facet normal 0 0 1
    outer loop
      vertex 3.13301 1.05092 39.25
      vertex 2 6.10352e-06 39.25
      vertex 3.39025 1.01276 39.25
    endloop
  endfacet
  facet normal 0 0 1
    outer loop
      vertex 2.88074 1.11411 39.25
      vertex 2 6.10352e-06 39.25
      vertex 3.13301 1.05092 39.25
    endloop
  endfacet
  facet normal 0 0 1
    outer loop
      vertex 2.63589 1.20172 39.25
      vertex 2 6.10352e-06 39.25
      vertex 2.88074 1.11411 39.25
    endloop
  endfacet
  facet normal 0 0 1
    outer loop
      vertex 2.4008 1.31291 39.25
      vertex 2 6.10352e-06 39.25
      vertex 2.63589 1.20172 39.25
    endloop
  endfacet
  facet normal 0 0 1
    outer loop
      vertex 1.80397 0.0096344 39.25
      vertex 2.4008 1.31291 39.25
      vertex 2.17774 1.44661 39.25
    endloop
  endfacet
  facet normal 0 0 1
    outer loop
      vertex 1.41943 0.0861267 39.25
      vertex 2.17774 1.44661 39.25
      vertex 1.96886 1.60152 39.25
    endloop
  endfacet
  facet normal 0 0 1
    outer loop
      vertex 2.4008 1.31291 39.25
      vertex 1.80397 0.0096344 39.25
      vertex 2 6.10352e-06 39.25
    endloop
  endfacet
  facet normal 0 0 1
    outer loop
      vertex 0.888855 0.337073 39.25
      vertex 1.96886 1.60152 39.25
      vertex 1.77617 1.77617 39.25
    endloop
  endfacet
  facet normal 0 0 1
    outer loop
      vertex 2.17774 1.44661 39.25
      vertex 1.60982 0.038443 39.25
      vertex 1.80397 0.0096344 39.25
    endloop
  endfacet
  facet normal 0 0 1
    outer loop
      vertex 0.453979 0.731223 39.25
      vertex 1.77617 1.77617 39.25
      vertex 1.60152 1.96886 39.25
    endloop
  endfacet
  facet normal 0 0 1
    outer loop
      vertex 0.152237 1.23464 39.25
      vertex 1.60152 1.96886 39.25
      vertex 1.4466 2.17774 39.25
    endloop
  endfacet
  facet normal 0 0 1
    outer loop
      vertex 2.17774 1.44661 39.25
      vertex 1.41943 0.0861267 39.25
      vertex 1.60982 0.038443 39.25
    endloop
  endfacet
  facet normal 0 0 1
    outer loop
      vertex 0.0096283 1.80398 39.25
      vertex 1.4466 2.17774 39.25
      vertex 1.31291 2.4008 39.25
    endloop
  endfacet
  facet normal 0 0 1
    outer loop
      vertex 1.96886 1.60152 39.25
      vertex 1.23463 0.152243 39.25
      vertex 1.41943 0.0861267 39.25
    endloop
  endfacet
  facet normal 0 0 1
    outer loop
      vertex 0 2.00001 39.25
      vertex 1.31291 2.4008 39.25
      vertex 1.20172 2.63589 39.25
    endloop
  endfacet
  facet normal 0 0 1
    outer loop
      vertex 0 2.00001 39.25
      vertex 1.20172 2.63589 39.25
      vertex 1.11411 2.88075 39.25
    endloop
  endfacet
  facet normal 0 0 1
    outer loop
      vertex 1.96886 1.60152 39.25
      vertex 1.05721 0.236166 39.25
      vertex 1.23463 0.152243 39.25
    endloop
  endfacet
  facet normal 0 0 1
    outer loop
      vertex 0 2.00001 39.25
      vertex 1.11411 2.88075 39.25
      vertex 1.05092 3.13301 39.25
    endloop
  endfacet
  facet normal 0 0 1
    outer loop
      vertex 0 2.00001 39.25
      vertex 1.05092 3.13301 39.25
      vertex 1.01276 3.39026 39.25
    endloop
  endfacet
  facet normal 0 0 1
    outer loop
      vertex 0 2.00001 39.25
      vertex 1.01276 3.39026 39.25
      vertex 1 3.65 39.25
    endloop
  endfacet
  facet normal 0 0 1
    outer loop
      vertex 1.96886 1.60152 39.25
      vertex 0.888855 0.337073 39.25
      vertex 1.05721 0.236166 39.25
    endloop
  endfacet
  facet normal 0 0 1
    outer loop
      vertex 1.05092 4.16699 39.25
      vertex 0 2.00001 39.25
      vertex 1.01276 3.90975 39.25
    endloop
  endfacet
  facet normal -0 0 1
    outer loop
      vertex 0.0384369 23.2902 39.25
      vertex 1.4466 22.7223 39.25
      vertex 0.0861206 23.4806 39.25
    endloop
  endfacet
  facet normal 0 0 1
    outer loop
      vertex 1.01276 3.90975 39.25
      vertex 0 2.00001 39.25
      vertex 1 3.65 39.25
    endloop
  endfacet
  facet normal -0 0 1
    outer loop
      vertex 0.0096283 23.096 39.25
      vertex 1.4466 22.7223 39.25
      vertex 0.0384369 23.2902 39.25
    endloop
  endfacet
  facet normal 0 0 1
    outer loop
      vertex 1.31291 2.4008 39.25
      vertex 0 2.00001 39.25
      vertex 0.0096283 1.80398 39.25
    endloop
  endfacet
  facet normal 0 0 1
    outer loop
      vertex 1.4466 22.7223 39.25
      vertex 0.0096283 23.096 39.25
      vertex 1.31291 22.4992 39.25
    endloop
  endfacet
  facet normal 0 0 1
    outer loop
      vertex 1.77617 1.77617 39.25
      vertex 0.731216 0.453986 39.25
      vertex 0.888855 0.337073 39.25
    endloop
  endfacet
  facet normal -0 0 1
    outer loop
      vertex 0 22.9 39.25
      vertex 1.31291 22.4992 39.25
      vertex 0.0096283 23.096 39.25
    endloop
  endfacet
  facet normal 0 0 1
    outer loop
      vertex 1.77617 1.77617 39.25
      vertex 0.585785 0.585791 39.25
      vertex 0.731216 0.453986 39.25
    endloop
  endfacet
  facet normal 0 0 1
    outer loop
      vertex 1.31291 22.4992 39.25
      vertex 0 22.9 39.25
      vertex 1.20172 22.2641 39.25
    endloop
  endfacet
  facet normal 0 0 1
    outer loop
      vertex 1.77617 1.77617 39.25
      vertex 0.453979 0.731223 39.25
      vertex 0.585785 0.585791 39.25
    endloop
  endfacet
  facet normal 0 0 1
    outer loop
      vertex 1.20172 22.2641 39.25
      vertex 0 22.9 39.25
      vertex 1.11411 22.0193 39.25
    endloop
  endfacet
  facet normal 0 0 1
    outer loop
      vertex 1.60152 1.96886 39.25
      vertex 0.337067 0.888861 39.25
      vertex 0.453979 0.731223 39.25
    endloop
  endfacet
  facet normal 0 0 1
    outer loop
      vertex 1.01276 21.5097 39.25
      vertex 0 22.9 39.25
      vertex 1 21.25 39.25
    endloop
  endfacet
  facet normal 0 0 1
    outer loop
      vertex 1.60152 1.96886 39.25
      vertex 0.23616 1.05721 39.25
      vertex 0.337067 0.888861 39.25
    endloop
  endfacet
  facet normal 0 0 1
    outer loop
      vertex 1.11411 22.0193 39.25
      vertex 0 22.9 39.25
      vertex 1.05092 21.767 39.25
    endloop
  endfacet
  facet normal 0 0 1
    outer loop
      vertex 1.60152 1.96886 39.25
      vertex 0.152237 1.23464 39.25
      vertex 0.23616 1.05721 39.25
    endloop
  endfacet
  facet normal 0 0 1
    outer loop
      vertex 1.05092 21.767 39.25
      vertex 0 22.9 39.25
      vertex 1.01276 21.5097 39.25
    endloop
  endfacet
  facet normal 0 0 1
    outer loop
      vertex 1.4466 2.17774 39.25
      vertex 0.0861206 1.41944 39.25
      vertex 0.152237 1.23464 39.25
    endloop
  endfacet
  facet normal 0 0 1
    outer loop
      vertex 1.4466 2.17774 39.25
      vertex 0.0384369 1.60982 39.25
      vertex 0.0861206 1.41944 39.25
    endloop
  endfacet
  facet normal 0 0 1
    outer loop
      vertex 1.4466 2.17774 39.25
      vertex 0.0096283 1.80398 39.25
      vertex 0.0384369 1.60982 39.25
    endloop
  endfacet
  facet normal -0.989175 0.146739 0
    outer loop
      vertex 0.0096283 23.096 9.53674e-07
      vertex 0.0384369 23.2902 39.25
      vertex 0.0384369 23.2902 9.53674e-07
    endloop
  endfacet
  facet normal -0.989175 0.146739 0
    outer loop
      vertex 0.0384369 23.2902 39.25
      vertex 0.0096283 23.096 9.53674e-07
      vertex 0.0096283 23.096 39.25
    endloop
  endfacet
  facet normal -0.595656 0.803239 0
    outer loop
      vertex 0.888855 24.5629 9.53674e-07
      vertex 0.731216 24.446 39.25
      vertex 0.888855 24.5629 39.25
    endloop
  endfacet
  facet normal -0.595656 0.803239 0
    outer loop
      vertex 0.731216 24.446 39.25
      vertex 0.888855 24.5629 9.53674e-07
      vertex 0.731216 24.446 9.53674e-07
    endloop
  endfacet
  facet normal 0.903828 -0.427896 0
    outer loop
      vertex 42.0638 1.05721 39.25
      vertex 42.1478 1.23464 9.53674e-07
      vertex 42.1478 1.23464 39.25
    endloop
  endfacet
  facet normal 0.903828 -0.427896 0
    outer loop
      vertex 42.1478 1.23464 9.53674e-07
      vertex 42.0638 1.05721 39.25
      vertex 42.0638 1.05721 9.53674e-07
    endloop
  endfacet
  facet normal 0.336788 0.94158 -0
    outer loop
      vertex 41.0654 24.7478 9.53674e-07
      vertex 40.8806 24.8139 39.25
      vertex 41.0654 24.7478 39.25
    endloop
  endfacet
  facet normal 0.336788 0.94158 0
    outer loop
      vertex 40.8806 24.8139 39.25
      vertex 41.0654 24.7478 9.53674e-07
      vertex 40.8806 24.8139 9.53674e-07
    endloop
  endfacet
  facet normal 0.989187 0.146662 0
    outer loop
      vertex 42.2616 23.2902 39.25
      vertex 42.2898 23.1 8.05
      vertex 42.2616 23.2902 9.53674e-07
    endloop
  endfacet
  facet normal 0.989182 0.146696 -2.15499e-07
    outer loop
      vertex 42.2904 23.096 39.25
      vertex 42.2898 23.1 8.05
      vertex 42.2616 23.2902 39.25
    endloop
  endfacet
  facet normal 0.988936 0.14834 0
    outer loop
      vertex 42.2898 23.1 8.05
      vertex 42.2904 23.096 39.25
      vertex 42.2904 23.096 8.05
    endloop
  endfacet
  facet normal 0.989187 0.146662 -0
    outer loop
      vertex 42.2898 23.1 4.45
      vertex 42.2616 23.2902 9.53674e-07
      vertex 42.2898 23.1 8.05
    endloop
  endfacet
  facet normal 0.988936 0.14834 -0
    outer loop
      vertex 42.2904 23.096 9.53674e-07
      vertex 42.2898 23.1 4.45
      vertex 42.2904 23.096 4.45
    endloop
  endfacet
  facet normal 0.989182 0.146696 1.51092e-06
    outer loop
      vertex 42.2898 23.1 4.45
      vertex 42.2904 23.096 9.53674e-07
      vertex 42.2616 23.2902 9.53674e-07
    endloop
  endfacet
  facet normal 0.427955 0.9038 -0
    outer loop
      vertex 41.2428 24.6638 9.53674e-07
      vertex 41.0654 24.7478 39.25
      vertex 41.2428 24.6638 39.25
    endloop
  endfacet
  facet normal 0.427955 0.9038 0
    outer loop
      vertex 41.0654 24.7478 39.25
      vertex 41.2428 24.6638 9.53674e-07
      vertex 41.0654 24.7478 9.53674e-07
    endloop
  endfacet
  facet normal 0.740908 0.671607 0
    outer loop
      vertex 41.846 24.1688 39.25
      vertex 41.7142 24.3142 9.53674e-07
      vertex 41.7142 24.3142 39.25
    endloop
  endfacet
  facet normal 0.740908 0.671607 0
    outer loop
      vertex 41.7142 24.3142 9.53674e-07
      vertex 41.846 24.1688 39.25
      vertex 41.846 24.1688 9.53674e-07
    endloop
  endfacet
  facet normal -0.427595 -0.90397 0
    outer loop
      vertex 1.05721 0.236166 9.53674e-07
      vertex 1.23463 0.152243 39.25
      vertex 1.05721 0.236166 39.25
    endloop
  endfacet
  facet normal -0.427595 -0.90397 -0
    outer loop
      vertex 1.23463 0.152243 39.25
      vertex 1.05721 0.236166 9.53674e-07
      vertex 1.23463 0.152243 9.53674e-07
    endloop
  endfacet
  facet normal -0.80332 0.595547 0
    outer loop
      vertex 0.337067 24.0111 9.53674e-07
      vertex 0.453979 24.1688 39.25
      vertex 0.453979 24.1688 9.53674e-07
    endloop
  endfacet
  facet normal -0.80332 0.595547 0
    outer loop
      vertex 0.453979 24.1688 39.25
      vertex 0.337067 24.0111 9.53674e-07
      vertex 0.337067 24.0111 39.25
    endloop
  endfacet
  facet normal -0.903952 0.427634 0
    outer loop
      vertex 0.152237 23.6654 9.53674e-07
      vertex 0.23616 23.8428 39.25
      vertex 0.23616 23.8428 9.53674e-07
    endloop
  endfacet
  facet normal -0.903952 0.427634 0
    outer loop
      vertex 0.23616 23.8428 39.25
      vertex 0.152237 23.6654 9.53674e-07
      vertex 0.152237 23.6654 39.25
    endloop
  endfacet
  facet normal -0.970042 0.242937 0
    outer loop
      vertex 0.0384369 23.2902 9.53674e-07
      vertex 0.0861206 23.4806 39.25
      vertex 0.0861206 23.4806 9.53674e-07
    endloop
  endfacet
  facet normal -0.970042 0.242937 0
    outer loop
      vertex 0.0861206 23.4806 39.25
      vertex 0.0384369 23.2902 9.53674e-07
      vertex 0.0384369 23.2902 39.25
    endloop
  endfacet
  facet normal 0.94158 -0.336788 0
    outer loop
      vertex 42.1478 1.23464 39.25
      vertex 42.2139 1.41944 9.53674e-07
      vertex 42.2139 1.41944 39.25
    endloop
  endfacet
  facet normal 0.94158 -0.336788 0
    outer loop
      vertex 42.2139 1.41944 9.53674e-07
      vertex 42.1478 1.23464 39.25
      vertex 42.1478 1.23464 9.53674e-07
    endloop
  endfacet
  facet normal 0.970016 -0.243039 0
    outer loop
      vertex 42.2139 1.41944 39.25
      vertex 42.2616 1.60982 9.53674e-07
      vertex 42.2616 1.60982 39.25
    endloop
  endfacet
  facet normal 0.970016 -0.243039 0
    outer loop
      vertex 42.2616 1.60982 9.53674e-07
      vertex 42.2139 1.41944 39.25
      vertex 42.2139 1.41944 9.53674e-07
    endloop
  endfacet
  facet normal 0.998803 -0.0489135 0
    outer loop
      vertex 42.2904 1.80398 39.25
      vertex 42.3 2.00001 9.53674e-07
      vertex 42.3 2.00001 39.25
    endloop
  endfacet
  facet normal 0.998803 -0.0489135 0
    outer loop
      vertex 42.3 2.00001 9.53674e-07
      vertex 42.2904 1.80398 39.25
      vertex 42.2904 1.80398 9.53674e-07
    endloop
  endfacet
  facet normal 0.671621 -0.740895 0
    outer loop
      vertex 41.5688 0.453986 9.53674e-07
      vertex 41.7142 0.585791 39.25
      vertex 41.5688 0.453986 39.25
    endloop
  endfacet
  facet normal 0.671621 -0.740895 0
    outer loop
      vertex 41.7142 0.585791 39.25
      vertex 41.5688 0.453986 9.53674e-07
      vertex 41.7142 0.585791 9.53674e-07
    endloop
  endfacet
  facet normal 0.740981 -0.671526 0
    outer loop
      vertex 41.7142 0.585791 39.25
      vertex 41.846 0.731223 9.53674e-07
      vertex 41.846 0.731223 39.25
    endloop
  endfacet
  facet normal 0.740981 -0.671526 0
    outer loop
      vertex 41.846 0.731223 9.53674e-07
      vertex 41.7142 0.585791 39.25
      vertex 41.7142 0.585791 9.53674e-07
    endloop
  endfacet
  facet normal 0.857739 -0.514086 0
    outer loop
      vertex 41.9629 0.888861 39.25
      vertex 42.0638 1.05721 9.53674e-07
      vertex 42.0638 1.05721 39.25
    endloop
  endfacet
  facet normal 0.857739 -0.514086 0
    outer loop
      vertex 42.0638 1.05721 9.53674e-07
      vertex 41.9629 0.888861 39.25
      vertex 41.9629 0.888861 9.53674e-07
    endloop
  endfacet
  facet normal 0.514196 0.857673 -0
    outer loop
      vertex 41.4111 24.5629 9.53674e-07
      vertex 41.2428 24.6638 39.25
      vertex 41.4111 24.5629 39.25
    endloop
  endfacet
  facet normal 0.514196 0.857673 0
    outer loop
      vertex 41.2428 24.6638 39.25
      vertex 41.4111 24.5629 9.53674e-07
      vertex 41.2428 24.6638 9.53674e-07
    endloop
  endfacet
  facet normal 0.80335 0.595508 0
    outer loop
      vertex 41.9629 24.0111 39.25
      vertex 41.846 24.1688 9.53674e-07
      vertex 41.846 24.1688 39.25
    endloop
  endfacet
  facet normal 0.80335 0.595508 0
    outer loop
      vertex 41.846 24.1688 9.53674e-07
      vertex 41.9629 24.0111 39.25
      vertex 41.9629 24.0111 9.53674e-07
    endloop
  endfacet
  facet normal 0.998803 0.0489209 0
    outer loop
      vertex 42.3 22.9 4.45
      vertex 42.2904 23.096 9.53674e-07
      vertex 42.2904 23.096 4.45
    endloop
  endfacet
  facet normal 0.998803 0.0489209 0
    outer loop
      vertex 42.2904 23.096 9.53674e-07
      vertex 42.3 22.9 4.45
      vertex 42.3 22.9 9.53674e-07
    endloop
  endfacet
  facet normal 0.998803 0.0489209 0
    outer loop
      vertex 42.3 22.9 39.25
      vertex 42.2904 23.096 8.05
      vertex 42.2904 23.096 39.25
    endloop
  endfacet
  facet normal 0.998803 0.0489209 0
    outer loop
      vertex 42.2904 23.096 8.05
      vertex 42.3 22.9 39.25
      vertex 42.3 22.9 8.05
    endloop
  endfacet
  facet normal -0.857657 0.514222 0
    outer loop
      vertex 0.23616 23.8428 9.53674e-07
      vertex 0.337067 24.0111 39.25
      vertex 0.337067 24.0111 9.53674e-07
    endloop
  endfacet
  facet normal -0.857657 0.514222 0
    outer loop
      vertex 0.337067 24.0111 39.25
      vertex 0.23616 23.8428 9.53674e-07
      vertex 0.23616 23.8428 39.25
    endloop
  endfacet
  facet normal 0.989177 -0.146726 0
    outer loop
      vertex 42.2616 1.60982 39.25
      vertex 42.2904 1.80398 9.53674e-07
      vertex 42.2904 1.80398 39.25
    endloop
  endfacet
  facet normal 0.989177 -0.146726 0
    outer loop
      vertex 42.2904 1.80398 9.53674e-07
      vertex 42.2616 1.60982 39.25
      vertex 42.2616 1.60982 9.53674e-07
    endloop
  endfacet
  facet normal 0.803238 -0.595659 0
    outer loop
      vertex 41.846 0.731223 39.25
      vertex 41.9629 0.888861 9.53674e-07
      vertex 41.9629 0.888861 39.25
    endloop
  endfacet
  facet normal 0.803238 -0.595659 0
    outer loop
      vertex 41.9629 0.888861 9.53674e-07
      vertex 41.846 0.731223 39.25
      vertex 41.846 0.731223 9.53674e-07
    endloop
  endfacet
  facet normal 0.9038 0.427955 0
    outer loop
      vertex 42.1478 23.6654 39.25
      vertex 42.0638 23.8428 9.53674e-07
      vertex 42.0638 23.8428 39.25
    endloop
  endfacet
  facet normal 0.9038 0.427955 0
    outer loop
      vertex 42.0638 23.8428 9.53674e-07
      vertex 42.1478 23.6654 39.25
      vertex 42.1478 23.6654 9.53674e-07
    endloop
  endfacet
  facet normal 0.857673 0.514196 0
    outer loop
      vertex 42.0638 23.8428 39.25
      vertex 41.9629 24.0111 9.53674e-07
      vertex 41.9629 24.0111 39.25
    endloop
  endfacet
  facet normal 0.857673 0.514196 0
    outer loop
      vertex 41.9629 24.0111 9.53674e-07
      vertex 42.0638 23.8428 39.25
      vertex 42.0638 23.8428 9.53674e-07
    endloop
  endfacet
  facet normal 0.970023 0.243015 0
    outer loop
      vertex 42.2616 23.2902 39.25
      vertex 42.2139 23.4806 9.53674e-07
      vertex 42.2139 23.4806 39.25
    endloop
  endfacet
  facet normal 0.970023 0.243015 0
    outer loop
      vertex 42.2139 23.4806 9.53674e-07
      vertex 42.2616 23.2902 39.25
      vertex 42.2616 23.2902 9.53674e-07
    endloop
  endfacet
  facet normal 0.671607 0.740908 -0
    outer loop
      vertex 41.7142 24.3142 9.53674e-07
      vertex 41.5688 24.446 39.25
      vertex 41.7142 24.3142 39.25
    endloop
  endfacet
  facet normal 0.671607 0.740908 0
    outer loop
      vertex 41.5688 24.446 39.25
      vertex 41.7142 24.3142 9.53674e-07
      vertex 41.5688 24.446 9.53674e-07
    endloop
  endfacet
  facet normal -0.242536 -0.970143 0
    outer loop
      vertex 40.217 23.2885 2.85
      vertex 40.2742 23.2742 34.45
      vertex 40.217 23.2885 34.45
    endloop
  endfacet
  facet normal -0.242536 -0.970143 -0
    outer loop
      vertex 40.2742 23.2742 34.45
      vertex 40.217 23.2885 2.85
      vertex 40.2742 23.2742 2.85
    endloop
  endfacet
  facet normal -0.146179 -0.989258 0
    outer loop
      vertex 40.1588 23.2971 2.85
      vertex 40.217 23.2885 34.45
      vertex 40.1588 23.2971 34.45
    endloop
  endfacet
  facet normal -0.146179 -0.989258 -0
    outer loop
      vertex 40.217 23.2885 34.45
      vertex 40.1588 23.2971 2.85
      vertex 40.217 23.2885 2.85
    endloop
  endfacet
  facet normal 1 0 0
    outer loop
      vertex 1.59999 22.7 34.45
      vertex 1.59999 18.729 2.85
      vertex 1.59999 22.7 2.85
    endloop
  endfacet
  facet normal 1 0 0
    outer loop
      vertex 1.59999 18.729 2.85
      vertex 1.59999 6.17104 2.85
      vertex 1.59999 18.729 9.53674e-07
    endloop
  endfacet
  facet normal 1 0 0
    outer loop
      vertex 1.59999 22.7 34.45
      vertex 1.59999 6.17104 2.85
      vertex 1.59999 18.729 2.85
    endloop
  endfacet
  facet normal 1 -0 0
    outer loop
      vertex 1.59999 2.2 34.45
      vertex 1.59999 6.17104 2.85
      vertex 1.59999 22.7 34.45
    endloop
  endfacet
  facet normal 1 0 0
    outer loop
      vertex 1.59999 6.17104 2.85
      vertex 1.59999 2.2 34.45
      vertex 1.59999 2.2 2.85
    endloop
  endfacet
  facet normal 1 0 0
    outer loop
      vertex 1.59999 18.729 9.53674e-07
      vertex 1.59999 6.17104 2.85
      vertex 1.59999 6.17104 9.53674e-07
    endloop
  endfacet
  facet normal -0.0492599 -0.998786 0
    outer loop
      vertex 40.1 23.3 2.85
      vertex 40.1588 23.2971 34.45
      vertex 40.1 23.3 34.45
    endloop
  endfacet
  facet normal -0.0492599 -0.998786 -0
    outer loop
      vertex 40.1588 23.2971 34.45
      vertex 40.1 23.3 2.85
      vertex 40.1588 23.2971 2.85
    endloop
  endfacet
  facet normal -0.427531 0.904001 0
    outer loop
      vertex 40.3828 1.67084 2.85
      vertex 40.3296 1.64568 34.45
      vertex 40.3828 1.67084 34.45
    endloop
  endfacet
  facet normal -0.427531 0.904001 0
    outer loop
      vertex 40.3296 1.64568 34.45
      vertex 40.3828 1.67084 2.85
      vertex 40.3296 1.64568 2.85
    endloop
  endfacet
  facet normal 0.0492515 -0.998786 0
    outer loop
      vertex 2.14119 23.2971 2.85
      vertex 2.2 23.3 34.45
      vertex 2.14119 23.2971 34.45
    endloop
  endfacet
  facet normal 0.0492515 -0.998786 0
    outer loop
      vertex 2.2 23.3 34.45
      vertex 2.14119 23.2971 2.85
      vertex 2.2 23.3 2.85
    endloop
  endfacet
  facet normal 0 -1 0
    outer loop
      vertex 6.17102 23.3 9.53674e-07
      vertex 36.129 23.3 2.85
      vertex 6.17102 23.3 2.85
    endloop
  endfacet
  facet normal 0 -1 -0
    outer loop
      vertex 36.129 23.3 2.85
      vertex 6.17102 23.3 9.53674e-07
      vertex 36.129 23.3 9.53674e-07
    endloop
  endfacet
  facet normal 0 -1 0
    outer loop
      vertex 6.17102 23.3 2.85
      vertex 2.2 23.3 34.45
      vertex 2.2 23.3 2.85
    endloop
  endfacet
  facet normal 0 -1 0
    outer loop
      vertex 2.2 23.3 34.45
      vertex 6.17102 23.3 2.85
      vertex 40.1 23.3 34.45
    endloop
  endfacet
  facet normal 0 -1 0
    outer loop
      vertex 36.129 23.3 2.85
      vertex 40.1 23.3 34.45
      vertex 6.17102 23.3 2.85
    endloop
  endfacet
  facet normal 0 -1 -0
    outer loop
      vertex 40.1 23.3 34.45
      vertex 36.129 23.3 2.85
      vertex 40.1 23.3 2.85
    endloop
  endfacet
  facet normal -1 0 0
    outer loop
      vertex 40.7 18.729 9.53674e-07
      vertex 40.7 13.6 4.45
      vertex 40.7 18.729 2.85
    endloop
  endfacet
  facet normal -1 0 0
    outer loop
      vertex 40.7 6.17103 2.85
      vertex 40.7 13.6 4.45
      vertex 40.7 6.17103 9.53674e-07
    endloop
  endfacet
  facet normal -1 0 0
    outer loop
      vertex 40.7 6.17103 9.53674e-07
      vertex 40.7 13.6 4.45
      vertex 40.7 18.729 9.53674e-07
    endloop
  endfacet
  facet normal -1 0 0
    outer loop
      vertex 40.7 18.729 2.85
      vertex 40.7 22.7 4.45
      vertex 40.7 22.7 2.85
    endloop
  endfacet
  facet normal -1 -0 0
    outer loop
      vertex 40.7 22.7 4.45
      vertex 40.7 18.729 2.85
      vertex 40.7 13.6 4.45
    endloop
  endfacet
  facet normal -1 0 0
    outer loop
      vertex 40.7 13.6 8.05
      vertex 40.7 22.7 34.45
      vertex 40.7 22.7 8.05
    endloop
  endfacet
  facet normal -1 -0 0
    outer loop
      vertex 40.7 13.6 4.45
      vertex 40.7 6.17103 2.85
      vertex 40.7 13.6 8.05
    endloop
  endfacet
  facet normal -1 0 0
    outer loop
      vertex 40.7 2.2 2.85
      vertex 40.7 13.6 8.05
      vertex 40.7 6.17103 2.85
    endloop
  endfacet
  facet normal -1 -0 0
    outer loop
      vertex 40.7 13.6 8.05
      vertex 40.7 2.2 2.85
      vertex 40.7 2.2 34.45
    endloop
  endfacet
  facet normal -1 0 0
    outer loop
      vertex 40.7 13.6 8.05
      vertex 40.7 2.2 34.45
      vertex 40.7 22.7 34.45
    endloop
  endfacet
  facet normal -0.998786 0.0492515 0
    outer loop
      vertex 40.6971 2.14119 2.85
      vertex 40.7 2.2 34.45
      vertex 40.7 2.2 2.85
    endloop
  endfacet
  facet normal -0.998786 0.0492515 0
    outer loop
      vertex 40.7 2.2 34.45
      vertex 40.6971 2.14119 2.85
      vertex 40.6971 2.14119 34.45
    endloop
  endfacet
  facet normal 0.426501 -0.904487 0
    outer loop
      vertex 1.91716 23.2292 2.85
      vertex 1.97039 23.2543 34.45
      vertex 1.91716 23.2292 34.45
    endloop
  endfacet
  facet normal 0.426501 -0.904487 0
    outer loop
      vertex 1.97039 23.2543 34.45
      vertex 1.91716 23.2292 2.85
      vertex 1.97039 23.2543 2.85
    endloop
  endfacet
  facet normal 0.337788 -0.941222 0
    outer loop
      vertex 1.97039 23.2543 2.85
      vertex 2.02584 23.2742 34.45
      vertex 1.97039 23.2543 34.45
    endloop
  endfacet
  facet normal 0.337788 -0.941222 0
    outer loop
      vertex 2.02584 23.2742 34.45
      vertex 1.97039 23.2543 2.85
      vertex 2.02584 23.2742 2.85
    endloop
  endfacet
  facet normal 0.146081 -0.989273 0
    outer loop
      vertex 2.08295 23.2885 2.85
      vertex 2.14119 23.2971 34.45
      vertex 2.08295 23.2885 34.45
    endloop
  endfacet
  facet normal 0.146081 -0.989273 0
    outer loop
      vertex 2.14119 23.2971 34.45
      vertex 2.08295 23.2885 2.85
      vertex 2.14119 23.2971 2.85
    endloop
  endfacet
  facet normal 0.146746 0.989174 -0
    outer loop
      vertex 2.14119 1.60289 2.85
      vertex 2.08295 1.61153 34.45
      vertex 2.14119 1.60289 34.45
    endloop
  endfacet
  facet normal 0.146746 0.989174 0
    outer loop
      vertex 2.08295 1.61153 34.45
      vertex 2.14119 1.60289 2.85
      vertex 2.08295 1.61153 2.85
    endloop
  endfacet
  facet normal -0.337154 0.941449 0
    outer loop
      vertex 40.3296 1.64568 2.85
      vertex 40.2742 1.62584 34.45
      vertex 40.3296 1.64568 34.45
    endloop
  endfacet
  facet normal -0.337154 0.941449 0
    outer loop
      vertex 40.2742 1.62584 34.45
      vertex 40.3296 1.64568 2.85
      vertex 40.2742 1.62584 2.85
    endloop
  endfacet
  facet normal -0.0492599 0.998786 0
    outer loop
      vertex 40.1588 1.60289 2.85
      vertex 40.1 1.59999 34.45
      vertex 40.1588 1.60289 34.45
    endloop
  endfacet
  facet normal -0.0492599 0.998786 0
    outer loop
      vertex 40.1 1.59999 34.45
      vertex 40.1588 1.60289 2.85
      vertex 40.1 1.59999 2.85
    endloop
  endfacet
  facet normal -0.146844 0.98916 0
    outer loop
      vertex 40.217 1.61153 2.85
      vertex 40.1588 1.60289 34.45
      vertex 40.217 1.61153 34.45
    endloop
  endfacet
  facet normal -0.146844 0.98916 0
    outer loop
      vertex 40.1588 1.60289 34.45
      vertex 40.217 1.61153 2.85
      vertex 40.1588 1.60289 2.85
    endloop
  endfacet
  facet normal 0 1 -0
    outer loop
      vertex 36.129 1.59999 9.53674e-07
      vertex 6.171 1.59999 2.85
      vertex 36.129 1.59999 2.85
    endloop
  endfacet
  facet normal 0 1 0
    outer loop
      vertex 6.171 1.59999 2.85
      vertex 36.129 1.59999 9.53674e-07
      vertex 6.171 1.59999 9.53674e-07
    endloop
  endfacet
  facet normal 0 1 0
    outer loop
      vertex 40.1 1.59999 34.45
      vertex 28 1.59999 33.3
      vertex 2.2 1.59999 34.45
    endloop
  endfacet
  facet normal 0 1 0
    outer loop
      vertex 40.1 1.59999 34.45
      vertex 28 1.59999 29.1
      vertex 28 1.59999 33.3
    endloop
  endfacet
  facet normal 0 1 -0
    outer loop
      vertex 36.129 1.59999 2.85
      vertex 28 1.59999 29.1
      vertex 40.1 1.59999 2.85
    endloop
  endfacet
  facet normal 0 1 -0
    outer loop
      vertex 40.1 1.59999 2.85
      vertex 28 1.59999 29.1
      vertex 40.1 1.59999 34.45
    endloop
  endfacet
  facet normal 0 1 -0
    outer loop
      vertex 14.3 1.59999 33.3
      vertex 2.2 1.59999 34.45
      vertex 28 1.59999 33.3
    endloop
  endfacet
  facet normal 0 1 -0
    outer loop
      vertex 14.3 1.59999 29.1
      vertex 2.2 1.59999 34.45
      vertex 14.3 1.59999 33.3
    endloop
  endfacet
  facet normal 0 1 0
    outer loop
      vertex 28 1.59999 29.1
      vertex 36.129 1.59999 2.85
      vertex 14.3 1.59999 29.1
    endloop
  endfacet
  facet normal 0 1 0
    outer loop
      vertex 6.171 1.59999 2.85
      vertex 14.3 1.59999 29.1
      vertex 36.129 1.59999 2.85
    endloop
  endfacet
  facet normal 0 1 0
    outer loop
      vertex 2.2 1.59999 2.85
      vertex 14.3 1.59999 29.1
      vertex 6.171 1.59999 2.85
    endloop
  endfacet
  facet normal 0 1 0
    outer loop
      vertex 14.3 1.59999 29.1
      vertex 2.2 1.59999 2.85
      vertex 2.2 1.59999 34.45
    endloop
  endfacet
  facet normal -0.741857 -0.670558 0
    outer loop
      vertex 40.5638 23.0806 2.85
      vertex 40.5243 23.1243 34.45
      vertex 40.5243 23.1243 2.85
    endloop
  endfacet
  facet normal -0.741857 -0.670558 0
    outer loop
      vertex 40.5243 23.1243 34.45
      vertex 40.5638 23.0806 2.85
      vertex 40.5638 23.0806 34.45
    endloop
  endfacet
  facet normal -0.989294 -0.145934 0
    outer loop
      vertex 40.6971 22.7588 8.05
      vertex 40.6885 22.8171 34.45
      vertex 40.6885 22.8171 8.05
    endloop
  endfacet
  facet normal -0.989294 -0.145934 0
    outer loop
      vertex 40.6885 22.8171 34.45
      vertex 40.6971 22.7588 8.05
      vertex 40.6971 22.7588 34.45
    endloop
  endfacet
  facet normal -0.989294 -0.145934 0
    outer loop
      vertex 40.6971 22.7588 2.85
      vertex 40.6885 22.8171 4.45
      vertex 40.6885 22.8171 2.85
    endloop
  endfacet
  facet normal -0.989294 -0.145934 0
    outer loop
      vertex 40.6885 22.8171 4.45
      vertex 40.6971 22.7588 2.85
      vertex 40.6971 22.7588 4.45
    endloop
  endfacet
  facet normal 0.904094 0.427334 0
    outer loop
      vertex 1.67084 1.91716 34.45
      vertex 1.64568 1.97039 2.85
      vertex 1.64568 1.97039 34.45
    endloop
  endfacet
  facet normal 0.904094 0.427334 0
    outer loop
      vertex 1.64568 1.97039 2.85
      vertex 1.67084 1.91716 34.45
      vertex 1.67084 1.91716 2.85
    endloop
  endfacet
  facet normal 0.427334 0.904094 -0
    outer loop
      vertex 1.97039 1.64568 2.85
      vertex 1.91716 1.67084 34.45
      vertex 1.97039 1.64568 34.45
    endloop
  endfacet
  facet normal 0.427334 0.904094 0
    outer loop
      vertex 1.91716 1.67084 34.45
      vertex 1.97039 1.64568 2.85
      vertex 1.91716 1.67084 2.85
    endloop
  endfacet
  facet normal 0.74152 -0.670931 0
    outer loop
      vertex 1.73619 23.0806 34.45
      vertex 1.77573 23.1243 2.85
      vertex 1.77573 23.1243 34.45
    endloop
  endfacet
  facet normal 0.74152 -0.670931 0
    outer loop
      vertex 1.77573 23.1243 2.85
      vertex 1.73619 23.0806 34.45
      vertex 1.73619 23.0806 2.85
    endloop
  endfacet
  facet normal -0.242695 0.970103 0
    outer loop
      vertex 40.2742 1.62584 2.85
      vertex 40.217 1.61153 34.45
      vertex 40.2742 1.62584 34.45
    endloop
  endfacet
  facet normal -0.242695 0.970103 0
    outer loop
      vertex 40.217 1.61153 34.45
      vertex 40.2742 1.62584 2.85
      vertex 40.217 1.61153 2.85
    endloop
  endfacet
  facet normal 0.0492515 0.998786 -0
    outer loop
      vertex 2.2 1.59999 2.85
      vertex 2.14119 1.60289 34.45
      vertex 2.2 1.59999 34.45
    endloop
  endfacet
  facet normal 0.0492515 0.998786 0
    outer loop
      vertex 2.14119 1.60289 34.45
      vertex 2.2 1.59999 2.85
      vertex 2.14119 1.60289 2.85
    endloop
  endfacet
  facet normal -0.941125 -0.338058 0
    outer loop
      vertex 40.6742 22.8742 8.05
      vertex 40.6543 22.9296 34.45
      vertex 40.6543 22.9296 8.05
    endloop
  endfacet
  facet normal -0.941125 -0.338058 0
    outer loop
      vertex 40.6543 22.9296 34.45
      vertex 40.6742 22.8742 8.05
      vertex 40.6742 22.8742 34.45
    endloop
  endfacet
  facet normal -0.941125 -0.338058 0
    outer loop
      vertex 40.6742 22.8742 2.85
      vertex 40.6543 22.9296 4.45
      vertex 40.6543 22.9296 2.85
    endloop
  endfacet
  facet normal -0.941125 -0.338058 0
    outer loop
      vertex 40.6543 22.9296 4.45
      vertex 40.6742 22.8742 2.85
      vertex 40.6742 22.8742 4.45
    endloop
  endfacet
  facet normal -0.857493 -0.514496 0
    outer loop
      vertex 40.6292 22.9828 2.85
      vertex 40.5989 23.0333 34.45
      vertex 40.5989 23.0333 2.85
    endloop
  endfacet
  facet normal -0.857493 -0.514496 0
    outer loop
      vertex 40.5989 23.0333 34.45
      vertex 40.6292 22.9828 2.85
      vertex 40.6292 22.9828 34.45
    endloop
  endfacet
  facet normal -0.970042 -0.242935 0
    outer loop
      vertex 40.6885 22.8171 8.05
      vertex 40.6742 22.8742 34.45
      vertex 40.6742 22.8742 8.05
    endloop
  endfacet
  facet normal -0.970042 -0.242935 0
    outer loop
      vertex 40.6742 22.8742 34.45
      vertex 40.6885 22.8171 8.05
      vertex 40.6885 22.8171 34.45
    endloop
  endfacet
  facet normal -0.970042 -0.242935 0
    outer loop
      vertex 40.6885 22.8171 2.85
      vertex 40.6742 22.8742 4.45
      vertex 40.6742 22.8742 2.85
    endloop
  endfacet
  facet normal -0.970042 -0.242935 0
    outer loop
      vertex 40.6742 22.8742 4.45
      vertex 40.6885 22.8171 2.85
      vertex 40.6885 22.8171 4.45
    endloop
  endfacet
  facet normal -0.426697 -0.904394 0
    outer loop
      vertex 40.3296 23.2543 2.85
      vertex 40.3828 23.2292 34.45
      vertex 40.3296 23.2543 34.45
    endloop
  endfacet
  facet normal -0.426697 -0.904394 -0
    outer loop
      vertex 40.3828 23.2292 34.45
      vertex 40.3296 23.2543 2.85
      vertex 40.3828 23.2292 2.85
    endloop
  endfacet
  facet normal -0.904487 0.426501 0
    outer loop
      vertex 40.6292 1.91716 2.85
      vertex 40.6543 1.97039 34.45
      vertex 40.6543 1.97039 2.85
    endloop
  endfacet
  facet normal -0.904487 0.426501 0
    outer loop
      vertex 40.6543 1.97039 34.45
      vertex 40.6292 1.91716 2.85
      vertex 40.6292 1.91716 34.45
    endloop
  endfacet
  facet normal 0.514496 -0.857493 0
    outer loop
      vertex 1.86666 23.1989 2.85
      vertex 1.91716 23.2292 34.45
      vertex 1.86666 23.1989 34.45
    endloop
  endfacet
  facet normal 0.514496 -0.857493 0
    outer loop
      vertex 1.91716 23.2292 34.45
      vertex 1.86666 23.1989 2.85
      vertex 1.91716 23.2292 2.85
    endloop
  endfacet
  facet normal 0.998786 -0.0492599 0
    outer loop
      vertex 1.59999 22.7 34.45
      vertex 1.60289 22.7588 2.85
      vertex 1.60289 22.7588 34.45
    endloop
  endfacet
  facet normal 0.998786 -0.0492599 0
    outer loop
      vertex 1.60289 22.7588 2.85
      vertex 1.59999 22.7 34.45
      vertex 1.59999 22.7 2.85
    endloop
  endfacet
  facet normal 0 0 -1
    outer loop
      vertex 40.1 1.59999 34.45
      vertex 40.7 2.2 34.45
      vertex 40.6971 2.14119 34.45
    endloop
  endfacet
  facet normal 0 0 -1
    outer loop
      vertex 40.7 2.2 34.45
      vertex 28.6 12.45 34.45
      vertex 40.7 22.7 34.45
    endloop
  endfacet
  facet normal 0 0 -1
    outer loop
      vertex 40.1 1.59999 34.45
      vertex 40.6971 2.14119 34.45
      vertex 40.6885 2.08295 34.45
    endloop
  endfacet
  facet normal 0 0 -1
    outer loop
      vertex 28.5894 12.6656 34.45
      vertex 40.7 22.7 34.45
      vertex 28.6 12.45 34.45
    endloop
  endfacet
  facet normal 0 0 -1
    outer loop
      vertex 40.1 1.59999 34.45
      vertex 40.6885 2.08295 34.45
      vertex 40.6742 2.02584 34.45
    endloop
  endfacet
  facet normal 0 0 -1
    outer loop
      vertex 28.5577 12.8792 34.45
      vertex 40.7 22.7 34.45
      vertex 28.5894 12.6656 34.45
    endloop
  endfacet
  facet normal 0 0 -1
    outer loop
      vertex 40.1 1.59999 34.45
      vertex 40.6742 2.02584 34.45
      vertex 40.6543 1.97039 34.45
    endloop
  endfacet
  facet normal 0 0 -1
    outer loop
      vertex 28.5053 13.0886 34.45
      vertex 40.7 22.7 34.45
      vertex 28.5577 12.8792 34.45
    endloop
  endfacet
  facet normal 0 0 -1
    outer loop
      vertex 40.1 1.59999 34.45
      vertex 40.6543 1.97039 34.45
      vertex 40.6292 1.91716 34.45
    endloop
  endfacet
  facet normal 0 0 -1
    outer loop
      vertex 28.4325 13.2919 34.45
      vertex 40.7 22.7 34.45
      vertex 28.5053 13.0886 34.45
    endloop
  endfacet
  facet normal 0 0 -1
    outer loop
      vertex 40.1 1.59999 34.45
      vertex 40.6292 1.91716 34.45
      vertex 40.5989 1.86666 34.45
    endloop
  endfacet
  facet normal 0 0 -1
    outer loop
      vertex 28.3402 13.4871 34.45
      vertex 40.7 22.7 34.45
      vertex 28.4325 13.2919 34.45
    endloop
  endfacet
  facet normal 0 0 -1
    outer loop
      vertex 40.1 1.59999 34.45
      vertex 40.5989 1.86666 34.45
      vertex 40.5638 1.81937 34.45
    endloop
  endfacet
  facet normal 0 -0 -1
    outer loop
      vertex 40.1 23.3 34.45
      vertex 40.7 22.7 34.45
      vertex 28.3402 13.4871 34.45
    endloop
  endfacet
  facet normal 0 0 -1
    outer loop
      vertex 40.1 1.59999 34.45
      vertex 40.5638 1.81937 34.45
      vertex 40.5243 1.77573 34.45
    endloop
  endfacet
  facet normal 0 0 -1
    outer loop
      vertex 40.7 22.7 34.45
      vertex 40.1 23.3 34.45
      vertex 40.6971 22.7588 34.45
    endloop
  endfacet
  facet normal 0 0 -1
    outer loop
      vertex 40.1 1.59999 34.45
      vertex 40.5243 1.77573 34.45
      vertex 40.4806 1.73619 34.45
    endloop
  endfacet
  facet normal 0 0 -1
    outer loop
      vertex 40.6885 22.8171 34.45
      vertex 40.1 23.3 34.45
      vertex 40.6742 22.8742 34.45
    endloop
  endfacet
  facet normal 0 0 -1
    outer loop
      vertex 40.1 1.59999 34.45
      vertex 40.4806 1.73619 34.45
      vertex 40.4333 1.70111 34.45
    endloop
  endfacet
  facet normal 0 0 -1
    outer loop
      vertex 40.6742 22.8742 34.45
      vertex 40.1 23.3 34.45
      vertex 40.6543 22.9296 34.45
    endloop
  endfacet
  facet normal 0 0 -1
    outer loop
      vertex 40.1 1.59999 34.45
      vertex 40.4333 1.70111 34.45
      vertex 40.3828 1.67084 34.45
    endloop
  endfacet
  facet normal 0 0 -1
    outer loop
      vertex 40.6292 22.9828 34.45
      vertex 40.1 23.3 34.45
      vertex 40.5989 23.0333 34.45
    endloop
  endfacet
  facet normal 0 0 -1
    outer loop
      vertex 40.1 1.59999 34.45
      vertex 40.3828 1.67084 34.45
      vertex 40.3296 1.64568 34.45
    endloop
  endfacet
  facet normal 0 0 -1
    outer loop
      vertex 40.5638 23.0806 34.45
      vertex 40.1 23.3 34.45
      vertex 40.5243 23.1243 34.45
    endloop
  endfacet
  facet normal 0 0 -1
    outer loop
      vertex 40.1 1.59999 34.45
      vertex 40.3296 1.64568 34.45
      vertex 40.2742 1.62584 34.45
    endloop
  endfacet
  facet normal 0 0 -1
    outer loop
      vertex 40.5243 23.1243 34.45
      vertex 40.1 23.3 34.45
      vertex 40.4806 23.1638 34.45
    endloop
  endfacet
  facet normal 0 0 -1
    outer loop
      vertex 40.1 1.59999 34.45
      vertex 40.2742 1.62584 34.45
      vertex 40.217 1.61153 34.45
    endloop
  endfacet
  facet normal 0 0 -1
    outer loop
      vertex 40.4333 23.1989 34.45
      vertex 40.1 23.3 34.45
      vertex 40.3828 23.2292 34.45
    endloop
  endfacet
  facet normal 0 0 -1
    outer loop
      vertex 40.1 1.59999 34.45
      vertex 40.217 1.61153 34.45
      vertex 40.1588 1.60289 34.45
    endloop
  endfacet
  facet normal -0 0 -1
    outer loop
      vertex 40.7 2.2 34.45
      vertex 40.1 1.59999 34.45
      vertex 28.3402 11.4129 34.45
    endloop
  endfacet
  facet normal 0 0 -1
    outer loop
      vertex 40.3828 23.2292 34.45
      vertex 40.1 23.3 34.45
      vertex 40.3296 23.2543 34.45
    endloop
  endfacet
  facet normal 0 0 -1
    outer loop
      vertex 40.217 23.2885 34.45
      vertex 40.1 23.3 34.45
      vertex 40.1588 23.2971 34.45
    endloop
  endfacet
  facet normal 0 0 -1
    outer loop
      vertex 40.2742 23.2742 34.45
      vertex 40.1 23.3 34.45
      vertex 40.217 23.2885 34.45
    endloop
  endfacet
  facet normal 0 0 -1
    outer loop
      vertex 40.7 2.2 34.45
      vertex 28.5894 12.2344 34.45
      vertex 28.6 12.45 34.45
    endloop
  endfacet
  facet normal 0 0 -1
    outer loop
      vertex 40.7 2.2 34.45
      vertex 28.5577 12.0208 34.45
      vertex 28.5894 12.2344 34.45
    endloop
  endfacet
  facet normal 0 0 -1
    outer loop
      vertex 40.7 2.2 34.45
      vertex 28.5053 11.8114 34.45
      vertex 28.5577 12.0208 34.45
    endloop
  endfacet
  facet normal 0 0 -1
    outer loop
      vertex 40.7 2.2 34.45
      vertex 28.4325 11.6081 34.45
      vertex 28.5053 11.8114 34.45
    endloop
  endfacet
  facet normal 0 0 -1
    outer loop
      vertex 40.7 2.2 34.45
      vertex 28.3402 11.4129 34.45
      vertex 28.4325 11.6081 34.45
    endloop
  endfacet
  facet normal 0 0 -1
    outer loop
      vertex 40.1 1.59999 34.45
      vertex 28.2292 11.2277 34.45
      vertex 28.3402 11.4129 34.45
    endloop
  endfacet
  facet normal 0 0 -1
    outer loop
      vertex 40.1 1.59999 34.45
      vertex 28.1006 11.0543 34.45
      vertex 28.2292 11.2277 34.45
    endloop
  endfacet
  facet normal 0 0 -1
    outer loop
      vertex 40.1 1.59999 34.45
      vertex 27.9556 10.8944 34.45
      vertex 28.1006 11.0543 34.45
    endloop
  endfacet
  facet normal 0 0 -1
    outer loop
      vertex 40.1 1.59999 34.45
      vertex 27.7957 10.7494 34.45
      vertex 27.9556 10.8944 34.45
    endloop
  endfacet
  facet normal 0 0 -1
    outer loop
      vertex 40.1 1.59999 34.45
      vertex 27.6223 10.6208 34.45
      vertex 27.7957 10.7494 34.45
    endloop
  endfacet
  facet normal 0 0 -1
    outer loop
      vertex 40.1 1.59999 34.45
      vertex 27.4371 10.5098 34.45
      vertex 27.6223 10.6208 34.45
    endloop
  endfacet
  facet normal 0 0 -1
    outer loop
      vertex 40.1 1.59999 34.45
      vertex 27.2419 10.4175 34.45
      vertex 27.4371 10.5098 34.45
    endloop
  endfacet
  facet normal 0 0 -1
    outer loop
      vertex 40.1 1.59999 34.45
      vertex 27.0386 10.3447 34.45
      vertex 27.2419 10.4175 34.45
    endloop
  endfacet
  facet normal 0 0 -1
    outer loop
      vertex 40.1 1.59999 34.45
      vertex 26.8292 10.2923 34.45
      vertex 27.0386 10.3447 34.45
    endloop
  endfacet
  facet normal 0 0 -1
    outer loop
      vertex 40.1 1.59999 34.45
      vertex 26.6156 10.2606 34.45
      vertex 26.8292 10.2923 34.45
    endloop
  endfacet
  facet normal 0 0 -1
    outer loop
      vertex 40.1 1.59999 34.45
      vertex 26.4 10.25 34.45
      vertex 26.6156 10.2606 34.45
    endloop
  endfacet
  facet normal 0 0 -1
    outer loop
      vertex 40.1 1.59999 34.45
      vertex 15.9 10.25 34.45
      vertex 26.4 10.25 34.45
    endloop
  endfacet
  facet normal 0 0 -1
    outer loop
      vertex 2.2 1.59999 34.45
      vertex 15.9 10.25 34.45
      vertex 40.1 1.59999 34.45
    endloop
  endfacet
  facet normal -0 0 -1
    outer loop
      vertex 15.9 10.25 34.45
      vertex 2.2 1.59999 34.45
      vertex 15.6844 10.2606 34.45
    endloop
  endfacet
  facet normal -0 0 -1
    outer loop
      vertex 15.6844 10.2606 34.45
      vertex 2.2 1.59999 34.45
      vertex 15.4708 10.2923 34.45
    endloop
  endfacet
  facet normal -0 0 -1
    outer loop
      vertex 13.7423 12.0208 34.45
      vertex 1.59999 2.2 34.45
      vertex 13.7106 12.2344 34.45
    endloop
  endfacet
  facet normal -0 0 -1
    outer loop
      vertex 13.7947 11.8114 34.45
      vertex 1.59999 2.2 34.45
      vertex 13.7423 12.0208 34.45
    endloop
  endfacet
  facet normal -0 0 -1
    outer loop
      vertex 13.8675 11.6081 34.45
      vertex 1.59999 2.2 34.45
      vertex 13.7947 11.8114 34.45
    endloop
  endfacet
  facet normal -0 0 -1
    outer loop
      vertex 13.9598 11.4129 34.45
      vertex 1.59999 2.2 34.45
      vertex 13.8675 11.6081 34.45
    endloop
  endfacet
  facet normal 0 0 -1
    outer loop
      vertex 1.59999 2.2 34.45
      vertex 13.9598 11.4129 34.45
      vertex 2.2 1.59999 34.45
    endloop
  endfacet
  facet normal -0 0 -1
    outer loop
      vertex 14.0708 11.2277 34.45
      vertex 2.2 1.59999 34.45
      vertex 13.9598 11.4129 34.45
    endloop
  endfacet
  facet normal -0 0 -1
    outer loop
      vertex 14.1994 11.0543 34.45
      vertex 2.2 1.59999 34.45
      vertex 14.0708 11.2277 34.45
    endloop
  endfacet
  facet normal -0 0 -1
    outer loop
      vertex 14.3444 10.8944 34.45
      vertex 2.2 1.59999 34.45
      vertex 14.1994 11.0543 34.45
    endloop
  endfacet
  facet normal -0 0 -1
    outer loop
      vertex 14.5043 10.7494 34.45
      vertex 2.2 1.59999 34.45
      vertex 14.3444 10.8944 34.45
    endloop
  endfacet
  facet normal -0 0 -1
    outer loop
      vertex 14.6777 10.6208 34.45
      vertex 2.2 1.59999 34.45
      vertex 14.5043 10.7494 34.45
    endloop
  endfacet
  facet normal -0 0 -1
    outer loop
      vertex 14.8629 10.5098 34.45
      vertex 2.2 1.59999 34.45
      vertex 14.6777 10.6208 34.45
    endloop
  endfacet
  facet normal -0 0 -1
    outer loop
      vertex 15.0581 10.4175 34.45
      vertex 2.2 1.59999 34.45
      vertex 14.8629 10.5098 34.45
    endloop
  endfacet
  facet normal -0 0 -1
    outer loop
      vertex 15.2614 10.3447 34.45
      vertex 2.2 1.59999 34.45
      vertex 15.0581 10.4175 34.45
    endloop
  endfacet
  facet normal -0 0 -1
    outer loop
      vertex 15.4708 10.2923 34.45
      vertex 2.2 1.59999 34.45
      vertex 15.2614 10.3447 34.45
    endloop
  endfacet
  facet normal 0 0 -1
    outer loop
      vertex 40.3296 23.2543 34.45
      vertex 40.1 23.3 34.45
      vertex 40.2742 23.2742 34.45
    endloop
  endfacet
  facet normal 0 0 -1
    outer loop
      vertex 40.4806 23.1638 34.45
      vertex 40.1 23.3 34.45
      vertex 40.4333 23.1989 34.45
    endloop
  endfacet
  facet normal 0 0 -1
    outer loop
      vertex 40.5989 23.0333 34.45
      vertex 40.1 23.3 34.45
      vertex 40.5638 23.0806 34.45
    endloop
  endfacet
  facet normal 0 0 -1
    outer loop
      vertex 40.6543 22.9296 34.45
      vertex 40.1 23.3 34.45
      vertex 40.6292 22.9828 34.45
    endloop
  endfacet
  facet normal 0 0 -1
    outer loop
      vertex 40.6971 22.7588 34.45
      vertex 40.1 23.3 34.45
      vertex 40.6885 22.8171 34.45
    endloop
  endfacet
  facet normal 0 0 -1
    outer loop
      vertex 28.2292 13.6723 34.45
      vertex 40.1 23.3 34.45
      vertex 28.3402 13.4871 34.45
    endloop
  endfacet
  facet normal 0 0 -1
    outer loop
      vertex 28.1006 13.8457 34.45
      vertex 40.1 23.3 34.45
      vertex 28.2292 13.6723 34.45
    endloop
  endfacet
  facet normal 0 0 -1
    outer loop
      vertex 27.9556 14.0056 34.45
      vertex 40.1 23.3 34.45
      vertex 28.1006 13.8457 34.45
    endloop
  endfacet
  facet normal 0 0 -1
    outer loop
      vertex 27.7957 14.1506 34.45
      vertex 40.1 23.3 34.45
      vertex 27.9556 14.0056 34.45
    endloop
  endfacet
  facet normal 0 0 -1
    outer loop
      vertex 27.6223 14.2792 34.45
      vertex 40.1 23.3 34.45
      vertex 27.7957 14.1506 34.45
    endloop
  endfacet
  facet normal 0 0 -1
    outer loop
      vertex 27.4371 14.3902 34.45
      vertex 40.1 23.3 34.45
      vertex 27.6223 14.2792 34.45
    endloop
  endfacet
  facet normal 0 0 -1
    outer loop
      vertex 27.2419 14.4825 34.45
      vertex 40.1 23.3 34.45
      vertex 27.4371 14.3902 34.45
    endloop
  endfacet
  facet normal 0 0 -1
    outer loop
      vertex 27.0386 14.5553 34.45
      vertex 40.1 23.3 34.45
      vertex 27.2419 14.4825 34.45
    endloop
  endfacet
  facet normal 0 0 -1
    outer loop
      vertex 26.8292 14.6077 34.45
      vertex 40.1 23.3 34.45
      vertex 27.0386 14.5553 34.45
    endloop
  endfacet
  facet normal 0 0 -1
    outer loop
      vertex 26.6156 14.6394 34.45
      vertex 40.1 23.3 34.45
      vertex 26.8292 14.6077 34.45
    endloop
  endfacet
  facet normal 0 0 -1
    outer loop
      vertex 26.4 14.65 34.45
      vertex 40.1 23.3 34.45
      vertex 26.6156 14.6394 34.45
    endloop
  endfacet
  facet normal 0 0 -1
    outer loop
      vertex 15.9 14.65 34.45
      vertex 40.1 23.3 34.45
      vertex 26.4 14.65 34.45
    endloop
  endfacet
  facet normal 0 0 -1
    outer loop
      vertex 2.2 23.3 34.45
      vertex 15.9 14.65 34.45
      vertex 15.6844 14.6394 34.45
    endloop
  endfacet
  facet normal 0 0 -1
    outer loop
      vertex 2.2 23.3 34.45
      vertex 15.6844 14.6394 34.45
      vertex 15.4708 14.6077 34.45
    endloop
  endfacet
  facet normal 0 0 -1
    outer loop
      vertex 2.2 23.3 34.45
      vertex 15.4708 14.6077 34.45
      vertex 15.2614 14.5553 34.45
    endloop
  endfacet
  facet normal -0 0 -1
    outer loop
      vertex 13.7106 12.2344 34.45
      vertex 1.59999 2.2 34.45
      vertex 13.7 12.45 34.45
    endloop
  endfacet
  facet normal 0 0 -1
    outer loop
      vertex 1.59999 22.7 34.45
      vertex 13.7 12.45 34.45
      vertex 1.59999 2.2 34.45
    endloop
  endfacet
  facet normal 0 0 -1
    outer loop
      vertex 13.7 12.45 34.45
      vertex 1.59999 22.7 34.45
      vertex 13.7106 12.6656 34.45
    endloop
  endfacet
  facet normal 0 0 -1
    outer loop
      vertex 13.7106 12.6656 34.45
      vertex 1.59999 22.7 34.45
      vertex 13.7423 12.8792 34.45
    endloop
  endfacet
  facet normal 0 0 -1
    outer loop
      vertex 13.7423 12.8792 34.45
      vertex 1.59999 22.7 34.45
      vertex 13.7947 13.0886 34.45
    endloop
  endfacet
  facet normal 0 0 -1
    outer loop
      vertex 13.7947 13.0886 34.45
      vertex 1.59999 22.7 34.45
      vertex 13.8675 13.2919 34.45
    endloop
  endfacet
  facet normal 0 0 -1
    outer loop
      vertex 13.8675 13.2919 34.45
      vertex 1.59999 22.7 34.45
      vertex 13.9598 13.4871 34.45
    endloop
  endfacet
  facet normal 0 0 -1
    outer loop
      vertex 13.9598 13.4871 34.45
      vertex 1.59999 22.7 34.45
      vertex 14.0708 13.6723 34.45
    endloop
  endfacet
  facet normal 0 0 -1
    outer loop
      vertex 15.9 14.65 34.45
      vertex 2.2 23.3 34.45
      vertex 40.1 23.3 34.45
    endloop
  endfacet
  facet normal 0 0 -1
    outer loop
      vertex 15.0581 14.4825 34.45
      vertex 2.2 23.3 34.45
      vertex 15.2614 14.5553 34.45
    endloop
  endfacet
  facet normal 0 0 -1
    outer loop
      vertex 14.8629 14.3902 34.45
      vertex 2.2 23.3 34.45
      vertex 15.0581 14.4825 34.45
    endloop
  endfacet
  facet normal 0 0 -1
    outer loop
      vertex 14.6777 14.2792 34.45
      vertex 2.2 23.3 34.45
      vertex 14.8629 14.3902 34.45
    endloop
  endfacet
  facet normal 0 0 -1
    outer loop
      vertex 14.5043 14.1506 34.45
      vertex 2.2 23.3 34.45
      vertex 14.6777 14.2792 34.45
    endloop
  endfacet
  facet normal 0 0 -1
    outer loop
      vertex 14.3444 14.0056 34.45
      vertex 2.2 23.3 34.45
      vertex 14.5043 14.1506 34.45
    endloop
  endfacet
  facet normal 0 -0 -1
    outer loop
      vertex 2.2 23.3 34.45
      vertex 14.0708 13.6723 34.45
      vertex 1.59999 22.7 34.45
    endloop
  endfacet
  facet normal 0 0 -1
    outer loop
      vertex 1.59999 2.2 34.45
      vertex 2.2 1.59999 34.45
      vertex 2.14119 1.60289 34.45
    endloop
  endfacet
  facet normal 0 0 -1
    outer loop
      vertex 14.0708 13.6723 34.45
      vertex 2.2 23.3 34.45
      vertex 14.1994 13.8457 34.45
    endloop
  endfacet
  facet normal 0 0 -1
    outer loop
      vertex 1.59999 2.2 34.45
      vertex 2.14119 1.60289 34.45
      vertex 2.08295 1.61153 34.45
    endloop
  endfacet
  facet normal 0 0 -1
    outer loop
      vertex 14.1994 13.8457 34.45
      vertex 2.2 23.3 34.45
      vertex 14.3444 14.0056 34.45
    endloop
  endfacet
  facet normal 0 0 -1
    outer loop
      vertex 1.59999 2.2 34.45
      vertex 2.08295 1.61153 34.45
      vertex 2.02584 1.62584 34.45
    endloop
  endfacet
  facet normal 0 0 -1
    outer loop
      vertex 2.2 23.3 34.45
      vertex 1.59999 22.7 34.45
      vertex 2.14119 23.2971 34.45
    endloop
  endfacet
  facet normal 0 0 -1
    outer loop
      vertex 1.59999 2.2 34.45
      vertex 2.02584 1.62584 34.45
      vertex 1.97039 1.64568 34.45
    endloop
  endfacet
  facet normal 0 0 -1
    outer loop
      vertex 2.14119 23.2971 34.45
      vertex 1.59999 22.7 34.45
      vertex 2.08295 23.2885 34.45
    endloop
  endfacet
  facet normal 0 0 -1
    outer loop
      vertex 1.59999 2.2 34.45
      vertex 1.97039 1.64568 34.45
      vertex 1.91716 1.67084 34.45
    endloop
  endfacet
  facet normal 0 0 -1
    outer loop
      vertex 2.08295 23.2885 34.45
      vertex 1.59999 22.7 34.45
      vertex 2.02584 23.2742 34.45
    endloop
  endfacet
  facet normal 0 0 -1
    outer loop
      vertex 1.59999 2.2 34.45
      vertex 1.91716 1.67084 34.45
      vertex 1.86666 1.70111 34.45
    endloop
  endfacet
  facet normal 0 0 -1
    outer loop
      vertex 2.02584 23.2742 34.45
      vertex 1.59999 22.7 34.45
      vertex 1.97039 23.2543 34.45
    endloop
  endfacet
  facet normal 0 0 -1
    outer loop
      vertex 1.59999 2.2 34.45
      vertex 1.86666 1.70111 34.45
      vertex 1.81937 1.73619 34.45
    endloop
  endfacet
  facet normal 0 0 -1
    outer loop
      vertex 1.97039 23.2543 34.45
      vertex 1.59999 22.7 34.45
      vertex 1.91716 23.2292 34.45
    endloop
  endfacet
  facet normal 0 0 -1
    outer loop
      vertex 1.59999 2.2 34.45
      vertex 1.81937 1.73619 34.45
      vertex 1.77573 1.77573 34.45
    endloop
  endfacet
  facet normal 0 0 -1
    outer loop
      vertex 1.91716 23.2292 34.45
      vertex 1.59999 22.7 34.45
      vertex 1.86666 23.1989 34.45
    endloop
  endfacet
  facet normal 0 0 -1
    outer loop
      vertex 1.59999 2.2 34.45
      vertex 1.77573 1.77573 34.45
      vertex 1.73619 1.81937 34.45
    endloop
  endfacet
  facet normal 0 0 -1
    outer loop
      vertex 1.86666 23.1989 34.45
      vertex 1.59999 22.7 34.45
      vertex 1.81937 23.1638 34.45
    endloop
  endfacet
  facet normal 0 0 -1
    outer loop
      vertex 1.59999 2.2 34.45
      vertex 1.73619 1.81937 34.45
      vertex 1.70111 1.86666 34.45
    endloop
  endfacet
  facet normal 0 0 -1
    outer loop
      vertex 1.81937 23.1638 34.45
      vertex 1.59999 22.7 34.45
      vertex 1.77573 23.1243 34.45
    endloop
  endfacet
  facet normal 0 0 -1
    outer loop
      vertex 1.59999 2.2 34.45
      vertex 1.70111 1.86666 34.45
      vertex 1.67084 1.91716 34.45
    endloop
  endfacet
  facet normal 0 0 -1
    outer loop
      vertex 1.77573 23.1243 34.45
      vertex 1.59999 22.7 34.45
      vertex 1.73619 23.0806 34.45
    endloop
  endfacet
  facet normal 0 0 -1
    outer loop
      vertex 1.59999 2.2 34.45
      vertex 1.67084 1.91716 34.45
      vertex 1.64568 1.97039 34.45
    endloop
  endfacet
  facet normal 0 0 -1
    outer loop
      vertex 1.73619 23.0806 34.45
      vertex 1.59999 22.7 34.45
      vertex 1.70111 23.0333 34.45
    endloop
  endfacet
  facet normal 0 0 -1
    outer loop
      vertex 1.59999 2.2 34.45
      vertex 1.64568 1.97039 34.45
      vertex 1.62584 2.02584 34.45
    endloop
  endfacet
  facet normal 0 0 -1
    outer loop
      vertex 1.70111 23.0333 34.45
      vertex 1.59999 22.7 34.45
      vertex 1.67084 22.9828 34.45
    endloop
  endfacet
  facet normal 0 0 -1
    outer loop
      vertex 1.59999 2.2 34.45
      vertex 1.62584 2.02584 34.45
      vertex 1.61153 2.08295 34.45
    endloop
  endfacet
  facet normal 0 0 -1
    outer loop
      vertex 1.67084 22.9828 34.45
      vertex 1.59999 22.7 34.45
      vertex 1.64568 22.9296 34.45
    endloop
  endfacet
  facet normal 0 0 -1
    outer loop
      vertex 1.59999 2.2 34.45
      vertex 1.61153 2.08295 34.45
      vertex 1.60289 2.14119 34.45
    endloop
  endfacet
  facet normal 0 0 -1
    outer loop
      vertex 1.64568 22.9296 34.45
      vertex 1.59999 22.7 34.45
      vertex 1.62584 22.8742 34.45
    endloop
  endfacet
  facet normal 0 0 -1
    outer loop
      vertex 1.62584 22.8742 34.45
      vertex 1.59999 22.7 34.45
      vertex 1.61153 22.8171 34.45
    endloop
  endfacet
  facet normal 0 0 -1
    outer loop
      vertex 1.61153 22.8171 34.45
      vertex 1.59999 22.7 34.45
      vertex 1.60289 22.7588 34.45
    endloop
  endfacet
  facet normal 0.989196 -0.146598 0
    outer loop
      vertex 1.60289 22.7588 34.45
      vertex 1.61153 22.8171 2.85
      vertex 1.61153 22.8171 34.45
    endloop
  endfacet
  facet normal 0.989196 -0.146598 0
    outer loop
      vertex 1.61153 22.8171 2.85
      vertex 1.60289 22.7588 34.45
      vertex 1.60289 22.7588 2.85
    endloop
  endfacet
  facet normal 0.857718 -0.514121 0
    outer loop
      vertex 1.67084 22.9828 34.45
      vertex 1.70111 23.0333 2.85
      vertex 1.70111 23.0333 34.45
    endloop
  endfacet
  facet normal 0.857718 -0.514121 0
    outer loop
      vertex 1.70111 23.0333 2.85
      vertex 1.67084 22.9828 34.45
      vertex 1.67084 22.9828 2.85
    endloop
  endfacet
  facet normal 0.242895 -0.970053 0
    outer loop
      vertex 2.02584 23.2742 2.85
      vertex 2.08295 23.2885 34.45
      vertex 2.02584 23.2742 34.45
    endloop
  endfacet
  facet normal 0.242895 -0.970053 0
    outer loop
      vertex 2.08295 23.2885 34.45
      vertex 2.02584 23.2742 2.85
      vertex 2.08295 23.2885 2.85
    endloop
  endfacet
  facet normal -0.998786 -0.0492599 0
    outer loop
      vertex 40.7 22.7 8.05
      vertex 40.6971 22.7588 34.45
      vertex 40.6971 22.7588 8.05
    endloop
  endfacet
  facet normal -0.998786 -0.0492599 0
    outer loop
      vertex 40.6971 22.7588 34.45
      vertex 40.7 22.7 8.05
      vertex 40.7 22.7 34.45
    endloop
  endfacet
  facet normal -0.998786 -0.0492599 0
    outer loop
      vertex 40.7 22.7 2.85
      vertex 40.6971 22.7588 4.45
      vertex 40.6971 22.7588 2.85
    endloop
  endfacet
  facet normal -0.998786 -0.0492599 0
    outer loop
      vertex 40.6971 22.7588 4.45
      vertex 40.7 22.7 2.85
      vertex 40.7 22.7 4.45
    endloop
  endfacet
  facet normal -0.904447 -0.426587 -0
    outer loop
      vertex 40.65 22.9387 8.05
      vertex 40.6292 22.9828 2.85
      vertex 40.65 22.9387 4.45
    endloop
  endfacet
  facet normal -0.904394 -0.426697 -3.71873e-06
    outer loop
      vertex 40.6543 22.9296 2.85
      vertex 40.65 22.9387 4.45
      vertex 40.6292 22.9828 2.85
    endloop
  endfacet
  facet normal -0.904142 -0.427232 0
    outer loop
      vertex 40.65 22.9387 4.45
      vertex 40.6543 22.9296 2.85
      vertex 40.6543 22.9296 4.45
    endloop
  endfacet
  facet normal -0.904447 -0.426587 0
    outer loop
      vertex 40.6292 22.9828 2.85
      vertex 40.65 22.9387 8.05
      vertex 40.6292 22.9828 34.45
    endloop
  endfacet
  facet normal -0.904142 -0.427232 1.31722e-06
    outer loop
      vertex 40.6543 22.9296 8.05
      vertex 40.6292 22.9828 34.45
      vertex 40.65 22.9387 8.05
    endloop
  endfacet
  facet normal -0.904394 -0.426697 0
    outer loop
      vertex 40.6292 22.9828 34.45
      vertex 40.6543 22.9296 8.05
      vertex 40.6543 22.9296 34.45
    endloop
  endfacet
  facet normal -0.803046 -0.595918 0
    outer loop
      vertex 40.5989 23.0333 2.85
      vertex 40.5638 23.0806 34.45
      vertex 40.5638 23.0806 2.85
    endloop
  endfacet
  facet normal -0.803046 -0.595918 0
    outer loop
      vertex 40.5638 23.0806 34.45
      vertex 40.5989 23.0333 2.85
      vertex 40.5989 23.0333 34.45
    endloop
  endfacet
  facet normal -0.595918 -0.803046 0
    outer loop
      vertex 40.4333 23.1989 2.85
      vertex 40.4806 23.1638 34.45
      vertex 40.4333 23.1989 34.45
    endloop
  endfacet
  facet normal -0.595918 -0.803046 -0
    outer loop
      vertex 40.4806 23.1638 34.45
      vertex 40.4333 23.1989 2.85
      vertex 40.4806 23.1638 2.85
    endloop
  endfacet
  facet normal -0.514496 -0.857493 0
    outer loop
      vertex 40.3828 23.2292 2.85
      vertex 40.4333 23.1989 34.45
      vertex 40.3828 23.2292 34.45
    endloop
  endfacet
  facet normal -0.514496 -0.857493 -0
    outer loop
      vertex 40.4333 23.1989 34.45
      vertex 40.3828 23.2292 2.85
      vertex 40.4333 23.1989 2.85
    endloop
  endfacet
  facet normal -0.338058 -0.941125 0
    outer loop
      vertex 40.2742 23.2742 2.85
      vertex 40.3296 23.2543 34.45
      vertex 40.2742 23.2742 34.45
    endloop
  endfacet
  facet normal -0.338058 -0.941125 -0
    outer loop
      vertex 40.3296 23.2543 34.45
      vertex 40.2742 23.2742 2.85
      vertex 40.3296 23.2543 2.85
    endloop
  endfacet
  facet normal -0.989273 0.146081 0
    outer loop
      vertex 40.6885 2.08295 2.85
      vertex 40.6971 2.14119 34.45
      vertex 40.6971 2.14119 2.85
    endloop
  endfacet
  facet normal -0.989273 0.146081 0
    outer loop
      vertex 40.6971 2.14119 34.45
      vertex 40.6885 2.08295 2.85
      vertex 40.6885 2.08295 34.45
    endloop
  endfacet
  facet normal -0.514121 0.857718 0
    outer loop
      vertex 40.4333 1.70111 2.85
      vertex 40.3828 1.67084 34.45
      vertex 40.4333 1.70111 34.45
    endloop
  endfacet
  facet normal -0.514121 0.857718 0
    outer loop
      vertex 40.3828 1.67084 34.45
      vertex 40.4333 1.70111 2.85
      vertex 40.3828 1.67084 2.85
    endloop
  endfacet
  facet normal -0.857493 0.514496 0
    outer loop
      vertex 40.5989 1.86666 2.85
      vertex 40.6292 1.91716 34.45
      vertex 40.6292 1.91716 2.85
    endloop
  endfacet
  facet normal -0.857493 0.514496 0
    outer loop
      vertex 40.6292 1.91716 34.45
      vertex 40.5989 1.86666 2.85
      vertex 40.5989 1.86666 34.45
    endloop
  endfacet
  facet normal -0.741399 0.671065 0
    outer loop
      vertex 40.5243 1.77573 2.85
      vertex 40.5638 1.81937 34.45
      vertex 40.5638 1.81937 2.85
    endloop
  endfacet
  facet normal -0.741399 0.671065 0
    outer loop
      vertex 40.5638 1.81937 34.45
      vertex 40.5243 1.77573 2.85
      vertex 40.5243 1.77573 34.45
    endloop
  endfacet
  facet normal 0.998786 0.0492515 0
    outer loop
      vertex 1.60289 2.14119 34.45
      vertex 1.59999 2.2 2.85
      vertex 1.59999 2.2 34.45
    endloop
  endfacet
  facet normal 0.998786 0.0492515 0
    outer loop
      vertex 1.59999 2.2 2.85
      vertex 1.60289 2.14119 34.45
      vertex 1.60289 2.14119 2.85
    endloop
  endfacet
  facet normal 0.989174 0.146746 0
    outer loop
      vertex 1.61153 2.08295 34.45
      vertex 1.60289 2.14119 2.85
      vertex 1.60289 2.14119 34.45
    endloop
  endfacet
  facet normal 0.989174 0.146746 0
    outer loop
      vertex 1.60289 2.14119 2.85
      vertex 1.61153 2.08295 34.45
      vertex 1.61153 2.08295 2.85
    endloop
  endfacet
  facet normal 0.970012 0.243055 0
    outer loop
      vertex 1.62584 2.02584 34.45
      vertex 1.61153 2.08295 2.85
      vertex 1.61153 2.08295 34.45
    endloop
  endfacet
  facet normal 0.970012 0.243055 0
    outer loop
      vertex 1.61153 2.08295 2.85
      vertex 1.62584 2.02584 34.45
      vertex 1.62584 2.02584 2.85
    endloop
  endfacet
  facet normal 0.941546 0.336885 0
    outer loop
      vertex 1.64568 1.97039 34.45
      vertex 1.62584 2.02584 2.85
      vertex 1.62584 2.02584 34.45
    endloop
  endfacet
  facet normal 0.941546 0.336885 0
    outer loop
      vertex 1.62584 2.02584 2.85
      vertex 1.64568 1.97039 34.45
      vertex 1.64568 1.97039 2.85
    endloop
  endfacet
  facet normal 0.803148 0.59578 0
    outer loop
      vertex 1.73619 1.81937 34.45
      vertex 1.70111 1.86666 2.85
      vertex 1.70111 1.86666 34.45
    endloop
  endfacet
  facet normal 0.803148 0.59578 0
    outer loop
      vertex 1.70111 1.86666 2.85
      vertex 1.73619 1.81937 34.45
      vertex 1.73619 1.81937 2.85
    endloop
  endfacet
  facet normal 0.857718 0.514121 0
    outer loop
      vertex 1.70111 1.86666 34.45
      vertex 1.67084 1.91716 2.85
      vertex 1.67084 1.91716 34.45
    endloop
  endfacet
  facet normal 0.857718 0.514121 0
    outer loop
      vertex 1.67084 1.91716 2.85
      vertex 1.70111 1.86666 34.45
      vertex 1.70111 1.86666 2.85
    endloop
  endfacet
  facet normal 0.59578 0.803148 -0
    outer loop
      vertex 1.86666 1.70111 2.85
      vertex 1.81937 1.73619 34.45
      vertex 1.86666 1.70111 34.45
    endloop
  endfacet
  facet normal 0.59578 0.803148 0
    outer loop
      vertex 1.81937 1.73619 34.45
      vertex 1.86666 1.70111 2.85
      vertex 1.81937 1.73619 2.85
    endloop
  endfacet
  facet normal 0.336885 0.941546 -0
    outer loop
      vertex 2.02584 1.62584 2.85
      vertex 1.97039 1.64568 34.45
      vertex 2.02584 1.62584 34.45
    endloop
  endfacet
  facet normal 0.336885 0.941546 0
    outer loop
      vertex 1.97039 1.64568 34.45
      vertex 2.02584 1.62584 2.85
      vertex 1.97039 1.64568 2.85
    endloop
  endfacet
  facet normal 0.671065 -0.741399 0
    outer loop
      vertex 1.77573 23.1243 2.85
      vertex 1.81937 23.1638 34.45
      vertex 1.77573 23.1243 34.45
    endloop
  endfacet
  facet normal 0.671065 -0.741399 0
    outer loop
      vertex 1.81937 23.1638 34.45
      vertex 1.77573 23.1243 2.85
      vertex 1.81937 23.1638 2.85
    endloop
  endfacet
  facet normal 0.904001 -0.427531 0
    outer loop
      vertex 1.64568 22.9296 34.45
      vertex 1.67084 22.9828 2.85
      vertex 1.67084 22.9828 34.45
    endloop
  endfacet
  facet normal 0.904001 -0.427531 0
    outer loop
      vertex 1.67084 22.9828 2.85
      vertex 1.64568 22.9296 34.45
      vertex 1.64568 22.9296 2.85
    endloop
  endfacet
  facet normal 0.970002 -0.243095 0
    outer loop
      vertex 1.61153 22.8171 34.45
      vertex 1.62584 22.8742 2.85
      vertex 1.62584 22.8742 34.45
    endloop
  endfacet
  facet normal 0.970002 -0.243095 0
    outer loop
      vertex 1.62584 22.8742 2.85
      vertex 1.61153 22.8171 34.45
      vertex 1.61153 22.8171 2.85
    endloop
  endfacet
  facet normal 0.803208 -0.595699 0
    outer loop
      vertex 1.70111 23.0333 34.45
      vertex 1.73619 23.0806 2.85
      vertex 1.73619 23.0806 34.45
    endloop
  endfacet
  facet normal 0.803208 -0.595699 0
    outer loop
      vertex 1.73619 23.0806 2.85
      vertex 1.70111 23.0333 34.45
      vertex 1.70111 23.0333 2.85
    endloop
  endfacet
  facet normal -0.670558 -0.741857 0
    outer loop
      vertex 40.4806 23.1638 2.85
      vertex 40.5243 23.1243 34.45
      vertex 40.4806 23.1638 34.45
    endloop
  endfacet
  facet normal -0.670558 -0.741857 -0
    outer loop
      vertex 40.5243 23.1243 34.45
      vertex 40.4806 23.1638 2.85
      vertex 40.5243 23.1243 2.85
    endloop
  endfacet
  facet normal -0.941222 0.337788 0
    outer loop
      vertex 40.6543 1.97039 2.85
      vertex 40.6742 2.02584 34.45
      vertex 40.6742 2.02584 2.85
    endloop
  endfacet
  facet normal -0.941222 0.337788 0
    outer loop
      vertex 40.6742 2.02584 34.45
      vertex 40.6543 1.97039 2.85
      vertex 40.6543 1.97039 34.45
    endloop
  endfacet
  facet normal -0.970053 0.242895 0
    outer loop
      vertex 40.6742 2.02584 2.85
      vertex 40.6885 2.08295 34.45
      vertex 40.6885 2.08295 2.85
    endloop
  endfacet
  facet normal -0.970053 0.242895 0
    outer loop
      vertex 40.6885 2.08295 34.45
      vertex 40.6742 2.02584 2.85
      vertex 40.6742 2.02584 34.45
    endloop
  endfacet
  facet normal -0.670931 0.74152 0
    outer loop
      vertex 40.5243 1.77573 2.85
      vertex 40.4806 1.73619 34.45
      vertex 40.5243 1.77573 34.45
    endloop
  endfacet
  facet normal -0.670931 0.74152 0
    outer loop
      vertex 40.4806 1.73619 34.45
      vertex 40.5243 1.77573 2.85
      vertex 40.4806 1.73619 2.85
    endloop
  endfacet
  facet normal -0.595699 0.803208 0
    outer loop
      vertex 40.4806 1.73619 2.85
      vertex 40.4333 1.70111 34.45
      vertex 40.4806 1.73619 34.45
    endloop
  endfacet
  facet normal -0.595699 0.803208 0
    outer loop
      vertex 40.4333 1.70111 34.45
      vertex 40.4806 1.73619 2.85
      vertex 40.4333 1.70111 2.85
    endloop
  endfacet
  facet normal -0.802985 0.595999 0
    outer loop
      vertex 40.5638 1.81937 2.85
      vertex 40.5989 1.86666 34.45
      vertex 40.5989 1.86666 2.85
    endloop
  endfacet
  facet normal -0.802985 0.595999 0
    outer loop
      vertex 40.5989 1.86666 34.45
      vertex 40.5638 1.81937 2.85
      vertex 40.5638 1.81937 34.45
    endloop
  endfacet
  facet normal 0.741061 0.671438 0
    outer loop
      vertex 1.77573 1.77573 34.45
      vertex 1.73619 1.81937 2.85
      vertex 1.73619 1.81937 34.45
    endloop
  endfacet
  facet normal 0.741061 0.671438 0
    outer loop
      vertex 1.73619 1.81937 2.85
      vertex 1.77573 1.77573 34.45
      vertex 1.77573 1.77573 2.85
    endloop
  endfacet
  facet normal 0.671438 0.741061 -0
    outer loop
      vertex 1.81937 1.73619 2.85
      vertex 1.77573 1.77573 34.45
      vertex 1.81937 1.73619 34.45
    endloop
  endfacet
  facet normal 0.671438 0.741061 0
    outer loop
      vertex 1.77573 1.77573 34.45
      vertex 1.81937 1.73619 2.85
      vertex 1.77573 1.77573 2.85
    endloop
  endfacet
  facet normal 0.514121 0.857718 -0
    outer loop
      vertex 1.91716 1.67084 2.85
      vertex 1.86666 1.70111 34.45
      vertex 1.91716 1.67084 34.45
    endloop
  endfacet
  facet normal 0.514121 0.857718 0
    outer loop
      vertex 1.86666 1.70111 34.45
      vertex 1.91716 1.67084 2.85
      vertex 1.86666 1.70111 2.85
    endloop
  endfacet
  facet normal 0.243055 0.970012 -0
    outer loop
      vertex 2.08295 1.61153 2.85
      vertex 2.02584 1.62584 34.45
      vertex 2.08295 1.61153 34.45
    endloop
  endfacet
  facet normal 0.243055 0.970012 0
    outer loop
      vertex 2.02584 1.62584 34.45
      vertex 2.08295 1.61153 2.85
      vertex 2.02584 1.62584 2.85
    endloop
  endfacet
  facet normal 0.595999 -0.802985 0
    outer loop
      vertex 1.81937 23.1638 2.85
      vertex 1.86666 23.1989 34.45
      vertex 1.81937 23.1638 34.45
    endloop
  endfacet
  facet normal 0.595999 -0.802985 0
    outer loop
      vertex 1.86666 23.1989 34.45
      vertex 1.81937 23.1638 2.85
      vertex 1.86666 23.1989 2.85
    endloop
  endfacet
  facet normal 0.941449 -0.337154 0
    outer loop
      vertex 1.62584 22.8742 34.45
      vertex 1.64568 22.9296 2.85
      vertex 1.64568 22.9296 34.45
    endloop
  endfacet
  facet normal 0.941449 -0.337154 0
    outer loop
      vertex 1.64568 22.9296 2.85
      vertex 1.62584 22.8742 34.45
      vertex 1.62584 22.8742 2.85
    endloop
  endfacet
  facet normal 1 -0 0
    outer loop
      vertex 14.3 6.10352e-06 33.3
      vertex 14.3 1.59999 29.1
      vertex 14.3 1.59999 33.3
    endloop
  endfacet
  facet normal 1 0 0
    outer loop
      vertex 14.3 1.59999 29.1
      vertex 14.3 6.10352e-06 33.3
      vertex 14.3 6.10352e-06 29.1
    endloop
  endfacet
  facet normal -0 0 1
    outer loop
      vertex 14.3 1.59999 29.1
      vertex 28 6.10352e-06 29.1
      vertex 28 1.59999 29.1
    endloop
  endfacet
  facet normal 0 0 1
    outer loop
      vertex 28 6.10352e-06 29.1
      vertex 14.3 1.59999 29.1
      vertex 14.3 6.10352e-06 29.1
    endloop
  endfacet
  facet normal -1 0 0
    outer loop
      vertex 28 6.10352e-06 29.1
      vertex 28 1.59999 33.3
      vertex 28 1.59999 29.1
    endloop
  endfacet
  facet normal -1 -0 0
    outer loop
      vertex 28 1.59999 33.3
      vertex 28 6.10352e-06 29.1
      vertex 28 6.10352e-06 33.3
    endloop
  endfacet
  facet normal 0 0 -1
    outer loop
      vertex 14.3 6.10352e-06 33.3
      vertex 28 1.59999 33.3
      vertex 28 6.10352e-06 33.3
    endloop
  endfacet
  facet normal -0 0 -1
    outer loop
      vertex 28 1.59999 33.3
      vertex 14.3 6.10352e-06 33.3
      vertex 14.3 1.59999 33.3
    endloop
  endfacet
  facet normal 1 -0 0
    outer loop
      vertex 40.65 22.9387 8.05
      vertex 40.65 23.1 4.45
      vertex 40.65 23.1 8.05
    endloop
  endfacet
  facet normal 1 0 0
    outer loop
      vertex 40.65 23.1 4.45
      vertex 40.65 22.9387 8.05
      vertex 40.65 22.9387 4.45
    endloop
  endfacet
  facet normal 0 0 1
    outer loop
      vertex 42.3 22.9 4.45
      vertex 40.6971 22.7588 4.45
      vertex 40.7 22.7 4.45
    endloop
  endfacet
  facet normal 0 0 1
    outer loop
      vertex 42.2904 23.096 4.45
      vertex 40.6885 22.8171 4.45
      vertex 40.6971 22.7588 4.45
    endloop
  endfacet
  facet normal 0 0 1
    outer loop
      vertex 42.2898 23.1 4.45
      vertex 40.6742 22.8742 4.45
      vertex 40.6885 22.8171 4.45
    endloop
  endfacet
  facet normal -0 0 1
    outer loop
      vertex 40.65 23.1 4.45
      vertex 40.6742 22.8742 4.45
      vertex 42.2898 23.1 4.45
    endloop
  endfacet
  facet normal 0 0 1
    outer loop
      vertex 40.6742 22.8742 4.45
      vertex 40.65 23.1 4.45
      vertex 40.6543 22.9296 4.45
    endloop
  endfacet
  facet normal 0 0 1
    outer loop
      vertex 40.6543 22.9296 4.45
      vertex 40.65 23.1 4.45
      vertex 40.65 22.9387 4.45
    endloop
  endfacet
  facet normal 0 0 1
    outer loop
      vertex 40.6971 22.7588 4.45
      vertex 42.3 22.9 4.45
      vertex 42.2904 23.096 4.45
    endloop
  endfacet
  facet normal 0 0 1
    outer loop
      vertex 40.6885 22.8171 4.45
      vertex 42.2904 23.096 4.45
      vertex 42.2898 23.1 4.45
    endloop
  endfacet
  facet normal 0 0 1
    outer loop
      vertex 42.3 22.9 4.45
      vertex 40.7 22.7 4.45
      vertex 42.3 13.6 4.45
    endloop
  endfacet
  facet normal 0 0 1
    outer loop
      vertex 42.3 13.6 4.45
      vertex 40.7 22.7 4.45
      vertex 40.7 13.6 4.45
    endloop
  endfacet
  facet normal 0 1 -0
    outer loop
      vertex 42.3 13.6 4.45
      vertex 40.7 13.6 8.05
      vertex 42.3 13.6 8.05
    endloop
  endfacet
  facet normal 0 1 0
    outer loop
      vertex 40.7 13.6 8.05
      vertex 42.3 13.6 4.45
      vertex 40.7 13.6 4.45
    endloop
  endfacet
  facet normal 0 0 -1
    outer loop
      vertex 40.7 22.7 8.05
      vertex 42.3 22.9 8.05
      vertex 42.3 13.6 8.05
    endloop
  endfacet
  facet normal 0 0 -1
    outer loop
      vertex 40.6971 22.7588 8.05
      vertex 42.3 22.9 8.05
      vertex 40.7 22.7 8.05
    endloop
  endfacet
  facet normal 0 0 -1
    outer loop
      vertex 40.7 22.7 8.05
      vertex 42.3 13.6 8.05
      vertex 40.7 13.6 8.05
    endloop
  endfacet
  facet normal 0 0 -1
    outer loop
      vertex 40.6885 22.8171 8.05
      vertex 42.3 22.9 8.05
      vertex 40.6971 22.7588 8.05
    endloop
  endfacet
  facet normal -0 0 -1
    outer loop
      vertex 42.3 22.9 8.05
      vertex 40.6885 22.8171 8.05
      vertex 42.2904 23.096 8.05
    endloop
  endfacet
  facet normal -0 0 -1
    outer loop
      vertex 42.2904 23.096 8.05
      vertex 40.6885 22.8171 8.05
      vertex 42.2898 23.1 8.05
    endloop
  endfacet
  facet normal 0 0 -1
    outer loop
      vertex 40.6742 22.8742 8.05
      vertex 42.2898 23.1 8.05
      vertex 40.6885 22.8171 8.05
    endloop
  endfacet
  facet normal 0 0 -1
    outer loop
      vertex 40.65 23.1 8.05
      vertex 40.6742 22.8742 8.05
      vertex 40.6543 22.9296 8.05
    endloop
  endfacet
  facet normal 0 0 -1
    outer loop
      vertex 40.65 23.1 8.05
      vertex 40.6543 22.9296 8.05
      vertex 40.65 22.9387 8.05
    endloop
  endfacet
  facet normal 0 0 -1
    outer loop
      vertex 40.6742 22.8742 8.05
      vertex 40.65 23.1 8.05
      vertex 42.2898 23.1 8.05
    endloop
  endfacet
  facet normal 0 -1 0
    outer loop
      vertex 40.65 23.1 4.45
      vertex 42.2898 23.1 8.05
      vertex 40.65 23.1 8.05
    endloop
  endfacet
  facet normal 0 -1 -0
    outer loop
      vertex 42.2898 23.1 8.05
      vertex 40.65 23.1 4.45
      vertex 42.2898 23.1 4.45
    endloop
  endfacet
  facet normal 0 0 1
    outer loop
      vertex 2.2 23.3 2.85
      vertex 6.89999 21.25 2.85
      vertex 6.88434 21.5686 2.85
    endloop
  endfacet
  facet normal 0 0 1
    outer loop
      vertex 2.2 23.3 2.85
      vertex 6.88434 21.5686 2.85
      vertex 6.83754 21.8841 2.85
    endloop
  endfacet
  facet normal 0 0 1
    outer loop
      vertex 6.89999 21.25 2.85
      vertex 2.2 23.3 2.85
      vertex 6.88434 20.9314 2.85
    endloop
  endfacet
  facet normal 0 0 1
    outer loop
      vertex 2.2 23.3 2.85
      vertex 6.83754 21.8841 2.85
      vertex 6.76006 22.1934 2.85
    endloop
  endfacet
  facet normal 0 0 1
    outer loop
      vertex 6.88434 20.9314 2.85
      vertex 2.2 23.3 2.85
      vertex 6.83754 20.616 2.85
    endloop
  endfacet
  facet normal 0 0 1
    outer loop
      vertex 2.2 23.3 2.85
      vertex 6.76006 22.1934 2.85
      vertex 6.6526 22.4937 2.85
    endloop
  endfacet
  facet normal 0 0 1
    outer loop
      vertex 6.83754 20.616 2.85
      vertex 2.2 23.3 2.85
      vertex 6.76006 20.3066 2.85
    endloop
  endfacet
  facet normal 0 0 1
    outer loop
      vertex 2.2 23.3 2.85
      vertex 6.6526 22.4937 2.85
      vertex 6.51624 22.782 2.85
    endloop
  endfacet
  facet normal 0 0 1
    outer loop
      vertex 6.76006 20.3066 2.85
      vertex 2.2 23.3 2.85
      vertex 6.6526 20.0063 2.85
    endloop
  endfacet
  facet normal 0 0 1
    outer loop
      vertex 2.2 23.3 2.85
      vertex 6.51624 22.782 2.85
      vertex 6.35226 23.0556 2.85
    endloop
  endfacet
  facet normal 0 0 1
    outer loop
      vertex 6.6526 20.0063 2.85
      vertex 2.2 23.3 2.85
      vertex 6.51624 19.718 2.85
    endloop
  endfacet
  facet normal -0 0 1
    outer loop
      vertex 2.2 23.3 2.85
      vertex 6.35226 23.0556 2.85
      vertex 6.17102 23.3 2.85
    endloop
  endfacet
  facet normal 0 0 1
    outer loop
      vertex 6.51624 19.718 2.85
      vertex 2.2 23.3 2.85
      vertex 6.35226 19.4444 2.85
    endloop
  endfacet
  facet normal 0 0 1
    outer loop
      vertex 6.35226 19.4444 2.85
      vertex 2.2 23.3 2.85
      vertex 6.16228 19.1882 2.85
    endloop
  endfacet
  facet normal 0 0 1
    outer loop
      vertex 6.16228 19.1882 2.85
      vertex 2.2 23.3 2.85
      vertex 5.94809 18.9519 2.85
    endloop
  endfacet
  facet normal 0 0 1
    outer loop
      vertex 5.94809 18.9519 2.85
      vertex 2.2 23.3 2.85
      vertex 5.71178 18.7377 2.85
    endloop
  endfacet
  facet normal -0 0 1
    outer loop
      vertex 1.59999 22.7 2.85
      vertex 5.71178 18.7377 2.85
      vertex 2.2 23.3 2.85
    endloop
  endfacet
  facet normal 0 0 1
    outer loop
      vertex 5.71178 18.7377 2.85
      vertex 1.59999 22.7 2.85
      vertex 5.4556 18.5477 2.85
    endloop
  endfacet
  facet normal 0 0 1
    outer loop
      vertex 5.4556 18.5477 2.85
      vertex 1.59999 22.7 2.85
      vertex 5.18204 18.3838 2.85
    endloop
  endfacet
  facet normal 0 0 1
    outer loop
      vertex 5.18204 18.3838 2.85
      vertex 1.59999 22.7 2.85
      vertex 4.89371 18.2474 2.85
    endloop
  endfacet
  facet normal 0 0 1
    outer loop
      vertex 4.89371 18.2474 2.85
      vertex 1.59999 22.7 2.85
      vertex 4.59341 18.1399 2.85
    endloop
  endfacet
  facet normal 0 0 1
    outer loop
      vertex 4.59341 18.1399 2.85
      vertex 1.59999 22.7 2.85
      vertex 4.28404 18.0625 2.85
    endloop
  endfacet
  facet normal 0 0 1
    outer loop
      vertex 4.28404 18.0625 2.85
      vertex 1.59999 22.7 2.85
      vertex 3.96855 18.0157 2.85
    endloop
  endfacet
  facet normal 0 0 1
    outer loop
      vertex 3.96855 18.0157 2.85
      vertex 1.59999 22.7 2.85
      vertex 3.64999 18 2.85
    endloop
  endfacet
  facet normal 0 0 1
    outer loop
      vertex 3.64999 18 2.85
      vertex 1.59999 22.7 2.85
      vertex 3.33144 18.0157 2.85
    endloop
  endfacet
  facet normal 0 0 1
    outer loop
      vertex 3.33144 18.0157 2.85
      vertex 1.59999 22.7 2.85
      vertex 3.01595 18.0625 2.85
    endloop
  endfacet
  facet normal 0 0 1
    outer loop
      vertex 3.01595 18.0625 2.85
      vertex 1.59999 22.7 2.85
      vertex 2.70657 18.1399 2.85
    endloop
  endfacet
  facet normal 0 0 1
    outer loop
      vertex 1.59999 22.7 2.85
      vertex 2.2 23.3 2.85
      vertex 2.14119 23.2971 2.85
    endloop
  endfacet
  facet normal 0 0 1
    outer loop
      vertex 2.70657 18.1399 2.85
      vertex 1.59999 22.7 2.85
      vertex 2.40627 18.2474 2.85
    endloop
  endfacet
  facet normal 0 0 1
    outer loop
      vertex 1.59999 22.7 2.85
      vertex 2.14119 23.2971 2.85
      vertex 2.08295 23.2885 2.85
    endloop
  endfacet
  facet normal 0 0 1
    outer loop
      vertex 1.59999 22.7 2.85
      vertex 2.08295 23.2885 2.85
      vertex 2.02584 23.2742 2.85
    endloop
  endfacet
  facet normal 0 0 1
    outer loop
      vertex 1.59999 22.7 2.85
      vertex 2.02584 23.2742 2.85
      vertex 1.97039 23.2543 2.85
    endloop
  endfacet
  facet normal 0 0 1
    outer loop
      vertex 1.59999 22.7 2.85
      vertex 1.97039 23.2543 2.85
      vertex 1.91716 23.2292 2.85
    endloop
  endfacet
  facet normal 0 0 1
    outer loop
      vertex 1.59999 22.7 2.85
      vertex 1.91716 23.2292 2.85
      vertex 1.86666 23.1989 2.85
    endloop
  endfacet
  facet normal 0 0 1
    outer loop
      vertex 2.40627 18.2474 2.85
      vertex 1.59999 22.7 2.85
      vertex 2.11795 18.3838 2.85
    endloop
  endfacet
  facet normal 0 0 1
    outer loop
      vertex 1.59999 22.7 2.85
      vertex 1.86666 23.1989 2.85
      vertex 1.81937 23.1638 2.85
    endloop
  endfacet
  facet normal 0 0 1
    outer loop
      vertex 1.59999 22.7 2.85
      vertex 1.81937 23.1638 2.85
      vertex 1.77573 23.1243 2.85
    endloop
  endfacet
  facet normal 0 0 1
    outer loop
      vertex 1.59999 22.7 2.85
      vertex 1.77573 23.1243 2.85
      vertex 1.73619 23.0806 2.85
    endloop
  endfacet
  facet normal 0 0 1
    outer loop
      vertex 1.59999 22.7 2.85
      vertex 1.73619 23.0806 2.85
      vertex 1.70111 23.0333 2.85
    endloop
  endfacet
  facet normal 0 0 1
    outer loop
      vertex 1.59999 22.7 2.85
      vertex 1.70111 23.0333 2.85
      vertex 1.67084 22.9828 2.85
    endloop
  endfacet
  facet normal 0 0 1
    outer loop
      vertex 1.59999 22.7 2.85
      vertex 1.67084 22.9828 2.85
      vertex 1.64568 22.9296 2.85
    endloop
  endfacet
  facet normal 0 0 1
    outer loop
      vertex 1.59999 22.7 2.85
      vertex 1.64568 22.9296 2.85
      vertex 1.62584 22.8742 2.85
    endloop
  endfacet
  facet normal 0 0 1
    outer loop
      vertex 1.59999 22.7 2.85
      vertex 1.62584 22.8742 2.85
      vertex 1.61153 22.8171 2.85
    endloop
  endfacet
  facet normal 0 0 1
    outer loop
      vertex 1.59999 22.7 2.85
      vertex 1.61153 22.8171 2.85
      vertex 1.60289 22.7588 2.85
    endloop
  endfacet
  facet normal 0 0 1
    outer loop
      vertex 2.11795 18.3838 2.85
      vertex 1.59999 22.7 2.85
      vertex 1.84439 18.5477 2.85
    endloop
  endfacet
  facet normal 0 0 1
    outer loop
      vertex 1.84439 18.5477 2.85
      vertex 1.59999 22.7 2.85
      vertex 1.59999 18.729 2.85
    endloop
  endfacet
  facet normal 0 0 1
    outer loop
      vertex 2.2 1.59999 2.85
      vertex 6.89999 3.65 2.85
      vertex 6.88434 3.96856 2.85
    endloop
  endfacet
  facet normal 0 0 1
    outer loop
      vertex 2.2 1.59999 2.85
      vertex 6.88434 3.96856 2.85
      vertex 6.83754 4.28405 2.85
    endloop
  endfacet
  facet normal 0 0 1
    outer loop
      vertex 6.89999 3.65 2.85
      vertex 2.2 1.59999 2.85
      vertex 6.88434 3.33146 2.85
    endloop
  endfacet
  facet normal 0 0 1
    outer loop
      vertex 2.2 1.59999 2.85
      vertex 6.83754 4.28405 2.85
      vertex 6.76006 4.59344 2.85
    endloop
  endfacet
  facet normal 0 0 1
    outer loop
      vertex 6.88434 3.33146 2.85
      vertex 2.2 1.59999 2.85
      vertex 6.83754 3.01597 2.85
    endloop
  endfacet
  facet normal 0 0 1
    outer loop
      vertex 2.2 1.59999 2.85
      vertex 6.76006 4.59344 2.85
      vertex 6.6526 4.89373 2.85
    endloop
  endfacet
  facet normal 0 0 1
    outer loop
      vertex 6.83754 3.01597 2.85
      vertex 2.2 1.59999 2.85
      vertex 6.76006 2.70658 2.85
    endloop
  endfacet
  facet normal 0 0 1
    outer loop
      vertex 2.2 1.59999 2.85
      vertex 6.6526 4.89373 2.85
      vertex 6.51624 5.18204 2.85
    endloop
  endfacet
  facet normal 0 0 1
    outer loop
      vertex 6.76006 2.70658 2.85
      vertex 2.2 1.59999 2.85
      vertex 6.6526 2.40629 2.85
    endloop
  endfacet
  facet normal 0 0 1
    outer loop
      vertex 2.2 1.59999 2.85
      vertex 6.51624 5.18204 2.85
      vertex 6.35226 5.45562 2.85
    endloop
  endfacet
  facet normal 0 0 1
    outer loop
      vertex 6.6526 2.40629 2.85
      vertex 2.2 1.59999 2.85
      vertex 6.51624 2.11797 2.85
    endloop
  endfacet
  facet normal 0 0 1
    outer loop
      vertex 6.51624 2.11797 2.85
      vertex 2.2 1.59999 2.85
      vertex 6.35226 1.8444 2.85
    endloop
  endfacet
  facet normal 0 0 1
    outer loop
      vertex 2.2 1.59999 2.85
      vertex 6.35226 5.45562 2.85
      vertex 6.16228 5.71178 2.85
    endloop
  endfacet
  facet normal 0 0 1
    outer loop
      vertex 2.2 1.59999 2.85
      vertex 6.16228 5.71178 2.85
      vertex 5.94809 5.94811 2.85
    endloop
  endfacet
  facet normal 0 0 1
    outer loop
      vertex 2.2 1.59999 2.85
      vertex 5.94809 5.94811 2.85
      vertex 5.71178 6.1623 2.85
    endloop
  endfacet
  facet normal 0 0 1
    outer loop
      vertex 1.59999 2.2 2.85
      vertex 5.71178 6.1623 2.85
      vertex 5.4556 6.35229 2.85
    endloop
  endfacet
  facet normal 0 0 1
    outer loop
      vertex 1.59999 2.2 2.85
      vertex 5.4556 6.35229 2.85
      vertex 5.18204 6.51626 2.85
    endloop
  endfacet
  facet normal 0 0 1
    outer loop
      vertex 1.59999 2.2 2.85
      vertex 5.18204 6.51626 2.85
      vertex 4.89371 6.65261 2.85
    endloop
  endfacet
  facet normal 0 0 1
    outer loop
      vertex 1.59999 2.2 2.85
      vertex 4.89371 6.65261 2.85
      vertex 4.59341 6.76006 2.85
    endloop
  endfacet
  facet normal 0 0 1
    outer loop
      vertex 1.59999 2.2 2.85
      vertex 4.59341 6.76006 2.85
      vertex 4.28404 6.83756 2.85
    endloop
  endfacet
  facet normal 0 0 1
    outer loop
      vertex 1.59999 2.2 2.85
      vertex 4.28404 6.83756 2.85
      vertex 3.96855 6.88436 2.85
    endloop
  endfacet
  facet normal 0 0 1
    outer loop
      vertex 1.59999 2.2 2.85
      vertex 3.96855 6.88436 2.85
      vertex 3.64999 6.9 2.85
    endloop
  endfacet
  facet normal 0 0 1
    outer loop
      vertex 1.59999 2.2 2.85
      vertex 3.64999 6.9 2.85
      vertex 3.33144 6.88436 2.85
    endloop
  endfacet
  facet normal 0 0 1
    outer loop
      vertex 1.59999 2.2 2.85
      vertex 3.33144 6.88436 2.85
      vertex 3.01595 6.83756 2.85
    endloop
  endfacet
  facet normal 0 0 1
    outer loop
      vertex 1.59999 2.2 2.85
      vertex 3.01595 6.83756 2.85
      vertex 2.70657 6.76006 2.85
    endloop
  endfacet
  facet normal 0 0 1
    outer loop
      vertex 1.59999 2.2 2.85
      vertex 2.70657 6.76006 2.85
      vertex 2.40627 6.65261 2.85
    endloop
  endfacet
  facet normal 0 0 1
    outer loop
      vertex 6.35226 1.8444 2.85
      vertex 2.2 1.59999 2.85
      vertex 6.171 1.59999 2.85
    endloop
  endfacet
  facet normal 0 0 1
    outer loop
      vertex 5.71178 6.1623 2.85
      vertex 1.59999 2.2 2.85
      vertex 2.2 1.59999 2.85
    endloop
  endfacet
  facet normal 0 0 1
    outer loop
      vertex 1.59999 2.2 2.85
      vertex 2.40627 6.65261 2.85
      vertex 2.11795 6.51626 2.85
    endloop
  endfacet
  facet normal 0 0 1
    outer loop
      vertex 2.2 1.59999 2.85
      vertex 1.59999 2.2 2.85
      vertex 2.14119 1.60289 2.85
    endloop
  endfacet
  facet normal 0 0 1
    outer loop
      vertex 2.14119 1.60289 2.85
      vertex 1.59999 2.2 2.85
      vertex 2.08295 1.61153 2.85
    endloop
  endfacet
  facet normal 0 0 1
    outer loop
      vertex 2.08295 1.61153 2.85
      vertex 1.59999 2.2 2.85
      vertex 2.02584 1.62584 2.85
    endloop
  endfacet
  facet normal 0 0 1
    outer loop
      vertex 2.02584 1.62584 2.85
      vertex 1.59999 2.2 2.85
      vertex 1.97039 1.64568 2.85
    endloop
  endfacet
  facet normal 0 0 1
    outer loop
      vertex 1.97039 1.64568 2.85
      vertex 1.59999 2.2 2.85
      vertex 1.91716 1.67084 2.85
    endloop
  endfacet
  facet normal 0 0 1
    outer loop
      vertex 1.59999 2.2 2.85
      vertex 2.11795 6.51626 2.85
      vertex 1.84439 6.35229 2.85
    endloop
  endfacet
  facet normal 0 0 1
    outer loop
      vertex 1.91716 1.67084 2.85
      vertex 1.59999 2.2 2.85
      vertex 1.86666 1.70111 2.85
    endloop
  endfacet
  facet normal 0 0 1
    outer loop
      vertex 1.86666 1.70111 2.85
      vertex 1.59999 2.2 2.85
      vertex 1.81937 1.73619 2.85
    endloop
  endfacet
  facet normal 0 0 1
    outer loop
      vertex 1.81937 1.73619 2.85
      vertex 1.59999 2.2 2.85
      vertex 1.77573 1.77573 2.85
    endloop
  endfacet
  facet normal 0 0 1
    outer loop
      vertex 1.77573 1.77573 2.85
      vertex 1.59999 2.2 2.85
      vertex 1.73619 1.81937 2.85
    endloop
  endfacet
  facet normal 0 0 1
    outer loop
      vertex 1.73619 1.81937 2.85
      vertex 1.59999 2.2 2.85
      vertex 1.70111 1.86666 2.85
    endloop
  endfacet
  facet normal 0 0 1
    outer loop
      vertex 1.70111 1.86666 2.85
      vertex 1.59999 2.2 2.85
      vertex 1.67084 1.91716 2.85
    endloop
  endfacet
  facet normal 0 0 1
    outer loop
      vertex 1.67084 1.91716 2.85
      vertex 1.59999 2.2 2.85
      vertex 1.64568 1.97039 2.85
    endloop
  endfacet
  facet normal 0 0 1
    outer loop
      vertex 1.64568 1.97039 2.85
      vertex 1.59999 2.2 2.85
      vertex 1.62584 2.02584 2.85
    endloop
  endfacet
  facet normal 0 0 1
    outer loop
      vertex 1.62584 2.02584 2.85
      vertex 1.59999 2.2 2.85
      vertex 1.61153 2.08295 2.85
    endloop
  endfacet
  facet normal 0 0 1
    outer loop
      vertex 1.59999 2.2 2.85
      vertex 1.84439 6.35229 2.85
      vertex 1.59999 6.17104 2.85
    endloop
  endfacet
  facet normal 0 0 1
    outer loop
      vertex 1.61153 2.08295 2.85
      vertex 1.59999 2.2 2.85
      vertex 1.60289 2.14119 2.85
    endloop
  endfacet
  facet normal 0 0 1
    outer loop
      vertex 40.4556 6.35229 2.85
      vertex 40.7 2.2 2.85
      vertex 40.7 6.17103 2.85
    endloop
  endfacet
  facet normal 0 0 1
    outer loop
      vertex 40.182 6.51626 2.85
      vertex 40.7 2.2 2.85
      vertex 40.4556 6.35229 2.85
    endloop
  endfacet
  facet normal 0 0 1
    outer loop
      vertex 39.8937 6.65261 2.85
      vertex 40.7 2.2 2.85
      vertex 40.182 6.51626 2.85
    endloop
  endfacet
  facet normal 0 0 1
    outer loop
      vertex 39.5934 6.76006 2.85
      vertex 40.7 2.2 2.85
      vertex 39.8937 6.65261 2.85
    endloop
  endfacet
  facet normal 0 0 1
    outer loop
      vertex 39.284 6.83756 2.85
      vertex 40.7 2.2 2.85
      vertex 39.5934 6.76006 2.85
    endloop
  endfacet
  facet normal 0 0 1
    outer loop
      vertex 40.6543 1.97039 2.85
      vertex 40.1 1.59999 2.85
      vertex 40.6292 1.91716 2.85
    endloop
  endfacet
  facet normal 0 0 1
    outer loop
      vertex 40.6292 1.91716 2.85
      vertex 40.1 1.59999 2.85
      vertex 40.5989 1.86666 2.85
    endloop
  endfacet
  facet normal 0 0 1
    outer loop
      vertex 40.5989 1.86666 2.85
      vertex 40.1 1.59999 2.85
      vertex 40.5638 1.81937 2.85
    endloop
  endfacet
  facet normal 0 0 1
    outer loop
      vertex 40.5638 1.81937 2.85
      vertex 40.1 1.59999 2.85
      vertex 40.5243 1.77573 2.85
    endloop
  endfacet
  facet normal 0 0 1
    outer loop
      vertex 38.9686 6.88436 2.85
      vertex 40.7 2.2 2.85
      vertex 39.284 6.83756 2.85
    endloop
  endfacet
  facet normal 0 0 1
    outer loop
      vertex 40.5243 1.77573 2.85
      vertex 40.1 1.59999 2.85
      vertex 40.4806 1.73619 2.85
    endloop
  endfacet
  facet normal 0 0 1
    outer loop
      vertex 40.4806 1.73619 2.85
      vertex 40.1 1.59999 2.85
      vertex 40.4333 1.70111 2.85
    endloop
  endfacet
  facet normal 0 0 1
    outer loop
      vertex 40.4333 1.70111 2.85
      vertex 40.1 1.59999 2.85
      vertex 40.3828 1.67084 2.85
    endloop
  endfacet
  facet normal 0 0 1
    outer loop
      vertex 40.3828 1.67084 2.85
      vertex 40.1 1.59999 2.85
      vertex 40.3296 1.64568 2.85
    endloop
  endfacet
  facet normal 0 0 1
    outer loop
      vertex 40.3296 1.64568 2.85
      vertex 40.1 1.59999 2.85
      vertex 40.2742 1.62584 2.85
    endloop
  endfacet
  facet normal 0 0 1
    outer loop
      vertex 40.6742 2.02584 2.85
      vertex 40.1 1.59999 2.85
      vertex 40.6543 1.97039 2.85
    endloop
  endfacet
  facet normal 0 0 1
    outer loop
      vertex 40.2742 1.62584 2.85
      vertex 40.1 1.59999 2.85
      vertex 40.217 1.61153 2.85
    endloop
  endfacet
  facet normal 0 0 1
    outer loop
      vertex 40.217 1.61153 2.85
      vertex 40.1 1.59999 2.85
      vertex 40.1588 1.60289 2.85
    endloop
  endfacet
  facet normal 0 0 1
    outer loop
      vertex 38.65 6.9 2.85
      vertex 40.7 2.2 2.85
      vertex 38.9686 6.88436 2.85
    endloop
  endfacet
  facet normal -0 0 1
    outer loop
      vertex 38.3314 6.88436 2.85
      vertex 40.7 2.2 2.85
      vertex 38.65 6.9 2.85
    endloop
  endfacet
  facet normal 0 0 1
    outer loop
      vertex 40.6885 2.08295 2.85
      vertex 40.1 1.59999 2.85
      vertex 40.6742 2.02584 2.85
    endloop
  endfacet
  facet normal -0 0 1
    outer loop
      vertex 38.0159 6.83756 2.85
      vertex 40.7 2.2 2.85
      vertex 38.3314 6.88436 2.85
    endloop
  endfacet
  facet normal -0 0 1
    outer loop
      vertex 37.7066 6.76006 2.85
      vertex 40.7 2.2 2.85
      vertex 38.0159 6.83756 2.85
    endloop
  endfacet
  facet normal 0 0 1
    outer loop
      vertex 40.6971 2.14119 2.85
      vertex 40.1 1.59999 2.85
      vertex 40.6885 2.08295 2.85
    endloop
  endfacet
  facet normal -0 0 1
    outer loop
      vertex 37.4063 6.65261 2.85
      vertex 40.7 2.2 2.85
      vertex 37.7066 6.76006 2.85
    endloop
  endfacet
  facet normal -0 0 1
    outer loop
      vertex 37.118 6.51626 2.85
      vertex 40.7 2.2 2.85
      vertex 37.4063 6.65261 2.85
    endloop
  endfacet
  facet normal 0 0 1
    outer loop
      vertex 40.7 2.2 2.85
      vertex 40.1 1.59999 2.85
      vertex 40.6971 2.14119 2.85
    endloop
  endfacet
  facet normal -0 0 1
    outer loop
      vertex 36.8444 6.35229 2.85
      vertex 40.7 2.2 2.85
      vertex 37.118 6.51626 2.85
    endloop
  endfacet
  facet normal -0 0 1
    outer loop
      vertex 36.5882 6.1623 2.85
      vertex 40.7 2.2 2.85
      vertex 36.8444 6.35229 2.85
    endloop
  endfacet
  facet normal 0 0 1
    outer loop
      vertex 40.7 2.2 2.85
      vertex 36.5882 6.1623 2.85
      vertex 40.1 1.59999 2.85
    endloop
  endfacet
  facet normal -0 0 1
    outer loop
      vertex 36.3519 5.94811 2.85
      vertex 40.1 1.59999 2.85
      vertex 36.5882 6.1623 2.85
    endloop
  endfacet
  facet normal -0 0 1
    outer loop
      vertex 36.1377 5.71178 2.85
      vertex 40.1 1.59999 2.85
      vertex 36.3519 5.94811 2.85
    endloop
  endfacet
  facet normal -0 0 1
    outer loop
      vertex 35.9477 5.45562 2.85
      vertex 40.1 1.59999 2.85
      vertex 36.1377 5.71178 2.85
    endloop
  endfacet
  facet normal -0 0 1
    outer loop
      vertex 35.7838 5.18204 2.85
      vertex 40.1 1.59999 2.85
      vertex 35.9477 5.45562 2.85
    endloop
  endfacet
  facet normal 0 0 1
    outer loop
      vertex 40.1 1.59999 2.85
      vertex 35.9477 1.8444 2.85
      vertex 36.129 1.59999 2.85
    endloop
  endfacet
  facet normal -0 0 1
    outer loop
      vertex 35.6474 4.89373 2.85
      vertex 40.1 1.59999 2.85
      vertex 35.7838 5.18204 2.85
    endloop
  endfacet
  facet normal 0 0 1
    outer loop
      vertex 40.1 1.59999 2.85
      vertex 35.7838 2.11797 2.85
      vertex 35.9477 1.8444 2.85
    endloop
  endfacet
  facet normal -0 0 1
    outer loop
      vertex 35.5399 4.59344 2.85
      vertex 40.1 1.59999 2.85
      vertex 35.6474 4.89373 2.85
    endloop
  endfacet
  facet normal 0 0 1
    outer loop
      vertex 40.1 1.59999 2.85
      vertex 35.6474 2.40629 2.85
      vertex 35.7838 2.11797 2.85
    endloop
  endfacet
  facet normal -0 0 1
    outer loop
      vertex 35.4624 4.28405 2.85
      vertex 40.1 1.59999 2.85
      vertex 35.5399 4.59344 2.85
    endloop
  endfacet
  facet normal 0 0 1
    outer loop
      vertex 40.1 1.59999 2.85
      vertex 35.5399 2.70658 2.85
      vertex 35.6474 2.40629 2.85
    endloop
  endfacet
  facet normal -0 0 1
    outer loop
      vertex 35.4156 3.96856 2.85
      vertex 40.1 1.59999 2.85
      vertex 35.4624 4.28405 2.85
    endloop
  endfacet
  facet normal 0 0 1
    outer loop
      vertex 40.1 1.59999 2.85
      vertex 35.4624 3.01597 2.85
      vertex 35.5399 2.70658 2.85
    endloop
  endfacet
  facet normal -0 0 1
    outer loop
      vertex 35.4 3.65 2.85
      vertex 40.1 1.59999 2.85
      vertex 35.4156 3.96856 2.85
    endloop
  endfacet
  facet normal 0 0 1
    outer loop
      vertex 40.1 1.59999 2.85
      vertex 35.4156 3.33146 2.85
      vertex 35.4624 3.01597 2.85
    endloop
  endfacet
  facet normal 0 0 1
    outer loop
      vertex 40.1 1.59999 2.85
      vertex 35.4 3.65 2.85
      vertex 35.4156 3.33146 2.85
    endloop
  endfacet
  facet normal 0 0 1
    outer loop
      vertex 40.1 23.3 2.85
      vertex 40.7 22.7 2.85
      vertex 40.6971 22.7588 2.85
    endloop
  endfacet
  facet normal 0 0 1
    outer loop
      vertex 40.1 23.3 2.85
      vertex 40.6971 22.7588 2.85
      vertex 40.6885 22.8171 2.85
    endloop
  endfacet
  facet normal 0 0 1
    outer loop
      vertex 40.1 23.3 2.85
      vertex 40.6885 22.8171 2.85
      vertex 40.6742 22.8742 2.85
    endloop
  endfacet
  facet normal 0 0 1
    outer loop
      vertex 40.1 23.3 2.85
      vertex 40.6742 22.8742 2.85
      vertex 40.6543 22.9296 2.85
    endloop
  endfacet
  facet normal 0 0 1
    outer loop
      vertex 40.1 23.3 2.85
      vertex 40.6543 22.9296 2.85
      vertex 40.6292 22.9828 2.85
    endloop
  endfacet
  facet normal 0 0 1
    outer loop
      vertex 40.1 23.3 2.85
      vertex 40.6292 22.9828 2.85
      vertex 40.5989 23.0333 2.85
    endloop
  endfacet
  facet normal 0 0 1
    outer loop
      vertex 40.1 23.3 2.85
      vertex 40.5989 23.0333 2.85
      vertex 40.5638 23.0806 2.85
    endloop
  endfacet
  facet normal 0 0 1
    outer loop
      vertex 40.1 23.3 2.85
      vertex 40.5638 23.0806 2.85
      vertex 40.5243 23.1243 2.85
    endloop
  endfacet
  facet normal 0 0 1
    outer loop
      vertex 40.1 23.3 2.85
      vertex 40.5243 23.1243 2.85
      vertex 40.4806 23.1638 2.85
    endloop
  endfacet
  facet normal 0 0 1
    outer loop
      vertex 36.5882 18.7377 2.85
      vertex 40.7 22.7 2.85
      vertex 40.1 23.3 2.85
    endloop
  endfacet
  facet normal 0 0 1
    outer loop
      vertex 40.1 23.3 2.85
      vertex 40.4806 23.1638 2.85
      vertex 40.4333 23.1989 2.85
    endloop
  endfacet
  facet normal 0 0 1
    outer loop
      vertex 40.1 23.3 2.85
      vertex 40.4333 23.1989 2.85
      vertex 40.3828 23.2292 2.85
    endloop
  endfacet
  facet normal 0 0 1
    outer loop
      vertex 40.1 23.3 2.85
      vertex 40.3828 23.2292 2.85
      vertex 40.3296 23.2543 2.85
    endloop
  endfacet
  facet normal 0 0 1
    outer loop
      vertex 40.1 23.3 2.85
      vertex 40.3296 23.2543 2.85
      vertex 40.2742 23.2742 2.85
    endloop
  endfacet
  facet normal 0 0 1
    outer loop
      vertex 40.1 23.3 2.85
      vertex 40.2742 23.2742 2.85
      vertex 40.217 23.2885 2.85
    endloop
  endfacet
  facet normal 0 0 1
    outer loop
      vertex 40.7 22.7 2.85
      vertex 40.4556 18.5477 2.85
      vertex 40.7 18.729 2.85
    endloop
  endfacet
  facet normal 0 0 1
    outer loop
      vertex 40.1 23.3 2.85
      vertex 40.217 23.2885 2.85
      vertex 40.1588 23.2971 2.85
    endloop
  endfacet
  facet normal 0 0 1
    outer loop
      vertex 40.7 22.7 2.85
      vertex 40.182 18.3838 2.85
      vertex 40.4556 18.5477 2.85
    endloop
  endfacet
  facet normal 0 0 1
    outer loop
      vertex 40.7 22.7 2.85
      vertex 39.8937 18.2474 2.85
      vertex 40.182 18.3838 2.85
    endloop
  endfacet
  facet normal 0 0 1
    outer loop
      vertex 40.7 22.7 2.85
      vertex 39.5934 18.1399 2.85
      vertex 39.8937 18.2474 2.85
    endloop
  endfacet
  facet normal 0 0 1
    outer loop
      vertex 40.7 22.7 2.85
      vertex 39.284 18.0625 2.85
      vertex 39.5934 18.1399 2.85
    endloop
  endfacet
  facet normal 0 0 1
    outer loop
      vertex 40.7 22.7 2.85
      vertex 38.9686 18.0157 2.85
      vertex 39.284 18.0625 2.85
    endloop
  endfacet
  facet normal 0 0 1
    outer loop
      vertex 40.7 22.7 2.85
      vertex 38.65 18 2.85
      vertex 38.9686 18.0157 2.85
    endloop
  endfacet
  facet normal 0 0 1
    outer loop
      vertex 40.7 22.7 2.85
      vertex 38.3314 18.0157 2.85
      vertex 38.65 18 2.85
    endloop
  endfacet
  facet normal 0 0 1
    outer loop
      vertex 40.7 22.7 2.85
      vertex 38.0159 18.0625 2.85
      vertex 38.3314 18.0157 2.85
    endloop
  endfacet
  facet normal 0 0 1
    outer loop
      vertex 40.7 22.7 2.85
      vertex 37.7066 18.1399 2.85
      vertex 38.0159 18.0625 2.85
    endloop
  endfacet
  facet normal 0 0 1
    outer loop
      vertex 40.7 22.7 2.85
      vertex 37.4063 18.2474 2.85
      vertex 37.7066 18.1399 2.85
    endloop
  endfacet
  facet normal 0 0 1
    outer loop
      vertex 40.7 22.7 2.85
      vertex 37.118 18.3838 2.85
      vertex 37.4063 18.2474 2.85
    endloop
  endfacet
  facet normal 0 0 1
    outer loop
      vertex 40.7 22.7 2.85
      vertex 36.8444 18.5477 2.85
      vertex 37.118 18.3838 2.85
    endloop
  endfacet
  facet normal 0 0 1
    outer loop
      vertex 40.7 22.7 2.85
      vertex 36.5882 18.7377 2.85
      vertex 36.8444 18.5477 2.85
    endloop
  endfacet
  facet normal 0 0 1
    outer loop
      vertex 40.1 23.3 2.85
      vertex 36.3519 18.9519 2.85
      vertex 36.5882 18.7377 2.85
    endloop
  endfacet
  facet normal 0 0 1
    outer loop
      vertex 40.1 23.3 2.85
      vertex 36.1377 19.1882 2.85
      vertex 36.3519 18.9519 2.85
    endloop
  endfacet
  facet normal 0 0 1
    outer loop
      vertex 35.9477 23.0556 2.85
      vertex 40.1 23.3 2.85
      vertex 36.129 23.3 2.85
    endloop
  endfacet
  facet normal 0 0 1
    outer loop
      vertex 35.7838 22.782 2.85
      vertex 40.1 23.3 2.85
      vertex 35.9477 23.0556 2.85
    endloop
  endfacet
  facet normal 0 0 1
    outer loop
      vertex 40.1 23.3 2.85
      vertex 35.9477 19.4444 2.85
      vertex 36.1377 19.1882 2.85
    endloop
  endfacet
  facet normal 0 0 1
    outer loop
      vertex 35.6474 22.4937 2.85
      vertex 40.1 23.3 2.85
      vertex 35.7838 22.782 2.85
    endloop
  endfacet
  facet normal 0 0 1
    outer loop
      vertex 40.1 23.3 2.85
      vertex 35.7838 19.718 2.85
      vertex 35.9477 19.4444 2.85
    endloop
  endfacet
  facet normal 0 0 1
    outer loop
      vertex 35.5399 22.1934 2.85
      vertex 40.1 23.3 2.85
      vertex 35.6474 22.4937 2.85
    endloop
  endfacet
  facet normal 0 0 1
    outer loop
      vertex 40.1 23.3 2.85
      vertex 35.6474 20.0063 2.85
      vertex 35.7838 19.718 2.85
    endloop
  endfacet
  facet normal 0 0 1
    outer loop
      vertex 35.4624 21.8841 2.85
      vertex 40.1 23.3 2.85
      vertex 35.5399 22.1934 2.85
    endloop
  endfacet
  facet normal 0 0 1
    outer loop
      vertex 40.1 23.3 2.85
      vertex 35.5399 20.3066 2.85
      vertex 35.6474 20.0063 2.85
    endloop
  endfacet
  facet normal 0 0 1
    outer loop
      vertex 35.4156 21.5686 2.85
      vertex 40.1 23.3 2.85
      vertex 35.4624 21.8841 2.85
    endloop
  endfacet
  facet normal 0 0 1
    outer loop
      vertex 40.1 23.3 2.85
      vertex 35.4624 20.616 2.85
      vertex 35.5399 20.3066 2.85
    endloop
  endfacet
  facet normal 0 0 1
    outer loop
      vertex 35.4 21.25 2.85
      vertex 40.1 23.3 2.85
      vertex 35.4156 21.5686 2.85
    endloop
  endfacet
  facet normal 0 0 1
    outer loop
      vertex 40.1 23.3 2.85
      vertex 35.4156 20.9314 2.85
      vertex 35.4624 20.616 2.85
    endloop
  endfacet
  facet normal 0 0 1
    outer loop
      vertex 40.1 23.3 2.85
      vertex 35.4 21.25 2.85
      vertex 35.4156 20.9314 2.85
    endloop
  endfacet
  facet normal 0.146735 0.989176 -0
    outer loop
      vertex 4.28404 6.83756 9.53674e-07
      vertex 3.96855 6.88436 2.85
      vertex 4.28404 6.83756 2.85
    endloop
  endfacet
  facet normal 0.146735 0.989176 0
    outer loop
      vertex 3.96855 6.88436 2.85
      vertex 4.28404 6.83756 9.53674e-07
      vertex 3.96855 6.88436 9.53674e-07
    endloop
  endfacet
  facet normal 0.243 0.970026 -0
    outer loop
      vertex 4.59341 6.76006 9.53674e-07
      vertex 4.28404 6.83756 2.85
      vertex 4.59341 6.76006 2.85
    endloop
  endfacet
  facet normal 0.243 0.970026 0
    outer loop
      vertex 4.28404 6.83756 2.85
      vertex 4.59341 6.76006 9.53674e-07
      vertex 4.28404 6.83756 9.53674e-07
    endloop
  endfacet
  facet normal 0.336892 0.941543 -0
    outer loop
      vertex 4.89371 6.65261 9.53674e-07
      vertex 4.59341 6.76006 2.85
      vertex 4.89371 6.65261 2.85
    endloop
  endfacet
  facet normal 0.336892 0.941543 0
    outer loop
      vertex 4.59341 6.76006 2.85
      vertex 4.89371 6.65261 9.53674e-07
      vertex 4.59341 6.76006 9.53674e-07
    endloop
  endfacet
  facet normal 0.427504 0.904013 -0
    outer loop
      vertex 5.18204 6.51626 9.53674e-07
      vertex 4.89371 6.65261 2.85
      vertex 5.18204 6.51626 2.85
    endloop
  endfacet
  facet normal 0.427504 0.904013 0
    outer loop
      vertex 4.89371 6.65261 2.85
      vertex 5.18204 6.51626 9.53674e-07
      vertex 4.89371 6.65261 9.53674e-07
    endloop
  endfacet
  facet normal 0.514113 0.857722 -0
    outer loop
      vertex 5.4556 6.35229 9.53674e-07
      vertex 5.18204 6.51626 2.85
      vertex 5.4556 6.35229 2.85
    endloop
  endfacet
  facet normal 0.514113 0.857722 0
    outer loop
      vertex 5.18204 6.51626 2.85
      vertex 5.4556 6.35229 9.53674e-07
      vertex 5.18204 6.51626 9.53674e-07
    endloop
  endfacet
  facet normal 0.595687 0.803217 -0
    outer loop
      vertex 5.71178 6.1623 9.53674e-07
      vertex 5.4556 6.35229 2.85
      vertex 5.71178 6.1623 2.85
    endloop
  endfacet
  facet normal 0.595687 0.803217 0
    outer loop
      vertex 5.4556 6.35229 2.85
      vertex 5.71178 6.1623 9.53674e-07
      vertex 5.4556 6.35229 9.53674e-07
    endloop
  endfacet
  facet normal 0.671578 0.740934 -0
    outer loop
      vertex 5.94809 5.94811 9.53674e-07
      vertex 5.71178 6.1623 2.85
      vertex 5.94809 5.94811 2.85
    endloop
  endfacet
  facet normal 0.671578 0.740934 0
    outer loop
      vertex 5.71178 6.1623 2.85
      vertex 5.94809 5.94811 9.53674e-07
      vertex 5.71178 6.1623 9.53674e-07
    endloop
  endfacet
  facet normal 0.740962 0.671547 0
    outer loop
      vertex 6.16228 5.71178 2.85
      vertex 5.94809 5.94811 9.53674e-07
      vertex 5.94809 5.94811 2.85
    endloop
  endfacet
  facet normal 0.740962 0.671547 0
    outer loop
      vertex 5.94809 5.94811 9.53674e-07
      vertex 6.16228 5.71178 2.85
      vertex 6.16228 5.71178 9.53674e-07
    endloop
  endfacet
  facet normal 0.803209 0.595697 0
    outer loop
      vertex 6.35226 5.45562 2.85
      vertex 6.16228 5.71178 9.53674e-07
      vertex 6.16228 5.71178 2.85
    endloop
  endfacet
  facet normal 0.803209 0.595697 0
    outer loop
      vertex 6.16228 5.71178 9.53674e-07
      vertex 6.35226 5.45562 2.85
      vertex 6.35226 5.45562 9.53674e-07
    endloop
  endfacet
  facet normal 0.857725 0.514108 0
    outer loop
      vertex 6.51624 5.18204 2.85
      vertex 6.35226 5.45562 9.53674e-07
      vertex 6.35226 5.45562 2.85
    endloop
  endfacet
  facet normal 0.857725 0.514108 0
    outer loop
      vertex 6.35226 5.45562 9.53674e-07
      vertex 6.51624 5.18204 2.85
      vertex 6.51624 5.18204 9.53674e-07
    endloop
  endfacet
  facet normal 0.90399 0.427554 0
    outer loop
      vertex 6.6526 4.89373 2.85
      vertex 6.51624 5.18204 9.53674e-07
      vertex 6.51624 5.18204 2.85
    endloop
  endfacet
  facet normal 0.90399 0.427554 0
    outer loop
      vertex 6.51624 5.18204 9.53674e-07
      vertex 6.6526 4.89373 2.85
      vertex 6.6526 4.89373 9.53674e-07
    endloop
  endfacet
  facet normal 0.94153 0.33693 0
    outer loop
      vertex 6.76006 4.59344 2.85
      vertex 6.6526 4.89373 9.53674e-07
      vertex 6.6526 4.89373 2.85
    endloop
  endfacet
  facet normal 0.94153 0.33693 0
    outer loop
      vertex 6.6526 4.89373 9.53674e-07
      vertex 6.76006 4.59344 2.85
      vertex 6.76006 4.59344 9.53674e-07
    endloop
  endfacet
  facet normal 0.970045 0.242927 0
    outer loop
      vertex 6.83754 4.28405 2.85
      vertex 6.76006 4.59344 9.53674e-07
      vertex 6.76006 4.59344 2.85
    endloop
  endfacet
  facet normal 0.970045 0.242927 0
    outer loop
      vertex 6.76006 4.59344 9.53674e-07
      vertex 6.83754 4.28405 2.85
      vertex 6.83754 4.28405 9.53674e-07
    endloop
  endfacet
  facet normal 0.989176 0.146735 0
    outer loop
      vertex 6.88434 3.96856 2.85
      vertex 6.83754 4.28405 9.53674e-07
      vertex 6.83754 4.28405 2.85
    endloop
  endfacet
  facet normal 0.989176 0.146735 0
    outer loop
      vertex 6.83754 4.28405 9.53674e-07
      vertex 6.88434 3.96856 2.85
      vertex 6.88434 3.96856 9.53674e-07
    endloop
  endfacet
  facet normal 0.998795 0.0490681 0
    outer loop
      vertex 6.89999 3.65 2.85
      vertex 6.88434 3.96856 9.53674e-07
      vertex 6.88434 3.96856 2.85
    endloop
  endfacet
  facet normal 0.998795 0.0490681 0
    outer loop
      vertex 6.88434 3.96856 9.53674e-07
      vertex 6.89999 3.65 2.85
      vertex 6.89999 3.65 9.53674e-07
    endloop
  endfacet
  facet normal 0.998795 -0.0490712 0
    outer loop
      vertex 6.88434 3.33146 2.85
      vertex 6.89999 3.65 9.53674e-07
      vertex 6.89999 3.65 2.85
    endloop
  endfacet
  facet normal 0.998795 -0.0490712 0
    outer loop
      vertex 6.89999 3.65 9.53674e-07
      vertex 6.88434 3.33146 2.85
      vertex 6.88434 3.33146 9.53674e-07
    endloop
  endfacet
  facet normal 0.989176 -0.146735 0
    outer loop
      vertex 6.83754 3.01597 2.85
      vertex 6.88434 3.33146 9.53674e-07
      vertex 6.88434 3.33146 2.85
    endloop
  endfacet
  facet normal 0.989176 -0.146735 0
    outer loop
      vertex 6.88434 3.33146 9.53674e-07
      vertex 6.83754 3.01597 2.85
      vertex 6.83754 3.01597 9.53674e-07
    endloop
  endfacet
  facet normal 0.970045 -0.242927 0
    outer loop
      vertex 6.76006 2.70658 2.85
      vertex 6.83754 3.01597 9.53674e-07
      vertex 6.83754 3.01597 2.85
    endloop
  endfacet
  facet normal 0.970045 -0.242927 0
    outer loop
      vertex 6.83754 3.01597 9.53674e-07
      vertex 6.76006 2.70658 2.85
      vertex 6.76006 2.70658 9.53674e-07
    endloop
  endfacet
  facet normal 0.94153 -0.33693 0
    outer loop
      vertex 6.6526 2.40629 2.85
      vertex 6.76006 2.70658 9.53674e-07
      vertex 6.76006 2.70658 2.85
    endloop
  endfacet
  facet normal 0.94153 -0.33693 0
    outer loop
      vertex 6.76006 2.70658 9.53674e-07
      vertex 6.6526 2.40629 2.85
      vertex 6.6526 2.40629 9.53674e-07
    endloop
  endfacet
  facet normal 0.903996 -0.427542 0
    outer loop
      vertex 6.51624 2.11797 2.85
      vertex 6.6526 2.40629 9.53674e-07
      vertex 6.6526 2.40629 2.85
    endloop
  endfacet
  facet normal 0.903996 -0.427542 0
    outer loop
      vertex 6.6526 2.40629 9.53674e-07
      vertex 6.51624 2.11797 2.85
      vertex 6.51624 2.11797 9.53674e-07
    endloop
  endfacet
  facet normal 0.857717 -0.514122 0
    outer loop
      vertex 6.35226 1.8444 2.85
      vertex 6.51624 2.11797 9.53674e-07
      vertex 6.51624 2.11797 2.85
    endloop
  endfacet
  facet normal 0.857717 -0.514122 0
    outer loop
      vertex 6.51624 2.11797 9.53674e-07
      vertex 6.35226 1.8444 2.85
      vertex 6.35226 1.8444 9.53674e-07
    endloop
  endfacet
  facet normal 0.803218 -0.595685 0
    outer loop
      vertex 6.171 1.59999 2.85
      vertex 6.35226 1.8444 9.53674e-07
      vertex 6.35226 1.8444 2.85
    endloop
  endfacet
  facet normal 0.803218 -0.595685 0
    outer loop
      vertex 6.35226 1.8444 9.53674e-07
      vertex 6.171 1.59999 2.85
      vertex 6.171 1.59999 9.53674e-07
    endloop
  endfacet
  facet normal -0.595679 0.803222 0
    outer loop
      vertex 1.84439 6.35229 9.53674e-07
      vertex 1.59999 6.17104 2.85
      vertex 1.84439 6.35229 2.85
    endloop
  endfacet
  facet normal -0.595679 0.803222 0
    outer loop
      vertex 1.59999 6.17104 2.85
      vertex 1.84439 6.35229 9.53674e-07
      vertex 1.59999 6.17104 9.53674e-07
    endloop
  endfacet
  facet normal -0.514113 0.857722 0
    outer loop
      vertex 2.11795 6.51626 9.53674e-07
      vertex 1.84439 6.35229 2.85
      vertex 2.11795 6.51626 2.85
    endloop
  endfacet
  facet normal -0.514113 0.857722 0
    outer loop
      vertex 1.84439 6.35229 2.85
      vertex 2.11795 6.51626 9.53674e-07
      vertex 1.84439 6.35229 9.53674e-07
    endloop
  endfacet
  facet normal -0.427516 0.904008 0
    outer loop
      vertex 2.40627 6.65261 9.53674e-07
      vertex 2.11795 6.51626 2.85
      vertex 2.40627 6.65261 2.85
    endloop
  endfacet
  facet normal -0.427516 0.904008 0
    outer loop
      vertex 2.11795 6.51626 2.85
      vertex 2.40627 6.65261 9.53674e-07
      vertex 2.11795 6.51626 9.53674e-07
    endloop
  endfacet
  facet normal -0.336892 0.941543 0
    outer loop
      vertex 2.70657 6.76006 9.53674e-07
      vertex 2.40627 6.65261 2.85
      vertex 2.70657 6.76006 2.85
    endloop
  endfacet
  facet normal -0.336892 0.941543 0
    outer loop
      vertex 2.40627 6.65261 2.85
      vertex 2.70657 6.76006 9.53674e-07
      vertex 2.40627 6.65261 9.53674e-07
    endloop
  endfacet
  facet normal -0.242993 0.970028 0
    outer loop
      vertex 3.01595 6.83756 9.53674e-07
      vertex 2.70657 6.76006 2.85
      vertex 3.01595 6.83756 2.85
    endloop
  endfacet
  facet normal -0.242993 0.970028 0
    outer loop
      vertex 2.70657 6.76006 2.85
      vertex 3.01595 6.83756 9.53674e-07
      vertex 2.70657 6.76006 9.53674e-07
    endloop
  endfacet
  facet normal -0.146735 0.989176 0
    outer loop
      vertex 3.33144 6.88436 9.53674e-07
      vertex 3.01595 6.83756 2.85
      vertex 3.33144 6.88436 2.85
    endloop
  endfacet
  facet normal -0.146735 0.989176 0
    outer loop
      vertex 3.01595 6.83756 2.85
      vertex 3.33144 6.88436 9.53674e-07
      vertex 3.01595 6.83756 9.53674e-07
    endloop
  endfacet
  facet normal -0.0490384 0.998797 0
    outer loop
      vertex 3.64999 6.9 9.53674e-07
      vertex 3.33144 6.88436 2.85
      vertex 3.64999 6.9 2.85
    endloop
  endfacet
  facet normal -0.0490384 0.998797 0
    outer loop
      vertex 3.33144 6.88436 2.85
      vertex 3.64999 6.9 9.53674e-07
      vertex 3.33144 6.88436 9.53674e-07
    endloop
  endfacet
  facet normal 0.0490369 0.998797 -0
    outer loop
      vertex 3.96855 6.88436 9.53674e-07
      vertex 3.64999 6.9 2.85
      vertex 3.96855 6.88436 2.85
    endloop
  endfacet
  facet normal 0.0490369 0.998797 0
    outer loop
      vertex 3.64999 6.9 2.85
      vertex 3.96855 6.88436 9.53674e-07
      vertex 3.64999 6.9 9.53674e-07
    endloop
  endfacet
  facet normal 0.146776 0.98917 -0
    outer loop
      vertex 39.284 6.83756 9.53674e-07
      vertex 38.9686 6.88436 2.85
      vertex 39.284 6.83756 2.85
    endloop
  endfacet
  facet normal 0.146776 0.98917 0
    outer loop
      vertex 38.9686 6.88436 2.85
      vertex 39.284 6.83756 9.53674e-07
      vertex 38.9686 6.88436 9.53674e-07
    endloop
  endfacet
  facet normal 0.242978 0.970032 -0
    outer loop
      vertex 39.5934 6.76006 9.53674e-07
      vertex 39.284 6.83756 2.85
      vertex 39.5934 6.76006 2.85
    endloop
  endfacet
  facet normal 0.242978 0.970032 0
    outer loop
      vertex 39.284 6.83756 2.85
      vertex 39.5934 6.76006 9.53674e-07
      vertex 39.284 6.83756 9.53674e-07
    endloop
  endfacet
  facet normal 0.336892 0.941543 -0
    outer loop
      vertex 39.8937 6.65261 9.53674e-07
      vertex 39.5934 6.76006 2.85
      vertex 39.8937 6.65261 2.85
    endloop
  endfacet
  facet normal 0.336892 0.941543 0
    outer loop
      vertex 39.5934 6.76006 2.85
      vertex 39.8937 6.65261 9.53674e-07
      vertex 39.5934 6.76006 9.53674e-07
    endloop
  endfacet
  facet normal 0.42754 0.903996 -0
    outer loop
      vertex 40.182 6.51626 9.53674e-07
      vertex 39.8937 6.65261 2.85
      vertex 40.182 6.51626 2.85
    endloop
  endfacet
  facet normal 0.42754 0.903996 0
    outer loop
      vertex 39.8937 6.65261 2.85
      vertex 40.182 6.51626 9.53674e-07
      vertex 39.8937 6.65261 9.53674e-07
    endloop
  endfacet
  facet normal 0.514058 0.857756 -0
    outer loop
      vertex 40.4556 6.35229 9.53674e-07
      vertex 40.182 6.51626 2.85
      vertex 40.4556 6.35229 2.85
    endloop
  endfacet
  facet normal 0.514058 0.857756 0
    outer loop
      vertex 40.182 6.51626 2.85
      vertex 40.4556 6.35229 9.53674e-07
      vertex 40.182 6.51626 9.53674e-07
    endloop
  endfacet
  facet normal 0.595701 0.803207 -0
    outer loop
      vertex 40.7 6.17103 9.53674e-07
      vertex 40.4556 6.35229 2.85
      vertex 40.7 6.17103 2.85
    endloop
  endfacet
  facet normal 0.595701 0.803207 0
    outer loop
      vertex 40.4556 6.35229 2.85
      vertex 40.7 6.17103 9.53674e-07
      vertex 40.4556 6.35229 9.53674e-07
    endloop
  endfacet
  facet normal -0.803155 -0.59577 0
    outer loop
      vertex 36.129 1.59999 9.53674e-07
      vertex 35.9477 1.8444 2.85
      vertex 35.9477 1.8444 9.53674e-07
    endloop
  endfacet
  facet normal -0.803155 -0.59577 0
    outer loop
      vertex 35.9477 1.8444 2.85
      vertex 36.129 1.59999 9.53674e-07
      vertex 36.129 1.59999 2.85
    endloop
  endfacet
  facet normal -0.857828 -0.513938 0
    outer loop
      vertex 35.9477 1.8444 9.53674e-07
      vertex 35.7838 2.11797 2.85
      vertex 35.7838 2.11797 9.53674e-07
    endloop
  endfacet
  facet normal -0.857828 -0.513938 0
    outer loop
      vertex 35.7838 2.11797 2.85
      vertex 35.9477 1.8444 9.53674e-07
      vertex 35.9477 1.8444 2.85
    endloop
  endfacet
  facet normal -0.903947 -0.427644 0
    outer loop
      vertex 35.7838 2.11797 9.53674e-07
      vertex 35.6474 2.40629 2.85
      vertex 35.6474 2.40629 9.53674e-07
    endloop
  endfacet
  facet normal -0.903947 -0.427644 0
    outer loop
      vertex 35.6474 2.40629 2.85
      vertex 35.7838 2.11797 9.53674e-07
      vertex 35.7838 2.11797 2.85
    endloop
  endfacet
  facet normal -0.94149 -0.337041 0
    outer loop
      vertex 35.6474 2.40629 9.53674e-07
      vertex 35.5399 2.70658 2.85
      vertex 35.5399 2.70658 9.53674e-07
    endloop
  endfacet
  facet normal -0.94149 -0.337041 0
    outer loop
      vertex 35.5399 2.70658 2.85
      vertex 35.6474 2.40629 9.53674e-07
      vertex 35.6474 2.40629 2.85
    endloop
  endfacet
  facet normal -0.97003 -0.242986 0
    outer loop
      vertex 35.5399 2.70658 9.53674e-07
      vertex 35.4624 3.01597 2.85
      vertex 35.4624 3.01597 9.53674e-07
    endloop
  endfacet
  facet normal -0.97003 -0.242986 0
    outer loop
      vertex 35.4624 3.01597 2.85
      vertex 35.5399 2.70658 9.53674e-07
      vertex 35.5399 2.70658 2.85
    endloop
  endfacet
  facet normal -0.989176 -0.146735 0
    outer loop
      vertex 35.4624 3.01597 9.53674e-07
      vertex 35.4156 3.33146 2.85
      vertex 35.4156 3.33146 9.53674e-07
    endloop
  endfacet
  facet normal -0.989176 -0.146735 0
    outer loop
      vertex 35.4156 3.33146 2.85
      vertex 35.4624 3.01597 9.53674e-07
      vertex 35.4624 3.01597 2.85
    endloop
  endfacet
  facet normal -0.998803 -0.0489148 0
    outer loop
      vertex 35.4156 3.33146 9.53674e-07
      vertex 35.4 3.65 2.85
      vertex 35.4 3.65 9.53674e-07
    endloop
  endfacet
  facet normal -0.998803 -0.0489148 0
    outer loop
      vertex 35.4 3.65 2.85
      vertex 35.4156 3.33146 9.53674e-07
      vertex 35.4156 3.33146 2.85
    endloop
  endfacet
  facet normal -0.998803 0.0489118 0
    outer loop
      vertex 35.4 3.65 9.53674e-07
      vertex 35.4156 3.96856 2.85
      vertex 35.4156 3.96856 9.53674e-07
    endloop
  endfacet
  facet normal -0.998803 0.0489118 0
    outer loop
      vertex 35.4156 3.96856 2.85
      vertex 35.4 3.65 9.53674e-07
      vertex 35.4 3.65 2.85
    endloop
  endfacet
  facet normal -0.989176 0.146735 0
    outer loop
      vertex 35.4156 3.96856 9.53674e-07
      vertex 35.4624 4.28405 2.85
      vertex 35.4624 4.28405 9.53674e-07
    endloop
  endfacet
  facet normal -0.989176 0.146735 0
    outer loop
      vertex 35.4624 4.28405 2.85
      vertex 35.4156 3.96856 9.53674e-07
      vertex 35.4156 3.96856 2.85
    endloop
  endfacet
  facet normal -0.97003 0.242986 0
    outer loop
      vertex 35.4624 4.28405 9.53674e-07
      vertex 35.5399 4.59344 2.85
      vertex 35.5399 4.59344 9.53674e-07
    endloop
  endfacet
  facet normal -0.97003 0.242986 0
    outer loop
      vertex 35.5399 4.59344 2.85
      vertex 35.4624 4.28405 9.53674e-07
      vertex 35.4624 4.28405 2.85
    endloop
  endfacet
  facet normal -0.94149 0.337041 0
    outer loop
      vertex 35.5399 4.59344 9.53674e-07
      vertex 35.6474 4.89373 2.85
      vertex 35.6474 4.89373 9.53674e-07
    endloop
  endfacet
  facet normal -0.94149 0.337041 0
    outer loop
      vertex 35.6474 4.89373 2.85
      vertex 35.5399 4.59344 9.53674e-07
      vertex 35.5399 4.59344 2.85
    endloop
  endfacet
  facet normal -0.903941 0.427656 0
    outer loop
      vertex 35.6474 4.89373 9.53674e-07
      vertex 35.7838 5.18204 2.85
      vertex 35.7838 5.18204 9.53674e-07
    endloop
  endfacet
  facet normal -0.903941 0.427656 0
    outer loop
      vertex 35.7838 5.18204 2.85
      vertex 35.6474 4.89373 9.53674e-07
      vertex 35.6474 4.89373 2.85
    endloop
  endfacet
  facet normal -0.857836 0.513924 0
    outer loop
      vertex 35.7838 5.18204 9.53674e-07
      vertex 35.9477 5.45562 2.85
      vertex 35.9477 5.45562 9.53674e-07
    endloop
  endfacet
  facet normal -0.857836 0.513924 0
    outer loop
      vertex 35.9477 5.45562 2.85
      vertex 35.7838 5.18204 9.53674e-07
      vertex 35.7838 5.18204 2.85
    endloop
  endfacet
  facet normal -0.803179 0.595737 0
    outer loop
      vertex 35.9477 5.45562 9.53674e-07
      vertex 36.1377 5.71178 2.85
      vertex 36.1377 5.71178 9.53674e-07
    endloop
  endfacet
  facet normal -0.803179 0.595737 0
    outer loop
      vertex 36.1377 5.71178 2.85
      vertex 35.9477 5.45562 9.53674e-07
      vertex 35.9477 5.45562 2.85
    endloop
  endfacet
  facet normal -0.740946 0.671564 0
    outer loop
      vertex 36.1377 5.71178 9.53674e-07
      vertex 36.3519 5.94811 2.85
      vertex 36.3519 5.94811 9.53674e-07
    endloop
  endfacet
  facet normal -0.740946 0.671564 0
    outer loop
      vertex 36.3519 5.94811 2.85
      vertex 36.1377 5.71178 9.53674e-07
      vertex 36.1377 5.71178 2.85
    endloop
  endfacet
  facet normal -0.671594 0.74092 0
    outer loop
      vertex 36.5882 6.1623 9.53674e-07
      vertex 36.3519 5.94811 2.85
      vertex 36.5882 6.1623 2.85
    endloop
  endfacet
  facet normal -0.671594 0.74092 0
    outer loop
      vertex 36.3519 5.94811 2.85
      vertex 36.5882 6.1623 9.53674e-07
      vertex 36.3519 5.94811 9.53674e-07
    endloop
  endfacet
  facet normal -0.595657 0.803239 0
    outer loop
      vertex 36.8444 6.35229 9.53674e-07
      vertex 36.5882 6.1623 2.85
      vertex 36.8444 6.35229 2.85
    endloop
  endfacet
  facet normal -0.595657 0.803239 0
    outer loop
      vertex 36.5882 6.1623 2.85
      vertex 36.8444 6.35229 9.53674e-07
      vertex 36.5882 6.1623 9.53674e-07
    endloop
  endfacet
  facet normal -0.514058 0.857756 0
    outer loop
      vertex 37.118 6.51626 9.53674e-07
      vertex 36.8444 6.35229 2.85
      vertex 37.118 6.51626 2.85
    endloop
  endfacet
  facet normal -0.514058 0.857756 0
    outer loop
      vertex 36.8444 6.35229 2.85
      vertex 37.118 6.51626 9.53674e-07
      vertex 36.8444 6.35229 9.53674e-07
    endloop
  endfacet
  facet normal -0.42754 0.903996 0
    outer loop
      vertex 37.4063 6.65261 9.53674e-07
      vertex 37.118 6.51626 2.85
      vertex 37.4063 6.65261 2.85
    endloop
  endfacet
  facet normal -0.42754 0.903996 0
    outer loop
      vertex 37.118 6.51626 2.85
      vertex 37.4063 6.65261 9.53674e-07
      vertex 37.118 6.51626 9.53674e-07
    endloop
  endfacet
  facet normal -0.336892 0.941543 0
    outer loop
      vertex 37.7066 6.76006 9.53674e-07
      vertex 37.4063 6.65261 2.85
      vertex 37.7066 6.76006 2.85
    endloop
  endfacet
  facet normal -0.336892 0.941543 0
    outer loop
      vertex 37.4063 6.65261 2.85
      vertex 37.7066 6.76006 9.53674e-07
      vertex 37.4063 6.65261 9.53674e-07
    endloop
  endfacet
  facet normal -0.243052 0.970013 0
    outer loop
      vertex 38.0159 6.83756 9.53674e-07
      vertex 37.7066 6.76006 2.85
      vertex 38.0159 6.83756 2.85
    endloop
  endfacet
  facet normal -0.243052 0.970013 0
    outer loop
      vertex 37.7066 6.76006 2.85
      vertex 38.0159 6.83756 9.53674e-07
      vertex 37.7066 6.76006 9.53674e-07
    endloop
  endfacet
  facet normal -0.14673 0.989177 0
    outer loop
      vertex 38.3314 6.88436 9.53674e-07
      vertex 38.0159 6.83756 2.85
      vertex 38.3314 6.88436 2.85
    endloop
  endfacet
  facet normal -0.14673 0.989177 0
    outer loop
      vertex 38.0159 6.83756 2.85
      vertex 38.3314 6.88436 9.53674e-07
      vertex 38.0159 6.83756 9.53674e-07
    endloop
  endfacet
  facet normal -0.0490307 0.998797 0
    outer loop
      vertex 38.65 6.9 9.53674e-07
      vertex 38.3314 6.88436 2.85
      vertex 38.65 6.9 2.85
    endloop
  endfacet
  facet normal -0.0490307 0.998797 0
    outer loop
      vertex 38.3314 6.88436 2.85
      vertex 38.65 6.9 9.53674e-07
      vertex 38.3314 6.88436 9.53674e-07
    endloop
  endfacet
  facet normal 0.0490307 0.998797 -0
    outer loop
      vertex 38.9686 6.88436 9.53674e-07
      vertex 38.65 6.9 2.85
      vertex 38.9686 6.88436 2.85
    endloop
  endfacet
  facet normal 0.0490307 0.998797 0
    outer loop
      vertex 38.65 6.9 2.85
      vertex 38.9686 6.88436 9.53674e-07
      vertex 38.65 6.9 9.53674e-07
    endloop
  endfacet
  facet normal 0.803238 0.595658 0
    outer loop
      vertex 6.35226 23.0556 2.85
      vertex 6.17102 23.3 9.53674e-07
      vertex 6.17102 23.3 2.85
    endloop
  endfacet
  facet normal 0.803238 0.595658 0
    outer loop
      vertex 6.17102 23.3 9.53674e-07
      vertex 6.35226 23.0556 2.85
      vertex 6.35226 23.0556 9.53674e-07
    endloop
  endfacet
  facet normal 0.857742 0.514081 0
    outer loop
      vertex 6.51624 22.782 2.85
      vertex 6.35226 23.0556 9.53674e-07
      vertex 6.35226 23.0556 2.85
    endloop
  endfacet
  facet normal 0.857742 0.514081 0
    outer loop
      vertex 6.35226 23.0556 9.53674e-07
      vertex 6.51624 22.782 2.85
      vertex 6.51624 22.782 9.53674e-07
    endloop
  endfacet
  facet normal 0.903984 0.427566 0
    outer loop
      vertex 6.6526 22.4937 2.85
      vertex 6.51624 22.782 9.53674e-07
      vertex 6.51624 22.782 2.85
    endloop
  endfacet
  facet normal 0.903984 0.427566 0
    outer loop
      vertex 6.51624 22.782 9.53674e-07
      vertex 6.6526 22.4937 2.85
      vertex 6.6526 22.4937 9.53674e-07
    endloop
  endfacet
  facet normal 0.941533 0.33692 0
    outer loop
      vertex 6.76006 22.1934 2.85
      vertex 6.6526 22.4937 9.53674e-07
      vertex 6.6526 22.4937 2.85
    endloop
  endfacet
  facet normal 0.941533 0.33692 0
    outer loop
      vertex 6.6526 22.4937 9.53674e-07
      vertex 6.76006 22.1934 2.85
      vertex 6.76006 22.1934 9.53674e-07
    endloop
  endfacet
  facet normal 0.970028 0.242993 0
    outer loop
      vertex 6.83754 21.8841 2.85
      vertex 6.76006 22.1934 9.53674e-07
      vertex 6.76006 22.1934 2.85
    endloop
  endfacet
  facet normal 0.970028 0.242993 0
    outer loop
      vertex 6.76006 22.1934 9.53674e-07
      vertex 6.83754 21.8841 2.85
      vertex 6.83754 21.8841 9.53674e-07
    endloop
  endfacet
  facet normal 0.989177 0.14673 0
    outer loop
      vertex 6.88434 21.5686 2.85
      vertex 6.83754 21.8841 9.53674e-07
      vertex 6.83754 21.8841 2.85
    endloop
  endfacet
  facet normal 0.989177 0.14673 0
    outer loop
      vertex 6.83754 21.8841 9.53674e-07
      vertex 6.88434 21.5686 2.85
      vertex 6.88434 21.5686 9.53674e-07
    endloop
  endfacet
  facet normal 0.998796 0.049062 0
    outer loop
      vertex 6.89999 21.25 2.85
      vertex 6.88434 21.5686 9.53674e-07
      vertex 6.88434 21.5686 2.85
    endloop
  endfacet
  facet normal 0.998796 0.049062 0
    outer loop
      vertex 6.88434 21.5686 9.53674e-07
      vertex 6.89999 21.25 2.85
      vertex 6.89999 21.25 9.53674e-07
    endloop
  endfacet
  facet normal 0.998796 -0.049062 0
    outer loop
      vertex 6.88434 20.9314 2.85
      vertex 6.89999 21.25 9.53674e-07
      vertex 6.89999 21.25 2.85
    endloop
  endfacet
  facet normal 0.998796 -0.049062 0
    outer loop
      vertex 6.89999 21.25 9.53674e-07
      vertex 6.88434 20.9314 2.85
      vertex 6.88434 20.9314 9.53674e-07
    endloop
  endfacet
  facet normal 0.98917 -0.146776 0
    outer loop
      vertex 6.83754 20.616 2.85
      vertex 6.88434 20.9314 9.53674e-07
      vertex 6.88434 20.9314 2.85
    endloop
  endfacet
  facet normal 0.98917 -0.146776 0
    outer loop
      vertex 6.88434 20.9314 9.53674e-07
      vertex 6.83754 20.616 2.85
      vertex 6.83754 20.616 9.53674e-07
    endloop
  endfacet
  facet normal 0.970047 -0.242919 0
    outer loop
      vertex 6.76006 20.3066 2.85
      vertex 6.83754 20.616 9.53674e-07
      vertex 6.83754 20.616 2.85
    endloop
  endfacet
  facet normal 0.970047 -0.242919 0
    outer loop
      vertex 6.83754 20.616 9.53674e-07
      vertex 6.76006 20.3066 2.85
      vertex 6.76006 20.3066 9.53674e-07
    endloop
  endfacet
  facet normal 0.941533 -0.33692 0
    outer loop
      vertex 6.6526 20.0063 2.85
      vertex 6.76006 20.3066 9.53674e-07
      vertex 6.76006 20.3066 2.85
    endloop
  endfacet
  facet normal 0.941533 -0.33692 0
    outer loop
      vertex 6.76006 20.3066 9.53674e-07
      vertex 6.6526 20.0063 2.85
      vertex 6.6526 20.0063 9.53674e-07
    endloop
  endfacet
  facet normal 0.903984 -0.427566 0
    outer loop
      vertex 6.51624 19.718 2.85
      vertex 6.6526 20.0063 9.53674e-07
      vertex 6.6526 20.0063 2.85
    endloop
  endfacet
  facet normal 0.903984 -0.427566 0
    outer loop
      vertex 6.6526 20.0063 9.53674e-07
      vertex 6.51624 19.718 2.85
      vertex 6.51624 19.718 9.53674e-07
    endloop
  endfacet
  facet normal 0.857742 -0.514081 0
    outer loop
      vertex 6.35226 19.4444 2.85
      vertex 6.51624 19.718 9.53674e-07
      vertex 6.51624 19.718 2.85
    endloop
  endfacet
  facet normal 0.857742 -0.514081 0
    outer loop
      vertex 6.51624 19.718 9.53674e-07
      vertex 6.35226 19.4444 2.85
      vertex 6.35226 19.4444 9.53674e-07
    endloop
  endfacet
  facet normal 0.803254 -0.595637 0
    outer loop
      vertex 6.16228 19.1882 2.85
      vertex 6.35226 19.4444 9.53674e-07
      vertex 6.35226 19.4444 2.85
    endloop
  endfacet
  facet normal 0.803254 -0.595637 0
    outer loop
      vertex 6.35226 19.4444 9.53674e-07
      vertex 6.16228 19.1882 2.85
      vertex 6.16228 19.1882 9.53674e-07
    endloop
  endfacet
  facet normal 0.74092 -0.671594 0
    outer loop
      vertex 5.94809 18.9519 2.85
      vertex 6.16228 19.1882 9.53674e-07
      vertex 6.16228 19.1882 2.85
    endloop
  endfacet
  facet normal 0.74092 -0.671594 0
    outer loop
      vertex 6.16228 19.1882 9.53674e-07
      vertex 5.94809 18.9519 2.85
      vertex 5.94809 18.9519 9.53674e-07
    endloop
  endfacet
  facet normal 0.671595 -0.740918 0
    outer loop
      vertex 5.71178 18.7377 9.53674e-07
      vertex 5.94809 18.9519 2.85
      vertex 5.71178 18.7377 2.85
    endloop
  endfacet
  facet normal 0.671595 -0.740918 0
    outer loop
      vertex 5.94809 18.9519 2.85
      vertex 5.71178 18.7377 9.53674e-07
      vertex 5.94809 18.9519 9.53674e-07
    endloop
  endfacet
  facet normal 0.595707 -0.803202 0
    outer loop
      vertex 5.4556 18.5477 9.53674e-07
      vertex 5.71178 18.7377 2.85
      vertex 5.4556 18.5477 2.85
    endloop
  endfacet
  facet normal 0.595707 -0.803202 0
    outer loop
      vertex 5.71178 18.7377 2.85
      vertex 5.4556 18.5477 9.53674e-07
      vertex 5.71178 18.7377 9.53674e-07
    endloop
  endfacet
  facet normal 0.513952 -0.857819 0
    outer loop
      vertex 5.18204 18.3838 9.53674e-07
      vertex 5.4556 18.5477 2.85
      vertex 5.18204 18.3838 2.85
    endloop
  endfacet
  facet normal 0.513952 -0.857819 0
    outer loop
      vertex 5.4556 18.5477 2.85
      vertex 5.18204 18.3838 9.53674e-07
      vertex 5.4556 18.5477 9.53674e-07
    endloop
  endfacet
  facet normal 0.427632 -0.903953 0
    outer loop
      vertex 4.89371 18.2474 9.53674e-07
      vertex 5.18204 18.3838 2.85
      vertex 4.89371 18.2474 2.85
    endloop
  endfacet
  facet normal 0.427632 -0.903953 0
    outer loop
      vertex 5.18204 18.3838 2.85
      vertex 4.89371 18.2474 9.53674e-07
      vertex 5.18204 18.3838 9.53674e-07
    endloop
  endfacet
  facet normal 0.337031 -0.941493 0
    outer loop
      vertex 4.59341 18.1399 9.53674e-07
      vertex 4.89371 18.2474 2.85
      vertex 4.59341 18.1399 2.85
    endloop
  endfacet
  facet normal 0.337031 -0.941493 0
    outer loop
      vertex 4.89371 18.2474 2.85
      vertex 4.59341 18.1399 9.53674e-07
      vertex 4.89371 18.2474 9.53674e-07
    endloop
  endfacet
  facet normal 0.242705 -0.9701 0
    outer loop
      vertex 4.28404 18.0625 9.53674e-07
      vertex 4.59341 18.1399 2.85
      vertex 4.28404 18.0625 2.85
    endloop
  endfacet
  facet normal 0.242705 -0.9701 0
    outer loop
      vertex 4.59341 18.1399 2.85
      vertex 4.28404 18.0625 9.53674e-07
      vertex 4.59341 18.1399 9.53674e-07
    endloop
  endfacet
  facet normal 0.146735 -0.989176 0
    outer loop
      vertex 3.96855 18.0157 9.53674e-07
      vertex 4.28404 18.0625 2.85
      vertex 3.96855 18.0157 2.85
    endloop
  endfacet
  facet normal 0.146735 -0.989176 0
    outer loop
      vertex 4.28404 18.0625 2.85
      vertex 3.96855 18.0157 9.53674e-07
      vertex 4.28404 18.0625 9.53674e-07
    endloop
  endfacet
  facet normal 0.0492245 -0.998788 0
    outer loop
      vertex 3.64999 18 9.53674e-07
      vertex 3.96855 18.0157 2.85
      vertex 3.64999 18 2.85
    endloop
  endfacet
  facet normal 0.0492245 -0.998788 0
    outer loop
      vertex 3.96855 18.0157 2.85
      vertex 3.64999 18 9.53674e-07
      vertex 3.96855 18.0157 9.53674e-07
    endloop
  endfacet
  facet normal -0.0492261 -0.998788 0
    outer loop
      vertex 3.33144 18.0157 9.53674e-07
      vertex 3.64999 18 2.85
      vertex 3.33144 18.0157 2.85
    endloop
  endfacet
  facet normal -0.0492261 -0.998788 -0
    outer loop
      vertex 3.64999 18 2.85
      vertex 3.33144 18.0157 9.53674e-07
      vertex 3.64999 18 9.53674e-07
    endloop
  endfacet
  facet normal -0.146735 -0.989176 0
    outer loop
      vertex 3.01595 18.0625 9.53674e-07
      vertex 3.33144 18.0157 2.85
      vertex 3.01595 18.0625 2.85
    endloop
  endfacet
  facet normal -0.146735 -0.989176 -0
    outer loop
      vertex 3.33144 18.0157 2.85
      vertex 3.01595 18.0625 9.53674e-07
      vertex 3.33144 18.0157 9.53674e-07
    endloop
  endfacet
  facet normal -0.242698 -0.970102 0
    outer loop
      vertex 2.70657 18.1399 9.53674e-07
      vertex 3.01595 18.0625 2.85
      vertex 2.70657 18.1399 2.85
    endloop
  endfacet
  facet normal -0.242698 -0.970102 -0
    outer loop
      vertex 3.01595 18.0625 2.85
      vertex 2.70657 18.1399 9.53674e-07
      vertex 3.01595 18.0625 9.53674e-07
    endloop
  endfacet
  facet normal -0.337031 -0.941493 0
    outer loop
      vertex 2.40627 18.2474 9.53674e-07
      vertex 2.70657 18.1399 2.85
      vertex 2.40627 18.2474 2.85
    endloop
  endfacet
  facet normal -0.337031 -0.941493 -0
    outer loop
      vertex 2.70657 18.1399 2.85
      vertex 2.40627 18.2474 9.53674e-07
      vertex 2.70657 18.1399 9.53674e-07
    endloop
  endfacet
  facet normal -0.427644 -0.903947 0
    outer loop
      vertex 2.11795 18.3838 9.53674e-07
      vertex 2.40627 18.2474 2.85
      vertex 2.11795 18.3838 2.85
    endloop
  endfacet
  facet normal -0.427644 -0.903947 -0
    outer loop
      vertex 2.40627 18.2474 2.85
      vertex 2.11795 18.3838 9.53674e-07
      vertex 2.40627 18.2474 9.53674e-07
    endloop
  endfacet
  facet normal -0.513952 -0.857819 0
    outer loop
      vertex 1.84439 18.5477 9.53674e-07
      vertex 2.11795 18.3838 2.85
      vertex 1.84439 18.5477 2.85
    endloop
  endfacet
  facet normal -0.513952 -0.857819 -0
    outer loop
      vertex 2.11795 18.3838 2.85
      vertex 1.84439 18.5477 9.53674e-07
      vertex 2.11795 18.3838 9.53674e-07
    endloop
  endfacet
  facet normal -0.595785 -0.803144 0
    outer loop
      vertex 1.59999 18.729 9.53674e-07
      vertex 1.84439 18.5477 2.85
      vertex 1.59999 18.729 2.85
    endloop
  endfacet
  facet normal -0.595785 -0.803144 -0
    outer loop
      vertex 1.84439 18.5477 2.85
      vertex 1.59999 18.729 9.53674e-07
      vertex 1.84439 18.5477 9.53674e-07
    endloop
  endfacet
  facet normal 0.595785 -0.803144 0
    outer loop
      vertex 40.4556 18.5477 9.53674e-07
      vertex 40.7 18.729 2.85
      vertex 40.4556 18.5477 2.85
    endloop
  endfacet
  facet normal 0.595785 -0.803144 0
    outer loop
      vertex 40.7 18.729 2.85
      vertex 40.4556 18.5477 9.53674e-07
      vertex 40.7 18.729 9.53674e-07
    endloop
  endfacet
  facet normal 0.513896 -0.857852 0
    outer loop
      vertex 40.182 18.3838 9.53674e-07
      vertex 40.4556 18.5477 2.85
      vertex 40.182 18.3838 2.85
    endloop
  endfacet
  facet normal 0.513896 -0.857852 0
    outer loop
      vertex 40.4556 18.5477 2.85
      vertex 40.182 18.3838 9.53674e-07
      vertex 40.4556 18.5477 9.53674e-07
    endloop
  endfacet
  facet normal 0.427668 -0.903936 0
    outer loop
      vertex 39.8937 18.2474 9.53674e-07
      vertex 40.182 18.3838 2.85
      vertex 39.8937 18.2474 2.85
    endloop
  endfacet
  facet normal 0.427668 -0.903936 0
    outer loop
      vertex 40.182 18.3838 2.85
      vertex 39.8937 18.2474 9.53674e-07
      vertex 40.182 18.3838 9.53674e-07
    endloop
  endfacet
  facet normal 0.337031 -0.941493 0
    outer loop
      vertex 39.5934 18.1399 9.53674e-07
      vertex 39.8937 18.2474 2.85
      vertex 39.5934 18.1399 2.85
    endloop
  endfacet
  facet normal 0.337031 -0.941493 0
    outer loop
      vertex 39.8937 18.2474 2.85
      vertex 39.5934 18.1399 9.53674e-07
      vertex 39.8937 18.2474 9.53674e-07
    endloop
  endfacet
  facet normal 0.242683 -0.970106 0
    outer loop
      vertex 39.284 18.0625 9.53674e-07
      vertex 39.5934 18.1399 2.85
      vertex 39.284 18.0625 2.85
    endloop
  endfacet
  facet normal 0.242683 -0.970106 0
    outer loop
      vertex 39.5934 18.1399 2.85
      vertex 39.284 18.0625 9.53674e-07
      vertex 39.5934 18.1399 9.53674e-07
    endloop
  endfacet
  facet normal 0.146776 -0.98917 0
    outer loop
      vertex 38.9686 18.0157 9.53674e-07
      vertex 39.284 18.0625 2.85
      vertex 38.9686 18.0157 2.85
    endloop
  endfacet
  facet normal 0.146776 -0.98917 0
    outer loop
      vertex 39.284 18.0625 2.85
      vertex 38.9686 18.0157 9.53674e-07
      vertex 39.284 18.0625 9.53674e-07
    endloop
  endfacet
  facet normal 0.0492184 -0.998788 0
    outer loop
      vertex 38.65 18 9.53674e-07
      vertex 38.9686 18.0157 2.85
      vertex 38.65 18 2.85
    endloop
  endfacet
  facet normal 0.0492184 -0.998788 0
    outer loop
      vertex 38.9686 18.0157 2.85
      vertex 38.65 18 9.53674e-07
      vertex 38.9686 18.0157 9.53674e-07
    endloop
  endfacet
  facet normal -0.0492184 -0.998788 0
    outer loop
      vertex 38.3314 18.0157 9.53674e-07
      vertex 38.65 18 2.85
      vertex 38.3314 18.0157 2.85
    endloop
  endfacet
  facet normal -0.0492184 -0.998788 -0
    outer loop
      vertex 38.65 18 2.85
      vertex 38.3314 18.0157 9.53674e-07
      vertex 38.65 18 9.53674e-07
    endloop
  endfacet
  facet normal -0.14673 -0.989177 0
    outer loop
      vertex 38.0159 18.0625 9.53674e-07
      vertex 38.3314 18.0157 2.85
      vertex 38.0159 18.0625 2.85
    endloop
  endfacet
  facet normal -0.14673 -0.989177 -0
    outer loop
      vertex 38.3314 18.0157 2.85
      vertex 38.0159 18.0625 9.53674e-07
      vertex 38.3314 18.0157 9.53674e-07
    endloop
  endfacet
  facet normal -0.242757 -0.970087 0
    outer loop
      vertex 37.7066 18.1399 9.53674e-07
      vertex 38.0159 18.0625 2.85
      vertex 37.7066 18.1399 2.85
    endloop
  endfacet
  facet normal -0.242757 -0.970087 -0
    outer loop
      vertex 38.0159 18.0625 2.85
      vertex 37.7066 18.1399 9.53674e-07
      vertex 38.0159 18.0625 9.53674e-07
    endloop
  endfacet
  facet normal -0.337031 -0.941493 0
    outer loop
      vertex 37.4063 18.2474 9.53674e-07
      vertex 37.7066 18.1399 2.85
      vertex 37.4063 18.2474 2.85
    endloop
  endfacet
  facet normal -0.337031 -0.941493 -0
    outer loop
      vertex 37.7066 18.1399 2.85
      vertex 37.4063 18.2474 9.53674e-07
      vertex 37.7066 18.1399 9.53674e-07
    endloop
  endfacet
  facet normal -0.427668 -0.903936 0
    outer loop
      vertex 37.118 18.3838 9.53674e-07
      vertex 37.4063 18.2474 2.85
      vertex 37.118 18.3838 2.85
    endloop
  endfacet
  facet normal -0.427668 -0.903936 -0
    outer loop
      vertex 37.4063 18.2474 2.85
      vertex 37.118 18.3838 9.53674e-07
      vertex 37.4063 18.2474 9.53674e-07
    endloop
  endfacet
  facet normal -0.513896 -0.857852 0
    outer loop
      vertex 36.8444 18.5477 9.53674e-07
      vertex 37.118 18.3838 2.85
      vertex 36.8444 18.5477 2.85
    endloop
  endfacet
  facet normal -0.513896 -0.857852 -0
    outer loop
      vertex 37.118 18.3838 2.85
      vertex 36.8444 18.5477 9.53674e-07
      vertex 37.118 18.3838 9.53674e-07
    endloop
  endfacet
  facet normal -0.595677 -0.803224 0
    outer loop
      vertex 36.5882 18.7377 9.53674e-07
      vertex 36.8444 18.5477 2.85
      vertex 36.5882 18.7377 2.85
    endloop
  endfacet
  facet normal -0.595677 -0.803224 -0
    outer loop
      vertex 36.8444 18.5477 2.85
      vertex 36.5882 18.7377 9.53674e-07
      vertex 36.8444 18.5477 9.53674e-07
    endloop
  endfacet
  facet normal -0.671611 -0.740904 0
    outer loop
      vertex 36.3519 18.9519 9.53674e-07
      vertex 36.5882 18.7377 2.85
      vertex 36.3519 18.9519 2.85
    endloop
  endfacet
  facet normal -0.671611 -0.740904 -0
    outer loop
      vertex 36.5882 18.7377 2.85
      vertex 36.3519 18.9519 9.53674e-07
      vertex 36.5882 18.7377 9.53674e-07
    endloop
  endfacet
  facet normal -0.740904 -0.671611 0
    outer loop
      vertex 36.3519 18.9519 9.53674e-07
      vertex 36.1377 19.1882 2.85
      vertex 36.1377 19.1882 9.53674e-07
    endloop
  endfacet
  facet normal -0.740904 -0.671611 0
    outer loop
      vertex 36.1377 19.1882 2.85
      vertex 36.3519 18.9519 9.53674e-07
      vertex 36.3519 18.9519 2.85
    endloop
  endfacet
  facet normal -0.803224 -0.595677 0
    outer loop
      vertex 36.1377 19.1882 9.53674e-07
      vertex 35.9477 19.4444 2.85
      vertex 35.9477 19.4444 9.53674e-07
    endloop
  endfacet
  facet normal -0.803224 -0.595677 0
    outer loop
      vertex 35.9477 19.4444 2.85
      vertex 36.1377 19.1882 9.53674e-07
      vertex 36.1377 19.1882 2.85
    endloop
  endfacet
  facet normal -0.857852 -0.513896 0
    outer loop
      vertex 35.9477 19.4444 9.53674e-07
      vertex 35.7838 19.718 2.85
      vertex 35.7838 19.718 9.53674e-07
    endloop
  endfacet
  facet normal -0.857852 -0.513896 0
    outer loop
      vertex 35.7838 19.718 2.85
      vertex 35.9477 19.4444 9.53674e-07
      vertex 35.9477 19.4444 2.85
    endloop
  endfacet
  facet normal -0.903936 -0.427668 0
    outer loop
      vertex 35.7838 19.718 9.53674e-07
      vertex 35.6474 20.0063 2.85
      vertex 35.6474 20.0063 9.53674e-07
    endloop
  endfacet
  facet normal -0.903936 -0.427668 0
    outer loop
      vertex 35.6474 20.0063 2.85
      vertex 35.7838 19.718 9.53674e-07
      vertex 35.7838 19.718 2.85
    endloop
  endfacet
  facet normal -0.941493 -0.337031 0
    outer loop
      vertex 35.6474 20.0063 9.53674e-07
      vertex 35.5399 20.3066 2.85
      vertex 35.5399 20.3066 9.53674e-07
    endloop
  endfacet
  facet normal -0.941493 -0.337031 0
    outer loop
      vertex 35.5399 20.3066 2.85
      vertex 35.6474 20.0063 9.53674e-07
      vertex 35.6474 20.0063 2.85
    endloop
  endfacet
  facet normal -0.970032 -0.242978 0
    outer loop
      vertex 35.5399 20.3066 9.53674e-07
      vertex 35.4624 20.616 2.85
      vertex 35.4624 20.616 9.53674e-07
    endloop
  endfacet
  facet normal -0.970032 -0.242978 0
    outer loop
      vertex 35.4624 20.616 2.85
      vertex 35.5399 20.3066 9.53674e-07
      vertex 35.5399 20.3066 2.85
    endloop
  endfacet
  facet normal -0.98917 -0.146776 0
    outer loop
      vertex 35.4624 20.616 9.53674e-07
      vertex 35.4156 20.9314 2.85
      vertex 35.4156 20.9314 9.53674e-07
    endloop
  endfacet
  facet normal -0.98917 -0.146776 0
    outer loop
      vertex 35.4156 20.9314 2.85
      vertex 35.4624 20.616 9.53674e-07
      vertex 35.4624 20.616 2.85
    endloop
  endfacet
  facet normal -0.998803 -0.0489056 0
    outer loop
      vertex 35.4156 20.9314 9.53674e-07
      vertex 35.4 21.25 2.85
      vertex 35.4 21.25 9.53674e-07
    endloop
  endfacet
  facet normal -0.998803 -0.0489056 0
    outer loop
      vertex 35.4 21.25 2.85
      vertex 35.4156 20.9314 9.53674e-07
      vertex 35.4156 20.9314 2.85
    endloop
  endfacet
  facet normal -0.998803 0.0489056 0
    outer loop
      vertex 35.4 21.25 9.53674e-07
      vertex 35.4156 21.5686 2.85
      vertex 35.4156 21.5686 9.53674e-07
    endloop
  endfacet
  facet normal -0.998803 0.0489056 0
    outer loop
      vertex 35.4156 21.5686 2.85
      vertex 35.4 21.25 9.53674e-07
      vertex 35.4 21.25 2.85
    endloop
  endfacet
  facet normal -0.989177 0.14673 0
    outer loop
      vertex 35.4156 21.5686 9.53674e-07
      vertex 35.4624 21.8841 2.85
      vertex 35.4624 21.8841 9.53674e-07
    endloop
  endfacet
  facet normal -0.989177 0.14673 0
    outer loop
      vertex 35.4624 21.8841 2.85
      vertex 35.4156 21.5686 9.53674e-07
      vertex 35.4156 21.5686 2.85
    endloop
  endfacet
  facet normal -0.970013 0.243052 0
    outer loop
      vertex 35.4624 21.8841 9.53674e-07
      vertex 35.5399 22.1934 2.85
      vertex 35.5399 22.1934 9.53674e-07
    endloop
  endfacet
  facet normal -0.970013 0.243052 0
    outer loop
      vertex 35.5399 22.1934 2.85
      vertex 35.4624 21.8841 9.53674e-07
      vertex 35.4624 21.8841 2.85
    endloop
  endfacet
  facet normal -0.941493 0.337031 0
    outer loop
      vertex 35.5399 22.1934 9.53674e-07
      vertex 35.6474 22.4937 2.85
      vertex 35.6474 22.4937 9.53674e-07
    endloop
  endfacet
  facet normal -0.941493 0.337031 0
    outer loop
      vertex 35.6474 22.4937 2.85
      vertex 35.5399 22.1934 9.53674e-07
      vertex 35.5399 22.1934 2.85
    endloop
  endfacet
  facet normal -0.903936 0.427668 0
    outer loop
      vertex 35.6474 22.4937 9.53674e-07
      vertex 35.7838 22.782 2.85
      vertex 35.7838 22.782 9.53674e-07
    endloop
  endfacet
  facet normal -0.903936 0.427668 0
    outer loop
      vertex 35.7838 22.782 2.85
      vertex 35.6474 22.4937 9.53674e-07
      vertex 35.6474 22.4937 2.85
    endloop
  endfacet
  facet normal -0.857852 0.513896 0
    outer loop
      vertex 35.7838 22.782 9.53674e-07
      vertex 35.9477 23.0556 2.85
      vertex 35.9477 23.0556 9.53674e-07
    endloop
  endfacet
  facet normal -0.857852 0.513896 0
    outer loop
      vertex 35.9477 23.0556 2.85
      vertex 35.7838 22.782 9.53674e-07
      vertex 35.7838 22.782 2.85
    endloop
  endfacet
  facet normal -0.803144 0.595785 0
    outer loop
      vertex 35.9477 23.0556 9.53674e-07
      vertex 36.129 23.3 2.85
      vertex 36.129 23.3 9.53674e-07
    endloop
  endfacet
  facet normal -0.803144 0.595785 0
    outer loop
      vertex 36.129 23.3 2.85
      vertex 35.9477 23.0556 9.53674e-07
      vertex 35.9477 23.0556 2.85
    endloop
  endfacet
  facet normal -0.857764 0.514043 0
    outer loop
      vertex 5.85339 19.7777 9.53674e-07
      vertex 5.98709 20.0008 2.15
      vertex 5.98709 20.0008 9.53674e-07
    endloop
  endfacet
  facet normal -0.857764 0.514043 0
    outer loop
      vertex 5.98709 20.0008 2.15
      vertex 5.85339 19.7777 9.53674e-07
      vertex 5.85339 19.7777 2.15
    endloop
  endfacet
  facet normal -0.336848 0.941559 0
    outer loop
      vertex 4.66411 18.8017 9.53674e-07
      vertex 4.41925 18.7141 2.15
      vertex 4.66411 18.8017 2.15
    endloop
  endfacet
  facet normal -0.336848 0.941559 0
    outer loop
      vertex 4.41925 18.7141 2.15
      vertex 4.66411 18.8017 9.53674e-07
      vertex 4.41925 18.7141 9.53674e-07
    endloop
  endfacet
  facet normal 0.427589 0.903973 -0
    outer loop
      vertex 2.63589 18.8017 9.53674e-07
      vertex 2.4008 18.9129 2.15
      vertex 2.63589 18.8017 2.15
    endloop
  endfacet
  facet normal 0.427589 0.903973 0
    outer loop
      vertex 2.4008 18.9129 2.15
      vertex 2.63589 18.8017 9.53674e-07
      vertex 2.4008 18.9129 9.53674e-07
    endloop
  endfacet
  facet normal 0.903995 0.427542 0
    outer loop
      vertex 1.31291 20.0008 2.15
      vertex 1.20172 20.2359 9.53674e-07
      vertex 1.20172 20.2359 2.15
    endloop
  endfacet
  facet normal 0.903995 0.427542 0
    outer loop
      vertex 1.20172 20.2359 9.53674e-07
      vertex 1.31291 20.0008 2.15
      vertex 1.31291 20.0008 9.53674e-07
    endloop
  endfacet
  facet normal -0.998795 -0.0490744 0
    outer loop
      vertex 6.3 21.25 9.53674e-07
      vertex 6.28724 21.5097 2.15
      vertex 6.28724 21.5097 9.53674e-07
    endloop
  endfacet
  facet normal -0.998795 -0.0490744 0
    outer loop
      vertex 6.28724 21.5097 2.15
      vertex 6.3 21.25 9.53674e-07
      vertex 6.3 21.25 2.15
    endloop
  endfacet
  facet normal -0.0492184 0.998788 0
    outer loop
      vertex 3.90975 18.6128 9.53674e-07
      vertex 3.65 18.6 2.15
      vertex 3.90975 18.6128 2.15
    endloop
  endfacet
  facet normal -0.0492184 0.998788 0
    outer loop
      vertex 3.65 18.6 2.15
      vertex 3.90975 18.6128 9.53674e-07
      vertex 3.65 18.6 9.53674e-07
    endloop
  endfacet
  facet normal -0.514111 0.857724 0
    outer loop
      vertex 5.12226 19.0466 9.53674e-07
      vertex 4.8992 18.9129 2.15
      vertex 5.12226 19.0466 2.15
    endloop
  endfacet
  facet normal -0.514111 0.857724 0
    outer loop
      vertex 4.8992 18.9129 2.15
      vertex 5.12226 19.0466 9.53674e-07
      vertex 4.8992 18.9129 9.53674e-07
    endloop
  endfacet
  facet normal 0.803091 0.595857 0
    outer loop
      vertex 1.60152 19.5689 2.15
      vertex 1.4466 19.7777 9.53674e-07
      vertex 1.4466 19.7777 2.15
    endloop
  endfacet
  facet normal 0.803091 0.595857 0
    outer loop
      vertex 1.4466 19.7777 9.53674e-07
      vertex 1.60152 19.5689 2.15
      vertex 1.60152 19.5689 9.53674e-07
    endloop
  endfacet
  facet normal 0.243015 0.970023 -0
    outer loop
      vertex 3.13301 18.6509 9.53674e-07
      vertex 2.88074 18.7141 2.15
      vertex 3.13301 18.6509 2.15
    endloop
  endfacet
  facet normal 0.243015 0.970023 0
    outer loop
      vertex 2.88074 18.7141 2.15
      vertex 3.13301 18.6509 9.53674e-07
      vertex 2.88074 18.7141 9.53674e-07
    endloop
  endfacet
  facet normal -0.514111 -0.857724 0
    outer loop
      vertex 4.8992 23.5871 9.53674e-07
      vertex 5.12226 23.4534 2.15
      vertex 4.8992 23.5871 2.15
    endloop
  endfacet
  facet normal -0.514111 -0.857724 -0
    outer loop
      vertex 5.12226 23.4534 2.15
      vertex 4.8992 23.5871 9.53674e-07
      vertex 5.12226 23.4534 9.53674e-07
    endloop
  endfacet
  facet normal -0.98918 0.146705 0
    outer loop
      vertex 6.24908 20.733 9.53674e-07
      vertex 6.28724 20.9903 2.15
      vertex 6.28724 20.9903 9.53674e-07
    endloop
  endfacet
  facet normal -0.98918 0.146705 0
    outer loop
      vertex 6.28724 20.9903 2.15
      vertex 6.24908 20.733 9.53674e-07
      vertex 6.24908 20.733 2.15
    endloop
  endfacet
  facet normal -0.803109 0.595832 0
    outer loop
      vertex 5.69848 19.5689 9.53674e-07
      vertex 5.85339 19.7777 2.15
      vertex 5.85339 19.7777 9.53674e-07
    endloop
  endfacet
  facet normal -0.803109 0.595832 0
    outer loop
      vertex 5.85339 19.7777 2.15
      vertex 5.69848 19.5689 9.53674e-07
      vertex 5.69848 19.5689 2.15
    endloop
  endfacet
  facet normal -0.671677 0.740844 0
    outer loop
      vertex 5.52383 19.3762 9.53674e-07
      vertex 5.33114 19.2015 2.15
      vertex 5.52383 19.3762 2.15
    endloop
  endfacet
  facet normal -0.671677 0.740844 0
    outer loop
      vertex 5.33114 19.2015 2.15
      vertex 5.52383 19.3762 9.53674e-07
      vertex 5.33114 19.2015 9.53674e-07
    endloop
  endfacet
  facet normal 0.0492184 0.998788 -0
    outer loop
      vertex 3.65 18.6 9.53674e-07
      vertex 3.39025 18.6128 2.15
      vertex 3.65 18.6 2.15
    endloop
  endfacet
  facet normal 0.0492184 0.998788 0
    outer loop
      vertex 3.39025 18.6128 2.15
      vertex 3.65 18.6 9.53674e-07
      vertex 3.39025 18.6128 9.53674e-07
    endloop
  endfacet
  facet normal -0.243024 0.97002 0
    outer loop
      vertex 4.41925 18.7141 9.53674e-07
      vertex 4.16699 18.6509 2.15
      vertex 4.41925 18.7141 2.15
    endloop
  endfacet
  facet normal -0.243024 0.97002 0
    outer loop
      vertex 4.16699 18.6509 2.15
      vertex 4.41925 18.7141 9.53674e-07
      vertex 4.16699 18.6509 9.53674e-07
    endloop
  endfacet
  facet normal -0.146512 0.989209 0
    outer loop
      vertex 4.16699 18.6509 9.53674e-07
      vertex 3.90975 18.6128 2.15
      vertex 4.16699 18.6509 2.15
    endloop
  endfacet
  facet normal -0.146512 0.989209 0
    outer loop
      vertex 3.90975 18.6128 2.15
      vertex 4.16699 18.6509 9.53674e-07
      vertex 3.90975 18.6128 9.53674e-07
    endloop
  endfacet
  facet normal -0.427589 0.903973 0
    outer loop
      vertex 4.8992 18.9129 9.53674e-07
      vertex 4.66411 18.8017 2.15
      vertex 4.8992 18.9129 2.15
    endloop
  endfacet
  facet normal -0.427589 0.903973 0
    outer loop
      vertex 4.66411 18.8017 2.15
      vertex 4.8992 18.9129 9.53674e-07
      vertex 4.66411 18.8017 9.53674e-07
    endloop
  endfacet
  facet normal -0.59566 0.803237 0
    outer loop
      vertex 5.33114 19.2015 9.53674e-07
      vertex 5.12226 19.0466 2.15
      vertex 5.33114 19.2015 2.15
    endloop
  endfacet
  facet normal -0.59566 0.803237 0
    outer loop
      vertex 5.12226 19.0466 2.15
      vertex 5.33114 19.2015 9.53674e-07
      vertex 5.12226 19.0466 9.53674e-07
    endloop
  endfacet
  facet normal 0.998795 0.0490744 0
    outer loop
      vertex 1.01276 20.9903 2.15
      vertex 1 21.25 9.53674e-07
      vertex 1 21.25 2.15
    endloop
  endfacet
  facet normal 0.998795 0.0490744 0
    outer loop
      vertex 1 21.25 9.53674e-07
      vertex 1.01276 20.9903 2.15
      vertex 1.01276 20.9903 9.53674e-07
    endloop
  endfacet
  facet normal 0.941521 0.336955 0
    outer loop
      vertex 1.20172 20.2359 2.15
      vertex 1.11411 20.4807 9.53674e-07
      vertex 1.11411 20.4807 2.15
    endloop
  endfacet
  facet normal 0.941521 0.336955 0
    outer loop
      vertex 1.11411 20.4807 9.53674e-07
      vertex 1.20172 20.2359 2.15
      vertex 1.20172 20.2359 9.53674e-07
    endloop
  endfacet
  facet normal 0.970038 0.242952 0
    outer loop
      vertex 1.11411 20.4807 2.15
      vertex 1.05092 20.733 9.53674e-07
      vertex 1.05092 20.733 2.15
    endloop
  endfacet
  facet normal 0.970038 0.242952 0
    outer loop
      vertex 1.05092 20.733 9.53674e-07
      vertex 1.11411 20.4807 2.15
      vertex 1.11411 20.4807 9.53674e-07
    endloop
  endfacet
  facet normal 0.857781 0.514015 0
    outer loop
      vertex 1.4466 19.7777 2.15
      vertex 1.31291 20.0008 9.53674e-07
      vertex 1.31291 20.0008 2.15
    endloop
  endfacet
  facet normal 0.857781 0.514015 0
    outer loop
      vertex 1.31291 20.0008 9.53674e-07
      vertex 1.4466 19.7777 2.15
      vertex 1.4466 19.7777 9.53674e-07
    endloop
  endfacet
  facet normal 0.33686 0.941555 -0
    outer loop
      vertex 2.88074 18.7141 9.53674e-07
      vertex 2.63589 18.8017 2.15
      vertex 2.88074 18.7141 2.15
    endloop
  endfacet
  facet normal 0.33686 0.941555 0
    outer loop
      vertex 2.63589 18.8017 2.15
      vertex 2.88074 18.7141 9.53674e-07
      vertex 2.63589 18.8017 9.53674e-07
    endloop
  endfacet
  facet normal 0.146512 0.989209 -0
    outer loop
      vertex 3.39025 18.6128 9.53674e-07
      vertex 3.13301 18.6509 2.15
      vertex 3.39025 18.6128 2.15
    endloop
  endfacet
  facet normal 0.146512 0.989209 0
    outer loop
      vertex 3.13301 18.6509 2.15
      vertex 3.39025 18.6128 9.53674e-07
      vertex 3.13301 18.6509 9.53674e-07
    endloop
  endfacet
  facet normal 0.59566 0.803237 -0
    outer loop
      vertex 2.17774 19.0466 9.53674e-07
      vertex 1.96886 19.2015 2.15
      vertex 2.17774 19.0466 2.15
    endloop
  endfacet
  facet normal 0.59566 0.803237 0
    outer loop
      vertex 1.96886 19.2015 2.15
      vertex 2.17774 19.0466 9.53674e-07
      vertex 1.96886 19.2015 9.53674e-07
    endloop
  endfacet
  facet normal 0.671677 0.740844 -0
    outer loop
      vertex 1.96886 19.2015 9.53674e-07
      vertex 1.77617 19.3762 2.15
      vertex 1.96886 19.2015 2.15
    endloop
  endfacet
  facet normal 0.671677 0.740844 0
    outer loop
      vertex 1.77617 19.3762 2.15
      vertex 1.96886 19.2015 9.53674e-07
      vertex 1.77617 19.3762 9.53674e-07
    endloop
  endfacet
  facet normal 0.514111 0.857724 -0
    outer loop
      vertex 2.4008 18.9129 9.53674e-07
      vertex 2.17774 19.0466 2.15
      vertex 2.4008 18.9129 2.15
    endloop
  endfacet
  facet normal 0.514111 0.857724 0
    outer loop
      vertex 2.17774 19.0466 2.15
      vertex 2.4008 18.9129 9.53674e-07
      vertex 2.17774 19.0466 9.53674e-07
    endloop
  endfacet
  facet normal 0.740957 0.671552 0
    outer loop
      vertex 1.77617 19.3762 2.15
      vertex 1.60152 19.5689 9.53674e-07
      vertex 1.60152 19.5689 2.15
    endloop
  endfacet
  facet normal 0.740957 0.671552 0
    outer loop
      vertex 1.60152 19.5689 9.53674e-07
      vertex 1.77617 19.3762 2.15
      vertex 1.77617 19.3762 9.53674e-07
    endloop
  endfacet
  facet normal -0.998795 0.0490744 0
    outer loop
      vertex 6.28724 20.9903 9.53674e-07
      vertex 6.3 21.25 2.15
      vertex 6.3 21.25 9.53674e-07
    endloop
  endfacet
  facet normal -0.998795 0.0490744 0
    outer loop
      vertex 6.3 21.25 2.15
      vertex 6.28724 20.9903 9.53674e-07
      vertex 6.28724 20.9903 2.15
    endloop
  endfacet
  facet normal -0.970038 -0.242952 0
    outer loop
      vertex 6.24908 21.767 9.53674e-07
      vertex 6.18589 22.0193 2.15
      vertex 6.18589 22.0193 9.53674e-07
    endloop
  endfacet
  facet normal -0.970038 -0.242952 0
    outer loop
      vertex 6.18589 22.0193 2.15
      vertex 6.24908 21.767 9.53674e-07
      vertex 6.24908 21.767 2.15
    endloop
  endfacet
  facet normal 0.903995 -0.427542 0
    outer loop
      vertex 1.20172 22.2641 2.15
      vertex 1.31291 22.4992 9.53674e-07
      vertex 1.31291 22.4992 2.15
    endloop
  endfacet
  facet normal 0.903995 -0.427542 0
    outer loop
      vertex 1.31291 22.4992 9.53674e-07
      vertex 1.20172 22.2641 2.15
      vertex 1.20172 22.2641 9.53674e-07
    endloop
  endfacet
  facet normal -0.146512 -0.989209 0
    outer loop
      vertex 3.90975 23.8872 9.53674e-07
      vertex 4.16699 23.8491 2.15
      vertex 3.90975 23.8872 2.15
    endloop
  endfacet
  facet normal -0.146512 -0.989209 -0
    outer loop
      vertex 4.16699 23.8491 2.15
      vertex 3.90975 23.8872 9.53674e-07
      vertex 4.16699 23.8491 9.53674e-07
    endloop
  endfacet
  facet normal -0.427589 -0.903973 0
    outer loop
      vertex 4.66411 23.6983 9.53674e-07
      vertex 4.8992 23.5871 2.15
      vertex 4.66411 23.6983 2.15
    endloop
  endfacet
  facet normal -0.427589 -0.903973 -0
    outer loop
      vertex 4.8992 23.5871 2.15
      vertex 4.66411 23.6983 9.53674e-07
      vertex 4.8992 23.5871 9.53674e-07
    endloop
  endfacet
  facet normal -0.903995 0.427542 0
    outer loop
      vertex 5.98709 20.0008 9.53674e-07
      vertex 6.09828 20.2359 2.15
      vertex 6.09828 20.2359 9.53674e-07
    endloop
  endfacet
  facet normal -0.903995 0.427542 0
    outer loop
      vertex 6.09828 20.2359 2.15
      vertex 5.98709 20.0008 9.53674e-07
      vertex 5.98709 20.0008 2.15
    endloop
  endfacet
  facet normal -0.941521 0.336955 0
    outer loop
      vertex 6.09828 20.2359 9.53674e-07
      vertex 6.18589 20.4807 2.15
      vertex 6.18589 20.4807 9.53674e-07
    endloop
  endfacet
  facet normal -0.941521 0.336955 0
    outer loop
      vertex 6.18589 20.4807 2.15
      vertex 6.09828 20.2359 9.53674e-07
      vertex 6.09828 20.2359 2.15
    endloop
  endfacet
  facet normal -0.740957 0.671552 0
    outer loop
      vertex 5.52383 19.3762 9.53674e-07
      vertex 5.69848 19.5689 2.15
      vertex 5.69848 19.5689 9.53674e-07
    endloop
  endfacet
  facet normal -0.740957 0.671552 0
    outer loop
      vertex 5.69848 19.5689 2.15
      vertex 5.52383 19.3762 9.53674e-07
      vertex 5.52383 19.3762 2.15
    endloop
  endfacet
  facet normal 0.98918 0.146705 0
    outer loop
      vertex 1.05092 20.733 2.15
      vertex 1.01276 20.9903 9.53674e-07
      vertex 1.01276 20.9903 2.15
    endloop
  endfacet
  facet normal 0.98918 0.146705 0
    outer loop
      vertex 1.01276 20.9903 9.53674e-07
      vertex 1.05092 20.733 2.15
      vertex 1.05092 20.733 9.53674e-07
    endloop
  endfacet
  facet normal -0.98918 -0.146705 0
    outer loop
      vertex 6.28724 21.5097 9.53674e-07
      vertex 6.24908 21.767 2.15
      vertex 6.24908 21.767 9.53674e-07
    endloop
  endfacet
  facet normal -0.98918 -0.146705 0
    outer loop
      vertex 6.24908 21.767 2.15
      vertex 6.28724 21.5097 9.53674e-07
      vertex 6.28724 21.5097 2.15
    endloop
  endfacet
  facet normal -0.671677 -0.740844 0
    outer loop
      vertex 5.33114 23.2985 9.53674e-07
      vertex 5.52383 23.1238 2.15
      vertex 5.33114 23.2985 2.15
    endloop
  endfacet
  facet normal -0.671677 -0.740844 -0
    outer loop
      vertex 5.52383 23.1238 2.15
      vertex 5.33114 23.2985 9.53674e-07
      vertex 5.52383 23.1238 9.53674e-07
    endloop
  endfacet
  facet normal -0.857764 -0.514043 0
    outer loop
      vertex 5.98709 22.4992 9.53674e-07
      vertex 5.85339 22.7223 2.15
      vertex 5.85339 22.7223 9.53674e-07
    endloop
  endfacet
  facet normal -0.857764 -0.514043 0
    outer loop
      vertex 5.85339 22.7223 2.15
      vertex 5.98709 22.4992 9.53674e-07
      vertex 5.98709 22.4992 2.15
    endloop
  endfacet
  facet normal -0.903995 -0.427542 0
    outer loop
      vertex 6.09828 22.2641 9.53674e-07
      vertex 5.98709 22.4992 2.15
      vertex 5.98709 22.4992 9.53674e-07
    endloop
  endfacet
  facet normal -0.903995 -0.427542 0
    outer loop
      vertex 5.98709 22.4992 2.15
      vertex 6.09828 22.2641 9.53674e-07
      vertex 6.09828 22.2641 2.15
    endloop
  endfacet
  facet normal -0.0492184 -0.998788 0
    outer loop
      vertex 3.65 23.9 9.53674e-07
      vertex 3.90975 23.8872 2.15
      vertex 3.65 23.9 2.15
    endloop
  endfacet
  facet normal -0.0492184 -0.998788 -0
    outer loop
      vertex 3.90975 23.8872 2.15
      vertex 3.65 23.9 9.53674e-07
      vertex 3.90975 23.8872 9.53674e-07
    endloop
  endfacet
  facet normal 0.998795 -0.0490744 0
    outer loop
      vertex 1 21.25 2.15
      vertex 1.01276 21.5097 9.53674e-07
      vertex 1.01276 21.5097 2.15
    endloop
  endfacet
  facet normal 0.998795 -0.0490744 0
    outer loop
      vertex 1.01276 21.5097 9.53674e-07
      vertex 1 21.25 2.15
      vertex 1 21.25 9.53674e-07
    endloop
  endfacet
  facet normal 0 0 -1
    outer loop
      vertex 6.28724 20.9903 2.15
      vertex 6.28724 21.5097 2.15
      vertex 6.3 21.25 2.15
    endloop
  endfacet
  facet normal 0 0 -1
    outer loop
      vertex 6.24908 20.733 2.15
      vertex 6.28724 21.5097 2.15
      vertex 6.28724 20.9903 2.15
    endloop
  endfacet
  facet normal 0 0 -1
    outer loop
      vertex 6.24908 20.733 2.15
      vertex 6.24908 21.767 2.15
      vertex 6.28724 21.5097 2.15
    endloop
  endfacet
  facet normal 0 0 -1
    outer loop
      vertex 6.18589 20.4807 2.15
      vertex 6.24908 21.767 2.15
      vertex 6.24908 20.733 2.15
    endloop
  endfacet
  facet normal 0 0 -1
    outer loop
      vertex 6.18589 20.4807 2.15
      vertex 6.18589 22.0193 2.15
      vertex 6.24908 21.767 2.15
    endloop
  endfacet
  facet normal 0 0 -1
    outer loop
      vertex 6.09828 20.2359 2.15
      vertex 6.18589 22.0193 2.15
      vertex 6.18589 20.4807 2.15
    endloop
  endfacet
  facet normal 0 0 -1
    outer loop
      vertex 6.09828 20.2359 2.15
      vertex 6.09828 22.2641 2.15
      vertex 6.18589 22.0193 2.15
    endloop
  endfacet
  facet normal 0 0 -1
    outer loop
      vertex 5.98709 20.0008 2.15
      vertex 6.09828 22.2641 2.15
      vertex 6.09828 20.2359 2.15
    endloop
  endfacet
  facet normal 0 0 -1
    outer loop
      vertex 5.98709 20.0008 2.15
      vertex 5.98709 22.4992 2.15
      vertex 6.09828 22.2641 2.15
    endloop
  endfacet
  facet normal 0 0 -1
    outer loop
      vertex 5.85339 19.7777 2.15
      vertex 5.98709 22.4992 2.15
      vertex 5.98709 20.0008 2.15
    endloop
  endfacet
  facet normal 0 0 -1
    outer loop
      vertex 5.85339 19.7777 2.15
      vertex 5.85339 22.7223 2.15
      vertex 5.98709 22.4992 2.15
    endloop
  endfacet
  facet normal 0 0 -1
    outer loop
      vertex 5.69848 19.5689 2.15
      vertex 5.85339 22.7223 2.15
      vertex 5.85339 19.7777 2.15
    endloop
  endfacet
  facet normal 0 0 -1
    outer loop
      vertex 5.69848 19.5689 2.15
      vertex 5.69848 22.9311 2.15
      vertex 5.85339 22.7223 2.15
    endloop
  endfacet
  facet normal 0 0 -1
    outer loop
      vertex 5.52383 19.3762 2.15
      vertex 5.69848 22.9311 2.15
      vertex 5.69848 19.5689 2.15
    endloop
  endfacet
  facet normal 0 0 -1
    outer loop
      vertex 5.52383 19.3762 2.15
      vertex 5.52383 23.1238 2.15
      vertex 5.69848 22.9311 2.15
    endloop
  endfacet
  facet normal 0 0 -1
    outer loop
      vertex 5.33114 19.2015 2.15
      vertex 5.52383 23.1238 2.15
      vertex 5.52383 19.3762 2.15
    endloop
  endfacet
  facet normal 0 0 -1
    outer loop
      vertex 5.33114 19.2015 2.15
      vertex 5.33114 23.2985 2.15
      vertex 5.52383 23.1238 2.15
    endloop
  endfacet
  facet normal 0 0 -1
    outer loop
      vertex 5.12226 19.0466 2.15
      vertex 5.33114 23.2985 2.15
      vertex 5.33114 19.2015 2.15
    endloop
  endfacet
  facet normal 0 0 -1
    outer loop
      vertex 5.12226 19.0466 2.15
      vertex 5.12226 23.4534 2.15
      vertex 5.33114 23.2985 2.15
    endloop
  endfacet
  facet normal 0 0 -1
    outer loop
      vertex 4.8992 18.9129 2.15
      vertex 5.12226 23.4534 2.15
      vertex 5.12226 19.0466 2.15
    endloop
  endfacet
  facet normal 0 0 -1
    outer loop
      vertex 4.8992 18.9129 2.15
      vertex 4.8992 23.5871 2.15
      vertex 5.12226 23.4534 2.15
    endloop
  endfacet
  facet normal 0 0 -1
    outer loop
      vertex 4.66411 18.8017 2.15
      vertex 4.8992 23.5871 2.15
      vertex 4.8992 18.9129 2.15
    endloop
  endfacet
  facet normal 0 0 -1
    outer loop
      vertex 4.66411 18.8017 2.15
      vertex 4.66411 23.6983 2.15
      vertex 4.8992 23.5871 2.15
    endloop
  endfacet
  facet normal 0 0 -1
    outer loop
      vertex 4.41925 18.7141 2.15
      vertex 4.66411 23.6983 2.15
      vertex 4.66411 18.8017 2.15
    endloop
  endfacet
  facet normal 0 0 -1
    outer loop
      vertex 4.41925 18.7141 2.15
      vertex 4.41925 23.7859 2.15
      vertex 4.66411 23.6983 2.15
    endloop
  endfacet
  facet normal 0 0 -1
    outer loop
      vertex 4.16699 18.6509 2.15
      vertex 4.41925 23.7859 2.15
      vertex 4.41925 18.7141 2.15
    endloop
  endfacet
  facet normal 0 0 -1
    outer loop
      vertex 4.16699 18.6509 2.15
      vertex 4.16699 23.8491 2.15
      vertex 4.41925 23.7859 2.15
    endloop
  endfacet
  facet normal 0 0 -1
    outer loop
      vertex 3.90975 18.6128 2.15
      vertex 4.16699 23.8491 2.15
      vertex 4.16699 18.6509 2.15
    endloop
  endfacet
  facet normal 0 0 -1
    outer loop
      vertex 3.90975 18.6128 2.15
      vertex 3.90975 23.8872 2.15
      vertex 4.16699 23.8491 2.15
    endloop
  endfacet
  facet normal 0 0 -1
    outer loop
      vertex 3.65 18.6 2.15
      vertex 3.90975 23.8872 2.15
      vertex 3.90975 18.6128 2.15
    endloop
  endfacet
  facet normal 0 0 -1
    outer loop
      vertex 3.65 18.6 2.15
      vertex 3.65 23.9 2.15
      vertex 3.90975 23.8872 2.15
    endloop
  endfacet
  facet normal 0 0 -1
    outer loop
      vertex 3.39025 18.6128 2.15
      vertex 3.65 23.9 2.15
      vertex 3.65 18.6 2.15
    endloop
  endfacet
  facet normal 0 0 -1
    outer loop
      vertex 3.39025 18.6128 2.15
      vertex 3.39025 23.8872 2.15
      vertex 3.65 23.9 2.15
    endloop
  endfacet
  facet normal 0 0 -1
    outer loop
      vertex 3.13301 18.6509 2.15
      vertex 3.39025 23.8872 2.15
      vertex 3.39025 18.6128 2.15
    endloop
  endfacet
  facet normal 0 0 -1
    outer loop
      vertex 3.13301 18.6509 2.15
      vertex 3.13301 23.8491 2.15
      vertex 3.39025 23.8872 2.15
    endloop
  endfacet
  facet normal 0 0 -1
    outer loop
      vertex 2.88074 18.7141 2.15
      vertex 3.13301 23.8491 2.15
      vertex 3.13301 18.6509 2.15
    endloop
  endfacet
  facet normal 0 0 -1
    outer loop
      vertex 2.88074 18.7141 2.15
      vertex 2.88074 23.7859 2.15
      vertex 3.13301 23.8491 2.15
    endloop
  endfacet
  facet normal 0 0 -1
    outer loop
      vertex 2.63589 18.8017 2.15
      vertex 2.88074 23.7859 2.15
      vertex 2.88074 18.7141 2.15
    endloop
  endfacet
  facet normal 0 0 -1
    outer loop
      vertex 2.63589 18.8017 2.15
      vertex 2.63589 23.6983 2.15
      vertex 2.88074 23.7859 2.15
    endloop
  endfacet
  facet normal 0 0 -1
    outer loop
      vertex 2.4008 18.9129 2.15
      vertex 2.63589 23.6983 2.15
      vertex 2.63589 18.8017 2.15
    endloop
  endfacet
  facet normal 0 0 -1
    outer loop
      vertex 2.4008 18.9129 2.15
      vertex 2.4008 23.5871 2.15
      vertex 2.63589 23.6983 2.15
    endloop
  endfacet
  facet normal 0 0 -1
    outer loop
      vertex 2.17774 19.0466 2.15
      vertex 2.4008 23.5871 2.15
      vertex 2.4008 18.9129 2.15
    endloop
  endfacet
  facet normal 0 0 -1
    outer loop
      vertex 2.17774 19.0466 2.15
      vertex 2.17774 23.4534 2.15
      vertex 2.4008 23.5871 2.15
    endloop
  endfacet
  facet normal 0 0 -1
    outer loop
      vertex 1.96886 19.2015 2.15
      vertex 2.17774 23.4534 2.15
      vertex 2.17774 19.0466 2.15
    endloop
  endfacet
  facet normal 0 0 -1
    outer loop
      vertex 1.96886 19.2015 2.15
      vertex 1.96886 23.2985 2.15
      vertex 2.17774 23.4534 2.15
    endloop
  endfacet
  facet normal 0 0 -1
    outer loop
      vertex 1.77617 19.3762 2.15
      vertex 1.96886 23.2985 2.15
      vertex 1.96886 19.2015 2.15
    endloop
  endfacet
  facet normal 0 0 -1
    outer loop
      vertex 1.77617 19.3762 2.15
      vertex 1.77617 23.1238 2.15
      vertex 1.96886 23.2985 2.15
    endloop
  endfacet
  facet normal 0 0 -1
    outer loop
      vertex 1.60152 19.5689 2.15
      vertex 1.77617 23.1238 2.15
      vertex 1.77617 19.3762 2.15
    endloop
  endfacet
  facet normal 0 0 -1
    outer loop
      vertex 1.60152 19.5689 2.15
      vertex 1.60152 22.9311 2.15
      vertex 1.77617 23.1238 2.15
    endloop
  endfacet
  facet normal 0 0 -1
    outer loop
      vertex 1.4466 19.7777 2.15
      vertex 1.60152 22.9311 2.15
      vertex 1.60152 19.5689 2.15
    endloop
  endfacet
  facet normal 0 0 -1
    outer loop
      vertex 1.4466 19.7777 2.15
      vertex 1.4466 22.7223 2.15
      vertex 1.60152 22.9311 2.15
    endloop
  endfacet
  facet normal 0 0 -1
    outer loop
      vertex 1.31291 20.0008 2.15
      vertex 1.4466 22.7223 2.15
      vertex 1.4466 19.7777 2.15
    endloop
  endfacet
  facet normal 0 0 -1
    outer loop
      vertex 1.31291 20.0008 2.15
      vertex 1.31291 22.4992 2.15
      vertex 1.4466 22.7223 2.15
    endloop
  endfacet
  facet normal 0 0 -1
    outer loop
      vertex 1.20172 20.2359 2.15
      vertex 1.31291 22.4992 2.15
      vertex 1.31291 20.0008 2.15
    endloop
  endfacet
  facet normal 0 0 -1
    outer loop
      vertex 1.20172 20.2359 2.15
      vertex 1.20172 22.2641 2.15
      vertex 1.31291 22.4992 2.15
    endloop
  endfacet
  facet normal 0 0 -1
    outer loop
      vertex 1.11411 20.4807 2.15
      vertex 1.20172 22.2641 2.15
      vertex 1.20172 20.2359 2.15
    endloop
  endfacet
  facet normal 0 0 -1
    outer loop
      vertex 1.11411 20.4807 2.15
      vertex 1.11411 22.0193 2.15
      vertex 1.20172 22.2641 2.15
    endloop
  endfacet
  facet normal 0 0 -1
    outer loop
      vertex 1.05092 20.733 2.15
      vertex 1.11411 22.0193 2.15
      vertex 1.11411 20.4807 2.15
    endloop
  endfacet
  facet normal 0 0 -1
    outer loop
      vertex 1.05092 20.733 2.15
      vertex 1.05092 21.767 2.15
      vertex 1.11411 22.0193 2.15
    endloop
  endfacet
  facet normal 0 0 -1
    outer loop
      vertex 1.01276 20.9903 2.15
      vertex 1.05092 21.767 2.15
      vertex 1.05092 20.733 2.15
    endloop
  endfacet
  facet normal 0 0 -1
    outer loop
      vertex 1.01276 20.9903 2.15
      vertex 1.01276 21.5097 2.15
      vertex 1.05092 21.767 2.15
    endloop
  endfacet
  facet normal 0 -0 -1
    outer loop
      vertex 1.01276 21.5097 2.15
      vertex 1.01276 20.9903 2.15
      vertex 1 21.25 2.15
    endloop
  endfacet
  facet normal 0.941521 -0.336955 0
    outer loop
      vertex 1.11411 22.0193 2.15
      vertex 1.20172 22.2641 9.53674e-07
      vertex 1.20172 22.2641 2.15
    endloop
  endfacet
  facet normal 0.941521 -0.336955 0
    outer loop
      vertex 1.20172 22.2641 9.53674e-07
      vertex 1.11411 22.0193 2.15
      vertex 1.11411 22.0193 9.53674e-07
    endloop
  endfacet
  facet normal 0.970038 -0.242952 0
    outer loop
      vertex 1.05092 21.767 2.15
      vertex 1.11411 22.0193 9.53674e-07
      vertex 1.11411 22.0193 2.15
    endloop
  endfacet
  facet normal 0.970038 -0.242952 0
    outer loop
      vertex 1.11411 22.0193 9.53674e-07
      vertex 1.05092 21.767 2.15
      vertex 1.05092 21.767 9.53674e-07
    endloop
  endfacet
  facet normal -0.243024 -0.97002 0
    outer loop
      vertex 4.16699 23.8491 9.53674e-07
      vertex 4.41925 23.7859 2.15
      vertex 4.16699 23.8491 2.15
    endloop
  endfacet
  facet normal -0.243024 -0.97002 -0
    outer loop
      vertex 4.41925 23.7859 2.15
      vertex 4.16699 23.8491 9.53674e-07
      vertex 4.41925 23.7859 9.53674e-07
    endloop
  endfacet
  facet normal -0.336848 -0.941559 0
    outer loop
      vertex 4.41925 23.7859 9.53674e-07
      vertex 4.66411 23.6983 2.15
      vertex 4.41925 23.7859 2.15
    endloop
  endfacet
  facet normal -0.336848 -0.941559 -0
    outer loop
      vertex 4.66411 23.6983 2.15
      vertex 4.41925 23.7859 9.53674e-07
      vertex 4.66411 23.6983 9.53674e-07
    endloop
  endfacet
  facet normal -0.970038 0.242952 0
    outer loop
      vertex 6.18589 20.4807 9.53674e-07
      vertex 6.24908 20.733 2.15
      vertex 6.24908 20.733 9.53674e-07
    endloop
  endfacet
  facet normal -0.970038 0.242952 0
    outer loop
      vertex 6.24908 20.733 2.15
      vertex 6.18589 20.4807 9.53674e-07
      vertex 6.18589 20.4807 2.15
    endloop
  endfacet
  facet normal -0.803109 -0.595832 0
    outer loop
      vertex 5.85339 22.7223 9.53674e-07
      vertex 5.69848 22.9311 2.15
      vertex 5.69848 22.9311 9.53674e-07
    endloop
  endfacet
  facet normal -0.803109 -0.595832 0
    outer loop
      vertex 5.69848 22.9311 2.15
      vertex 5.85339 22.7223 9.53674e-07
      vertex 5.85339 22.7223 2.15
    endloop
  endfacet
  facet normal -0.941521 -0.336955 0
    outer loop
      vertex 6.18589 22.0193 9.53674e-07
      vertex 6.09828 22.2641 2.15
      vertex 6.09828 22.2641 9.53674e-07
    endloop
  endfacet
  facet normal -0.941521 -0.336955 0
    outer loop
      vertex 6.09828 22.2641 2.15
      vertex 6.18589 22.0193 9.53674e-07
      vertex 6.18589 22.0193 2.15
    endloop
  endfacet
  facet normal 0.243015 -0.970023 0
    outer loop
      vertex 2.88074 23.7859 9.53674e-07
      vertex 3.13301 23.8491 2.15
      vertex 2.88074 23.7859 2.15
    endloop
  endfacet
  facet normal 0.243015 -0.970023 0
    outer loop
      vertex 3.13301 23.8491 2.15
      vertex 2.88074 23.7859 9.53674e-07
      vertex 3.13301 23.8491 9.53674e-07
    endloop
  endfacet
  facet normal 0.0492184 -0.998788 0
    outer loop
      vertex 3.39025 23.8872 9.53674e-07
      vertex 3.65 23.9 2.15
      vertex 3.39025 23.8872 2.15
    endloop
  endfacet
  facet normal 0.0492184 -0.998788 0
    outer loop
      vertex 3.65 23.9 2.15
      vertex 3.39025 23.8872 9.53674e-07
      vertex 3.65 23.9 9.53674e-07
    endloop
  endfacet
  facet normal 0.803091 -0.595857 0
    outer loop
      vertex 1.4466 22.7223 2.15
      vertex 1.60152 22.9311 9.53674e-07
      vertex 1.60152 22.9311 2.15
    endloop
  endfacet
  facet normal 0.803091 -0.595857 0
    outer loop
      vertex 1.60152 22.9311 9.53674e-07
      vertex 1.4466 22.7223 2.15
      vertex 1.4466 22.7223 9.53674e-07
    endloop
  endfacet
  facet normal 0.98918 -0.146705 0
    outer loop
      vertex 1.01276 21.5097 2.15
      vertex 1.05092 21.767 9.53674e-07
      vertex 1.05092 21.767 2.15
    endloop
  endfacet
  facet normal 0.98918 -0.146705 0
    outer loop
      vertex 1.05092 21.767 9.53674e-07
      vertex 1.01276 21.5097 2.15
      vertex 1.01276 21.5097 9.53674e-07
    endloop
  endfacet
  facet normal -0.740957 -0.671552 0
    outer loop
      vertex 5.69848 22.9311 9.53674e-07
      vertex 5.52383 23.1238 2.15
      vertex 5.52383 23.1238 9.53674e-07
    endloop
  endfacet
  facet normal -0.740957 -0.671552 0
    outer loop
      vertex 5.52383 23.1238 2.15
      vertex 5.69848 22.9311 9.53674e-07
      vertex 5.69848 22.9311 2.15
    endloop
  endfacet
  facet normal -0.59566 -0.803237 0
    outer loop
      vertex 5.12226 23.4534 9.53674e-07
      vertex 5.33114 23.2985 2.15
      vertex 5.12226 23.4534 2.15
    endloop
  endfacet
  facet normal -0.59566 -0.803237 -0
    outer loop
      vertex 5.33114 23.2985 2.15
      vertex 5.12226 23.4534 9.53674e-07
      vertex 5.33114 23.2985 9.53674e-07
    endloop
  endfacet
  facet normal 0.59566 -0.803237 0
    outer loop
      vertex 1.96886 23.2985 9.53674e-07
      vertex 2.17774 23.4534 2.15
      vertex 1.96886 23.2985 2.15
    endloop
  endfacet
  facet normal 0.59566 -0.803237 0
    outer loop
      vertex 2.17774 23.4534 2.15
      vertex 1.96886 23.2985 9.53674e-07
      vertex 2.17774 23.4534 9.53674e-07
    endloop
  endfacet
  facet normal 0.427589 -0.903973 0
    outer loop
      vertex 2.4008 23.5871 9.53674e-07
      vertex 2.63589 23.6983 2.15
      vertex 2.4008 23.5871 2.15
    endloop
  endfacet
  facet normal 0.427589 -0.903973 0
    outer loop
      vertex 2.63589 23.6983 2.15
      vertex 2.4008 23.5871 9.53674e-07
      vertex 2.63589 23.6983 9.53674e-07
    endloop
  endfacet
  facet normal 0.514111 -0.857724 0
    outer loop
      vertex 2.17774 23.4534 9.53674e-07
      vertex 2.4008 23.5871 2.15
      vertex 2.17774 23.4534 2.15
    endloop
  endfacet
  facet normal 0.514111 -0.857724 0
    outer loop
      vertex 2.4008 23.5871 2.15
      vertex 2.17774 23.4534 9.53674e-07
      vertex 2.4008 23.5871 9.53674e-07
    endloop
  endfacet
  facet normal 0.146512 -0.989209 0
    outer loop
      vertex 3.13301 23.8491 9.53674e-07
      vertex 3.39025 23.8872 2.15
      vertex 3.13301 23.8491 2.15
    endloop
  endfacet
  facet normal 0.146512 -0.989209 0
    outer loop
      vertex 3.39025 23.8872 2.15
      vertex 3.13301 23.8491 9.53674e-07
      vertex 3.39025 23.8872 9.53674e-07
    endloop
  endfacet
  facet normal 0.857781 -0.514015 0
    outer loop
      vertex 1.31291 22.4992 2.15
      vertex 1.4466 22.7223 9.53674e-07
      vertex 1.4466 22.7223 2.15
    endloop
  endfacet
  facet normal 0.857781 -0.514015 0
    outer loop
      vertex 1.4466 22.7223 9.53674e-07
      vertex 1.31291 22.4992 2.15
      vertex 1.31291 22.4992 9.53674e-07
    endloop
  endfacet
  facet normal 0.740957 -0.671552 0
    outer loop
      vertex 1.60152 22.9311 2.15
      vertex 1.77617 23.1238 9.53674e-07
      vertex 1.77617 23.1238 2.15
    endloop
  endfacet
  facet normal 0.740957 -0.671552 0
    outer loop
      vertex 1.77617 23.1238 9.53674e-07
      vertex 1.60152 22.9311 2.15
      vertex 1.60152 22.9311 9.53674e-07
    endloop
  endfacet
  facet normal 0.671677 -0.740844 0
    outer loop
      vertex 1.77617 23.1238 9.53674e-07
      vertex 1.96886 23.2985 2.15
      vertex 1.77617 23.1238 2.15
    endloop
  endfacet
  facet normal 0.671677 -0.740844 0
    outer loop
      vertex 1.96886 23.2985 2.15
      vertex 1.77617 23.1238 9.53674e-07
      vertex 1.96886 23.2985 9.53674e-07
    endloop
  endfacet
  facet normal 0.33686 -0.941555 0
    outer loop
      vertex 2.63589 23.6983 9.53674e-07
      vertex 2.88074 23.7859 2.15
      vertex 2.63589 23.6983 2.15
    endloop
  endfacet
  facet normal 0.33686 -0.941555 0
    outer loop
      vertex 2.88074 23.7859 2.15
      vertex 2.63589 23.6983 9.53674e-07
      vertex 2.88074 23.7859 9.53674e-07
    endloop
  endfacet
  facet normal -0.857764 0.514043 0
    outer loop
      vertex 40.8534 19.7777 9.53674e-07
      vertex 40.9871 20.0008 2.15
      vertex 40.9871 20.0008 9.53674e-07
    endloop
  endfacet
  facet normal -0.857764 0.514043 0
    outer loop
      vertex 40.9871 20.0008 2.15
      vertex 40.8534 19.7777 9.53674e-07
      vertex 40.8534 19.7777 2.15
    endloop
  endfacet
  facet normal -0.336921 0.941533 0
    outer loop
      vertex 39.6641 18.8017 9.53674e-07
      vertex 39.4193 18.7141 2.15
      vertex 39.6641 18.8017 2.15
    endloop
  endfacet
  facet normal -0.336921 0.941533 0
    outer loop
      vertex 39.4193 18.7141 2.15
      vertex 39.6641 18.8017 9.53674e-07
      vertex 39.4193 18.7141 9.53674e-07
    endloop
  endfacet
  facet normal 0.427574 0.90398 -0
    outer loop
      vertex 37.6359 18.8017 9.53674e-07
      vertex 37.4008 18.9129 2.15
      vertex 37.6359 18.8017 2.15
    endloop
  endfacet
  facet normal 0.427574 0.90398 0
    outer loop
      vertex 37.4008 18.9129 2.15
      vertex 37.6359 18.8017 9.53674e-07
      vertex 37.4008 18.9129 9.53674e-07
    endloop
  endfacet
  facet normal 0.90398 0.427574 0
    outer loop
      vertex 36.3129 20.0008 2.15
      vertex 36.2017 20.2359 9.53674e-07
      vertex 36.2017 20.2359 2.15
    endloop
  endfacet
  facet normal 0.90398 0.427574 0
    outer loop
      vertex 36.2017 20.2359 9.53674e-07
      vertex 36.3129 20.0008 2.15
      vertex 36.3129 20.0008 9.53674e-07
    endloop
  endfacet
  facet normal -0.427574 -0.90398 0
    outer loop
      vertex 39.6641 23.6983 9.53674e-07
      vertex 39.8992 23.5871 2.15
      vertex 39.6641 23.6983 2.15
    endloop
  endfacet
  facet normal -0.427574 -0.90398 -0
    outer loop
      vertex 39.8992 23.5871 2.15
      vertex 39.6641 23.6983 9.53674e-07
      vertex 39.8992 23.5871 9.53674e-07
    endloop
  endfacet
  facet normal 0.803128 0.595807 0
    outer loop
      vertex 36.6015 19.5689 2.15
      vertex 36.4466 19.7777 9.53674e-07
      vertex 36.4466 19.7777 2.15
    endloop
  endfacet
  facet normal 0.803128 0.595807 0
    outer loop
      vertex 36.4466 19.7777 9.53674e-07
      vertex 36.6015 19.5689 2.15
      vertex 36.6015 19.5689 9.53674e-07
    endloop
  endfacet
  facet normal 0.671658 0.740861 -0
    outer loop
      vertex 36.9689 19.2015 9.53674e-07
      vertex 36.7762 19.3762 2.15
      vertex 36.9689 19.2015 2.15
    endloop
  endfacet
  facet normal 0.671658 0.740861 0
    outer loop
      vertex 36.7762 19.3762 2.15
      vertex 36.9689 19.2015 9.53674e-07
      vertex 36.7762 19.3762 9.53674e-07
    endloop
  endfacet
  facet normal -0.970029 -0.242988 0
    outer loop
      vertex 41.2491 21.767 9.53674e-07
      vertex 41.1859 22.0193 2.15
      vertex 41.1859 22.0193 9.53674e-07
    endloop
  endfacet
  facet normal -0.970029 -0.242988 0
    outer loop
      vertex 41.1859 22.0193 2.15
      vertex 41.2491 21.767 9.53674e-07
      vertex 41.2491 21.767 2.15
    endloop
  endfacet
  facet normal -0.514043 -0.857764 0
    outer loop
      vertex 39.8992 23.5871 9.53674e-07
      vertex 40.1223 23.4534 2.15
      vertex 39.8992 23.5871 2.15
    endloop
  endfacet
  facet normal -0.514043 -0.857764 -0
    outer loop
      vertex 40.1223 23.4534 2.15
      vertex 39.8992 23.5871 9.53674e-07
      vertex 40.1223 23.4534 9.53674e-07
    endloop
  endfacet
  facet normal -0.989214 0.146479 0
    outer loop
      vertex 41.2491 20.733 9.53674e-07
      vertex 41.2872 20.9903 2.15
      vertex 41.2872 20.9903 9.53674e-07
    endloop
  endfacet
  facet normal -0.989214 0.146479 0
    outer loop
      vertex 41.2872 20.9903 2.15
      vertex 41.2491 20.733 9.53674e-07
      vertex 41.2491 20.733 2.15
    endloop
  endfacet
  facet normal -0.803128 0.595807 0
    outer loop
      vertex 40.6985 19.5689 9.53674e-07
      vertex 40.8534 19.7777 2.15
      vertex 40.8534 19.7777 9.53674e-07
    endloop
  endfacet
  facet normal -0.803128 0.595807 0
    outer loop
      vertex 40.8534 19.7777 2.15
      vertex 40.6985 19.5689 9.53674e-07
      vertex 40.6985 19.5689 2.15
    endloop
  endfacet
  facet normal -0.671658 0.740861 0
    outer loop
      vertex 40.5238 19.3762 9.53674e-07
      vertex 40.3311 19.2015 2.15
      vertex 40.5238 19.3762 2.15
    endloop
  endfacet
  facet normal -0.671658 0.740861 0
    outer loop
      vertex 40.3311 19.2015 2.15
      vertex 40.5238 19.3762 9.53674e-07
      vertex 40.3311 19.2015 9.53674e-07
    endloop
  endfacet
  facet normal -0.740861 0.671658 0
    outer loop
      vertex 40.5238 19.3762 9.53674e-07
      vertex 40.6985 19.5689 2.15
      vertex 40.6985 19.5689 9.53674e-07
    endloop
  endfacet
  facet normal -0.740861 0.671658 0
    outer loop
      vertex 40.6985 19.5689 2.15
      vertex 40.5238 19.3762 9.53674e-07
      vertex 40.5238 19.3762 2.15
    endloop
  endfacet
  facet normal 0.0492279 0.998788 -0
    outer loop
      vertex 38.65 18.6 9.53674e-07
      vertex 38.3903 18.6128 2.15
      vertex 38.65 18.6 2.15
    endloop
  endfacet
  facet normal 0.0492279 0.998788 0
    outer loop
      vertex 38.3903 18.6128 2.15
      vertex 38.65 18.6 9.53674e-07
      vertex 38.3903 18.6128 9.53674e-07
    endloop
  endfacet
  facet normal -0.146479 0.989214 0
    outer loop
      vertex 39.167 18.6509 9.53674e-07
      vertex 38.9097 18.6128 2.15
      vertex 39.167 18.6509 2.15
    endloop
  endfacet
  facet normal -0.146479 0.989214 0
    outer loop
      vertex 38.9097 18.6128 2.15
      vertex 39.167 18.6509 9.53674e-07
      vertex 38.9097 18.6128 9.53674e-07
    endloop
  endfacet
  facet normal -0.0492279 0.998788 0
    outer loop
      vertex 38.9097 18.6128 9.53674e-07
      vertex 38.65 18.6 2.15
      vertex 38.9097 18.6128 2.15
    endloop
  endfacet
  facet normal -0.0492279 0.998788 0
    outer loop
      vertex 38.65 18.6 2.15
      vertex 38.9097 18.6128 9.53674e-07
      vertex 38.65 18.6 9.53674e-07
    endloop
  endfacet
  facet normal -0.595807 0.803128 0
    outer loop
      vertex 40.3311 19.2015 9.53674e-07
      vertex 40.1223 19.0466 2.15
      vertex 40.3311 19.2015 2.15
    endloop
  endfacet
  facet normal -0.595807 0.803128 0
    outer loop
      vertex 40.1223 19.0466 2.15
      vertex 40.3311 19.2015 9.53674e-07
      vertex 40.1223 19.0466 9.53674e-07
    endloop
  endfacet
  facet normal -0.514043 0.857764 0
    outer loop
      vertex 40.1223 19.0466 9.53674e-07
      vertex 39.8992 18.9129 2.15
      vertex 40.1223 19.0466 2.15
    endloop
  endfacet
  facet normal -0.514043 0.857764 0
    outer loop
      vertex 39.8992 18.9129 2.15
      vertex 40.1223 19.0466 9.53674e-07
      vertex 39.8992 18.9129 9.53674e-07
    endloop
  endfacet
  facet normal 0.998788 0.0492279 0
    outer loop
      vertex 36.0128 20.9903 2.15
      vertex 36 21.25 9.53674e-07
      vertex 36 21.25 2.15
    endloop
  endfacet
  facet normal 0.998788 0.0492279 0
    outer loop
      vertex 36 21.25 9.53674e-07
      vertex 36.0128 20.9903 2.15
      vertex 36.0128 20.9903 9.53674e-07
    endloop
  endfacet
  facet normal 0.941533 0.336921 0
    outer loop
      vertex 36.2017 20.2359 2.15
      vertex 36.1141 20.4807 9.53674e-07
      vertex 36.1141 20.4807 2.15
    endloop
  endfacet
  facet normal 0.941533 0.336921 0
    outer loop
      vertex 36.1141 20.4807 9.53674e-07
      vertex 36.2017 20.2359 2.15
      vertex 36.2017 20.2359 9.53674e-07
    endloop
  endfacet
  facet normal 0.970029 0.242988 0
    outer loop
      vertex 36.1141 20.4807 2.15
      vertex 36.0509 20.733 9.53674e-07
      vertex 36.0509 20.733 2.15
    endloop
  endfacet
  facet normal 0.970029 0.242988 0
    outer loop
      vertex 36.0509 20.733 9.53674e-07
      vertex 36.1141 20.4807 2.15
      vertex 36.1141 20.4807 9.53674e-07
    endloop
  endfacet
  facet normal 0.989214 0.146479 0
    outer loop
      vertex 36.0509 20.733 2.15
      vertex 36.0128 20.9903 9.53674e-07
      vertex 36.0128 20.9903 2.15
    endloop
  endfacet
  facet normal 0.989214 0.146479 0
    outer loop
      vertex 36.0128 20.9903 9.53674e-07
      vertex 36.0509 20.733 2.15
      vertex 36.0509 20.733 9.53674e-07
    endloop
  endfacet
  facet normal 0.857764 0.514043 0
    outer loop
      vertex 36.4466 19.7777 2.15
      vertex 36.3129 20.0008 9.53674e-07
      vertex 36.3129 20.0008 2.15
    endloop
  endfacet
  facet normal 0.857764 0.514043 0
    outer loop
      vertex 36.3129 20.0008 9.53674e-07
      vertex 36.4466 19.7777 2.15
      vertex 36.4466 19.7777 9.53674e-07
    endloop
  endfacet
  facet normal 0.146479 0.989214 -0
    outer loop
      vertex 38.3903 18.6128 9.53674e-07
      vertex 38.133 18.6509 2.15
      vertex 38.3903 18.6128 2.15
    endloop
  endfacet
  facet normal 0.146479 0.989214 0
    outer loop
      vertex 38.133 18.6509 2.15
      vertex 38.3903 18.6128 9.53674e-07
      vertex 38.133 18.6509 9.53674e-07
    endloop
  endfacet
  facet normal 0.336921 0.941533 -0
    outer loop
      vertex 37.8807 18.7141 9.53674e-07
      vertex 37.6359 18.8017 2.15
      vertex 37.8807 18.7141 2.15
    endloop
  endfacet
  facet normal 0.336921 0.941533 0
    outer loop
      vertex 37.6359 18.8017 2.15
      vertex 37.8807 18.7141 9.53674e-07
      vertex 37.6359 18.8017 9.53674e-07
    endloop
  endfacet
  facet normal 0.242988 0.970029 -0
    outer loop
      vertex 38.133 18.6509 9.53674e-07
      vertex 37.8807 18.7141 2.15
      vertex 38.133 18.6509 2.15
    endloop
  endfacet
  facet normal 0.242988 0.970029 0
    outer loop
      vertex 37.8807 18.7141 2.15
      vertex 38.133 18.6509 9.53674e-07
      vertex 37.8807 18.7141 9.53674e-07
    endloop
  endfacet
  facet normal 0.514043 0.857764 -0
    outer loop
      vertex 37.4008 18.9129 9.53674e-07
      vertex 37.1777 19.0466 2.15
      vertex 37.4008 18.9129 2.15
    endloop
  endfacet
  facet normal 0.514043 0.857764 0
    outer loop
      vertex 37.1777 19.0466 2.15
      vertex 37.4008 18.9129 9.53674e-07
      vertex 37.1777 19.0466 9.53674e-07
    endloop
  endfacet
  facet normal 0.595807 0.803128 -0
    outer loop
      vertex 37.1777 19.0466 9.53674e-07
      vertex 36.9689 19.2015 2.15
      vertex 37.1777 19.0466 2.15
    endloop
  endfacet
  facet normal 0.595807 0.803128 0
    outer loop
      vertex 36.9689 19.2015 2.15
      vertex 37.1777 19.0466 9.53674e-07
      vertex 36.9689 19.2015 9.53674e-07
    endloop
  endfacet
  facet normal 0.740861 0.671658 0
    outer loop
      vertex 36.7762 19.3762 2.15
      vertex 36.6015 19.5689 9.53674e-07
      vertex 36.6015 19.5689 2.15
    endloop
  endfacet
  facet normal 0.740861 0.671658 0
    outer loop
      vertex 36.6015 19.5689 9.53674e-07
      vertex 36.7762 19.3762 2.15
      vertex 36.7762 19.3762 9.53674e-07
    endloop
  endfacet
  facet normal -0.998788 0.0492279 0
    outer loop
      vertex 41.2872 20.9903 9.53674e-07
      vertex 41.3 21.25 2.15
      vertex 41.3 21.25 9.53674e-07
    endloop
  endfacet
  facet normal -0.998788 0.0492279 0
    outer loop
      vertex 41.3 21.25 2.15
      vertex 41.2872 20.9903 9.53674e-07
      vertex 41.2872 20.9903 2.15
    endloop
  endfacet
  facet normal -0.857764 -0.514043 0
    outer loop
      vertex 40.9871 22.4992 9.53674e-07
      vertex 40.8534 22.7223 2.15
      vertex 40.8534 22.7223 9.53674e-07
    endloop
  endfacet
  facet normal -0.857764 -0.514043 0
    outer loop
      vertex 40.8534 22.7223 2.15
      vertex 40.9871 22.4992 9.53674e-07
      vertex 40.9871 22.4992 2.15
    endloop
  endfacet
  facet normal 0.970029 -0.242988 0
    outer loop
      vertex 36.0509 21.767 2.15
      vertex 36.1141 22.0193 9.53674e-07
      vertex 36.1141 22.0193 2.15
    endloop
  endfacet
  facet normal 0.970029 -0.242988 0
    outer loop
      vertex 36.1141 22.0193 9.53674e-07
      vertex 36.0509 21.767 2.15
      vertex 36.0509 21.767 9.53674e-07
    endloop
  endfacet
  facet normal -0.146479 -0.989214 0
    outer loop
      vertex 38.9097 23.8872 9.53674e-07
      vertex 39.167 23.8491 2.15
      vertex 38.9097 23.8872 2.15
    endloop
  endfacet
  facet normal -0.146479 -0.989214 -0
    outer loop
      vertex 39.167 23.8491 2.15
      vertex 38.9097 23.8872 9.53674e-07
      vertex 39.167 23.8491 9.53674e-07
    endloop
  endfacet
  facet normal -0.90398 0.427574 0
    outer loop
      vertex 40.9871 20.0008 9.53674e-07
      vertex 41.0983 20.2359 2.15
      vertex 41.0983 20.2359 9.53674e-07
    endloop
  endfacet
  facet normal -0.90398 0.427574 0
    outer loop
      vertex 41.0983 20.2359 2.15
      vertex 40.9871 20.0008 9.53674e-07
      vertex 40.9871 20.0008 2.15
    endloop
  endfacet
  facet normal -0.941533 0.336921 0
    outer loop
      vertex 41.0983 20.2359 9.53674e-07
      vertex 41.1859 20.4807 2.15
      vertex 41.1859 20.4807 9.53674e-07
    endloop
  endfacet
  facet normal -0.941533 0.336921 0
    outer loop
      vertex 41.1859 20.4807 2.15
      vertex 41.0983 20.2359 9.53674e-07
      vertex 41.0983 20.2359 2.15
    endloop
  endfacet
  facet normal -0.970029 0.242988 0
    outer loop
      vertex 41.1859 20.4807 9.53674e-07
      vertex 41.2491 20.733 2.15
      vertex 41.2491 20.733 9.53674e-07
    endloop
  endfacet
  facet normal -0.970029 0.242988 0
    outer loop
      vertex 41.2491 20.733 2.15
      vertex 41.1859 20.4807 9.53674e-07
      vertex 41.1859 20.4807 2.15
    endloop
  endfacet
  facet normal -0.242988 0.970029 0
    outer loop
      vertex 39.4193 18.7141 9.53674e-07
      vertex 39.167 18.6509 2.15
      vertex 39.4193 18.7141 2.15
    endloop
  endfacet
  facet normal -0.242988 0.970029 0
    outer loop
      vertex 39.167 18.6509 2.15
      vertex 39.4193 18.7141 9.53674e-07
      vertex 39.167 18.6509 9.53674e-07
    endloop
  endfacet
  facet normal -0.427574 0.90398 0
    outer loop
      vertex 39.8992 18.9129 9.53674e-07
      vertex 39.6641 18.8017 2.15
      vertex 39.8992 18.9129 2.15
    endloop
  endfacet
  facet normal -0.427574 0.90398 0
    outer loop
      vertex 39.6641 18.8017 2.15
      vertex 39.8992 18.9129 9.53674e-07
      vertex 39.6641 18.8017 9.53674e-07
    endloop
  endfacet
  facet normal -0.989214 -0.146479 0
    outer loop
      vertex 41.2872 21.5097 9.53674e-07
      vertex 41.2491 21.767 2.15
      vertex 41.2491 21.767 9.53674e-07
    endloop
  endfacet
  facet normal -0.989214 -0.146479 0
    outer loop
      vertex 41.2491 21.767 2.15
      vertex 41.2872 21.5097 9.53674e-07
      vertex 41.2872 21.5097 2.15
    endloop
  endfacet
  facet normal -0.998788 -0.0492279 0
    outer loop
      vertex 41.3 21.25 9.53674e-07
      vertex 41.2872 21.5097 2.15
      vertex 41.2872 21.5097 9.53674e-07
    endloop
  endfacet
  facet normal -0.998788 -0.0492279 0
    outer loop
      vertex 41.2872 21.5097 2.15
      vertex 41.3 21.25 9.53674e-07
      vertex 41.3 21.25 2.15
    endloop
  endfacet
  facet normal -0.941533 -0.336921 0
    outer loop
      vertex 41.1859 22.0193 9.53674e-07
      vertex 41.0983 22.2641 2.15
      vertex 41.0983 22.2641 9.53674e-07
    endloop
  endfacet
  facet normal -0.941533 -0.336921 0
    outer loop
      vertex 41.0983 22.2641 2.15
      vertex 41.1859 22.0193 9.53674e-07
      vertex 41.1859 22.0193 2.15
    endloop
  endfacet
  facet normal -0.90398 -0.427574 0
    outer loop
      vertex 41.0983 22.2641 9.53674e-07
      vertex 40.9871 22.4992 2.15
      vertex 40.9871 22.4992 9.53674e-07
    endloop
  endfacet
  facet normal -0.90398 -0.427574 0
    outer loop
      vertex 40.9871 22.4992 2.15
      vertex 41.0983 22.2641 9.53674e-07
      vertex 41.0983 22.2641 2.15
    endloop
  endfacet
  facet normal 0.0492279 -0.998788 0
    outer loop
      vertex 38.3903 23.8872 9.53674e-07
      vertex 38.65 23.9 2.15
      vertex 38.3903 23.8872 2.15
    endloop
  endfacet
  facet normal 0.0492279 -0.998788 0
    outer loop
      vertex 38.65 23.9 2.15
      vertex 38.3903 23.8872 9.53674e-07
      vertex 38.65 23.9 9.53674e-07
    endloop
  endfacet
  facet normal 0.998788 -0.0492279 0
    outer loop
      vertex 36 21.25 2.15
      vertex 36.0128 21.5097 9.53674e-07
      vertex 36.0128 21.5097 2.15
    endloop
  endfacet
  facet normal 0.998788 -0.0492279 0
    outer loop
      vertex 36.0128 21.5097 9.53674e-07
      vertex 36 21.25 2.15
      vertex 36 21.25 9.53674e-07
    endloop
  endfacet
  facet normal 0.941533 -0.336921 0
    outer loop
      vertex 36.1141 22.0193 2.15
      vertex 36.2017 22.2641 9.53674e-07
      vertex 36.2017 22.2641 2.15
    endloop
  endfacet
  facet normal 0.941533 -0.336921 0
    outer loop
      vertex 36.2017 22.2641 9.53674e-07
      vertex 36.1141 22.0193 2.15
      vertex 36.1141 22.0193 9.53674e-07
    endloop
  endfacet
  facet normal -0.803128 -0.595807 0
    outer loop
      vertex 40.8534 22.7223 9.53674e-07
      vertex 40.6985 22.9311 2.15
      vertex 40.6985 22.9311 9.53674e-07
    endloop
  endfacet
  facet normal -0.803128 -0.595807 0
    outer loop
      vertex 40.6985 22.9311 2.15
      vertex 40.8534 22.7223 9.53674e-07
      vertex 40.8534 22.7223 2.15
    endloop
  endfacet
  facet normal 0.242988 -0.970029 0
    outer loop
      vertex 37.8807 23.7859 9.53674e-07
      vertex 38.133 23.8491 2.15
      vertex 37.8807 23.7859 2.15
    endloop
  endfacet
  facet normal 0.242988 -0.970029 0
    outer loop
      vertex 38.133 23.8491 2.15
      vertex 37.8807 23.7859 9.53674e-07
      vertex 38.133 23.8491 9.53674e-07
    endloop
  endfacet
  facet normal -0.0492279 -0.998788 0
    outer loop
      vertex 38.65 23.9 9.53674e-07
      vertex 38.9097 23.8872 2.15
      vertex 38.65 23.9 2.15
    endloop
  endfacet
  facet normal -0.0492279 -0.998788 -0
    outer loop
      vertex 38.9097 23.8872 2.15
      vertex 38.65 23.9 9.53674e-07
      vertex 38.9097 23.8872 9.53674e-07
    endloop
  endfacet
  facet normal 0 0 -1
    outer loop
      vertex 41.2872 20.9903 2.15
      vertex 41.2872 21.5097 2.15
      vertex 41.3 21.25 2.15
    endloop
  endfacet
  facet normal 0 0 -1
    outer loop
      vertex 41.2491 20.733 2.15
      vertex 41.2872 21.5097 2.15
      vertex 41.2872 20.9903 2.15
    endloop
  endfacet
  facet normal 0 0 -1
    outer loop
      vertex 41.2491 20.733 2.15
      vertex 41.2491 21.767 2.15
      vertex 41.2872 21.5097 2.15
    endloop
  endfacet
  facet normal 0 0 -1
    outer loop
      vertex 41.1859 20.4807 2.15
      vertex 41.2491 21.767 2.15
      vertex 41.2491 20.733 2.15
    endloop
  endfacet
  facet normal 0 0 -1
    outer loop
      vertex 41.1859 20.4807 2.15
      vertex 41.1859 22.0193 2.15
      vertex 41.2491 21.767 2.15
    endloop
  endfacet
  facet normal 0 0 -1
    outer loop
      vertex 41.0983 20.2359 2.15
      vertex 41.1859 22.0193 2.15
      vertex 41.1859 20.4807 2.15
    endloop
  endfacet
  facet normal 0 0 -1
    outer loop
      vertex 41.0983 20.2359 2.15
      vertex 41.0983 22.2641 2.15
      vertex 41.1859 22.0193 2.15
    endloop
  endfacet
  facet normal 0 0 -1
    outer loop
      vertex 40.9871 20.0008 2.15
      vertex 41.0983 22.2641 2.15
      vertex 41.0983 20.2359 2.15
    endloop
  endfacet
  facet normal 0 0 -1
    outer loop
      vertex 40.9871 20.0008 2.15
      vertex 40.9871 22.4992 2.15
      vertex 41.0983 22.2641 2.15
    endloop
  endfacet
  facet normal 0 0 -1
    outer loop
      vertex 40.8534 19.7777 2.15
      vertex 40.9871 22.4992 2.15
      vertex 40.9871 20.0008 2.15
    endloop
  endfacet
  facet normal 0 0 -1
    outer loop
      vertex 40.8534 19.7777 2.15
      vertex 40.8534 22.7223 2.15
      vertex 40.9871 22.4992 2.15
    endloop
  endfacet
  facet normal 0 0 -1
    outer loop
      vertex 40.6985 19.5689 2.15
      vertex 40.8534 22.7223 2.15
      vertex 40.8534 19.7777 2.15
    endloop
  endfacet
  facet normal 0 0 -1
    outer loop
      vertex 40.6985 19.5689 2.15
      vertex 40.6985 22.9311 2.15
      vertex 40.8534 22.7223 2.15
    endloop
  endfacet
  facet normal 0 0 -1
    outer loop
      vertex 40.5238 19.3762 2.15
      vertex 40.6985 22.9311 2.15
      vertex 40.6985 19.5689 2.15
    endloop
  endfacet
  facet normal 0 0 -1
    outer loop
      vertex 40.5238 19.3762 2.15
      vertex 40.5238 23.1238 2.15
      vertex 40.6985 22.9311 2.15
    endloop
  endfacet
  facet normal 0 0 -1
    outer loop
      vertex 40.3311 19.2015 2.15
      vertex 40.5238 23.1238 2.15
      vertex 40.5238 19.3762 2.15
    endloop
  endfacet
  facet normal 0 0 -1
    outer loop
      vertex 40.3311 19.2015 2.15
      vertex 40.3311 23.2985 2.15
      vertex 40.5238 23.1238 2.15
    endloop
  endfacet
  facet normal 0 0 -1
    outer loop
      vertex 40.1223 19.0466 2.15
      vertex 40.3311 23.2985 2.15
      vertex 40.3311 19.2015 2.15
    endloop
  endfacet
  facet normal 0 0 -1
    outer loop
      vertex 40.1223 19.0466 2.15
      vertex 40.1223 23.4534 2.15
      vertex 40.3311 23.2985 2.15
    endloop
  endfacet
  facet normal 0 0 -1
    outer loop
      vertex 39.8992 18.9129 2.15
      vertex 40.1223 23.4534 2.15
      vertex 40.1223 19.0466 2.15
    endloop
  endfacet
  facet normal 0 0 -1
    outer loop
      vertex 39.8992 18.9129 2.15
      vertex 39.8992 23.5871 2.15
      vertex 40.1223 23.4534 2.15
    endloop
  endfacet
  facet normal 0 0 -1
    outer loop
      vertex 39.6641 18.8017 2.15
      vertex 39.8992 23.5871 2.15
      vertex 39.8992 18.9129 2.15
    endloop
  endfacet
  facet normal 0 0 -1
    outer loop
      vertex 39.6641 18.8017 2.15
      vertex 39.6641 23.6983 2.15
      vertex 39.8992 23.5871 2.15
    endloop
  endfacet
  facet normal 0 0 -1
    outer loop
      vertex 39.4193 18.7141 2.15
      vertex 39.6641 23.6983 2.15
      vertex 39.6641 18.8017 2.15
    endloop
  endfacet
  facet normal 0 0 -1
    outer loop
      vertex 39.4193 18.7141 2.15
      vertex 39.4193 23.7859 2.15
      vertex 39.6641 23.6983 2.15
    endloop
  endfacet
  facet normal 0 0 -1
    outer loop
      vertex 39.167 18.6509 2.15
      vertex 39.4193 23.7859 2.15
      vertex 39.4193 18.7141 2.15
    endloop
  endfacet
  facet normal 0 0 -1
    outer loop
      vertex 39.167 18.6509 2.15
      vertex 39.167 23.8491 2.15
      vertex 39.4193 23.7859 2.15
    endloop
  endfacet
  facet normal 0 0 -1
    outer loop
      vertex 38.9097 18.6128 2.15
      vertex 39.167 23.8491 2.15
      vertex 39.167 18.6509 2.15
    endloop
  endfacet
  facet normal 0 0 -1
    outer loop
      vertex 38.9097 18.6128 2.15
      vertex 38.9097 23.8872 2.15
      vertex 39.167 23.8491 2.15
    endloop
  endfacet
  facet normal 0 0 -1
    outer loop
      vertex 38.65 18.6 2.15
      vertex 38.9097 23.8872 2.15
      vertex 38.9097 18.6128 2.15
    endloop
  endfacet
  facet normal 0 0 -1
    outer loop
      vertex 38.65 18.6 2.15
      vertex 38.65 23.9 2.15
      vertex 38.9097 23.8872 2.15
    endloop
  endfacet
  facet normal 0 0 -1
    outer loop
      vertex 38.3903 18.6128 2.15
      vertex 38.65 23.9 2.15
      vertex 38.65 18.6 2.15
    endloop
  endfacet
  facet normal 0 0 -1
    outer loop
      vertex 38.3903 18.6128 2.15
      vertex 38.3903 23.8872 2.15
      vertex 38.65 23.9 2.15
    endloop
  endfacet
  facet normal 0 0 -1
    outer loop
      vertex 38.133 18.6509 2.15
      vertex 38.3903 23.8872 2.15
      vertex 38.3903 18.6128 2.15
    endloop
  endfacet
  facet normal 0 0 -1
    outer loop
      vertex 38.133 18.6509 2.15
      vertex 38.133 23.8491 2.15
      vertex 38.3903 23.8872 2.15
    endloop
  endfacet
  facet normal 0 0 -1
    outer loop
      vertex 37.8807 18.7141 2.15
      vertex 38.133 23.8491 2.15
      vertex 38.133 18.6509 2.15
    endloop
  endfacet
  facet normal 0 0 -1
    outer loop
      vertex 37.8807 18.7141 2.15
      vertex 37.8807 23.7859 2.15
      vertex 38.133 23.8491 2.15
    endloop
  endfacet
  facet normal 0 0 -1
    outer loop
      vertex 37.6359 18.8017 2.15
      vertex 37.8807 23.7859 2.15
      vertex 37.8807 18.7141 2.15
    endloop
  endfacet
  facet normal 0 0 -1
    outer loop
      vertex 37.6359 18.8017 2.15
      vertex 37.6359 23.6983 2.15
      vertex 37.8807 23.7859 2.15
    endloop
  endfacet
  facet normal 0 0 -1
    outer loop
      vertex 37.4008 18.9129 2.15
      vertex 37.6359 23.6983 2.15
      vertex 37.6359 18.8017 2.15
    endloop
  endfacet
  facet normal 0 0 -1
    outer loop
      vertex 37.4008 18.9129 2.15
      vertex 37.4008 23.5871 2.15
      vertex 37.6359 23.6983 2.15
    endloop
  endfacet
  facet normal 0 0 -1
    outer loop
      vertex 37.1777 19.0466 2.15
      vertex 37.4008 23.5871 2.15
      vertex 37.4008 18.9129 2.15
    endloop
  endfacet
  facet normal 0 0 -1
    outer loop
      vertex 37.1777 19.0466 2.15
      vertex 37.1777 23.4534 2.15
      vertex 37.4008 23.5871 2.15
    endloop
  endfacet
  facet normal 0 0 -1
    outer loop
      vertex 36.9689 19.2015 2.15
      vertex 37.1777 23.4534 2.15
      vertex 37.1777 19.0466 2.15
    endloop
  endfacet
  facet normal 0 0 -1
    outer loop
      vertex 36.9689 19.2015 2.15
      vertex 36.9689 23.2985 2.15
      vertex 37.1777 23.4534 2.15
    endloop
  endfacet
  facet normal 0 0 -1
    outer loop
      vertex 36.7762 19.3762 2.15
      vertex 36.9689 23.2985 2.15
      vertex 36.9689 19.2015 2.15
    endloop
  endfacet
  facet normal 0 0 -1
    outer loop
      vertex 36.7762 19.3762 2.15
      vertex 36.7762 23.1238 2.15
      vertex 36.9689 23.2985 2.15
    endloop
  endfacet
  facet normal 0 0 -1
    outer loop
      vertex 36.6015 19.5689 2.15
      vertex 36.7762 23.1238 2.15
      vertex 36.7762 19.3762 2.15
    endloop
  endfacet
  facet normal 0 0 -1
    outer loop
      vertex 36.6015 19.5689 2.15
      vertex 36.6015 22.9311 2.15
      vertex 36.7762 23.1238 2.15
    endloop
  endfacet
  facet normal 0 0 -1
    outer loop
      vertex 36.4466 19.7777 2.15
      vertex 36.6015 22.9311 2.15
      vertex 36.6015 19.5689 2.15
    endloop
  endfacet
  facet normal 0 0 -1
    outer loop
      vertex 36.4466 19.7777 2.15
      vertex 36.4466 22.7223 2.15
      vertex 36.6015 22.9311 2.15
    endloop
  endfacet
  facet normal 0 0 -1
    outer loop
      vertex 36.3129 20.0008 2.15
      vertex 36.4466 22.7223 2.15
      vertex 36.4466 19.7777 2.15
    endloop
  endfacet
  facet normal 0 0 -1
    outer loop
      vertex 36.3129 20.0008 2.15
      vertex 36.3129 22.4992 2.15
      vertex 36.4466 22.7223 2.15
    endloop
  endfacet
  facet normal 0 0 -1
    outer loop
      vertex 36.2017 20.2359 2.15
      vertex 36.3129 22.4992 2.15
      vertex 36.3129 20.0008 2.15
    endloop
  endfacet
  facet normal 0 0 -1
    outer loop
      vertex 36.2017 20.2359 2.15
      vertex 36.2017 22.2641 2.15
      vertex 36.3129 22.4992 2.15
    endloop
  endfacet
  facet normal 0 0 -1
    outer loop
      vertex 36.1141 20.4807 2.15
      vertex 36.2017 22.2641 2.15
      vertex 36.2017 20.2359 2.15
    endloop
  endfacet
  facet normal 0 0 -1
    outer loop
      vertex 36.1141 20.4807 2.15
      vertex 36.1141 22.0193 2.15
      vertex 36.2017 22.2641 2.15
    endloop
  endfacet
  facet normal 0 0 -1
    outer loop
      vertex 36.0509 20.733 2.15
      vertex 36.1141 22.0193 2.15
      vertex 36.1141 20.4807 2.15
    endloop
  endfacet
  facet normal 0 0 -1
    outer loop
      vertex 36.0509 20.733 2.15
      vertex 36.0509 21.767 2.15
      vertex 36.1141 22.0193 2.15
    endloop
  endfacet
  facet normal 0 0 -1
    outer loop
      vertex 36.0128 20.9903 2.15
      vertex 36.0509 21.767 2.15
      vertex 36.0509 20.733 2.15
    endloop
  endfacet
  facet normal 0 0 -1
    outer loop
      vertex 36.0128 20.9903 2.15
      vertex 36.0128 21.5097 2.15
      vertex 36.0509 21.767 2.15
    endloop
  endfacet
  facet normal 0 -0 -1
    outer loop
      vertex 36.0128 21.5097 2.15
      vertex 36.0128 20.9903 2.15
      vertex 36 21.25 2.15
    endloop
  endfacet
  facet normal 0.989214 -0.146479 0
    outer loop
      vertex 36.0128 21.5097 2.15
      vertex 36.0509 21.767 9.53674e-07
      vertex 36.0509 21.767 2.15
    endloop
  endfacet
  facet normal 0.989214 -0.146479 0
    outer loop
      vertex 36.0509 21.767 9.53674e-07
      vertex 36.0128 21.5097 2.15
      vertex 36.0128 21.5097 9.53674e-07
    endloop
  endfacet
  facet normal 0.740861 -0.671658 0
    outer loop
      vertex 36.6015 22.9311 2.15
      vertex 36.7762 23.1238 9.53674e-07
      vertex 36.7762 23.1238 2.15
    endloop
  endfacet
  facet normal 0.740861 -0.671658 0
    outer loop
      vertex 36.7762 23.1238 9.53674e-07
      vertex 36.6015 22.9311 2.15
      vertex 36.6015 22.9311 9.53674e-07
    endloop
  endfacet
  facet normal 0.803128 -0.595807 0
    outer loop
      vertex 36.4466 22.7223 2.15
      vertex 36.6015 22.9311 9.53674e-07
      vertex 36.6015 22.9311 2.15
    endloop
  endfacet
  facet normal 0.803128 -0.595807 0
    outer loop
      vertex 36.6015 22.9311 9.53674e-07
      vertex 36.4466 22.7223 2.15
      vertex 36.4466 22.7223 9.53674e-07
    endloop
  endfacet
  facet normal 0.90398 -0.427574 0
    outer loop
      vertex 36.2017 22.2641 2.15
      vertex 36.3129 22.4992 9.53674e-07
      vertex 36.3129 22.4992 2.15
    endloop
  endfacet
  facet normal 0.90398 -0.427574 0
    outer loop
      vertex 36.3129 22.4992 9.53674e-07
      vertex 36.2017 22.2641 2.15
      vertex 36.2017 22.2641 9.53674e-07
    endloop
  endfacet
  facet normal -0.242988 -0.970029 0
    outer loop
      vertex 39.167 23.8491 9.53674e-07
      vertex 39.4193 23.7859 2.15
      vertex 39.167 23.8491 2.15
    endloop
  endfacet
  facet normal -0.242988 -0.970029 -0
    outer loop
      vertex 39.4193 23.7859 2.15
      vertex 39.167 23.8491 9.53674e-07
      vertex 39.4193 23.7859 9.53674e-07
    endloop
  endfacet
  facet normal -0.336921 -0.941533 0
    outer loop
      vertex 39.4193 23.7859 9.53674e-07
      vertex 39.6641 23.6983 2.15
      vertex 39.4193 23.7859 2.15
    endloop
  endfacet
  facet normal -0.336921 -0.941533 -0
    outer loop
      vertex 39.6641 23.6983 2.15
      vertex 39.4193 23.7859 9.53674e-07
      vertex 39.6641 23.6983 9.53674e-07
    endloop
  endfacet
  facet normal -0.671658 -0.740861 0
    outer loop
      vertex 40.3311 23.2985 9.53674e-07
      vertex 40.5238 23.1238 2.15
      vertex 40.3311 23.2985 2.15
    endloop
  endfacet
  facet normal -0.671658 -0.740861 -0
    outer loop
      vertex 40.5238 23.1238 2.15
      vertex 40.3311 23.2985 9.53674e-07
      vertex 40.5238 23.1238 9.53674e-07
    endloop
  endfacet
  facet normal -0.595807 -0.803128 0
    outer loop
      vertex 40.1223 23.4534 9.53674e-07
      vertex 40.3311 23.2985 2.15
      vertex 40.1223 23.4534 2.15
    endloop
  endfacet
  facet normal -0.595807 -0.803128 -0
    outer loop
      vertex 40.3311 23.2985 2.15
      vertex 40.1223 23.4534 9.53674e-07
      vertex 40.3311 23.2985 9.53674e-07
    endloop
  endfacet
  facet normal -0.740861 -0.671658 0
    outer loop
      vertex 40.6985 22.9311 9.53674e-07
      vertex 40.5238 23.1238 2.15
      vertex 40.5238 23.1238 9.53674e-07
    endloop
  endfacet
  facet normal -0.740861 -0.671658 0
    outer loop
      vertex 40.5238 23.1238 2.15
      vertex 40.6985 22.9311 9.53674e-07
      vertex 40.6985 22.9311 2.15
    endloop
  endfacet
  facet normal 0.146479 -0.989214 0
    outer loop
      vertex 38.133 23.8491 9.53674e-07
      vertex 38.3903 23.8872 2.15
      vertex 38.133 23.8491 2.15
    endloop
  endfacet
  facet normal 0.146479 -0.989214 0
    outer loop
      vertex 38.3903 23.8872 2.15
      vertex 38.133 23.8491 9.53674e-07
      vertex 38.3903 23.8872 9.53674e-07
    endloop
  endfacet
  facet normal 0.427574 -0.90398 0
    outer loop
      vertex 37.4008 23.5871 9.53674e-07
      vertex 37.6359 23.6983 2.15
      vertex 37.4008 23.5871 2.15
    endloop
  endfacet
  facet normal 0.427574 -0.90398 0
    outer loop
      vertex 37.6359 23.6983 2.15
      vertex 37.4008 23.5871 9.53674e-07
      vertex 37.6359 23.6983 9.53674e-07
    endloop
  endfacet
  facet normal 0.336921 -0.941533 0
    outer loop
      vertex 37.6359 23.6983 9.53674e-07
      vertex 37.8807 23.7859 2.15
      vertex 37.6359 23.6983 2.15
    endloop
  endfacet
  facet normal 0.336921 -0.941533 0
    outer loop
      vertex 37.8807 23.7859 2.15
      vertex 37.6359 23.6983 9.53674e-07
      vertex 37.8807 23.7859 9.53674e-07
    endloop
  endfacet
  facet normal 0.595807 -0.803128 0
    outer loop
      vertex 36.9689 23.2985 9.53674e-07
      vertex 37.1777 23.4534 2.15
      vertex 36.9689 23.2985 2.15
    endloop
  endfacet
  facet normal 0.595807 -0.803128 0
    outer loop
      vertex 37.1777 23.4534 2.15
      vertex 36.9689 23.2985 9.53674e-07
      vertex 37.1777 23.4534 9.53674e-07
    endloop
  endfacet
  facet normal 0.514043 -0.857764 0
    outer loop
      vertex 37.1777 23.4534 9.53674e-07
      vertex 37.4008 23.5871 2.15
      vertex 37.1777 23.4534 2.15
    endloop
  endfacet
  facet normal 0.514043 -0.857764 0
    outer loop
      vertex 37.4008 23.5871 2.15
      vertex 37.1777 23.4534 9.53674e-07
      vertex 37.4008 23.5871 9.53674e-07
    endloop
  endfacet
  facet normal 0.671658 -0.740861 0
    outer loop
      vertex 36.7762 23.1238 9.53674e-07
      vertex 36.9689 23.2985 2.15
      vertex 36.7762 23.1238 2.15
    endloop
  endfacet
  facet normal 0.671658 -0.740861 0
    outer loop
      vertex 36.9689 23.2985 2.15
      vertex 36.7762 23.1238 9.53674e-07
      vertex 36.9689 23.2985 9.53674e-07
    endloop
  endfacet
  facet normal 0.857764 -0.514043 0
    outer loop
      vertex 36.3129 22.4992 2.15
      vertex 36.4466 22.7223 9.53674e-07
      vertex 36.4466 22.7223 2.15
    endloop
  endfacet
  facet normal 0.857764 -0.514043 0
    outer loop
      vertex 36.4466 22.7223 9.53674e-07
      vertex 36.3129 22.4992 2.15
      vertex 36.3129 22.4992 9.53674e-07
    endloop
  endfacet
  facet normal 0.242979 -0.970032 0
    outer loop
      vertex 2.88074 6.18589 9.53674e-07
      vertex 3.13301 6.24908 2.15
      vertex 2.88074 6.18589 2.15
    endloop
  endfacet
  facet normal 0.242979 -0.970032 0
    outer loop
      vertex 3.13301 6.24908 2.15
      vertex 2.88074 6.18589 9.53674e-07
      vertex 3.13301 6.24908 9.53674e-07
    endloop
  endfacet
  facet normal -0.514111 0.857724 0
    outer loop
      vertex 5.12226 1.44661 9.53674e-07
      vertex 4.8992 1.31291 2.15
      vertex 5.12226 1.44661 2.15
    endloop
  endfacet
  facet normal -0.514111 0.857724 0
    outer loop
      vertex 4.8992 1.31291 2.15
      vertex 5.12226 1.44661 9.53674e-07
      vertex 4.8992 1.31291 9.53674e-07
    endloop
  endfacet
  facet normal 0.427557 0.903988 -0
    outer loop
      vertex 2.63589 1.20172 9.53674e-07
      vertex 2.4008 1.31291 2.15
      vertex 2.63589 1.20172 2.15
    endloop
  endfacet
  facet normal 0.427557 0.903988 0
    outer loop
      vertex 2.4008 1.31291 2.15
      vertex 2.63589 1.20172 9.53674e-07
      vertex 2.4008 1.31291 9.53674e-07
    endloop
  endfacet
  facet normal 0.941547 0.336882 0
    outer loop
      vertex 1.20172 2.63589 2.15
      vertex 1.11411 2.88075 9.53674e-07
      vertex 1.11411 2.88075 2.15
    endloop
  endfacet
  facet normal 0.941547 0.336882 0
    outer loop
      vertex 1.11411 2.88075 9.53674e-07
      vertex 1.20172 2.63589 2.15
      vertex 1.20172 2.63589 9.53674e-07
    endloop
  endfacet
  facet normal 0.857741 -0.514083 0
    outer loop
      vertex 1.31291 4.8992 2.15
      vertex 1.4466 5.12226 9.53674e-07
      vertex 1.4466 5.12226 2.15
    endloop
  endfacet
  facet normal 0.857741 -0.514083 0
    outer loop
      vertex 1.4466 5.12226 9.53674e-07
      vertex 1.31291 4.8992 2.15
      vertex 1.31291 4.8992 9.53674e-07
    endloop
  endfacet
  facet normal -0.970029 0.242988 0
    outer loop
      vertex 6.18589 2.88075 9.53674e-07
      vertex 6.24908 3.13301 2.15
      vertex 6.24908 3.13301 9.53674e-07
    endloop
  endfacet
  facet normal -0.970029 0.242988 0
    outer loop
      vertex 6.24908 3.13301 2.15
      vertex 6.18589 2.88075 9.53674e-07
      vertex 6.18589 2.88075 2.15
    endloop
  endfacet
  facet normal -0.941547 0.336882 0
    outer loop
      vertex 6.09828 2.63589 9.53674e-07
      vertex 6.18589 2.88075 2.15
      vertex 6.18589 2.88075 9.53674e-07
    endloop
  endfacet
  facet normal -0.941547 0.336882 0
    outer loop
      vertex 6.18589 2.88075 2.15
      vertex 6.09828 2.63589 9.53674e-07
      vertex 6.09828 2.63589 2.15
    endloop
  endfacet
  facet normal -0.74094 0.671572 0
    outer loop
      vertex 5.52383 1.77617 9.53674e-07
      vertex 5.69848 1.96886 2.15
      vertex 5.69848 1.96886 9.53674e-07
    endloop
  endfacet
  facet normal -0.74094 0.671572 0
    outer loop
      vertex 5.69848 1.96886 2.15
      vertex 5.52383 1.77617 9.53674e-07
      vertex 5.52383 1.77617 2.15
    endloop
  endfacet
  facet normal -0.427557 0.903988 0
    outer loop
      vertex 4.8992 1.31291 9.53674e-07
      vertex 4.66411 1.20172 2.15
      vertex 4.8992 1.31291 2.15
    endloop
  endfacet
  facet normal -0.427557 0.903988 0
    outer loop
      vertex 4.66411 1.20172 2.15
      vertex 4.8992 1.31291 9.53674e-07
      vertex 4.66411 1.20172 9.53674e-07
    endloop
  endfacet
  facet normal 0 0 -1
    outer loop
      vertex 6.28724 3.39026 2.15
      vertex 6.28724 3.90975 2.15
      vertex 6.3 3.65 2.15
    endloop
  endfacet
  facet normal 0 0 -1
    outer loop
      vertex 6.24908 3.13301 2.15
      vertex 6.28724 3.90975 2.15
      vertex 6.28724 3.39026 2.15
    endloop
  endfacet
  facet normal 0 0 -1
    outer loop
      vertex 6.24908 3.13301 2.15
      vertex 6.24908 4.16699 2.15
      vertex 6.28724 3.90975 2.15
    endloop
  endfacet
  facet normal 0 0 -1
    outer loop
      vertex 6.18589 2.88075 2.15
      vertex 6.24908 4.16699 2.15
      vertex 6.24908 3.13301 2.15
    endloop
  endfacet
  facet normal 0 0 -1
    outer loop
      vertex 6.18589 2.88075 2.15
      vertex 6.18589 4.41925 2.15
      vertex 6.24908 4.16699 2.15
    endloop
  endfacet
  facet normal 0 0 -1
    outer loop
      vertex 6.09828 2.63589 2.15
      vertex 6.18589 4.41925 2.15
      vertex 6.18589 2.88075 2.15
    endloop
  endfacet
  facet normal 0 0 -1
    outer loop
      vertex 6.09828 2.63589 2.15
      vertex 6.09828 4.66411 2.15
      vertex 6.18589 4.41925 2.15
    endloop
  endfacet
  facet normal 0 0 -1
    outer loop
      vertex 5.98709 2.4008 2.15
      vertex 6.09828 4.66411 2.15
      vertex 6.09828 2.63589 2.15
    endloop
  endfacet
  facet normal 0 0 -1
    outer loop
      vertex 5.98709 2.4008 2.15
      vertex 5.98709 4.8992 2.15
      vertex 6.09828 4.66411 2.15
    endloop
  endfacet
  facet normal 0 0 -1
    outer loop
      vertex 5.85339 2.17774 2.15
      vertex 5.98709 4.8992 2.15
      vertex 5.98709 2.4008 2.15
    endloop
  endfacet
  facet normal 0 0 -1
    outer loop
      vertex 5.85339 2.17774 2.15
      vertex 5.85339 5.12226 2.15
      vertex 5.98709 4.8992 2.15
    endloop
  endfacet
  facet normal 0 0 -1
    outer loop
      vertex 5.69848 1.96886 2.15
      vertex 5.85339 5.12226 2.15
      vertex 5.85339 2.17774 2.15
    endloop
  endfacet
  facet normal 0 0 -1
    outer loop
      vertex 5.69848 1.96886 2.15
      vertex 5.69848 5.33114 2.15
      vertex 5.85339 5.12226 2.15
    endloop
  endfacet
  facet normal 0 0 -1
    outer loop
      vertex 5.52383 1.77617 2.15
      vertex 5.69848 5.33114 2.15
      vertex 5.69848 1.96886 2.15
    endloop
  endfacet
  facet normal 0 0 -1
    outer loop
      vertex 5.52383 1.77617 2.15
      vertex 5.52383 5.52383 2.15
      vertex 5.69848 5.33114 2.15
    endloop
  endfacet
  facet normal 0 0 -1
    outer loop
      vertex 5.33114 1.60152 2.15
      vertex 5.52383 5.52383 2.15
      vertex 5.52383 1.77617 2.15
    endloop
  endfacet
  facet normal 0 0 -1
    outer loop
      vertex 5.33114 1.60152 2.15
      vertex 5.33114 5.69848 2.15
      vertex 5.52383 5.52383 2.15
    endloop
  endfacet
  facet normal 0 0 -1
    outer loop
      vertex 5.12226 1.44661 2.15
      vertex 5.33114 5.69848 2.15
      vertex 5.33114 1.60152 2.15
    endloop
  endfacet
  facet normal 0 0 -1
    outer loop
      vertex 5.12226 1.44661 2.15
      vertex 5.12226 5.85339 2.15
      vertex 5.33114 5.69848 2.15
    endloop
  endfacet
  facet normal 0 0 -1
    outer loop
      vertex 4.8992 1.31291 2.15
      vertex 5.12226 5.85339 2.15
      vertex 5.12226 1.44661 2.15
    endloop
  endfacet
  facet normal 0 0 -1
    outer loop
      vertex 4.8992 1.31291 2.15
      vertex 4.8992 5.98709 2.15
      vertex 5.12226 5.85339 2.15
    endloop
  endfacet
  facet normal 0 0 -1
    outer loop
      vertex 4.66411 1.20172 2.15
      vertex 4.8992 5.98709 2.15
      vertex 4.8992 1.31291 2.15
    endloop
  endfacet
  facet normal 0 0 -1
    outer loop
      vertex 4.66411 1.20172 2.15
      vertex 4.66411 6.09828 2.15
      vertex 4.8992 5.98709 2.15
    endloop
  endfacet
  facet normal 0 0 -1
    outer loop
      vertex 4.41925 1.11411 2.15
      vertex 4.66411 6.09828 2.15
      vertex 4.66411 1.20172 2.15
    endloop
  endfacet
  facet normal 0 0 -1
    outer loop
      vertex 4.41925 1.11411 2.15
      vertex 4.41925 6.18589 2.15
      vertex 4.66411 6.09828 2.15
    endloop
  endfacet
  facet normal 0 0 -1
    outer loop
      vertex 4.16699 1.05092 2.15
      vertex 4.41925 6.18589 2.15
      vertex 4.41925 1.11411 2.15
    endloop
  endfacet
  facet normal 0 0 -1
    outer loop
      vertex 4.16699 1.05092 2.15
      vertex 4.16699 6.24908 2.15
      vertex 4.41925 6.18589 2.15
    endloop
  endfacet
  facet normal 0 0 -1
    outer loop
      vertex 3.90975 1.01276 2.15
      vertex 4.16699 6.24908 2.15
      vertex 4.16699 1.05092 2.15
    endloop
  endfacet
  facet normal 0 0 -1
    outer loop
      vertex 3.90975 1.01276 2.15
      vertex 3.90975 6.28724 2.15
      vertex 4.16699 6.24908 2.15
    endloop
  endfacet
  facet normal 0 0 -1
    outer loop
      vertex 3.65 1 2.15
      vertex 3.90975 6.28724 2.15
      vertex 3.90975 1.01276 2.15
    endloop
  endfacet
  facet normal 0 0 -1
    outer loop
      vertex 3.65 1 2.15
      vertex 3.65 6.3 2.15
      vertex 3.90975 6.28724 2.15
    endloop
  endfacet
  facet normal 0 0 -1
    outer loop
      vertex 3.39025 1.01276 2.15
      vertex 3.65 6.3 2.15
      vertex 3.65 1 2.15
    endloop
  endfacet
  facet normal 0 0 -1
    outer loop
      vertex 3.39025 1.01276 2.15
      vertex 3.39025 6.28724 2.15
      vertex 3.65 6.3 2.15
    endloop
  endfacet
  facet normal 0 0 -1
    outer loop
      vertex 3.13301 1.05092 2.15
      vertex 3.39025 6.28724 2.15
      vertex 3.39025 1.01276 2.15
    endloop
  endfacet
  facet normal 0 0 -1
    outer loop
      vertex 3.13301 1.05092 2.15
      vertex 3.13301 6.24908 2.15
      vertex 3.39025 6.28724 2.15
    endloop
  endfacet
  facet normal 0 0 -1
    outer loop
      vertex 2.88074 1.11411 2.15
      vertex 3.13301 6.24908 2.15
      vertex 3.13301 1.05092 2.15
    endloop
  endfacet
  facet normal 0 0 -1
    outer loop
      vertex 2.88074 1.11411 2.15
      vertex 2.88074 6.18589 2.15
      vertex 3.13301 6.24908 2.15
    endloop
  endfacet
  facet normal 0 0 -1
    outer loop
      vertex 2.63589 1.20172 2.15
      vertex 2.88074 6.18589 2.15
      vertex 2.88074 1.11411 2.15
    endloop
  endfacet
  facet normal 0 0 -1
    outer loop
      vertex 2.63589 1.20172 2.15
      vertex 2.63589 6.09828 2.15
      vertex 2.88074 6.18589 2.15
    endloop
  endfacet
  facet normal 0 0 -1
    outer loop
      vertex 2.4008 1.31291 2.15
      vertex 2.63589 6.09828 2.15
      vertex 2.63589 1.20172 2.15
    endloop
  endfacet
  facet normal 0 0 -1
    outer loop
      vertex 2.4008 1.31291 2.15
      vertex 2.4008 5.98709 2.15
      vertex 2.63589 6.09828 2.15
    endloop
  endfacet
  facet normal 0 0 -1
    outer loop
      vertex 2.17774 1.44661 2.15
      vertex 2.4008 5.98709 2.15
      vertex 2.4008 1.31291 2.15
    endloop
  endfacet
  facet normal 0 0 -1
    outer loop
      vertex 2.17774 1.44661 2.15
      vertex 2.17774 5.85339 2.15
      vertex 2.4008 5.98709 2.15
    endloop
  endfacet
  facet normal 0 0 -1
    outer loop
      vertex 1.96886 1.60152 2.15
      vertex 2.17774 5.85339 2.15
      vertex 2.17774 1.44661 2.15
    endloop
  endfacet
  facet normal 0 0 -1
    outer loop
      vertex 1.96886 1.60152 2.15
      vertex 1.96886 5.69848 2.15
      vertex 2.17774 5.85339 2.15
    endloop
  endfacet
  facet normal 0 0 -1
    outer loop
      vertex 1.77617 1.77617 2.15
      vertex 1.96886 5.69848 2.15
      vertex 1.96886 1.60152 2.15
    endloop
  endfacet
  facet normal 0 0 -1
    outer loop
      vertex 1.77617 1.77617 2.15
      vertex 1.77617 5.52383 2.15
      vertex 1.96886 5.69848 2.15
    endloop
  endfacet
  facet normal 0 0 -1
    outer loop
      vertex 1.60152 1.96886 2.15
      vertex 1.77617 5.52383 2.15
      vertex 1.77617 1.77617 2.15
    endloop
  endfacet
  facet normal 0 0 -1
    outer loop
      vertex 1.60152 1.96886 2.15
      vertex 1.60152 5.33114 2.15
      vertex 1.77617 5.52383 2.15
    endloop
  endfacet
  facet normal 0 0 -1
    outer loop
      vertex 1.4466 2.17774 2.15
      vertex 1.60152 5.33114 2.15
      vertex 1.60152 1.96886 2.15
    endloop
  endfacet
  facet normal 0 0 -1
    outer loop
      vertex 1.4466 2.17774 2.15
      vertex 1.4466 5.12226 2.15
      vertex 1.60152 5.33114 2.15
    endloop
  endfacet
  facet normal 0 0 -1
    outer loop
      vertex 1.31291 2.4008 2.15
      vertex 1.4466 5.12226 2.15
      vertex 1.4466 2.17774 2.15
    endloop
  endfacet
  facet normal 0 0 -1
    outer loop
      vertex 1.31291 2.4008 2.15
      vertex 1.31291 4.8992 2.15
      vertex 1.4466 5.12226 2.15
    endloop
  endfacet
  facet normal 0 0 -1
    outer loop
      vertex 1.20172 2.63589 2.15
      vertex 1.31291 4.8992 2.15
      vertex 1.31291 2.4008 2.15
    endloop
  endfacet
  facet normal 0 0 -1
    outer loop
      vertex 1.20172 2.63589 2.15
      vertex 1.20172 4.66411 2.15
      vertex 1.31291 4.8992 2.15
    endloop
  endfacet
  facet normal 0 0 -1
    outer loop
      vertex 1.11411 2.88075 2.15
      vertex 1.20172 4.66411 2.15
      vertex 1.20172 2.63589 2.15
    endloop
  endfacet
  facet normal 0 0 -1
    outer loop
      vertex 1.11411 2.88075 2.15
      vertex 1.11411 4.41925 2.15
      vertex 1.20172 4.66411 2.15
    endloop
  endfacet
  facet normal 0 0 -1
    outer loop
      vertex 1.05092 3.13301 2.15
      vertex 1.11411 4.41925 2.15
      vertex 1.11411 2.88075 2.15
    endloop
  endfacet
  facet normal 0 0 -1
    outer loop
      vertex 1.05092 3.13301 2.15
      vertex 1.05092 4.16699 2.15
      vertex 1.11411 4.41925 2.15
    endloop
  endfacet
  facet normal 0 0 -1
    outer loop
      vertex 1.01276 3.39026 2.15
      vertex 1.05092 4.16699 2.15
      vertex 1.05092 3.13301 2.15
    endloop
  endfacet
  facet normal 0 0 -1
    outer loop
      vertex 1.01276 3.39026 2.15
      vertex 1.01276 3.90975 2.15
      vertex 1.05092 4.16699 2.15
    endloop
  endfacet
  facet normal 0 -0 -1
    outer loop
      vertex 1.01276 3.90975 2.15
      vertex 1.01276 3.39026 2.15
      vertex 1 3.65 2.15
    endloop
  endfacet
  facet normal 0.998796 -0.049065 0
    outer loop
      vertex 1 3.65 2.15
      vertex 1.01276 3.90975 9.53674e-07
      vertex 1.01276 3.90975 2.15
    endloop
  endfacet
  facet normal 0.998796 -0.049065 0
    outer loop
      vertex 1.01276 3.90975 9.53674e-07
      vertex 1 3.65 2.15
      vertex 1 3.65 9.53674e-07
    endloop
  endfacet
  facet normal 0.671572 0.74094 -0
    outer loop
      vertex 1.96886 1.60152 9.53674e-07
      vertex 1.77617 1.77617 2.15
      vertex 1.96886 1.60152 2.15
    endloop
  endfacet
  facet normal 0.671572 0.74094 0
    outer loop
      vertex 1.77617 1.77617 2.15
      vertex 1.96886 1.60152 9.53674e-07
      vertex 1.77617 1.77617 9.53674e-07
    endloop
  endfacet
  facet normal -0.989175 -0.146738 0
    outer loop
      vertex 6.28724 3.90975 9.53674e-07
      vertex 6.24908 4.16699 2.15
      vertex 6.24908 4.16699 9.53674e-07
    endloop
  endfacet
  facet normal -0.989175 -0.146738 0
    outer loop
      vertex 6.24908 4.16699 2.15
      vertex 6.28724 3.90975 9.53674e-07
      vertex 6.28724 3.90975 2.15
    endloop
  endfacet
  facet normal -0.941547 -0.336882 0
    outer loop
      vertex 6.18589 4.41925 9.53674e-07
      vertex 6.09828 4.66411 2.15
      vertex 6.09828 4.66411 9.53674e-07
    endloop
  endfacet
  facet normal -0.941547 -0.336882 0
    outer loop
      vertex 6.09828 4.66411 2.15
      vertex 6.18589 4.41925 9.53674e-07
      vertex 6.18589 4.41925 2.15
    endloop
  endfacet
  facet normal -0.336882 -0.941547 0
    outer loop
      vertex 4.41925 6.18589 9.53674e-07
      vertex 4.66411 6.09828 2.15
      vertex 4.41925 6.18589 2.15
    endloop
  endfacet
  facet normal -0.336882 -0.941547 -0
    outer loop
      vertex 4.66411 6.09828 2.15
      vertex 4.41925 6.18589 9.53674e-07
      vertex 4.66411 6.09828 9.53674e-07
    endloop
  endfacet
  facet normal -0.74094 -0.671572 0
    outer loop
      vertex 5.69848 5.33114 9.53674e-07
      vertex 5.52383 5.52383 2.15
      vertex 5.52383 5.52383 9.53674e-07
    endloop
  endfacet
  facet normal -0.74094 -0.671572 0
    outer loop
      vertex 5.52383 5.52383 2.15
      vertex 5.69848 5.33114 9.53674e-07
      vertex 5.69848 5.33114 2.15
    endloop
  endfacet
  facet normal -0.903988 0.427557 0
    outer loop
      vertex 5.98709 2.4008 9.53674e-07
      vertex 6.09828 2.63589 2.15
      vertex 6.09828 2.63589 9.53674e-07
    endloop
  endfacet
  facet normal -0.903988 0.427557 0
    outer loop
      vertex 6.09828 2.63589 2.15
      vertex 5.98709 2.4008 9.53674e-07
      vertex 5.98709 2.4008 2.15
    endloop
  endfacet
  facet normal -0.857724 0.514111 0
    outer loop
      vertex 5.85339 2.17774 9.53674e-07
      vertex 5.98709 2.4008 2.15
      vertex 5.98709 2.4008 9.53674e-07
    endloop
  endfacet
  facet normal -0.857724 0.514111 0
    outer loop
      vertex 5.98709 2.4008 2.15
      vertex 5.85339 2.17774 9.53674e-07
      vertex 5.85339 2.17774 2.15
    endloop
  endfacet
  facet normal -0.803219 0.595685 0
    outer loop
      vertex 5.69848 1.96886 9.53674e-07
      vertex 5.85339 2.17774 2.15
      vertex 5.85339 2.17774 9.53674e-07
    endloop
  endfacet
  facet normal -0.803219 0.595685 0
    outer loop
      vertex 5.85339 2.17774 2.15
      vertex 5.69848 1.96886 9.53674e-07
      vertex 5.69848 1.96886 2.15
    endloop
  endfacet
  facet normal -0.671572 0.74094 0
    outer loop
      vertex 5.52383 1.77617 9.53674e-07
      vertex 5.33114 1.60152 2.15
      vertex 5.52383 1.77617 2.15
    endloop
  endfacet
  facet normal -0.671572 0.74094 0
    outer loop
      vertex 5.33114 1.60152 2.15
      vertex 5.52383 1.77617 9.53674e-07
      vertex 5.33114 1.60152 9.53674e-07
    endloop
  endfacet
  facet normal 0.049065 0.998796 -0
    outer loop
      vertex 3.65 1 9.53674e-07
      vertex 3.39025 1.01276 2.15
      vertex 3.65 1 2.15
    endloop
  endfacet
  facet normal 0.049065 0.998796 0
    outer loop
      vertex 3.39025 1.01276 2.15
      vertex 3.65 1 9.53674e-07
      vertex 3.39025 1.01276 9.53674e-07
    endloop
  endfacet
  facet normal -0.336882 0.941547 0
    outer loop
      vertex 4.66411 1.20172 9.53674e-07
      vertex 4.41925 1.11411 2.15
      vertex 4.66411 1.20172 2.15
    endloop
  endfacet
  facet normal -0.336882 0.941547 0
    outer loop
      vertex 4.41925 1.11411 2.15
      vertex 4.66411 1.20172 9.53674e-07
      vertex 4.41925 1.11411 9.53674e-07
    endloop
  endfacet
  facet normal -0.146738 0.989175 0
    outer loop
      vertex 4.16699 1.05092 9.53674e-07
      vertex 3.90975 1.01276 2.15
      vertex 4.16699 1.05092 2.15
    endloop
  endfacet
  facet normal -0.146738 0.989175 0
    outer loop
      vertex 3.90975 1.01276 2.15
      vertex 4.16699 1.05092 9.53674e-07
      vertex 3.90975 1.01276 9.53674e-07
    endloop
  endfacet
  facet normal 0.989176 0.146733 0
    outer loop
      vertex 1.05092 3.13301 2.15
      vertex 1.01276 3.39026 9.53674e-07
      vertex 1.01276 3.39026 2.15
    endloop
  endfacet
  facet normal 0.989176 0.146733 0
    outer loop
      vertex 1.01276 3.39026 9.53674e-07
      vertex 1.05092 3.13301 2.15
      vertex 1.05092 3.13301 9.53674e-07
    endloop
  endfacet
  facet normal 0.8032 0.595709 0
    outer loop
      vertex 1.60152 1.96886 2.15
      vertex 1.4466 2.17774 9.53674e-07
      vertex 1.4466 2.17774 2.15
    endloop
  endfacet
  facet normal 0.8032 0.595709 0
    outer loop
      vertex 1.4466 2.17774 9.53674e-07
      vertex 1.60152 1.96886 2.15
      vertex 1.60152 1.96886 9.53674e-07
    endloop
  endfacet
  facet normal 0.857741 0.514083 0
    outer loop
      vertex 1.4466 2.17774 2.15
      vertex 1.31291 2.4008 9.53674e-07
      vertex 1.31291 2.4008 2.15
    endloop
  endfacet
  facet normal 0.857741 0.514083 0
    outer loop
      vertex 1.31291 2.4008 9.53674e-07
      vertex 1.4466 2.17774 2.15
      vertex 1.4466 2.17774 9.53674e-07
    endloop
  endfacet
  facet normal 0.146738 0.989175 -0
    outer loop
      vertex 3.39025 1.01276 9.53674e-07
      vertex 3.13301 1.05092 2.15
      vertex 3.39025 1.01276 2.15
    endloop
  endfacet
  facet normal 0.146738 0.989175 0
    outer loop
      vertex 3.13301 1.05092 2.15
      vertex 3.39025 1.01276 9.53674e-07
      vertex 3.13301 1.05092 9.53674e-07
    endloop
  endfacet
  facet normal 0.242979 0.970032 -0
    outer loop
      vertex 3.13301 1.05092 9.53674e-07
      vertex 2.88074 1.11411 2.15
      vertex 3.13301 1.05092 2.15
    endloop
  endfacet
  facet normal 0.242979 0.970032 0
    outer loop
      vertex 2.88074 1.11411 2.15
      vertex 3.13301 1.05092 9.53674e-07
      vertex 2.88074 1.11411 9.53674e-07
    endloop
  endfacet
  facet normal 0.514111 0.857724 -0
    outer loop
      vertex 2.4008 1.31291 9.53674e-07
      vertex 2.17774 1.44661 2.15
      vertex 2.4008 1.31291 2.15
    endloop
  endfacet
  facet normal 0.514111 0.857724 0
    outer loop
      vertex 2.17774 1.44661 2.15
      vertex 2.4008 1.31291 9.53674e-07
      vertex 2.17774 1.44661 9.53674e-07
    endloop
  endfacet
  facet normal 0.595685 0.803219 -0
    outer loop
      vertex 2.17774 1.44661 9.53674e-07
      vertex 1.96886 1.60152 2.15
      vertex 2.17774 1.44661 2.15
    endloop
  endfacet
  facet normal 0.595685 0.803219 0
    outer loop
      vertex 1.96886 1.60152 2.15
      vertex 2.17774 1.44661 9.53674e-07
      vertex 1.96886 1.60152 9.53674e-07
    endloop
  endfacet
  facet normal 0.74094 0.671572 0
    outer loop
      vertex 1.77617 1.77617 2.15
      vertex 1.60152 1.96886 9.53674e-07
      vertex 1.60152 1.96886 2.15
    endloop
  endfacet
  facet normal 0.74094 0.671572 0
    outer loop
      vertex 1.60152 1.96886 9.53674e-07
      vertex 1.77617 1.77617 2.15
      vertex 1.77617 1.77617 9.53674e-07
    endloop
  endfacet
  facet normal -0.998795 0.0490669 0
    outer loop
      vertex 6.28724 3.39026 9.53674e-07
      vertex 6.3 3.65 2.15
      vertex 6.3 3.65 9.53674e-07
    endloop
  endfacet
  facet normal -0.998795 0.0490669 0
    outer loop
      vertex 6.3 3.65 2.15
      vertex 6.28724 3.39026 9.53674e-07
      vertex 6.28724 3.39026 2.15
    endloop
  endfacet
  facet normal -0.146738 -0.989175 0
    outer loop
      vertex 3.90975 6.28724 9.53674e-07
      vertex 4.16699 6.24908 2.15
      vertex 3.90975 6.28724 2.15
    endloop
  endfacet
  facet normal -0.146738 -0.989175 -0
    outer loop
      vertex 4.16699 6.24908 2.15
      vertex 3.90975 6.28724 9.53674e-07
      vertex 4.16699 6.24908 9.53674e-07
    endloop
  endfacet
  facet normal -0.998796 -0.049065 0
    outer loop
      vertex 6.3 3.65 9.53674e-07
      vertex 6.28724 3.90975 2.15
      vertex 6.28724 3.90975 9.53674e-07
    endloop
  endfacet
  facet normal -0.998796 -0.049065 0
    outer loop
      vertex 6.28724 3.90975 2.15
      vertex 6.3 3.65 9.53674e-07
      vertex 6.3 3.65 2.15
    endloop
  endfacet
  facet normal -0.970029 -0.242988 0
    outer loop
      vertex 6.24908 4.16699 9.53674e-07
      vertex 6.18589 4.41925 2.15
      vertex 6.18589 4.41925 9.53674e-07
    endloop
  endfacet
  facet normal -0.970029 -0.242988 0
    outer loop
      vertex 6.18589 4.41925 2.15
      vertex 6.24908 4.16699 9.53674e-07
      vertex 6.24908 4.16699 2.15
    endloop
  endfacet
  facet normal -0.242988 -0.970029 0
    outer loop
      vertex 4.16699 6.24908 9.53674e-07
      vertex 4.41925 6.18589 2.15
      vertex 4.16699 6.24908 2.15
    endloop
  endfacet
  facet normal -0.242988 -0.970029 -0
    outer loop
      vertex 4.41925 6.18589 2.15
      vertex 4.16699 6.24908 9.53674e-07
      vertex 4.41925 6.18589 9.53674e-07
    endloop
  endfacet
  facet normal -0.514111 -0.857724 0
    outer loop
      vertex 4.8992 5.98709 9.53674e-07
      vertex 5.12226 5.85339 2.15
      vertex 4.8992 5.98709 2.15
    endloop
  endfacet
  facet normal -0.514111 -0.857724 -0
    outer loop
      vertex 5.12226 5.85339 2.15
      vertex 4.8992 5.98709 9.53674e-07
      vertex 5.12226 5.85339 9.53674e-07
    endloop
  endfacet
  facet normal -0.671572 -0.74094 0
    outer loop
      vertex 5.33114 5.69848 9.53674e-07
      vertex 5.52383 5.52383 2.15
      vertex 5.33114 5.69848 2.15
    endloop
  endfacet
  facet normal -0.671572 -0.74094 -0
    outer loop
      vertex 5.52383 5.52383 2.15
      vertex 5.33114 5.69848 9.53674e-07
      vertex 5.52383 5.52383 9.53674e-07
    endloop
  endfacet
  facet normal -0.595685 -0.803219 0
    outer loop
      vertex 5.12226 5.85339 9.53674e-07
      vertex 5.33114 5.69848 2.15
      vertex 5.12226 5.85339 2.15
    endloop
  endfacet
  facet normal -0.595685 -0.803219 -0
    outer loop
      vertex 5.33114 5.69848 2.15
      vertex 5.12226 5.85339 9.53674e-07
      vertex 5.33114 5.69848 9.53674e-07
    endloop
  endfacet
  facet normal -0.803219 -0.595685 0
    outer loop
      vertex 5.85339 5.12226 9.53674e-07
      vertex 5.69848 5.33114 2.15
      vertex 5.69848 5.33114 9.53674e-07
    endloop
  endfacet
  facet normal -0.803219 -0.595685 0
    outer loop
      vertex 5.69848 5.33114 2.15
      vertex 5.85339 5.12226 9.53674e-07
      vertex 5.85339 5.12226 2.15
    endloop
  endfacet
  facet normal -0.903988 -0.427557 0
    outer loop
      vertex 6.09828 4.66411 9.53674e-07
      vertex 5.98709 4.8992 2.15
      vertex 5.98709 4.8992 9.53674e-07
    endloop
  endfacet
  facet normal -0.903988 -0.427557 0
    outer loop
      vertex 5.98709 4.8992 2.15
      vertex 6.09828 4.66411 9.53674e-07
      vertex 6.09828 4.66411 2.15
    endloop
  endfacet
  facet normal -0.857724 -0.514111 0
    outer loop
      vertex 5.98709 4.8992 9.53674e-07
      vertex 5.85339 5.12226 2.15
      vertex 5.85339 5.12226 9.53674e-07
    endloop
  endfacet
  facet normal -0.857724 -0.514111 0
    outer loop
      vertex 5.85339 5.12226 2.15
      vertex 5.98709 4.8992 9.53674e-07
      vertex 5.98709 4.8992 2.15
    endloop
  endfacet
  facet normal 0.049065 -0.998796 0
    outer loop
      vertex 3.39025 6.28724 9.53674e-07
      vertex 3.65 6.3 2.15
      vertex 3.39025 6.28724 2.15
    endloop
  endfacet
  facet normal 0.049065 -0.998796 0
    outer loop
      vertex 3.65 6.3 2.15
      vertex 3.39025 6.28724 9.53674e-07
      vertex 3.65 6.3 9.53674e-07
    endloop
  endfacet
  facet normal -0.049065 -0.998796 0
    outer loop
      vertex 3.65 6.3 9.53674e-07
      vertex 3.90975 6.28724 2.15
      vertex 3.65 6.3 2.15
    endloop
  endfacet
  facet normal -0.049065 -0.998796 -0
    outer loop
      vertex 3.90975 6.28724 2.15
      vertex 3.65 6.3 9.53674e-07
      vertex 3.90975 6.28724 9.53674e-07
    endloop
  endfacet
  facet normal 0.427557 -0.903988 0
    outer loop
      vertex 2.4008 5.98709 9.53674e-07
      vertex 2.63589 6.09828 2.15
      vertex 2.4008 5.98709 2.15
    endloop
  endfacet
  facet normal 0.427557 -0.903988 0
    outer loop
      vertex 2.63589 6.09828 2.15
      vertex 2.4008 5.98709 9.53674e-07
      vertex 2.63589 6.09828 9.53674e-07
    endloop
  endfacet
  facet normal 0.595685 -0.803219 0
    outer loop
      vertex 1.96886 5.69848 9.53674e-07
      vertex 2.17774 5.85339 2.15
      vertex 1.96886 5.69848 2.15
    endloop
  endfacet
  facet normal 0.595685 -0.803219 0
    outer loop
      vertex 2.17774 5.85339 2.15
      vertex 1.96886 5.69848 9.53674e-07
      vertex 2.17774 5.85339 9.53674e-07
    endloop
  endfacet
  facet normal 0.336894 -0.941543 0
    outer loop
      vertex 2.63589 6.09828 9.53674e-07
      vertex 2.88074 6.18589 2.15
      vertex 2.63589 6.09828 2.15
    endloop
  endfacet
  facet normal 0.336894 -0.941543 0
    outer loop
      vertex 2.88074 6.18589 2.15
      vertex 2.63589 6.09828 9.53674e-07
      vertex 2.88074 6.18589 9.53674e-07
    endloop
  endfacet
  facet normal 0.941547 -0.336882 0
    outer loop
      vertex 1.11411 4.41925 2.15
      vertex 1.20172 4.66411 9.53674e-07
      vertex 1.20172 4.66411 2.15
    endloop
  endfacet
  facet normal 0.941547 -0.336882 0
    outer loop
      vertex 1.20172 4.66411 9.53674e-07
      vertex 1.11411 4.41925 2.15
      vertex 1.11411 4.41925 9.53674e-07
    endloop
  endfacet
  facet normal 0.989175 -0.146738 0
    outer loop
      vertex 1.01276 3.90975 2.15
      vertex 1.05092 4.16699 9.53674e-07
      vertex 1.05092 4.16699 2.15
    endloop
  endfacet
  facet normal 0.989175 -0.146738 0
    outer loop
      vertex 1.05092 4.16699 9.53674e-07
      vertex 1.01276 3.90975 2.15
      vertex 1.01276 3.90975 9.53674e-07
    endloop
  endfacet
  facet normal 0.671572 -0.74094 0
    outer loop
      vertex 1.77617 5.52383 9.53674e-07
      vertex 1.96886 5.69848 2.15
      vertex 1.77617 5.52383 2.15
    endloop
  endfacet
  facet normal 0.671572 -0.74094 0
    outer loop
      vertex 1.96886 5.69848 2.15
      vertex 1.77617 5.52383 9.53674e-07
      vertex 1.96886 5.69848 9.53674e-07
    endloop
  endfacet
  facet normal 0.74094 -0.671572 0
    outer loop
      vertex 1.60152 5.33114 2.15
      vertex 1.77617 5.52383 9.53674e-07
      vertex 1.77617 5.52383 2.15
    endloop
  endfacet
  facet normal 0.74094 -0.671572 0
    outer loop
      vertex 1.77617 5.52383 9.53674e-07
      vertex 1.60152 5.33114 2.15
      vertex 1.60152 5.33114 9.53674e-07
    endloop
  endfacet
  facet normal -0.989176 0.146733 0
    outer loop
      vertex 6.24908 3.13301 9.53674e-07
      vertex 6.28724 3.39026 2.15
      vertex 6.28724 3.39026 9.53674e-07
    endloop
  endfacet
  facet normal -0.989176 0.146733 0
    outer loop
      vertex 6.28724 3.39026 2.15
      vertex 6.24908 3.13301 9.53674e-07
      vertex 6.24908 3.13301 2.15
    endloop
  endfacet
  facet normal -0.595685 0.803219 0
    outer loop
      vertex 5.33114 1.60152 9.53674e-07
      vertex 5.12226 1.44661 2.15
      vertex 5.33114 1.60152 2.15
    endloop
  endfacet
  facet normal -0.595685 0.803219 0
    outer loop
      vertex 5.12226 1.44661 2.15
      vertex 5.33114 1.60152 9.53674e-07
      vertex 5.12226 1.44661 9.53674e-07
    endloop
  endfacet
  facet normal -0.049065 0.998796 0
    outer loop
      vertex 3.90975 1.01276 9.53674e-07
      vertex 3.65 1 2.15
      vertex 3.90975 1.01276 2.15
    endloop
  endfacet
  facet normal -0.049065 0.998796 0
    outer loop
      vertex 3.65 1 2.15
      vertex 3.90975 1.01276 9.53674e-07
      vertex 3.65 1 9.53674e-07
    endloop
  endfacet
  facet normal -0.242988 0.970029 0
    outer loop
      vertex 4.41925 1.11411 9.53674e-07
      vertex 4.16699 1.05092 2.15
      vertex 4.41925 1.11411 2.15
    endloop
  endfacet
  facet normal -0.242988 0.970029 0
    outer loop
      vertex 4.16699 1.05092 2.15
      vertex 4.41925 1.11411 9.53674e-07
      vertex 4.16699 1.05092 9.53674e-07
    endloop
  endfacet
  facet normal 0.998795 0.0490669 0
    outer loop
      vertex 1.01276 3.39026 2.15
      vertex 1 3.65 9.53674e-07
      vertex 1 3.65 2.15
    endloop
  endfacet
  facet normal 0.998795 0.0490669 0
    outer loop
      vertex 1 3.65 9.53674e-07
      vertex 1.01276 3.39026 2.15
      vertex 1.01276 3.39026 9.53674e-07
    endloop
  endfacet
  facet normal 0.970029 0.242988 0
    outer loop
      vertex 1.11411 2.88075 2.15
      vertex 1.05092 3.13301 9.53674e-07
      vertex 1.05092 3.13301 2.15
    endloop
  endfacet
  facet normal 0.970029 0.242988 0
    outer loop
      vertex 1.05092 3.13301 9.53674e-07
      vertex 1.11411 2.88075 2.15
      vertex 1.11411 2.88075 9.53674e-07
    endloop
  endfacet
  facet normal 0.903988 0.427557 0
    outer loop
      vertex 1.31291 2.4008 2.15
      vertex 1.20172 2.63589 9.53674e-07
      vertex 1.20172 2.63589 2.15
    endloop
  endfacet
  facet normal 0.903988 0.427557 0
    outer loop
      vertex 1.20172 2.63589 9.53674e-07
      vertex 1.31291 2.4008 2.15
      vertex 1.31291 2.4008 9.53674e-07
    endloop
  endfacet
  facet normal 0.336894 0.941543 -0
    outer loop
      vertex 2.88074 1.11411 9.53674e-07
      vertex 2.63589 1.20172 2.15
      vertex 2.88074 1.11411 2.15
    endloop
  endfacet
  facet normal 0.336894 0.941543 0
    outer loop
      vertex 2.63589 1.20172 2.15
      vertex 2.88074 1.11411 9.53674e-07
      vertex 2.63589 1.20172 9.53674e-07
    endloop
  endfacet
  facet normal -0.427557 -0.903988 0
    outer loop
      vertex 4.66411 6.09828 9.53674e-07
      vertex 4.8992 5.98709 2.15
      vertex 4.66411 6.09828 2.15
    endloop
  endfacet
  facet normal -0.427557 -0.903988 -0
    outer loop
      vertex 4.8992 5.98709 2.15
      vertex 4.66411 6.09828 9.53674e-07
      vertex 4.8992 5.98709 9.53674e-07
    endloop
  endfacet
  facet normal 0.146738 -0.989175 0
    outer loop
      vertex 3.13301 6.24908 9.53674e-07
      vertex 3.39025 6.28724 2.15
      vertex 3.13301 6.24908 2.15
    endloop
  endfacet
  facet normal 0.146738 -0.989175 0
    outer loop
      vertex 3.39025 6.28724 2.15
      vertex 3.13301 6.24908 9.53674e-07
      vertex 3.39025 6.28724 9.53674e-07
    endloop
  endfacet
  facet normal 0.514111 -0.857724 0
    outer loop
      vertex 2.17774 5.85339 9.53674e-07
      vertex 2.4008 5.98709 2.15
      vertex 2.17774 5.85339 2.15
    endloop
  endfacet
  facet normal 0.514111 -0.857724 0
    outer loop
      vertex 2.4008 5.98709 2.15
      vertex 2.17774 5.85339 9.53674e-07
      vertex 2.4008 5.98709 9.53674e-07
    endloop
  endfacet
  facet normal 0.970029 -0.242988 0
    outer loop
      vertex 1.05092 4.16699 2.15
      vertex 1.11411 4.41925 9.53674e-07
      vertex 1.11411 4.41925 2.15
    endloop
  endfacet
  facet normal 0.970029 -0.242988 0
    outer loop
      vertex 1.11411 4.41925 9.53674e-07
      vertex 1.05092 4.16699 2.15
      vertex 1.05092 4.16699 9.53674e-07
    endloop
  endfacet
  facet normal 0.903988 -0.427557 0
    outer loop
      vertex 1.20172 4.66411 2.15
      vertex 1.31291 4.8992 9.53674e-07
      vertex 1.31291 4.8992 2.15
    endloop
  endfacet
  facet normal 0.903988 -0.427557 0
    outer loop
      vertex 1.31291 4.8992 9.53674e-07
      vertex 1.20172 4.66411 2.15
      vertex 1.20172 4.66411 9.53674e-07
    endloop
  endfacet
  facet normal 0.8032 -0.595709 0
    outer loop
      vertex 1.4466 5.12226 2.15
      vertex 1.60152 5.33114 9.53674e-07
      vertex 1.60152 5.33114 2.15
    endloop
  endfacet
  facet normal 0.8032 -0.595709 0
    outer loop
      vertex 1.60152 5.33114 9.53674e-07
      vertex 1.4466 5.12226 2.15
      vertex 1.4466 5.12226 9.53674e-07
    endloop
  endfacet
  facet normal -0.595832 0.803109 0
    outer loop
      vertex 40.3311 1.60152 9.53674e-07
      vertex 40.1223 1.44661 2.15
      vertex 40.3311 1.60152 2.15
    endloop
  endfacet
  facet normal -0.595832 0.803109 0
    outer loop
      vertex 40.1223 1.44661 2.15
      vertex 40.3311 1.60152 9.53674e-07
      vertex 40.1223 1.44661 9.53674e-07
    endloop
  endfacet
  facet normal 0.242952 -0.970038 0
    outer loop
      vertex 37.8807 6.18589 9.53674e-07
      vertex 38.133 6.24908 2.15
      vertex 37.8807 6.18589 2.15
    endloop
  endfacet
  facet normal 0.242952 -0.970038 0
    outer loop
      vertex 38.133 6.24908 2.15
      vertex 37.8807 6.18589 9.53674e-07
      vertex 38.133 6.24908 9.53674e-07
    endloop
  endfacet
  facet normal -0.514043 0.857764 0
    outer loop
      vertex 40.1223 1.44661 9.53674e-07
      vertex 39.8992 1.31291 2.15
      vertex 40.1223 1.44661 2.15
    endloop
  endfacet
  facet normal -0.514043 0.857764 0
    outer loop
      vertex 39.8992 1.31291 2.15
      vertex 40.1223 1.44661 9.53674e-07
      vertex 39.8992 1.31291 9.53674e-07
    endloop
  endfacet
  facet normal 0.427542 0.903995 -0
    outer loop
      vertex 37.6359 1.20172 9.53674e-07
      vertex 37.4008 1.31291 2.15
      vertex 37.6359 1.20172 2.15
    endloop
  endfacet
  facet normal 0.427542 0.903995 0
    outer loop
      vertex 37.4008 1.31291 2.15
      vertex 37.6359 1.20172 9.53674e-07
      vertex 37.4008 1.31291 9.53674e-07
    endloop
  endfacet
  facet normal 0.941559 0.336848 0
    outer loop
      vertex 36.2017 2.63589 2.15
      vertex 36.1141 2.88075 9.53674e-07
      vertex 36.1141 2.88075 2.15
    endloop
  endfacet
  facet normal 0.941559 0.336848 0
    outer loop
      vertex 36.1141 2.88075 9.53674e-07
      vertex 36.2017 2.63589 2.15
      vertex 36.2017 2.63589 9.53674e-07
    endloop
  endfacet
  facet normal 0.857724 -0.514111 0
    outer loop
      vertex 36.3129 4.8992 2.15
      vertex 36.4466 5.12226 9.53674e-07
      vertex 36.4466 5.12226 2.15
    endloop
  endfacet
  facet normal 0.857724 -0.514111 0
    outer loop
      vertex 36.4466 5.12226 9.53674e-07
      vertex 36.3129 4.8992 2.15
      vertex 36.3129 4.8992 9.53674e-07
    endloop
  endfacet
  facet normal -0.97002 0.243024 0
    outer loop
      vertex 41.1859 2.88075 9.53674e-07
      vertex 41.2491 3.13301 2.15
      vertex 41.2491 3.13301 9.53674e-07
    endloop
  endfacet
  facet normal -0.97002 0.243024 0
    outer loop
      vertex 41.2491 3.13301 2.15
      vertex 41.1859 2.88075 9.53674e-07
      vertex 41.1859 2.88075 2.15
    endloop
  endfacet
  facet normal -0.941559 0.336848 0
    outer loop
      vertex 41.0983 2.63589 9.53674e-07
      vertex 41.1859 2.88075 2.15
      vertex 41.1859 2.88075 9.53674e-07
    endloop
  endfacet
  facet normal -0.941559 0.336848 0
    outer loop
      vertex 41.1859 2.88075 2.15
      vertex 41.0983 2.63589 9.53674e-07
      vertex 41.0983 2.63589 2.15
    endloop
  endfacet
  facet normal -0.740844 0.671677 0
    outer loop
      vertex 40.5238 1.77617 9.53674e-07
      vertex 40.6985 1.96886 2.15
      vertex 40.6985 1.96886 9.53674e-07
    endloop
  endfacet
  facet normal -0.740844 0.671677 0
    outer loop
      vertex 40.6985 1.96886 2.15
      vertex 40.5238 1.77617 9.53674e-07
      vertex 40.5238 1.77617 2.15
    endloop
  endfacet
  facet normal -0.427542 0.903995 0
    outer loop
      vertex 39.8992 1.31291 9.53674e-07
      vertex 39.6641 1.20172 2.15
      vertex 39.8992 1.31291 2.15
    endloop
  endfacet
  facet normal -0.427542 0.903995 0
    outer loop
      vertex 39.6641 1.20172 2.15
      vertex 39.8992 1.31291 9.53674e-07
      vertex 39.6641 1.20172 9.53674e-07
    endloop
  endfacet
  facet normal 0 0 -1
    outer loop
      vertex 41.2872 3.39026 2.15
      vertex 41.2872 3.90975 2.15
      vertex 41.3 3.65 2.15
    endloop
  endfacet
  facet normal 0 0 -1
    outer loop
      vertex 41.2491 3.13301 2.15
      vertex 41.2872 3.90975 2.15
      vertex 41.2872 3.39026 2.15
    endloop
  endfacet
  facet normal 0 0 -1
    outer loop
      vertex 41.2491 3.13301 2.15
      vertex 41.2491 4.16699 2.15
      vertex 41.2872 3.90975 2.15
    endloop
  endfacet
  facet normal 0 0 -1
    outer loop
      vertex 41.1859 2.88075 2.15
      vertex 41.2491 4.16699 2.15
      vertex 41.2491 3.13301 2.15
    endloop
  endfacet
  facet normal 0 0 -1
    outer loop
      vertex 41.1859 2.88075 2.15
      vertex 41.1859 4.41925 2.15
      vertex 41.2491 4.16699 2.15
    endloop
  endfacet
  facet normal 0 0 -1
    outer loop
      vertex 41.0983 2.63589 2.15
      vertex 41.1859 4.41925 2.15
      vertex 41.1859 2.88075 2.15
    endloop
  endfacet
  facet normal 0 0 -1
    outer loop
      vertex 41.0983 2.63589 2.15
      vertex 41.0983 4.66411 2.15
      vertex 41.1859 4.41925 2.15
    endloop
  endfacet
  facet normal 0 0 -1
    outer loop
      vertex 40.9871 2.4008 2.15
      vertex 41.0983 4.66411 2.15
      vertex 41.0983 2.63589 2.15
    endloop
  endfacet
  facet normal 0 0 -1
    outer loop
      vertex 40.9871 2.4008 2.15
      vertex 40.9871 4.8992 2.15
      vertex 41.0983 4.66411 2.15
    endloop
  endfacet
  facet normal 0 0 -1
    outer loop
      vertex 40.8534 2.17774 2.15
      vertex 40.9871 4.8992 2.15
      vertex 40.9871 2.4008 2.15
    endloop
  endfacet
  facet normal 0 0 -1
    outer loop
      vertex 40.8534 2.17774 2.15
      vertex 40.8534 5.12226 2.15
      vertex 40.9871 4.8992 2.15
    endloop
  endfacet
  facet normal 0 0 -1
    outer loop
      vertex 40.6985 1.96886 2.15
      vertex 40.8534 5.12226 2.15
      vertex 40.8534 2.17774 2.15
    endloop
  endfacet
  facet normal 0 0 -1
    outer loop
      vertex 40.6985 1.96886 2.15
      vertex 40.6985 5.33114 2.15
      vertex 40.8534 5.12226 2.15
    endloop
  endfacet
  facet normal 0 0 -1
    outer loop
      vertex 40.5238 1.77617 2.15
      vertex 40.6985 5.33114 2.15
      vertex 40.6985 1.96886 2.15
    endloop
  endfacet
  facet normal 0 0 -1
    outer loop
      vertex 40.5238 1.77617 2.15
      vertex 40.5238 5.52383 2.15
      vertex 40.6985 5.33114 2.15
    endloop
  endfacet
  facet normal 0 0 -1
    outer loop
      vertex 40.3311 1.60152 2.15
      vertex 40.5238 5.52383 2.15
      vertex 40.5238 1.77617 2.15
    endloop
  endfacet
  facet normal 0 0 -1
    outer loop
      vertex 40.3311 1.60152 2.15
      vertex 40.3311 5.69848 2.15
      vertex 40.5238 5.52383 2.15
    endloop
  endfacet
  facet normal 0 0 -1
    outer loop
      vertex 40.1223 1.44661 2.15
      vertex 40.3311 5.69848 2.15
      vertex 40.3311 1.60152 2.15
    endloop
  endfacet
  facet normal 0 0 -1
    outer loop
      vertex 40.1223 1.44661 2.15
      vertex 40.1223 5.85339 2.15
      vertex 40.3311 5.69848 2.15
    endloop
  endfacet
  facet normal 0 0 -1
    outer loop
      vertex 39.8992 1.31291 2.15
      vertex 40.1223 5.85339 2.15
      vertex 40.1223 1.44661 2.15
    endloop
  endfacet
  facet normal 0 0 -1
    outer loop
      vertex 39.8992 1.31291 2.15
      vertex 39.8992 5.98709 2.15
      vertex 40.1223 5.85339 2.15
    endloop
  endfacet
  facet normal 0 0 -1
    outer loop
      vertex 39.6641 1.20172 2.15
      vertex 39.8992 5.98709 2.15
      vertex 39.8992 1.31291 2.15
    endloop
  endfacet
  facet normal 0 0 -1
    outer loop
      vertex 39.6641 1.20172 2.15
      vertex 39.6641 6.09828 2.15
      vertex 39.8992 5.98709 2.15
    endloop
  endfacet
  facet normal 0 0 -1
    outer loop
      vertex 39.4193 1.11411 2.15
      vertex 39.6641 6.09828 2.15
      vertex 39.6641 1.20172 2.15
    endloop
  endfacet
  facet normal 0 0 -1
    outer loop
      vertex 39.4193 1.11411 2.15
      vertex 39.4193 6.18589 2.15
      vertex 39.6641 6.09828 2.15
    endloop
  endfacet
  facet normal 0 0 -1
    outer loop
      vertex 39.167 1.05092 2.15
      vertex 39.4193 6.18589 2.15
      vertex 39.4193 1.11411 2.15
    endloop
  endfacet
  facet normal 0 0 -1
    outer loop
      vertex 39.167 1.05092 2.15
      vertex 39.167 6.24908 2.15
      vertex 39.4193 6.18589 2.15
    endloop
  endfacet
  facet normal 0 0 -1
    outer loop
      vertex 38.9097 1.01276 2.15
      vertex 39.167 6.24908 2.15
      vertex 39.167 1.05092 2.15
    endloop
  endfacet
  facet normal 0 0 -1
    outer loop
      vertex 38.9097 1.01276 2.15
      vertex 38.9097 6.28724 2.15
      vertex 39.167 6.24908 2.15
    endloop
  endfacet
  facet normal 0 0 -1
    outer loop
      vertex 38.65 1 2.15
      vertex 38.9097 6.28724 2.15
      vertex 38.9097 1.01276 2.15
    endloop
  endfacet
  facet normal 0 0 -1
    outer loop
      vertex 38.65 1 2.15
      vertex 38.65 6.3 2.15
      vertex 38.9097 6.28724 2.15
    endloop
  endfacet
  facet normal 0 0 -1
    outer loop
      vertex 38.3903 1.01276 2.15
      vertex 38.65 6.3 2.15
      vertex 38.65 1 2.15
    endloop
  endfacet
  facet normal 0 0 -1
    outer loop
      vertex 38.3903 1.01276 2.15
      vertex 38.3903 6.28724 2.15
      vertex 38.65 6.3 2.15
    endloop
  endfacet
  facet normal 0 0 -1
    outer loop
      vertex 38.133 1.05092 2.15
      vertex 38.3903 6.28724 2.15
      vertex 38.3903 1.01276 2.15
    endloop
  endfacet
  facet normal 0 0 -1
    outer loop
      vertex 38.133 1.05092 2.15
      vertex 38.133 6.24908 2.15
      vertex 38.3903 6.28724 2.15
    endloop
  endfacet
  facet normal 0 0 -1
    outer loop
      vertex 37.8807 1.11411 2.15
      vertex 38.133 6.24908 2.15
      vertex 38.133 1.05092 2.15
    endloop
  endfacet
  facet normal 0 0 -1
    outer loop
      vertex 37.8807 1.11411 2.15
      vertex 37.8807 6.18589 2.15
      vertex 38.133 6.24908 2.15
    endloop
  endfacet
  facet normal 0 0 -1
    outer loop
      vertex 37.6359 1.20172 2.15
      vertex 37.8807 6.18589 2.15
      vertex 37.8807 1.11411 2.15
    endloop
  endfacet
  facet normal 0 0 -1
    outer loop
      vertex 37.6359 1.20172 2.15
      vertex 37.6359 6.09828 2.15
      vertex 37.8807 6.18589 2.15
    endloop
  endfacet
  facet normal 0 0 -1
    outer loop
      vertex 37.4008 1.31291 2.15
      vertex 37.6359 6.09828 2.15
      vertex 37.6359 1.20172 2.15
    endloop
  endfacet
  facet normal 0 0 -1
    outer loop
      vertex 37.4008 1.31291 2.15
      vertex 37.4008 5.98709 2.15
      vertex 37.6359 6.09828 2.15
    endloop
  endfacet
  facet normal 0 0 -1
    outer loop
      vertex 37.1777 1.44661 2.15
      vertex 37.4008 5.98709 2.15
      vertex 37.4008 1.31291 2.15
    endloop
  endfacet
  facet normal 0 0 -1
    outer loop
      vertex 37.1777 1.44661 2.15
      vertex 37.1777 5.85339 2.15
      vertex 37.4008 5.98709 2.15
    endloop
  endfacet
  facet normal 0 0 -1
    outer loop
      vertex 36.9689 1.60152 2.15
      vertex 37.1777 5.85339 2.15
      vertex 37.1777 1.44661 2.15
    endloop
  endfacet
  facet normal 0 0 -1
    outer loop
      vertex 36.9689 1.60152 2.15
      vertex 36.9689 5.69848 2.15
      vertex 37.1777 5.85339 2.15
    endloop
  endfacet
  facet normal 0 0 -1
    outer loop
      vertex 36.7762 1.77617 2.15
      vertex 36.9689 5.69848 2.15
      vertex 36.9689 1.60152 2.15
    endloop
  endfacet
  facet normal 0 0 -1
    outer loop
      vertex 36.7762 1.77617 2.15
      vertex 36.7762 5.52383 2.15
      vertex 36.9689 5.69848 2.15
    endloop
  endfacet
  facet normal 0 0 -1
    outer loop
      vertex 36.6015 1.96886 2.15
      vertex 36.7762 5.52383 2.15
      vertex 36.7762 1.77617 2.15
    endloop
  endfacet
  facet normal 0 0 -1
    outer loop
      vertex 36.6015 1.96886 2.15
      vertex 36.6015 5.33114 2.15
      vertex 36.7762 5.52383 2.15
    endloop
  endfacet
  facet normal 0 0 -1
    outer loop
      vertex 36.4466 2.17774 2.15
      vertex 36.6015 5.33114 2.15
      vertex 36.6015 1.96886 2.15
    endloop
  endfacet
  facet normal 0 0 -1
    outer loop
      vertex 36.4466 2.17774 2.15
      vertex 36.4466 5.12226 2.15
      vertex 36.6015 5.33114 2.15
    endloop
  endfacet
  facet normal 0 0 -1
    outer loop
      vertex 36.3129 2.4008 2.15
      vertex 36.4466 5.12226 2.15
      vertex 36.4466 2.17774 2.15
    endloop
  endfacet
  facet normal 0 0 -1
    outer loop
      vertex 36.3129 2.4008 2.15
      vertex 36.3129 4.8992 2.15
      vertex 36.4466 5.12226 2.15
    endloop
  endfacet
  facet normal 0 0 -1
    outer loop
      vertex 36.2017 2.63589 2.15
      vertex 36.3129 4.8992 2.15
      vertex 36.3129 2.4008 2.15
    endloop
  endfacet
  facet normal 0 0 -1
    outer loop
      vertex 36.2017 2.63589 2.15
      vertex 36.2017 4.66411 2.15
      vertex 36.3129 4.8992 2.15
    endloop
  endfacet
  facet normal 0 0 -1
    outer loop
      vertex 36.1141 2.88075 2.15
      vertex 36.2017 4.66411 2.15
      vertex 36.2017 2.63589 2.15
    endloop
  endfacet
  facet normal 0 0 -1
    outer loop
      vertex 36.1141 2.88075 2.15
      vertex 36.1141 4.41925 2.15
      vertex 36.2017 4.66411 2.15
    endloop
  endfacet
  facet normal 0 0 -1
    outer loop
      vertex 36.0509 3.13301 2.15
      vertex 36.1141 4.41925 2.15
      vertex 36.1141 2.88075 2.15
    endloop
  endfacet
  facet normal 0 0 -1
    outer loop
      vertex 36.0509 3.13301 2.15
      vertex 36.0509 4.16699 2.15
      vertex 36.1141 4.41925 2.15
    endloop
  endfacet
  facet normal 0 0 -1
    outer loop
      vertex 36.0128 3.39026 2.15
      vertex 36.0509 4.16699 2.15
      vertex 36.0509 3.13301 2.15
    endloop
  endfacet
  facet normal 0 0 -1
    outer loop
      vertex 36.0128 3.39026 2.15
      vertex 36.0128 3.90975 2.15
      vertex 36.0509 4.16699 2.15
    endloop
  endfacet
  facet normal 0 -0 -1
    outer loop
      vertex 36.0128 3.90975 2.15
      vertex 36.0128 3.39026 2.15
      vertex 36 3.65 2.15
    endloop
  endfacet
  facet normal 0.998788 -0.0492184 0
    outer loop
      vertex 36 3.65 2.15
      vertex 36.0128 3.90975 9.53674e-07
      vertex 36.0128 3.90975 2.15
    endloop
  endfacet
  facet normal 0.998788 -0.0492184 0
    outer loop
      vertex 36.0128 3.90975 9.53674e-07
      vertex 36 3.65 2.15
      vertex 36 3.65 9.53674e-07
    endloop
  endfacet
  facet normal 0.671552 0.740957 -0
    outer loop
      vertex 36.9689 1.60152 9.53674e-07
      vertex 36.7762 1.77617 2.15
      vertex 36.9689 1.60152 2.15
    endloop
  endfacet
  facet normal 0.671552 0.740957 0
    outer loop
      vertex 36.7762 1.77617 2.15
      vertex 36.9689 1.60152 9.53674e-07
      vertex 36.7762 1.77617 9.53674e-07
    endloop
  endfacet
  facet normal -0.989209 -0.146512 0
    outer loop
      vertex 41.2872 3.90975 9.53674e-07
      vertex 41.2491 4.16699 2.15
      vertex 41.2491 4.16699 9.53674e-07
    endloop
  endfacet
  facet normal -0.989209 -0.146512 0
    outer loop
      vertex 41.2491 4.16699 2.15
      vertex 41.2872 3.90975 9.53674e-07
      vertex 41.2872 3.90975 2.15
    endloop
  endfacet
  facet normal -0.941559 -0.336848 0
    outer loop
      vertex 41.1859 4.41925 9.53674e-07
      vertex 41.0983 4.66411 2.15
      vertex 41.0983 4.66411 9.53674e-07
    endloop
  endfacet
  facet normal -0.941559 -0.336848 0
    outer loop
      vertex 41.0983 4.66411 2.15
      vertex 41.1859 4.41925 9.53674e-07
      vertex 41.1859 4.41925 2.15
    endloop
  endfacet
  facet normal -0.336955 -0.941521 0
    outer loop
      vertex 39.4193 6.18589 9.53674e-07
      vertex 39.6641 6.09828 2.15
      vertex 39.4193 6.18589 2.15
    endloop
  endfacet
  facet normal -0.336955 -0.941521 -0
    outer loop
      vertex 39.6641 6.09828 2.15
      vertex 39.4193 6.18589 9.53674e-07
      vertex 39.6641 6.09828 9.53674e-07
    endloop
  endfacet
  facet normal -0.740844 -0.671677 0
    outer loop
      vertex 40.6985 5.33114 9.53674e-07
      vertex 40.5238 5.52383 2.15
      vertex 40.5238 5.52383 9.53674e-07
    endloop
  endfacet
  facet normal -0.740844 -0.671677 0
    outer loop
      vertex 40.5238 5.52383 2.15
      vertex 40.6985 5.33114 9.53674e-07
      vertex 40.6985 5.33114 2.15
    endloop
  endfacet
  facet normal -0.903973 0.427589 0
    outer loop
      vertex 40.9871 2.4008 9.53674e-07
      vertex 41.0983 2.63589 2.15
      vertex 41.0983 2.63589 9.53674e-07
    endloop
  endfacet
  facet normal -0.903973 0.427589 0
    outer loop
      vertex 41.0983 2.63589 2.15
      vertex 40.9871 2.4008 9.53674e-07
      vertex 40.9871 2.4008 2.15
    endloop
  endfacet
  facet normal -0.857724 0.514111 0
    outer loop
      vertex 40.8534 2.17774 9.53674e-07
      vertex 40.9871 2.4008 2.15
      vertex 40.9871 2.4008 9.53674e-07
    endloop
  endfacet
  facet normal -0.857724 0.514111 0
    outer loop
      vertex 40.9871 2.4008 2.15
      vertex 40.8534 2.17774 9.53674e-07
      vertex 40.8534 2.17774 2.15
    endloop
  endfacet
  facet normal -0.803237 0.59566 0
    outer loop
      vertex 40.6985 1.96886 9.53674e-07
      vertex 40.8534 2.17774 2.15
      vertex 40.8534 2.17774 9.53674e-07
    endloop
  endfacet
  facet normal -0.803237 0.59566 0
    outer loop
      vertex 40.8534 2.17774 2.15
      vertex 40.6985 1.96886 9.53674e-07
      vertex 40.6985 1.96886 2.15
    endloop
  endfacet
  facet normal -0.671552 0.740957 0
    outer loop
      vertex 40.5238 1.77617 9.53674e-07
      vertex 40.3311 1.60152 2.15
      vertex 40.5238 1.77617 2.15
    endloop
  endfacet
  facet normal -0.671552 0.740957 0
    outer loop
      vertex 40.3311 1.60152 2.15
      vertex 40.5238 1.77617 9.53674e-07
      vertex 40.3311 1.60152 9.53674e-07
    endloop
  endfacet
  facet normal 0.0490744 0.998795 -0
    outer loop
      vertex 38.65 1 9.53674e-07
      vertex 38.3903 1.01276 2.15
      vertex 38.65 1 2.15
    endloop
  endfacet
  facet normal 0.0490744 0.998795 0
    outer loop
      vertex 38.3903 1.01276 2.15
      vertex 38.65 1 9.53674e-07
      vertex 38.3903 1.01276 9.53674e-07
    endloop
  endfacet
  facet normal -0.336955 0.941521 0
    outer loop
      vertex 39.6641 1.20172 9.53674e-07
      vertex 39.4193 1.11411 2.15
      vertex 39.6641 1.20172 2.15
    endloop
  endfacet
  facet normal -0.336955 0.941521 0
    outer loop
      vertex 39.4193 1.11411 2.15
      vertex 39.6641 1.20172 9.53674e-07
      vertex 39.4193 1.11411 9.53674e-07
    endloop
  endfacet
  facet normal -0.146705 0.98918 0
    outer loop
      vertex 39.167 1.05092 9.53674e-07
      vertex 38.9097 1.01276 2.15
      vertex 39.167 1.05092 2.15
    endloop
  endfacet
  facet normal -0.146705 0.98918 0
    outer loop
      vertex 38.9097 1.01276 2.15
      vertex 39.167 1.05092 9.53674e-07
      vertex 38.9097 1.01276 9.53674e-07
    endloop
  endfacet
  facet normal 0.98921 0.146507 0
    outer loop
      vertex 36.0509 3.13301 2.15
      vertex 36.0128 3.39026 9.53674e-07
      vertex 36.0128 3.39026 2.15
    endloop
  endfacet
  facet normal 0.98921 0.146507 0
    outer loop
      vertex 36.0128 3.39026 9.53674e-07
      vertex 36.0509 3.13301 2.15
      vertex 36.0509 3.13301 9.53674e-07
    endloop
  endfacet
  facet normal 0.803237 0.59566 0
    outer loop
      vertex 36.6015 1.96886 2.15
      vertex 36.4466 2.17774 9.53674e-07
      vertex 36.4466 2.17774 2.15
    endloop
  endfacet
  facet normal 0.803237 0.59566 0
    outer loop
      vertex 36.4466 2.17774 9.53674e-07
      vertex 36.6015 1.96886 2.15
      vertex 36.6015 1.96886 9.53674e-07
    endloop
  endfacet
  facet normal 0.903973 0.427589 0
    outer loop
      vertex 36.3129 2.4008 2.15
      vertex 36.2017 2.63589 9.53674e-07
      vertex 36.2017 2.63589 2.15
    endloop
  endfacet
  facet normal 0.903973 0.427589 0
    outer loop
      vertex 36.2017 2.63589 9.53674e-07
      vertex 36.3129 2.4008 2.15
      vertex 36.3129 2.4008 9.53674e-07
    endloop
  endfacet
  facet normal 0.857724 0.514111 0
    outer loop
      vertex 36.4466 2.17774 2.15
      vertex 36.3129 2.4008 9.53674e-07
      vertex 36.3129 2.4008 2.15
    endloop
  endfacet
  facet normal 0.857724 0.514111 0
    outer loop
      vertex 36.3129 2.4008 9.53674e-07
      vertex 36.4466 2.17774 2.15
      vertex 36.4466 2.17774 9.53674e-07
    endloop
  endfacet
  facet normal 0.146705 0.98918 -0
    outer loop
      vertex 38.3903 1.01276 9.53674e-07
      vertex 38.133 1.05092 2.15
      vertex 38.3903 1.01276 2.15
    endloop
  endfacet
  facet normal 0.146705 0.98918 0
    outer loop
      vertex 38.133 1.05092 2.15
      vertex 38.3903 1.01276 9.53674e-07
      vertex 38.133 1.05092 9.53674e-07
    endloop
  endfacet
  facet normal 0.242952 0.970038 -0
    outer loop
      vertex 38.133 1.05092 9.53674e-07
      vertex 37.8807 1.11411 2.15
      vertex 38.133 1.05092 2.15
    endloop
  endfacet
  facet normal 0.242952 0.970038 0
    outer loop
      vertex 37.8807 1.11411 2.15
      vertex 38.133 1.05092 9.53674e-07
      vertex 37.8807 1.11411 9.53674e-07
    endloop
  endfacet
  facet normal 0.514043 0.857764 -0
    outer loop
      vertex 37.4008 1.31291 9.53674e-07
      vertex 37.1777 1.44661 2.15
      vertex 37.4008 1.31291 2.15
    endloop
  endfacet
  facet normal 0.514043 0.857764 0
    outer loop
      vertex 37.1777 1.44661 2.15
      vertex 37.4008 1.31291 9.53674e-07
      vertex 37.1777 1.44661 9.53674e-07
    endloop
  endfacet
  facet normal 0.595832 0.803109 -0
    outer loop
      vertex 37.1777 1.44661 9.53674e-07
      vertex 36.9689 1.60152 2.15
      vertex 37.1777 1.44661 2.15
    endloop
  endfacet
  facet normal 0.595832 0.803109 0
    outer loop
      vertex 36.9689 1.60152 2.15
      vertex 37.1777 1.44661 9.53674e-07
      vertex 36.9689 1.60152 9.53674e-07
    endloop
  endfacet
  facet normal 0.740844 0.671677 0
    outer loop
      vertex 36.7762 1.77617 2.15
      vertex 36.6015 1.96886 9.53674e-07
      vertex 36.6015 1.96886 2.15
    endloop
  endfacet
  facet normal 0.740844 0.671677 0
    outer loop
      vertex 36.6015 1.96886 9.53674e-07
      vertex 36.7762 1.77617 2.15
      vertex 36.7762 1.77617 9.53674e-07
    endloop
  endfacet
  facet normal -0.998788 0.0492203 0
    outer loop
      vertex 41.2872 3.39026 9.53674e-07
      vertex 41.3 3.65 2.15
      vertex 41.3 3.65 9.53674e-07
    endloop
  endfacet
  facet normal -0.998788 0.0492203 0
    outer loop
      vertex 41.3 3.65 2.15
      vertex 41.2872 3.39026 9.53674e-07
      vertex 41.2872 3.39026 2.15
    endloop
  endfacet
  facet normal -0.146705 -0.98918 0
    outer loop
      vertex 38.9097 6.28724 9.53674e-07
      vertex 39.167 6.24908 2.15
      vertex 38.9097 6.28724 2.15
    endloop
  endfacet
  facet normal -0.146705 -0.98918 -0
    outer loop
      vertex 39.167 6.24908 2.15
      vertex 38.9097 6.28724 9.53674e-07
      vertex 39.167 6.24908 9.53674e-07
    endloop
  endfacet
  facet normal -0.998788 -0.0492184 0
    outer loop
      vertex 41.3 3.65 9.53674e-07
      vertex 41.2872 3.90975 2.15
      vertex 41.2872 3.90975 9.53674e-07
    endloop
  endfacet
  facet normal -0.998788 -0.0492184 0
    outer loop
      vertex 41.2872 3.90975 2.15
      vertex 41.3 3.65 9.53674e-07
      vertex 41.3 3.65 2.15
    endloop
  endfacet
  facet normal -0.97002 -0.243024 0
    outer loop
      vertex 41.2491 4.16699 9.53674e-07
      vertex 41.1859 4.41925 2.15
      vertex 41.1859 4.41925 9.53674e-07
    endloop
  endfacet
  facet normal -0.97002 -0.243024 0
    outer loop
      vertex 41.1859 4.41925 2.15
      vertex 41.2491 4.16699 9.53674e-07
      vertex 41.2491 4.16699 2.15
    endloop
  endfacet
  facet normal -0.242952 -0.970038 0
    outer loop
      vertex 39.167 6.24908 9.53674e-07
      vertex 39.4193 6.18589 2.15
      vertex 39.167 6.24908 2.15
    endloop
  endfacet
  facet normal -0.242952 -0.970038 -0
    outer loop
      vertex 39.4193 6.18589 2.15
      vertex 39.167 6.24908 9.53674e-07
      vertex 39.4193 6.18589 9.53674e-07
    endloop
  endfacet
  facet normal -0.514043 -0.857764 0
    outer loop
      vertex 39.8992 5.98709 9.53674e-07
      vertex 40.1223 5.85339 2.15
      vertex 39.8992 5.98709 2.15
    endloop
  endfacet
  facet normal -0.514043 -0.857764 -0
    outer loop
      vertex 40.1223 5.85339 2.15
      vertex 39.8992 5.98709 9.53674e-07
      vertex 40.1223 5.85339 9.53674e-07
    endloop
  endfacet
  facet normal -0.671552 -0.740957 0
    outer loop
      vertex 40.3311 5.69848 9.53674e-07
      vertex 40.5238 5.52383 2.15
      vertex 40.3311 5.69848 2.15
    endloop
  endfacet
  facet normal -0.671552 -0.740957 -0
    outer loop
      vertex 40.5238 5.52383 2.15
      vertex 40.3311 5.69848 9.53674e-07
      vertex 40.5238 5.52383 9.53674e-07
    endloop
  endfacet
  facet normal -0.595832 -0.803109 0
    outer loop
      vertex 40.1223 5.85339 9.53674e-07
      vertex 40.3311 5.69848 2.15
      vertex 40.1223 5.85339 2.15
    endloop
  endfacet
  facet normal -0.595832 -0.803109 -0
    outer loop
      vertex 40.3311 5.69848 2.15
      vertex 40.1223 5.85339 9.53674e-07
      vertex 40.3311 5.69848 9.53674e-07
    endloop
  endfacet
  facet normal -0.803237 -0.59566 0
    outer loop
      vertex 40.8534 5.12226 9.53674e-07
      vertex 40.6985 5.33114 2.15
      vertex 40.6985 5.33114 9.53674e-07
    endloop
  endfacet
  facet normal -0.803237 -0.59566 0
    outer loop
      vertex 40.6985 5.33114 2.15
      vertex 40.8534 5.12226 9.53674e-07
      vertex 40.8534 5.12226 2.15
    endloop
  endfacet
  facet normal -0.903973 -0.427589 0
    outer loop
      vertex 41.0983 4.66411 9.53674e-07
      vertex 40.9871 4.8992 2.15
      vertex 40.9871 4.8992 9.53674e-07
    endloop
  endfacet
  facet normal -0.903973 -0.427589 0
    outer loop
      vertex 40.9871 4.8992 2.15
      vertex 41.0983 4.66411 9.53674e-07
      vertex 41.0983 4.66411 2.15
    endloop
  endfacet
  facet normal 0.0490744 -0.998795 0
    outer loop
      vertex 38.3903 6.28724 9.53674e-07
      vertex 38.65 6.3 2.15
      vertex 38.3903 6.28724 2.15
    endloop
  endfacet
  facet normal 0.0490744 -0.998795 0
    outer loop
      vertex 38.65 6.3 2.15
      vertex 38.3903 6.28724 9.53674e-07
      vertex 38.65 6.3 9.53674e-07
    endloop
  endfacet
  facet normal -0.0490744 -0.998795 0
    outer loop
      vertex 38.65 6.3 9.53674e-07
      vertex 38.9097 6.28724 2.15
      vertex 38.65 6.3 2.15
    endloop
  endfacet
  facet normal -0.0490744 -0.998795 -0
    outer loop
      vertex 38.9097 6.28724 2.15
      vertex 38.65 6.3 9.53674e-07
      vertex 38.9097 6.28724 9.53674e-07
    endloop
  endfacet
  facet normal 0.427542 -0.903995 0
    outer loop
      vertex 37.4008 5.98709 9.53674e-07
      vertex 37.6359 6.09828 2.15
      vertex 37.4008 5.98709 2.15
    endloop
  endfacet
  facet normal 0.427542 -0.903995 0
    outer loop
      vertex 37.6359 6.09828 2.15
      vertex 37.4008 5.98709 9.53674e-07
      vertex 37.6359 6.09828 9.53674e-07
    endloop
  endfacet
  facet normal 0.595832 -0.803109 0
    outer loop
      vertex 36.9689 5.69848 9.53674e-07
      vertex 37.1777 5.85339 2.15
      vertex 36.9689 5.69848 2.15
    endloop
  endfacet
  facet normal 0.595832 -0.803109 0
    outer loop
      vertex 37.1777 5.85339 2.15
      vertex 36.9689 5.69848 9.53674e-07
      vertex 37.1777 5.85339 9.53674e-07
    endloop
  endfacet
  facet normal 0.941559 -0.336848 0
    outer loop
      vertex 36.1141 4.41925 2.15
      vertex 36.2017 4.66411 9.53674e-07
      vertex 36.2017 4.66411 2.15
    endloop
  endfacet
  facet normal 0.941559 -0.336848 0
    outer loop
      vertex 36.2017 4.66411 9.53674e-07
      vertex 36.1141 4.41925 2.15
      vertex 36.1141 4.41925 9.53674e-07
    endloop
  endfacet
  facet normal 0.989209 -0.146512 0
    outer loop
      vertex 36.0128 3.90975 2.15
      vertex 36.0509 4.16699 9.53674e-07
      vertex 36.0509 4.16699 2.15
    endloop
  endfacet
  facet normal 0.989209 -0.146512 0
    outer loop
      vertex 36.0509 4.16699 9.53674e-07
      vertex 36.0128 3.90975 2.15
      vertex 36.0128 3.90975 9.53674e-07
    endloop
  endfacet
  facet normal 0.740844 -0.671677 0
    outer loop
      vertex 36.6015 5.33114 2.15
      vertex 36.7762 5.52383 9.53674e-07
      vertex 36.7762 5.52383 2.15
    endloop
  endfacet
  facet normal 0.740844 -0.671677 0
    outer loop
      vertex 36.7762 5.52383 9.53674e-07
      vertex 36.6015 5.33114 2.15
      vertex 36.6015 5.33114 9.53674e-07
    endloop
  endfacet
  facet normal -0.98921 0.146507 0
    outer loop
      vertex 41.2491 3.13301 9.53674e-07
      vertex 41.2872 3.39026 2.15
      vertex 41.2872 3.39026 9.53674e-07
    endloop
  endfacet
  facet normal -0.98921 0.146507 0
    outer loop
      vertex 41.2872 3.39026 2.15
      vertex 41.2491 3.13301 9.53674e-07
      vertex 41.2491 3.13301 2.15
    endloop
  endfacet
  facet normal -0.0490744 0.998795 0
    outer loop
      vertex 38.9097 1.01276 9.53674e-07
      vertex 38.65 1 2.15
      vertex 38.9097 1.01276 2.15
    endloop
  endfacet
  facet normal -0.0490744 0.998795 0
    outer loop
      vertex 38.65 1 2.15
      vertex 38.9097 1.01276 9.53674e-07
      vertex 38.65 1 9.53674e-07
    endloop
  endfacet
  facet normal -0.242952 0.970038 0
    outer loop
      vertex 39.4193 1.11411 9.53674e-07
      vertex 39.167 1.05092 2.15
      vertex 39.4193 1.11411 2.15
    endloop
  endfacet
  facet normal -0.242952 0.970038 0
    outer loop
      vertex 39.167 1.05092 2.15
      vertex 39.4193 1.11411 9.53674e-07
      vertex 39.167 1.05092 9.53674e-07
    endloop
  endfacet
  facet normal 0.998788 0.0492203 0
    outer loop
      vertex 36.0128 3.39026 2.15
      vertex 36 3.65 9.53674e-07
      vertex 36 3.65 2.15
    endloop
  endfacet
  facet normal 0.998788 0.0492203 0
    outer loop
      vertex 36 3.65 9.53674e-07
      vertex 36.0128 3.39026 2.15
      vertex 36.0128 3.39026 9.53674e-07
    endloop
  endfacet
  facet normal 0.97002 0.243024 0
    outer loop
      vertex 36.1141 2.88075 2.15
      vertex 36.0509 3.13301 9.53674e-07
      vertex 36.0509 3.13301 2.15
    endloop
  endfacet
  facet normal 0.97002 0.243024 0
    outer loop
      vertex 36.0509 3.13301 9.53674e-07
      vertex 36.1141 2.88075 2.15
      vertex 36.1141 2.88075 9.53674e-07
    endloop
  endfacet
  facet normal 0.336955 0.941521 -0
    outer loop
      vertex 37.8807 1.11411 9.53674e-07
      vertex 37.6359 1.20172 2.15
      vertex 37.8807 1.11411 2.15
    endloop
  endfacet
  facet normal 0.336955 0.941521 0
    outer loop
      vertex 37.6359 1.20172 2.15
      vertex 37.8807 1.11411 9.53674e-07
      vertex 37.6359 1.20172 9.53674e-07
    endloop
  endfacet
  facet normal -0.427542 -0.903995 0
    outer loop
      vertex 39.6641 6.09828 9.53674e-07
      vertex 39.8992 5.98709 2.15
      vertex 39.6641 6.09828 2.15
    endloop
  endfacet
  facet normal -0.427542 -0.903995 -0
    outer loop
      vertex 39.8992 5.98709 2.15
      vertex 39.6641 6.09828 9.53674e-07
      vertex 39.8992 5.98709 9.53674e-07
    endloop
  endfacet
  facet normal -0.857724 -0.514111 0
    outer loop
      vertex 40.9871 4.8992 9.53674e-07
      vertex 40.8534 5.12226 2.15
      vertex 40.8534 5.12226 9.53674e-07
    endloop
  endfacet
  facet normal -0.857724 -0.514111 0
    outer loop
      vertex 40.8534 5.12226 2.15
      vertex 40.9871 4.8992 9.53674e-07
      vertex 40.9871 4.8992 2.15
    endloop
  endfacet
  facet normal 0.146705 -0.98918 0
    outer loop
      vertex 38.133 6.24908 9.53674e-07
      vertex 38.3903 6.28724 2.15
      vertex 38.133 6.24908 2.15
    endloop
  endfacet
  facet normal 0.146705 -0.98918 0
    outer loop
      vertex 38.3903 6.28724 2.15
      vertex 38.133 6.24908 9.53674e-07
      vertex 38.3903 6.28724 9.53674e-07
    endloop
  endfacet
  facet normal 0.514043 -0.857764 0
    outer loop
      vertex 37.1777 5.85339 9.53674e-07
      vertex 37.4008 5.98709 2.15
      vertex 37.1777 5.85339 2.15
    endloop
  endfacet
  facet normal 0.514043 -0.857764 0
    outer loop
      vertex 37.4008 5.98709 2.15
      vertex 37.1777 5.85339 9.53674e-07
      vertex 37.4008 5.98709 9.53674e-07
    endloop
  endfacet
  facet normal 0.336955 -0.941521 0
    outer loop
      vertex 37.6359 6.09828 9.53674e-07
      vertex 37.8807 6.18589 2.15
      vertex 37.6359 6.09828 2.15
    endloop
  endfacet
  facet normal 0.336955 -0.941521 0
    outer loop
      vertex 37.8807 6.18589 2.15
      vertex 37.6359 6.09828 9.53674e-07
      vertex 37.8807 6.18589 9.53674e-07
    endloop
  endfacet
  facet normal 0.97002 -0.243024 0
    outer loop
      vertex 36.0509 4.16699 2.15
      vertex 36.1141 4.41925 9.53674e-07
      vertex 36.1141 4.41925 2.15
    endloop
  endfacet
  facet normal 0.97002 -0.243024 0
    outer loop
      vertex 36.1141 4.41925 9.53674e-07
      vertex 36.0509 4.16699 2.15
      vertex 36.0509 4.16699 9.53674e-07
    endloop
  endfacet
  facet normal 0.903973 -0.427589 0
    outer loop
      vertex 36.2017 4.66411 2.15
      vertex 36.3129 4.8992 9.53674e-07
      vertex 36.3129 4.8992 2.15
    endloop
  endfacet
  facet normal 0.903973 -0.427589 0
    outer loop
      vertex 36.3129 4.8992 9.53674e-07
      vertex 36.2017 4.66411 2.15
      vertex 36.2017 4.66411 9.53674e-07
    endloop
  endfacet
  facet normal 0.803237 -0.59566 0
    outer loop
      vertex 36.4466 5.12226 2.15
      vertex 36.6015 5.33114 9.53674e-07
      vertex 36.6015 5.33114 2.15
    endloop
  endfacet
  facet normal 0.803237 -0.59566 0
    outer loop
      vertex 36.6015 5.33114 9.53674e-07
      vertex 36.4466 5.12226 2.15
      vertex 36.4466 5.12226 9.53674e-07
    endloop
  endfacet
  facet normal 0.671552 -0.740957 0
    outer loop
      vertex 36.7762 5.52383 9.53674e-07
      vertex 36.9689 5.69848 2.15
      vertex 36.7762 5.52383 2.15
    endloop
  endfacet
  facet normal 0.671552 -0.740957 0
    outer loop
      vertex 36.9689 5.69848 2.15
      vertex 36.7762 5.52383 9.53674e-07
      vertex 36.9689 5.69848 9.53674e-07
    endloop
  endfacet
endsolid OpenSCAD_Model
